Product Family,Product Of (Primary Service),Primary Service Category,Product Vendor,Internal Product Name,Pricing Methodology,Proposal Product Name,MeridianLink Consumer Discount Module (Y/N),One Time Fee,NSItemID - OneTime,Annual Fee,NSItemID-Annual,Per Transaction Fee,NSItemID-Transaction,NSItemID-Overage,NSItemID-Commitment,Managed Services ACV (Y/N),Monthly Minimum Commitment ($),Internal Notes for Sales,External Notes for Customer, Product Description ,Additional Accounting Items to Add," Logic
[e.g., 1 AND (2 OR 3)] "," Constraint #1
Dependent or Exclusion "," Constraint #1
Description (Please Explain) "," Constraint #2
Dependent or Exclusion "," Constraint #2
Description (Please Explain) "," Constraint #3
Dependent or Exclusion "," Constraint #3
Description (Please Explain) "," Constraint #4
Dependent or Exclusion "," Constraint #4
Description (Please Explain) ",Other Monthly Fee,Capability Line Level,Add On Type,Tier Name,Tier Level,Tier Minimum,Tier Maximum,Product Category
Origination - Consumer,DecisionLender4,Add On - Address Verification,Smarty Streets,Postal Verification Database (PVD),Usage,Postal Verification Database (PVD),N,2300.0,TCI-0185,,,0.11,TCI-0120,,,,,,,,,,,,,,,,,,,Fraud & Verification,Address Verification,Postal Verification Database (PVD),,,,Add Ons
Origination - Consumer,DecisionLender4,Add On - Ancillary Service,Informed.iq,Informed.iq (DecisionLender4),Standard,Informed.iq,N,6500.0,SHARED-0542,5300.0,SHARED-0543,,,,,N,,,,,,,,,,,,,,,,Automation & Integration,Ancillary Service,Informed.iq,,,,Add Ons
Origination - Consumer,DecisionLender4,Add On - Consumer Portal,MeridianLink,Consumer Portal,Standard,DecisionLender - Consumer Portal,N,31500.0,TCI-0182,23000.0,TCI-0248,,,,,,,,,,,,,,,,,,,,,Consumer & Digital Engagement,Consumer Portal,Consumer Portal,,,,Add Ons
Origination - Consumer,DecisionLender4,Add On - Core Integration,CCMC,CCMC Standard Export,Standard,CCMC Standard Export,N,17000.0,TCI-0133,10250.0,TCI-0009,,,,,,,,,,,,,,,,,,,,,Automation & Integration,Core Integration,CCMC Standard Export,,,,Add Ons
Origination - Consumer,DecisionLender4,Add On - Core Integration,Corelation KeyStone,Corelation KeyStone Interface,Standard,Corelation KeyStone Interface,N,17000.0,TCI-0137,10250.0,TCI-0013,,,,,,,,,,,,,,,,,,,,,Automation & Integration,Core Integration,Corelation KeyStone Interface,,,,Add Ons
Origination - Consumer,DecisionLender4,Add On - Core Integration,FiServ  ,Spectrum Pathways Interface,Standard,Spectrum Pathways Interface,N,17000.0,TCI-0200,10250.0,TCI-0051,,,,,,,,,,,,,,,,,,,,,Automation & Integration,Core Integration,Spectrum Pathways Interface,,,,Add Ons
Origination - Consumer,DecisionLender4,Add On - Custom,MeridianLink,Auto Counter Offer,Standard,Auto Counter Offer,N,8000.0,TCI-0325,2300.0,TCI-0323,,,,,,,"Automatic Counter Offer Configuration is limited to the following key attributes  LTV, Term, DTI, PTI, and Amount Financed",,,,1 OR 2,TCI-0267,Must have Indirect or Consumer Module,TCI-0282,Must have Indirect or Consumer Module,,,,,,Custom Score/Decisioning,Custom,Auto Counter Offer,,,,Add Ons
Origination - Consumer,DecisionLender4,Add On - Custom,MeridianLink,DecisionLender Prequalification Functionality,Standard,DecisionLender Prequalification Functionality,N,12750.0,TCI-0339,3800.0,TCI-0332,,,,,,,,,,,,,,,,,,,,,Other,Custom,DecisionLender Prequalification Functionality,,,,Add Ons
Origination - Consumer,DecisionLender4,Add On - Custom,MeridianLink,Enhanced Grid Functionality,Standard,Enhanced Grid Functionality,N,5500.0,TCI-0338,1250.0,TCI-0337,,,,,,,,,,,,,,,,,,,,,Custom Score/Decisioning,Custom,Enhanced Grid Functionality,,,,Add Ons
Origination - Consumer,DecisionLender4,Add On - Custom Score,Lending Science 360,Lending Science 360,Standard,Lending Science 360,N,14000.0,TCI-0194,6250.0,TCI-0045,,,,,,,,,,,,,,,,,,,,,Custom Score/Decisioning,Custom Score,Lending Science 360,,,,Add Ons
Origination - Consumer,DecisionLender4,Add On - Document Delivery,HC3 (formerly High Cotton) ,Archive files - Email notification of availability of monthly files in the Online Statement Management system,Standard,Archive files - Email notification of availability of monthly files in the Online Statement Management system,N,1175.0,TCI-0172,,,,,,,,,,,,,,,,,,,,,,,Not Mapped,Document Delivery,Archive files - Email notification of availability of monthly files in the Online Statement Management system,,,,Add Ons
Origination - Consumer,DecisionLender4,Add On - Document Delivery,HC3 (formerly High Cotton) ,Archive files - standard,Standard,Archive files - standard,N,0.0,TCI-0233,,,,,,,,,,,,,,,,,,,,,,,Not Mapped,Document Delivery,Archive files - standard,,,,Add Ons
Origination - Consumer,DecisionLender4,Add On - Document Delivery,MeridianLink,Document Faxing- Outbound ,Per Page,Outbound Faxing,N,0.0,TCI-0236,,,0.27,TCI-0097,,,,,,,,,,,,,,,,,,,Essential Services,Document Delivery,Document Faxing- Outbound ,,,,Add Ons
Origination - Consumer,DecisionLender4,Add On - Document Delivery,E-fax,Inbound Faxing ,Per Page,Inbound Faxing ,N,1175.0,TCI-0164,2700.0,TCI-0259,0.32,TCI-0096,,,,,Requires/includes document imaging. Includes 1 GB storage.,,,,,,,,,,,,,,Essential Services,Document Delivery,Inbound Faxing ,,,,Add Ons
Origination - Consumer,DecisionLender4,Add On - Document Delivery,HC3 (formerly High Cotton) ,Mailing service - Additional Letter Templates,Standard,Mailing service - Additional Letter Templates,N,575.0,TCI-0292,,,,,,,,,Fee for each additional template,,,,,,,,,,,,,,Not Mapped,Document Delivery,Mailing service - Additional Letter Templates,,,,Add Ons
Origination - Consumer,DecisionLender4,Add On - Document Delivery,HC3 (formerly High Cotton) ,"Mailing service (1-2,499)",Per Letter,"Mailing service (1-2,499)",N,1625.0,TCI-0171,,,2.55,TCI-0102,TCI-0102,TCI-0268,N,185.0,Includes Automatic Decline Letter per DecisionLender provided sample,,,,,,,,,,,,,,Essential Services,Document Delivery,Mailing service,Tier 3,1.0,2499.0,Add Ons
Origination - Consumer,DecisionLender4,Add On - Document Delivery,HC3 (formerly High Cotton) ,"Mailing service (2,500-4,999)",Per Letter,"Mailing service (2,500-4,999)",N,1625.0,TCI-0171,,,2.48,TCI-0102,TCI-0102,TCI-0268,N,4500.0,Includes Automatic Decline Letter per DecisionLender provided sample,,,,,,,,,,,,,,Essential Services,Document Delivery,Mailing service,Tier 2,2500.0,4999.0,Add Ons
Origination - Consumer,DecisionLender4,Add On - Document Delivery,HC3 (formerly High Cotton) ,"Mailing service (5,000 and over)",Per Letter,"Mailing service (5,000 and over)",N,1625.0,TCI-0171,,,2.21,TCI-0102,TCI-0102,TCI-0268,N,8000.0,Includes Automatic Decline Letter per DecisionLender provided sample,,,,,,,,,,,,,,Essential Services,Document Delivery,Mailing service,Tier 1,5000.0,0.0,Add Ons
Origination - Consumer,DecisionLender4,Add On - Document Delivery,FSSI,FSSI Reconciliation Report (DecisionLender),Bill Monthly,FSSI Reconciliation Report ,N,1075.0,SHARED-0557,1908.0,SHARED-0552,,,,,,,"""This is a development charge from  FSSI. No price reductions are allowed. (estimated FSSI development time to 3 hours) per client 
 Charge to FSSI, no price reductions allowed. ""

""FSSI will transmit a report directly to the client via an SFTP connection. No setup is required on the DecisionLender side. Credentials must be provided and transmitted directly to FSSI as part of the report setup. The fields currently displayed on the report include the applicant's name, address, and the date and time the letter was mailed. Additional fields may be available but could increase setup fees charged by FSSI. Confirmation of the availability of extra fields will need to be obtained from FSSI.
 an SFTP connections,  
 Client will need to provide credentials 
directly to FSSI. ""","""Development fee related to the
 configuration of the FSSI reconciliation report.  ""

The client must provide SFTP credentials to receive the report directly from the mail house provider. The client must choose between daily or weekly report frequency. The report will include the consumer's name, address,  the date and time the letter was mailed and the PDF name of the letter sent. ",,,1,,Client needs to be enabled for FSSI letters.,,,,,,,X,Not Mapped,Document Delivery,FSSI Reconciliation Report (DecisionLender),,,,Add Ons
Origination - Consumer,DecisionLender4,Add On - Document Prep,MeridianLink,Indirect Document Package,Standard,Indirect Document Package,N,1475.0,TCI-0321,725.0,TCI-0322,,,,,,,"Limited to Adverse Action letters, Counter Offer Letters,  RBP Notices and Welcome Letters.   (One for Applicant and Co-Applicant Allowed)  Additional documents require the Document Mapping Loan Package. Additional documents require custom scoping ",,,,,,,,,,,,,,Docs/Disclosures & eSign,Document Prep,Indirect Document Package,,,,Add Ons
Origination - Consumer,DecisionLender4,Add On - Document Prep,Finastra,Laser Pro Export,Standard,Laser Pro Export,N,8000.0,TCI-0167,1575.0,TCI-0033,,,,,N,,"Decision Lender is Coded to Laser Pro Basic,  for other Laser pro product please consult with product before selling",,,,,,,,,,,,,,Docs/Disclosures & eSign,Document Prep,Laser Pro Export,,,,Add Ons
Origination - Consumer,DecisionLender4,Add On - Employment/Income/Asset Verification,Equifax,The Work Number,Standard,The Work Number,N,3900.0,TCI-0208,1375.0,TCI-0059,,,,,,,,,,,,,,,,,,,,,Fraud & Verification,Employment/Income/Asset Verification,The Work Number,,,,Add Ons
Origination - Consumer,DecisionLender4,Add On - Employment/Income/Asset Verification,Point Predictive,Point Predictive IE Validate,Standard,Point Predictive IE Validate,N,0.0,SHARED-0570,0.0,SHARED-0569,,,,,,,,,,,,,Integration will work across all product types. ,,,,,,,,Not Mapped,Employment/Income/Asset Verification,Point Predictive IE Validate,,,,Add Ons
Origination - Consumer,DecisionLender4,Add On - eSign,Kinective,IMM eSignature on Premise,Standard,Kinective eSignature on Premise ,N,8000.0,TCI-0163,1475.0,TCI-0032,,,,,,,fka IMM eSignature on Premise,,,,,,,,,,,,,,Docs/Disclosures & eSign,eSign,IMM eSignature on Premise,,,,Add Ons
Origination - Consumer,DecisionLender4,Add On - eSign,Kinective,Synergy Esign - DecisionLender,Standard,Synergy Esign,N,5500.0,TCI-0290,5500.0,TCI-0289,,,,,,,,,,,,,,,,,,,,,Docs/Disclosures & eSign,eSign,Synergy Esign - DecisionLender,,,,Add Ons
Origination - Consumer,DecisionLender4,Add On - Fraud Detection,LexisNexis,LexisNexis FraudPoint,Standard,LexisNexis FraudPoint,N,3300.0,TCI-0340,1575.0,TCI-0034,,,,,,,,,,,,,,,,,,,,,Fraud & Verification,Fraud Detection,LexisNexis FraudPoint,,,,Add Ons
Origination - Consumer,DecisionLender4,Add On - Fraud Detection,LexisNexis,LexisNexis Verification of Occupancy,Standard,LexisNexis Verification of Occupancy,N,3300.0,TCI-0333,1575.0,TCI-0344,,,,,,,,,,,,,,,,,,,,,Fraud & Verification,Fraud Detection,LexisNexis Verification of Occupancy,,,,Add Ons
Origination - Consumer,DecisionLender4,Add On - ID Verification,TransUnion,IDV only,Standard,IDV only,N,2400.0,TCI-0235,,,,,,,,,,,,,,,,,,,,,,,Not Mapped,ID Verification,IDV only,,,,Add Ons
Origination - Consumer,DecisionLender4,Add On - ID Verification,LexisNexis,Lexis Nexis – Instant ID ,Usage,Lexis Nexis – Instant ID ,N,3300.0,TCI-0168,1875.0,TCI-0345,,,,,,,,,,,,,,,,,,,,,Fraud & Verification,ID Verification,Lexis Nexis – Instant ID ,,,,Add Ons
Origination - Consumer,DecisionLender4,Add On - ID Verification,LexisNexis,Lexis Nexis – Risk View ,Usage,Lexis Nexis – Risk View ,N,3300.0,TCI-0169,1875.0,TCI-0036,,,,,,,,,,,,,,,,,,,,,Fraud & Verification,ID Verification,Lexis Nexis – Risk View ,,,,Add Ons
Origination - Consumer,DecisionLender4,Add On - ID Verification,FIS,OFAC,Usage,OFAC,N,0.0,TCI-0234,,,0.4,TCI-0118,,,,,,,,,,,,,,,,,,,Fraud & Verification,ID Verification,OFAC,,,,Add Ons
Origination - Consumer,DecisionLender4,Add On - Indirect Lead,Automatic USA,Automatic USA,Standard,Automatic USA,N,3200.0,TCI-0331,3100.0,TCI-0336,5.0,TCI-0334,,,,,,,,,,,,,,,,,,,Auto,Indirect Lead,Automatic USA,,,,Add Ons
Origination - Consumer,DecisionLender4,Add On - Indirect Lead,DealerTrack,DealerTrack DDS ,Per Pull,DealerTrack DDS ,N,8000.0,TCI-0146,,,1.45,TCI-0074,,TCI-0349,,145.0,,,,,,,,,,,,,,,Docs/Disclosures & eSign,Indirect Lead,DealerTrack DDS ,,,,Add Ons
Origination - Consumer,DecisionLender4,Add On - Indirect Lead,OttoMoto,OttoMoto (DecisionLender),Standard,OttoMoto,N,3300.0,SHARED-0561,2400.0,SHARED-0559,,,,,,,DecisionLender will only support vehicle loans already configured in the client's DecisionLender site. Supporting additional collateral types will require an addendum for the desired vehicle loan types.,,,,,,,,,,,,,,Not Mapped,Indirect Lead,OttoMoto (DecisionLender),,,,Add Ons
Origination - Consumer,DecisionLender4,Add On - Indirect Lead,MeridianLink,DecisionLender DLX – One Way,Standard,DecisionLender DLX – One Way,N,7000.0,TCI-0204,2050.0,TCI-0055,,,,,,,,,,,,,,,,,,,,,Essential Services,Indirect Lead,DecisionLender DLX – One Way,,,,Add Ons
Origination - Consumer,DecisionLender4,Add On - Indirect Lead,MeridianLink,DecisionLender DLX – Two Way,Standard,DecisionLender DLX – Two Way,N,7000.0,TCI-0205,2050.0,TCI-0056,,,,,,,,,,,,,,,,,,,,,Essential Services,Indirect Lead,DecisionLender DLX – Two Way,,,,Add Ons
Origination - Consumer,DecisionLender4,Add On - Indirect Lead,MeridianLink,DecisionLender Historical Data Dump,Standard,DecisionLender Historical Data Dump,N,17250.0,TCI-0347,,,,,,,,,,,,,,,,,,,,,,,Not Mapped,Indirect Lead,DecisionLender Historical Data Dump,,,,Add Ons
Origination - Consumer,DecisionLender4,Add On - Misc,Carleton,Carleton HOEPA/HPML Validation,Usage,Carleton HOEPA/HPML Validation,,0.0,TCI-0130,,,0.27,TCI-0261,,,,,Approval required from Product Lead.  ,,,,,,,,,,,,,,Not Mapped,Misc,Carleton HOEPA/HPML Validation,,,,Add Ons
Origination - Consumer,DecisionLender4,Add On - Misc,Carleton,Carleton Monthly Payment Calculation,Per State,Carleton Monthly Payment Calculation,N,250.0,TCI-0131,,,,,,,,,,,,,,,,,,,,,,,Auto,Misc,Carleton Monthly Payment Calculation,,,,Add Ons
Origination - Consumer,DecisionLender4,Add On - Misc,Carleton,Carleton Regulation Z Calculation,Usage,Carleton Regulation Z Calculation,N,0.0,TCI-0229,,,0.27,TCI-0069,,,,,"once per application, whether Regulation Z Calculation, Monthly Payment Calculation or both",,,,,,,,,,,,,,Auto,Misc,Carleton Regulation Z Calculation,,,,Add Ons
Origination - Consumer,DecisionLender4,Add On - Misc,MeridianLink,Champion Challenger,Per Loan Type,Champion Challenger,N,7000.0,TCI-0134,8250.0,TCI-0277,,,,,,,Separate setup fee and annual fee for each loan type.,,,,,,,,,,,,,,Custom Score/Decisioning,Misc,Champion Challenger,,,,Add Ons
Origination - Consumer,DecisionLender4,Add On - Misc,MeridianLink,Cross-Sell (Existing Customers),Standard,Cross-Sell,N,5500.0,TCI-0139,5750.0,TCI-0243,,,,,,,For existing clients only; included for new clients,,,,,,,,,,,,,,Consumer Module,Misc,Cross-Sell (Existing Customers),,,,Add Ons
Origination - Consumer,DecisionLender4,Add On - Misc,MeridianLink,Cross-Sell (New Logos),Standard,Cross-Sell,N,0.0,TCI-0139,5750.0,TCI-0243,,,,,,,For existing clients only; included for new clients,,,,,,,,,,,,,,Consumer Module,Misc,Cross-Sell (New Logos),,,,Add Ons
Origination - Consumer,DecisionLender4,Add On - Misc,MeridianLink,CUAC Sub-Lender Standard Export,Standard,CUAC Sub-Lender Standard Export,N,9500.0,TCI-0207,4000.0,TCI-0058,,,,,,,,,,,,,,,,,,,,,Automation & Integration,Misc,CUAC Sub-Lender Standard Export,,,,Add Ons
Origination - Consumer,DecisionLender4,Add On - Misc,MeridianLink,DecisionLender Standard Data Dump,Standard,DecisionLender Standard Data Dump,N,17250.0,TCI-0206,3800.0,TCI-0057,,,,,,,,,,,,,,,,,,,,,Data & Reporting,Misc,DecisionLender Standard Data Dump,,,,Add Ons
Origination - Consumer,DecisionLender4,Add On - Misc,MeridianLink,DecisionLender Standard Export,Standard,DecisionLender Standard Export,N,17250.0,TCI-0207,3800.0,TCI-0058,,,,,,,,,,,,,,,,,,,,,Automation & Integration,Misc,DecisionLender Standard Export,,,,Add Ons
Origination - Consumer,DecisionLender4,Add On - Misc,MeridianLink,Single SignOn via SAML,Standard,Single SignOn via SAML,N,6750.0,TCI-0197,3800.0,TCI-0048,,,,,,,,,,,,,,,,,,,,,Consumer & Digital Engagement,Misc,Single SignOn via SAML,,,,Add Ons
Origination - Consumer,DecisionLender4,Add On - Misc,MeridianLink,Standard Data Warehouse Export – Hosted by Subscriber,Standard,Standard Data Warehouse Export – Hosted by Subscriber,N,-1234.0,TCI-0201,-1234.0,TCI-0020,,,,,,,Approval required from Product Lead.  Included dedicated VPN Connection,,,,,,,,,,,,,,Automation & Integration,Misc,Standard Data Warehouse Export – Hosted by Subscriber,,,,Add Ons
Origination - Consumer,DecisionLender4,Add On - Misc,MeridianLink,Expedited Deployment (DecisionLender),Standard,DecisionLender4 - Expedited Deployment,N,-1234.0,TCI-0348,,,,,,,,,Reserved for projects with external restraints such as sunsetting systems or core conversions with fixed live dates. Quote pricing. Price is not actually -$1234.00. Requires SVP approval.,This fee ensures that your queue time will be reduced and assignment will happen at the mutually agreed upon timeframe with Services.,,,,,,,,,,,,,Not Mapped,Misc,Expedited Deployment (DecisionLender),,,,Add Ons
Origination - Consumer,DecisionLender4,Add On - Misc,MeridianLink,Custom Training,Standard,DecisionLender4 - Custom Training,N,-1234.0,SHARED-0547,,,,,,,,,Reserved for projects with external restraints such as sunsetting systems or core conversions with fixed live dates. Quote pricing. Price is not actually -$1234.00. Requires SVP approval.,This offering will provide you with a custom training engagement for DecsionLender with our Implementation Team,,,1,,Scoping and Management Approval Required,,,,,,,,Not Mapped,Misc,Custom Training,,,,Add Ons
Origination - Consumer,DecisionLender4,Add On - Professional Services,MeridianLink,Additional DecisionLender Sub-Lender,Standard,Additional DecisionLender Sub-Lender,N,2800.0,TCI-0324,1375.0,TCI-0326,,,,,,,"Sub-lender must utilize same rules preferences and credit groups as parent Lender. Fee does not include any export/core connectivity or third party integrations Specific to that sub-lender. Additional costs would need to be scoped out of Sub-lender specific rules and preferences, export score integrations or other 3rd party integrations will need to be quoted separately. Only for Indirect Module.",,,,1,TCI-0267,Indirect Module required,,,,,,,,Auto,Professional Services,Additional DecisionLender Sub-Lender,,,,Add Ons
Origination - Consumer,DecisionLender4,Add On - Professional Services,MeridianLink,On Site Requirements Gathering,Standard,On Site Requirements Gathering,N,-1234.0,TCI-0119,,,,,,,,,Quote pricing.  Price is not actually -$1234.00,,,,,,,,,,,,,,Not Mapped,Professional Services,On Site Requirements Gathering,,,,Add Ons
Origination - Consumer,DecisionLender4,Add On - Professional Services,MeridianLink,PS Hourly: 1-2 hours,Hourly,PS Hourly: 1-2 hours,N,775.0,TCI-0088,,,,,,,,,,,,,,,,,,,,,,,Recurring Consulting Services,Professional Services,PS Hourly: 1-2 hours,,,,Add Ons
Origination - Consumer,DecisionLender4,Add On - Professional Services,MeridianLink,PS Hourly: 3-4 hours,Hourly,PS Hourly: 3-4 hours,N,1550.0,TCI-0088,,,,,,,,,,,,,,,,,,,,,,,Recurring Consulting Services,Professional Services,PS Hourly: 3-4 hours,,,,Add Ons
Origination - Consumer,DecisionLender4,Add On - Professional Services,MeridianLink,PS Hourly: 5+ hours,Hourly,PS Hourly: 5+ hours,N,1925.0,TCI-0088,,,,,,,,,,,,,,,,,,,,,,,Recurring Consulting Services,Professional Services,PS Hourly: 5+ hours,,,,Add Ons
SHARED,DecisionLender4,Add On - MeridianLink Consulting,MeridianLink,Admin Pro (DecisionLender4),Monthly,DecisionLender4  - Admin Pro,N,0.0,SHARED-0145,26580.0,SHARED-0198,325.0,SHARED-0371,,,Y,,"Service already offered, we are separating Consumer and DecisionLender",,,,1,,Must have DL4,,,,,,,X,Recurring Consulting Services,MeridianLink Consulting,Admin Pro (DecisionLender4),,,,Add Ons
SHARED,DecisionLender4,Add On - MeridianLink Consulting,MeridianLink,Admin Pro Additional 25 Hours Setup Fee (DecisionLender4),Standard,DecisionLender4 - Admin Pro Lite additional 25 hours,N,6750.0,SHARED-0509,,,,,,,Y,,"Service already offered, we are separating Consumer and DecisionLender",,,,1,,Services Manager Approval only,,,,,,,,Recurring Consulting Services,MeridianLink Consulting,Admin Pro Additional 25 Hours Setup Fee (DecisionLender4),,,,Add Ons
SHARED,DecisionLender4,Add On - MeridianLink Consulting,MeridianLink,Admin Pro Additional 50 Hours Setup Fee (DecisionLender4),Standard,DecisionLender4 - Admin Pro additional 50 hours,N,13250.0,SHARED-0475,,,,,,,Y,,"Service already offered, we are separating Consumer and DecisionLender",,,,1,,Must have DL4,,,,,,,,Recurring Consulting Services,MeridianLink Consulting,Admin Pro Additional 50 Hours Setup Fee (DecisionLender4),,,,Add Ons
SHARED,DecisionLender4,Add On - MeridianLink Consulting,MeridianLink,Admin Pro Lite (DecisionLender4),Monthly,DecisionLender4 - Admin Pro Lite,N,0.0,SHARED-0504,13872.0,SHARED-0522,325.0,SHARED-0523,,,Y,,This is not offered to clients unless there is a possibility of them leaving Admin Pro,,,,1,,Services Manager Approval only,,,,,,,X,Recurring Consulting Services,MeridianLink Consulting,Admin Pro Lite (DecisionLender4),,,,Add Ons
SHARED,DecisionLender4,Add On - MeridianLink Consulting,MeridianLink,Admin Pro Plus (DecisionLender4),Monthly,DecisionLender4 - Admin Pro Plus,N,0.0,SHARED-0508,31800.0,SHARED-0524,325.0,SHARED-0521,,,Y,,"Service already offered, we are separating Consumer and DecisionLender",,,,1,,Must have DL4,,,,,,,X,Recurring Consulting Services,MeridianLink Consulting,Admin Pro Plus (DecisionLender4),,,,Add Ons
SHARED,DecisionLender4,Add On - Professional Services,MeridianLink,Professional Services Subscription : Monthly (DecisionLender4),Standard,Professional Services Subscription : Monthly,N,0.0,SHARED-0597,-1234.0,SHARED-0596,-1234.0,SHARED-0595,,,Y,,,,,,,,,,,,,,,,Recurring Consulting Services,Professional Services,Professional Services Subscription : Monthly (DecisionLender4),,,,Add Ons
SHARED,DecisionLender4,Add On - Merchant Lending,LoanStar Technologies ,LoanStar Technologies (DecisionLender4),Standard,LoanStar Technologies,N,3300.0,SHARED-0387,2400.0,SHARED-0390,,,,,,,"A client's site must be configured for the specific loan type offering to be generated for LoanStar, For Example a Home improvement loan would require a Home Improvement Loan type already configured and contacted for in DecisionLender.  If that loan type does not exist there would be a an additional SOW  for the creation of needed loan type. ",,,,1,,"The Specific Loan type required will need to be in place.  For Example for Home improvement loans,  A Home Improvement loan type will need to be in place. ",,,,,,,,Consumer & Digital Engagement,Merchant Lending,LoanStar Technologies (DecisionLender4),,,,Add Ons
Origination - Consumer,DecisionLender4,Add On - Vehicle Valuation,JD Power,J.D. Power Guide Data - Recreational Vehicle Values,Per Pull,J.D. Power RV Guide,N,400.0,TCI-0177,950.0,TCI-0240,0.65,TCI-0115,,,,,,,,,,,,,,,,,,,Auto,Vehicle Valuation,J.D. Power Guide Data - Recreational Vehicle Values,,,,Add Ons
Origination - Consumer,DecisionLender4,Primary Service,MeridianLink,"DecisionLender Indirect Lending - Advanced Tier 1 (15,000+ apps)",App Commitment / Mon,DecisionLender - Indirect Lending Module,N,77750.0,TCI-0166,,,3.25,TCI-0267,TCI-0267,TCI-0287,N,48750.0,,,,,,,,,,,,,,,Primary Service,,DecisionLender Indirect Lending - Advanced ,Tier 1,15000.0,0.0,Primary Product
Origination - Consumer,DecisionLender4,Primary Service,MeridianLink,"DecisionLender Indirect Lending - Advanced Tier 2 (8,000-14,999 apps)",App Commitment / Mon,DecisionLender - Indirect Lending Module,N,77750.0,TCI-0166,,,3.4,TCI-0267,TCI-0267,TCI-0287,N,27200.0,,,,,,,,,,,,,,,Primary Service,,DecisionLender Indirect Lending - Advanced ,Tier 2,8000.0,14999.0,Primary Product
Origination - Consumer,DecisionLender4,Primary Service,MeridianLink,"DecisionLender Indirect Lending - Advanced Tier 3 (4,000-7,999 apps)",App Commitment / Mon,DecisionLender - Indirect Lending Module,N,77750.0,TCI-0166,,,3.85,TCI-0267,TCI-0267,TCI-0287,N,15400.0,,,,,,,,,,,,,,,Primary Service,,DecisionLender Indirect Lending - Advanced ,Tier 3,4000.0,7999.0,Primary Product
Origination - Consumer,DecisionLender4,Primary Service,MeridianLink,"DecisionLender Indirect Lending - Advanced Tier 4 (3,000-3,999 apps)",App Commitment / Mon,DecisionLender - Indirect Lending Module,N,77750.0,TCI-0166,,,4.15,TCI-0267,TCI-0267,TCI-0287,N,12450.0,,,,,,,,,,,,,,,Primary Service,,DecisionLender Indirect Lending - Advanced ,Tier 4,3000.0,3999.0,Primary Product
Origination - Consumer,DecisionLender4,Primary Service,MeridianLink,"DecisionLender Indirect Lending - Advanced Tier 5 (2,500-2,999 apps)",App Commitment / Mon,DecisionLender - Indirect Lending Module,N,77750.0,TCI-0166,,,4.45,TCI-0267,TCI-0267,TCI-0287,N,11125.0,,,,,,,,,,,,,,,Primary Service,,DecisionLender Indirect Lending - Advanced ,Tier 5,2500.0,2999.0,Primary Product
Origination - Consumer,DecisionLender4,Primary Service,MeridianLink,"DecisionLender Indirect Lending - Essentials Tier 01 (15,000+ apps)",App Commitment / Mon,DecisionLender - Indirect Lending Module,N,11750.0,TCI-0166,,,3.25,TCI-0267,TCI-0267,TCI-0287,N,48750.0,,,,,,,,,,,,,,,Primary Service,,DecisionLender Indirect Lending - Essentials ,Tier 1,15000.0,0.0,Primary Product
Origination - Consumer,DecisionLender4,Primary Service,MeridianLink,DecisionLender Indirect Lending - Essentials Tier 10 (175-249 apps),App Commitment / Mon,DecisionLender - Indirect Lending Module,N,11750.0,TCI-0166,,,7.65,TCI-0267,TCI-0267,TCI-0287,N,1338.75,,,,,,,,,,,,,,,Primary Service,,DecisionLender Indirect Lending - Essentials ,Tier 10,175.0,249.0,Primary Product
Origination - Consumer,DecisionLender4,Primary Service,MeridianLink,DecisionLender Indirect Lending - Essentials Tier 11 (100-174 apps),App Commitment / Mon,DecisionLender - Indirect Lending Module,N,11750.0,TCI-0166,,,8.25,TCI-0267,TCI-0267,TCI-0287,N,825.0,,,,,,,,,,,,,,,Primary Service,,DecisionLender Indirect Lending - Essentials ,Tier 11,100.0,174.0,Primary Product
Origination - Consumer,DecisionLender4,Primary Service,MeridianLink,"DecisionLender Indirect Lending - Essentials Tier 02 (8,000-14,999 apps)",App Commitment / Mon,DecisionLender - Indirect Lending Module,N,11750.0,TCI-0166,,,3.4,TCI-0267,TCI-0267,TCI-0287,N,27200.0,,,,,,,,,,,,,,,Primary Service,,DecisionLender Indirect Lending - Essentials ,Tier 2,8000.0,14999.0,Primary Product
Origination - Consumer,DecisionLender4,Primary Service,MeridianLink,"DecisionLender Indirect Lending - Essentials Tier 03 (4,000-7,999 apps)",App Commitment / Mon,DecisionLender - Indirect Lending Module,N,11750.0,TCI-0166,,,3.85,TCI-0267,TCI-0267,TCI-0287,N,15400.0,,,,,,,,,,,,,,,Primary Service,,DecisionLender Indirect Lending - Essentials ,Tier 3,4000.0,7999.0,Primary Product
Origination - Consumer,DecisionLender4,Primary Service,MeridianLink,"DecisionLender Indirect Lending - Essentials Tier 04 (3,000-3,999)",App Commitment / Mon,DecisionLender - Indirect Lending Module,N,11750.0,TCI-0166,,,4.15,TCI-0267,TCI-0267,TCI-0287,N,12450.0,,,,,,,,,,,,,,,Primary Service,,DecisionLender Indirect Lending - Essentials ,Tier 4,3000.0,3999.0,Primary Product
Origination - Consumer,DecisionLender4,Primary Service,MeridianLink,"DecisionLender Indirect Lending - Essentials Tier 05 (2,500-2,999 apps)",App Commitment / Mon,DecisionLender - Indirect Lending Module,N,11750.0,TCI-0166,,,4.45,TCI-0267,TCI-0267,TCI-0287,N,11125.0,,,,,,,,,,,,,,,Primary Service,,DecisionLender Indirect Lending - Essentials ,Tier 5,2500.0,2999.0,Primary Product
Origination - Consumer,DecisionLender4,Primary Service,MeridianLink,"DecisionLender Indirect Lending - Essentials Tier 06 (1,000-2,499 apps)",App Commitment / Mon,DecisionLender - Indirect Lending Module,N,11750.0,TCI-0166,,,5.05,TCI-0267,TCI-0267,TCI-0287,N,5050.0,,,,,,,,,,,,,,,Primary Service,,DecisionLender Indirect Lending - Essentials ,Tier 6,1000.0,2499.0,Primary Product
Origination - Consumer,DecisionLender4,Primary Service,MeridianLink,DecisionLender Indirect Lending - Essentials Tier 07 (750-999 apps),App Commitment / Mon,DecisionLender - Indirect Lending Module,N,11750.0,TCI-0166,,,5.75,TCI-0267,TCI-0267,TCI-0287,N,4312.5,,,,,,,,,,,,,,,Primary Service,,DecisionLender Indirect Lending - Essentials ,Tier 7,750.0,999.0,Primary Product
Origination - Consumer,DecisionLender4,Primary Service,MeridianLink,DecisionLender Indirect Lending - Essentials Tier 08 (500-749 apps),App Commitment / Mon,DecisionLender - Indirect Lending Module,N,11750.0,TCI-0166,,,5.85,TCI-0267,TCI-0267,TCI-0287,N,2925.0,,,,,,,,,,,,,,,Primary Service,,DecisionLender Indirect Lending - Essentials ,Tier 8,500.0,749.0,Primary Product
Origination - Consumer,DecisionLender4,Primary Service,MeridianLink,DecisionLender Indirect Lending - Essentials Tier 09 (250-499 apps),App Commitment / Mon,DecisionLender - Indirect Lending Module,N,11750.0,TCI-0166,,,6.7,TCI-0267,TCI-0267,TCI-0287,N,1675.0,,,,,,,,,,,,,,,Primary Service,,DecisionLender Indirect Lending - Essentials ,Tier 9,250.0,499.0,Primary Product
Origination - Consumer,DecisionLender4,Primary Service,MeridianLink,"DecisionLender Indirect Lending - Select Tier 1 (15,000+ apps)",App Commitment / Mon,DecisionLender - Indirect Lending Module,N,46750.0,TCI-0166,,,3.25,TCI-0267,TCI-0267,TCI-0287,N,48750.0,,,,,,,,,,,,,,,Primary Service,,DecisionLender Indirect Lending - Select ,Tier 1,15000.0,0.0,Primary Product
Origination - Consumer,DecisionLender4,Primary Service,MeridianLink,"DecisionLender Indirect Lending - Select Tier 2 (8,000-14,999 apps)",App Commitment / Mon,DecisionLender - Indirect Lending Module,N,46750.0,TCI-0166,,,3.4,TCI-0267,TCI-0267,TCI-0287,N,27200.0,,,,,,,,,,,,,,,Primary Service,,DecisionLender Indirect Lending - Select ,Tier 2,8000.0,14999.0,Primary Product
Origination - Consumer,DecisionLender4,Primary Service,MeridianLink,"DecisionLender Indirect Lending - Select Tier 3 (4,000-7,999 apps)",App Commitment / Mon,DecisionLender - Indirect Lending Module,N,46750.0,TCI-0166,,,3.85,TCI-0267,TCI-0267,TCI-0287,N,15400.0,,,,,,,,,,,,,,,Primary Service,,DecisionLender Indirect Lending - Select ,Tier 3,4000.0,7999.0,Primary Product
Origination - Consumer,DecisionLender4,Primary Service,MeridianLink,"DecisionLender Indirect Lending - Select Tier 4 (3,000-3,999 apps)",App Commitment / Mon,DecisionLender - Indirect Lending Module,N,46750.0,TCI-0166,,,4.15,TCI-0267,TCI-0267,TCI-0287,N,12450.0,,,,,,,,,,,,,,,Primary Service,,DecisionLender Indirect Lending - Select ,Tier 4,3000.0,3999.0,Primary Product
Origination - Consumer,DecisionLender4,Primary Service,MeridianLink,"DecisionLender Indirect Lending - Select Tier 5 (2,500-2,999 apps)",App Commitment / Mon,DecisionLender - Indirect Lending Module,N,46750.0,TCI-0166,,,4.45,TCI-0267,TCI-0267,TCI-0287,N,11125.0,,,,,,,,,,,,,,,Primary Service,,DecisionLender Indirect Lending - Select ,Tier 5,2500.0,2999.0,Primary Product
Origination - Consumer,DecisionLender4,Primary Service,MeridianLink,"DecisionLender Indirect Lending - Select Tier 6 (1,000-2,499 apps)",App Commitment / Mon,DecisionLender - Indirect Lending Module,N,46750.0,TCI-0166,,,5.05,TCI-0267,TCI-0267,TCI-0287,N,5050.0,,,,,,,,,,,,,,,Primary Service,,DecisionLender Indirect Lending - Select ,Tier 6,1000.0,2499.0,Primary Product
Origination - Consumer,DecisionLender4,Primary Service,MeridianLink,DecisionLender Indirect Lending - Select Tier 7 (750-999 apps),App Commitment / Mon,DecisionLender - Indirect Lending Module,N,46750.0,TCI-0166,,,5.75,TCI-0267,TCI-0267,TCI-0287,N,4312.5,,,,,,,,,,,,,,,Primary Service,,DecisionLender Indirect Lending - Select ,Tier 7,750.0,999.0,Primary Product
Origination - Consumer,DecisionLender4,Primary Service,MeridianLink,DecisionLender Indirect Lending - Select Tier 8 (500-749 apps),App Commitment / Mon,DecisionLender - Indirect Lending Module,N,46750.0,TCI-0166,,,5.85,TCI-0267,TCI-0267,TCI-0287,N,2925.0,,,,,,,,,,,,,,,Primary Service,,DecisionLender Indirect Lending - Select ,Tier 8,500.0,749.0,Primary Product
Origination - Consumer,DecisionLender4,Primary Service,MeridianLink,DL4 - Consumer Module,App Commitment / Mon,DecisionLender - Direct Consumer Module,N,31500.0,TCI-0148,,,13.9,TCI-0242,TCI-0242,TCI-0253,N,2780.0,"Cross-sell setup included. For business loans, contact product before selling.",,,,,,,,,,,,,,Primary Service,,DL4 - Consumer Module,,,,Primary Product
Origination - Consumer,DecisionLender4,Primary Service,MeridianLink,DL4 - Home Equity Module,App Commitment / Mon,DecisionLender - Home Equity Module,N,23500.0,TCI-0159,,,22.65,TCI-0286,TCI-0286,TCI-0285,N,2265.0,Approval required from Product Lead.  ,,,,,,,,,,,,,,Primary Service,,DL4 - Home Equity Module,,,,Primary Product
SHARED,DecisionLender4,Add On - Ancillary Service,Glia,Glia Integration,Standard,Glia Integration,N,1775.0,SHARED-0391,675.0,SHARED-0389,,,,,N,,,,,,,,,,,,,,,,Consumer & Digital Engagement,Ancillary Service,Glia Integration,,,,Add Ons
SHARED,DecisionLender4,Add On - Ancillary Service,Lightico,Lightico,Standard,Lightico,N,3400.0,SHARED-0417,2400.0,SHARED-0414,,,,,,,Client needs to sign contract with vendor,,,,,,,,,,,,,,Automation & Integration,Ancillary Service,Lightico,,,,Add Ons
SHARED,DecisionLender4,Add On - Ancillary Service,Solutions by Text,Solutions by Text,Standard,Solutions by Text,N,3400.0,SHARED-0415,2400.0,SHARED-0416,,,,,,,Client needs to sign contract with vendor,,,,,,,,,,,,,,Consumer & Digital Engagement,Ancillary Service,Solutions by Text,,,,Add Ons
SHARED,DecisionLender4,Add On - Consumer Portal,Access Softek,AccesSoftek SSO,Standard,AccesSoftek SSO,N,1975.0,SHARED-0322,4700.0,SHARED-0267,,,,,,,,,,,,,,,,,,,,,Consumer & Digital Engagement,Consumer Portal,AccesSoftek SSO,,,,Add Ons
SHARED,DecisionLender4,Add On - Consumer Portal,Banno,Banno Home Banking SSO,Standard,Banno Home Banking,N,1975.0,SHARED-0325,4700.0,SHARED-0270,,,,,,,,,,,,,,,,,,,,,Consumer & Digital Engagement,Consumer Portal,Banno Home Banking SSO,,,,Add Ons
SHARED,DecisionLender4,Add On - Consumer Portal,NCR Corporation,Digital Insight SSO,Standard,Digital Insight SSO,N,1975.0,SHARED-0329,4700.0,SHARED-0274,,,,,,,,,,,,,,,,,,,,,Not Mapped,Consumer Portal,Digital Insight SSO,,,,Add Ons
SHARED,DecisionLender4,Add On - Consumer Portal,Equifax,Equifax InstaTouch,Standard,Equifax InstaTouch,N,2125.0,SHARED-0030,,,,,,,N,,,,,,,,,,,,,,,,Fraud & Verification,Consumer Portal,Equifax InstaTouch,,,,Add Ons
SHARED,DecisionLender4,Add On - Consumer Portal,JHA,Net Teller SSO,Standard,Net Teller SSO,N,1975.0,SHARED-0333,4700.0,SHARED-0278,,,,,,,,,,,,,,,,,,,,,Not Mapped,Consumer Portal,Net Teller SSO,,,,Add Ons
SHARED,DecisionLender4,Add On - Core Integration,CUAnswers,CUBase (DecisionLender),Standard,CUBase,N,17000.0,SHARED-0315,10250.0,SHARED-0260,,,,,N,,https://mlintranet.meridianlink.com/display/LPQ/Major+Core+Features,,,,,,,,,,,,,,Essential Systems,Core Integration,CUBase (DecisionLender),,,,Add Ons
SHARED,DecisionLender4,Add On - Core Integration,CULA,CULA Seamless Integration,Standard,CULA Seamless Integration,N,4600.0,SHARED-0216,4500.0,SHARED-0143,,,,,,,This is only Appliable for client with a auto Leasing loan type,,,,1,Dependent,Indirect or direct module,,,,,,,,Consumer & Digital Engagement,Core Integration,CULA Seamless Integration,,,,Add Ons
SHARED,DecisionLender4,Add On - Core Integration,DealPack,DealPack Export,Standard,DealPack Export,N,17000.0,SHARED-0205,10250.0,SHARED-0188,,,,,,,,,,,,,,,,,,,,,Not Mapped,Core Integration,DealPack Export,,,,Add Ons
SHARED,DecisionLender4,Add On - Core Integration,Finastra,Finastra Application Exchange Interface,Standard,Finastra Application Exchange Interface,N,17000.0,SHARED-0170,10250.0,SHARED-0196,,,,,N,,,,,,,,,,,,,,,,Essential Systems,Core Integration,Finastra Application Exchange Interface,,,,Add Ons
SHARED,DecisionLender4,Add On - Debit Bureau,FIS,FIS ChexSystems (QualiFile Debit Bureau) (DecisionLender),Standard,ChexSystems,N,4100.0,SHARED-0206,2400.0,SHARED-0191,0.0,SHARED-0553,,,,,"Service already offered, we are separating Consumer and DecisionLender",,,,,,,,,,,,,,Fraud & Verification,Debit Bureau,FIS ChexSystems (QualiFile Debit Bureau) (DecisionLender),,,,Add Ons
SHARED,DecisionLender4,ADD On - Core Integration,FIS,FIS - Credit Card Export,Standard,Credit Card Export,N,5750.0,SHARED-0187,2400.0,SHARED-0175,,,,,,,,,,,,,,,,,,,,,Essential Services,Core Integration,FIS - Credit Card Export,,,,Add Ons
SHARED,DecisionLender4,Add On - Core Integration,Fiserv,Fiserv Premier (DecisionLender),Standard,Fiserv Premier,N,17000.0,SHARED-0309,10250.0,SHARED-0254,,,,,N,,https://meridianlink365.sharepoint.com/:x:/s/TeamLPQDevsSIE/EVVbYPuz7cRMnXlkV7a-8w8Bwy6SG57uB-mWdKuVe9JM7g?e=l3pbou&isSPOFile=1,,,,,,,,,,,,,,Essential Systems,Core Integration,Fiserv Premier (DecisionLender),,,,Add Ons
SHARED,DecisionLender4,Add On - Core Integration,Goldpoint Systems (GPS) ,Goldpoint,Standard,GPS Interface,N,17000.0,SHARED-0154,10250.0,SHARED-0164,,,,,,,,,,,,,,,,,,,,,Essential Systems,Core Integration,Goldpoint,,,,Add Ons
SHARED,DecisionLender4,Add On - Core Integration,Lowenstein ,Lowenstein Export,Standard,Lowenstein export,N,17000.0,SHARED-0178,10250.0,SHARED-0193,,,,,,,"Support for standard export, Fiserv DNA and Jack Henry Silverlake interface",,,,,,,,,,,,,,Automation & Integration,Core Integration,Lowenstein Export,,,,Add Ons
SHARED,DecisionLender4,Add On - Core Integration,Megasys,Megasys Export,Standard,Megasys Export,N,17000.0,SHARED-0165,10250.0,SHARED-0212,,,,,,,,,,,,,,,,,,,,,Not Mapped,Core Integration,Megasys Export,,,,Add Ons
SHARED,DecisionLender4,Add On - Core Integration,Nortridge,Nortridge NLS Export,Standard,Nortridge Export,N,17000.0,SHARED-0223,10250.0,SHARED-0221,,,,,,,,,,,,,,,,,,,,,Essential Systems,Core Integration,Nortridge NLS Export,,,,Add Ons
SHARED,DecisionLender4,Add On - Core Integration,FiServ,Fiserv Portico (DecisionLender),Standard,Fiserv Portico Interface,N,17000.0,SHARED-0304,10250.0,SHARED-0249,,,,,,,,,,,,,,,,,,,,,Essential Systems,Core Integration,Fiserv Portico (DecisionLender),,,,Add Ons
SHARED,DecisionLender4,Add On - Core Integration,Share Tech Export,Share Tech Export,Standard,Share Tech Export ,N,17000.0,SHARED-0155,10250.0,SHARED-0213,,,,,,,,,,,,,,,,,,,,,Essential Systems,Core Integration,Share Tech Export,,,,Add Ons
SHARED,DecisionLender4,Add On - Core Integration,Shaw Solutions ,Shaw Solutions,Standard,Shaw Solutions Spectrum ,N,17000.0,SHARED-0227,10250.0,SHARED-0189,,,,,,,,,,,,,,,,,,,,,Not Mapped,Core Integration,Shaw Solutions,,,,Add Ons
SHARED,DecisionLender4,Add On - Core Integration,Jack Henry ,Symitar Core Conversion (DecisionLender),Standard,Symitar SymConnect,N,17000.0,SHARED-0320,10250.0,SHARED-0265,,,,,,,,,,,,,,,,,,,,,Essential Systems,Core Integration,Symitar Core Conversion (DecisionLender),,,,Add Ons
SHARED,DecisionLender4,Add On - Credit Card Processor,Velera,Velera (Credit Card),Standard,Velera (Credit Card),N,5750.0,SHARED-0156,2400.0,SHARED-0147,,,,,,,,,,,,,,,,,,,,,Essential Services,Credit Card Processor,Velera (Credit Card),,,,Add Ons
SHARED,DecisionLender4,Add On - Custom,MeridianLink,Custom Product - Annual (DecisionLender),Standard,Custom Product - Annual,N,-1234.0,SHARED-0097,-1234.0,SHARED-0018,,,,,N,,Quote pricing.  Price is not actually -$1234.00,,,,,,,,,,,,,,Other,Custom,Custom Product or Service - annual (DecisionLender),,,,Add Ons
SHARED,DecisionLender4,Add On - Custom,MeridianLink,Custom Service - Flat Fee (DecisionLender),Standard,Custom Service - Flat Fee ,N,-1234.0,SHARED-0002,,,,,,,N,,Quote pricing.  Price is not actually -$1234.00,,,,,,,,,,,,,,Recurring Consulting Services,Custom,Custom Product or Service - flat fee (DecisionLender),,,,Add Ons
SHARED,DecisionLender4,Add On - Custom,MeridianLink,Custom Service - Hourly (DecisionLender),Hourly,Custom Service - Hourly,N,-1234.0,SHARED-0003,,,,,,,N,,Quote pricing.  Price is not actually -$1234.00,,,,,,,,,,,,,,Recurring Consulting Services,Custom,Custom Product or Service - hourly (DecisionLender),,,,Add Ons
SHARED,DecisionLender4,Add On - Custom,MeridianLink,Custom Product - Monthly (DecisionLender),Monthly,Custom Product - Monthly,N,-1234.0,SHARED-0098,-1234.0,SHARED-0004,,,,,N,,Quote pricing.  Price is not actually -$1234.00,,,,,,,,,,,,,X,Other,Custom,Custom Product or Service - monthly (DecisionLender),,,,Add Ons
SHARED,DecisionLender4,Add On - Custom,MeridianLink,Custom Service - R&D (DecisionLender),Hourly,Custom Service - R&D,N,-1234.0,SHARED-0006,,,,,,,N,,Quote pricing.  Price is not actually -$1234.00,,,,,,,,,,,,,,Not Mapped,Custom,Custom Product or Service - R&D (DecisionLender),,,,Add Ons
SHARED,DecisionLender4,Add On - Custom,MeridianLink,Custom Product - Transaction Fee (DecisionLender),Standard,Custom Product - Transaction Fee,N,-1234.0,SHARED-0082,-1234.0,SHARED-0128,-1234.0,SHARED-0005,SHARED-0005,SHARED-0129,N,,Quote pricing.  Price is not actually -$1234.00,,,,,,,,,,,,,,Other,Custom,Custom Product or Service - transaction fee (DecisionLender),,,,Add Ons
SHARED,DecisionLender4,Add On - Custom Score,Zest AI,Zest Custom Score,Standard,Zest Custom Score,N,0.0,SHARED-0182,0.0,SHARED-0150,,,,,N,,,,,,,,,,,,,,,,Custom Score/Decisioning,Custom Score,Zest Custom Score,,,,Add Ons
SHARED,DecisionLender4,Add On - Custom Score,Zest AI,Zest Protect (DecisionLender),Standard,Zest Protect,N,0.0,SHARED-0625,0.0,SHARED-0626,,,,,N,,,,,,,,,,,,,,,,Custom Score/Decisioning,Custom Score,Zest Protect (DecisionLender),,,,Add Ons
SHARED,DecisionLender4,Add On - Data Integration,Gestalt,Gestalt Database (DecisionLender4),Standard,Gestalt Database,N,0.0,SHARED-0600,,,,,,,,,Refer Gestalt into clients for their database; we receive rev share,,,,1,,DL required VPN Item to be added,,,,,,,,Data & Reporting,Data Integration,Gestalt Database (DecisionLender4),,,,Add Ons
SHARED,DecisionLender4,Add On - Document Archival,MeridianLink,DocDownload(DecisionLender),Standard,DocDownload,N,5750.0,SHARED-0171,5500.0,SHARED-0167,,,,,N,,"Formerly known as DecisionLender Image Transfer. Also often called document imaging; Includes extract of IDV/IDA, loan app summary, and credit reports.",,,,,,,,,,,,,,Essential Systems,Document Archival,DocDownload(DecisionLender),,,,Add Ons
SHARED,DecisionLender4,Add On - Document Archival,JHA,Synergy Image Export,Standard,Synergy Image Export,N,5750.0,SHARED-0161,5500.0,SHARED-0148,,,,,,,,,,,,,,,,,,,,,Essential Systems,Document Archival,Synergy Image Export,,,,Add Ons
SHARED,DecisionLender4,Add On - Document Delivery,FSSI,Mailing (1-5 Page Envelope) DecisionLender,App Commitment / Mon,Mailing (1-5 Page Envelope),N,1625.0,SHARED-0413,,,2.55,SHARED-0418,,SHARED-0453,N,-1234.0,,,,,,,,,,,,,,,Essential Services,Document Delivery,Mailing (1-5 Page Envelope) DecisionLender,,,,Add Ons
SHARED,DecisionLender4,Add On - Document Delivery,FSSI,Mailing (21-40 Page Envelope) DecisionLender,App Commitment / Mon,Mailing (21-40 Page Envelope),N,0.0,SHARED-0433,,,14.25,SHARED-0431,,SHARED-0459,N,-1234.0,,,,,,,,,,,,,,,Essential Services,Document Delivery,Mailing (21-40 Page Envelope) DecisionLender,,,,Add Ons
SHARED,DecisionLender4,Add On - Document Delivery,FSSI,Mailing (41-60 Page Envelope) DecisionLender,App Commitment / Mon,Mailing (41-60 Page Envelope),N,0.0,SHARED-0434,,,26.25,SHARED-0429,,SHARED-0460,N,-1234.0,,,,,,,,,,,,,,,Essential Services,Document Delivery,Mailing (41-60 Page Envelope) DecisionLender,,,,Add Ons
SHARED,DecisionLender4,Add On - Document Delivery,FSSI,Mailing (61-80 Page Envelope) DecisionLender,App Commitment / Mon,Mailing (61-80 Page Envelope),N,0.0,SHARED-0435,,,30.7,SHARED-0432,,SHARED-0457,N,-1234.0,,,,,,,,,,,,,,,Essential Services,Document Delivery,Mailing (61-80 Page Envelope) DecisionLender,,,,Add Ons
SHARED,DecisionLender4,Add On - Document Delivery,FSSI,Mailing (6-20 Page Envelope) DecisionLender,App Commitment / Mon,Mailing (6-20 Page Envelope),N,0.0,SHARED-0438,,,9.25,SHARED-0439,,SHARED-0458,N,-1234.0,,,,,,,,,,,,,,,Essential Services,Document Delivery,Mailing (6-20 Page Envelope) DecisionLender,,,,Add Ons
SHARED,DecisionLender4,Add On - Document Delivery,FSSI,Mailing (81-100 Page Envelope) DecisionLender,App Commitment / Mon,Mailing (81-100 Page Envelope),N,0.0,SHARED-0430,,,34.0,SHARED-0436,,SHARED-0461,N,-1234.0,,,,,,,,,,,,,,,Essential Services,Document Delivery,Mailing (81-100 Page Envelope) DecisionLender,,,,Add Ons
SHARED,DecisionLender4,Add On - eSign,DocuSign,DocuSign - Advanced API,Per Envelope,DocuSign - Advanced API,N,2400.0,SHARED-0149,,,1.45,SHARED-0160,,SHARED-0574,N,145.0,"If quoting a commitment, the minimum monthly envelope commitment is 100.",,,,,,,,,,,,,,Docs/Disclosures & eSign,eSign,DocuSign - Advanced API,,,,Add Ons
SHARED,DecisionLender4,Add On - eSign,Kinective,IMM eSignature Hosted (on SAS),Per Envelope,Kinective eSignature Hosted (on SAS),N,2400.0,SHARED-0185,,,1.45,SHARED-0215,,,,,fka IMM eSignature Hosted (on SAS),,,,,,,,,,,,,,Not Mapped,eSign,IMM eSignature Hosted (on SAS),,,,Add Ons
SHARED,DecisionLender4,Add On - External Decisioning Engine,Experian,Experian PowerCurve Origination Essentials,Standard,Experian PowerCurve Origination Essentials,N,14000.0,SHARED-0173,7000.0,SHARED-0180,,,,,N,,,,,,,,,,,,,,,,Custom Score/Decisioning,External Decisioning Engine,Experian PowerCurve Origination Essentials,,,,Add Ons
SHARED,DecisionLender4,Add On - External Decisioning Engine,Scienaptic,Scienaptic (DecisionLender),Standard,Scienaptic,N,0.0,SHARED-0353,,SHARED-0352,,,,,N,,,,,,,,,,,,,,,,Custom Score/Decisioning,External Decisioning Engine,Scienaptic (DecisionLender),,,,Add Ons
SHARED,DecisionLender4,Add On - ID Authentication,Experian,Experian CrossCore with Precise ID for Account Opening with KIQ/MFA (Option 11) (DecisionLender),Standard,Experian CrossCore with Precise ID for Account Opening with KIQ/MFA (Option 11),N,975.0,SHARED-0454,,,4.25,SHARED-0451,,SHARED-0452,N,-1234.0,,,,,,,,,,,,,,,Fraud & Verification,ID Authentication,Experian CrossCore with Precise ID for Account Opening with KIQ/MFA (Option 11) (DecisionLender),,,,Add Ons
SHARED,DecisionLender4,Add On - ID Verification,Experian,Experian CrossCore with Precise ID for Account Opening Score Only (Option 6) (DecisionLender),Per Pull, Experian CrossCore with Precise ID for Account Opening Score Only (Option 6),N,975.0,SHARED-0445,,,2.8,SHARED-0447,,SHARED-0448,N,-1234.0,,,,,,,,,,,,,,,Fraud & Verification,ID Verification,Experian CrossCore with Precise ID for Account Opening Score Only (Option 6) (DecisionLender),,,,Add Ons
SHARED,DecisionLender4,Add On - ID Authentication,Experian,Experian CrossCore Setup Fee (DecisionLender),Standard,Experian CrossCore Setup Fee,N,7250.0,SHARED-0555,,,,,,,,,"Setup fee for Initial CrossCore Implementation.  Require to select at least one option (Option 3, Option 6, Option 11).  Each option has its own setup fee in addition to the CrossCore setup fee.",,,,,,,,,,,,,,Not Mapped,ID Authentication,Experian CrossCore Setup Fee (DecisionLender),,,,Add Ons
SHARED,DecisionLender4,Add On - Home Banking,Alkami,Alkami QuickApply (DecisionLender),Standard,Alkami QuickApply,N,2050.0,SHARED-0324,4700.0,SHARED-0269,,,,,N,,,,,,,,,,,,,,,,Consumer & Digital Engagement,Home Banking,Alkami QuickApply (DecisionLender),,,,Add Ons
SHARED,DecisionLender4,Add On - ID Authentication,Transunion,TransUnion Identity Manager ID Decision Bundle,Standard,TransUnion IDMV & IDMA,N,2400.0,SHARED-0195,,,,,,,N,,,,,,,,,,,,,,,,Not Mapped,ID Authentication,TransUnion Identity Manager ID Decision Bundle,,,,Add Ons
SHARED,DecisionLender4,Add On - Indirect Lead,DealerTrack,DealerTrack Digital Contracting (DecisionLender),Per Envelope,DealerTrack Digital Contracting,N,4600.0,SHARED-0138,4100.0,SHARED-0382,1.45,SHARED-0140,,SHARED-0406,,,"Client will need to Sign  a separate Contract with DealerTrack for Digital Contracting.  DecisionLender is on the SLM to Atomic Schema, only integrated for Indirect Auto. May be subject to additional storage charges.",,,,,,,,,,,,,,Auto,Indirect Lead,DealerTrack Digital Contracting (DecisionLender),,,,Add Ons
SHARED,DecisionLender4,Add On - Indirect Lead,RouteOne,RouteOne eContracting (DecisionLender),Per Pull,RouteOne eContracting,N,4600.0,SHARED-0209,4100.0,SHARED-0361,1.45,SHARED-0153,,SHARED-0548,,,Transaction fee per funded Econ packet,,,,,,,,,,,,,,Auto,Indirect Lead,RouteOne eContracting (DecisionLender),,,,Add Ons
SHARED,DecisionLender4,Add On - Misc,MeridianLink,API Web Services (DecisionLender),Standard,API Web Services,N,7000.0,SHARED-0075,7500.0,SHARED-0068,,,,,N,,,,,,,,,,,,,,,,Consumer Module,Misc,API Web Services (DecisionLender),,,,Add Ons
SHARED,DecisionLender4,Add On - Misc,MeridianLink,Dedicated VPN Connection,Standard,Dedicated VPN Connection,N,5750.0,SHARED-0202,3100.0,SHARED-0162,,,,,,,Required for Symitar & certain other interfaces,,,,,,,,,,,,,,Essential Systems,Misc,Dedicated VPN Connection,,,,Add Ons
SHARED,DecisionLender4,Add On - Misc,MeridianLink,Disaster Recovery VPN,Standard,Disaster Recovery VPN,N,5750.0,SHARED-0202,3100.0,SHARED-0162,,,,,,,,,,,,,,,,,,,,,Essential Systems,Misc,Disaster Recovery VPN,,,,Add Ons
SHARED,DecisionLender4,Add On - Misc,MeridianLink,Reschedule Live Date (DecisionLender),Standard,Reschedule Live Date,N,-1234.0,SHARED-0158,,,,,,,N,,FI is allowed to reschedule once per project. Fee applicable for 2nd reschedule. Price should be set at 10% of initial setup fee.,,,,,,,,,,,,,,Not Mapped,Misc,Reschedule Live Date (DecisionLender),,,,Add Ons
SHARED,DecisionLender4,Add On - Misc,Partner Related Fees - API Web Services,API Web Services -  Additional API Connection (DecisionLender),Standard,API Web Services -  Additional API Connection,N,775.0,SHARED-0573,,,,,,,,,Set up fee for each additional API Web Services connection. ,,,,1,Dependent,Customer must have API Web Services,,,,,,,,Not Mapped,Misc,API Web Services -  Additional API Connection (DecisionLender),,,,Add Ons
SHARED,DecisionLender4,Add On - Misc,MeridianLink,VPN - Main Connection (DecisionLender),Standard,VPN - Main Connection,N,205.0,SHARED-0621,,,,,,,,,,,,,,,,,,,,,,,Other,Misc,VPN - Main Connection (DecisionLender),,,,Add Ons
SHARED,DecisionLender4,Add On - Misc,MeridianLink,VPN - Disaster Recovery Connection (DecisionLender),Standard,VPN - Disaster Recovery Connection,N,205.0,SHARED-0620,,,,,,,,,,,,,,,,,,,,,,,Other,Misc,VPN - Disaster Recovery Connection (DecisionLender),,,,Add Ons
SHARED,DecisionLender4,Add On - Misc,MeridianLink,VPN - Other Connection (DecisionLender),Standard,VPN - Other Connection,N,205.0,SHARED-0619,,,,,,,,,,,,,,,,,,,,,,,Other,Misc,VPN - Other Connection (DecisionLender),,,,Add Ons
SHARED,DecisionLender4,Add On - Misc,MeridianLink,IT Professional Services - Phone Support (DecisionLender),Standard,IT Professional Services - Phone Support ,N,400.0,SHARED-0618,,,,,,,,,Price is per hour,,,,,,,,,,,,,,Other,Misc,IT Professional Services - Phone Support (DecisionLender),,,,Add Ons
SHARED,DecisionLender4,Add On - Misc,MeridianLink,IT Professioal Services - Expedited Request (DecisionLender),Standard,IT Professioal Services - Expedited Request ,N,2500.0,SHARED-0617,,,,,,,,,Work to be performed in less than 10 days,,,,,,,,,,,,,,Other,Misc,IT Professioal Services - Expedited Request (DecisionLender),,,,Add Ons
SHARED,DecisionLender4,Add On - POS,MeridianLink,MeridianLink POS - Home Banking SSO (DecisionLender),Standard,MeridianLink POS - Home Banking SSO (DecisionLender),N,2050.0,SHARED-0480,4700.0,SHARED-0488,,,,,,,,,,,,,,,,,,,,,Consumer & Digital Engagement,POS,MeridianLink POS - Home Banking SSO (DecisionLender),,,,Add Ons
SHARED,DecisionLender4,Add On - Indirect Lead,DealerTrack,DealerTrack Digital Rule Validation Package (DecisionLender),Standard,DealerTrack Digital Rule Validation Package,N,3500.0,SHARED-0567,700.0,SHARED-0562,,,,,,,Client has the ability to select up to 20 Default Validation rules.  Any customized rule (outside of updating values) or request for additional rules not on this list would need to be quoted accordingly.,,,,1,SHARED-0209,RouteOne eContracting,,,,,,,,Not Mapped,Professional Services,eContracting Rule Validation Package (DealerTrack),,,,Add Ons
SHARED,DecisionLender4,Add On - Professional Services,RouteOne,eContracting Rule Validation Package (RouteOne),Standard,eContracting Rule Validation Package,N,3500.0,SHARED-0566,700.0,SHARED-0563,,,,,,,Client has the ability to select up to 20 Default Validation rules.  Any customized rule (outside of updating values) or request for additional rules not on this list would need to be quoted accordingly.,,,,1,SHARED-0209,RouteOne eContracting,,,,,,,,Not Mapped,Professional Services,eContracting Rule Validation Package (RouteOne),,,,Add Ons
SHARED,DecisionLender4,Add On - Vehicle History,Carfax,Carfax Vehicle History and/or Vehicle Loss Report (DecisionLender4),Standard,Carfax Vehicle History and/or Vehicle Loss Report,N,1625.0,SHARED-0166,800.0,SHARED-0226,,,,,,,"Client needs to have direct relationship with client, and transaction fee will be billed directly by Carfax.  Setup fee enables both Vehicle History Report (VHR) and Vehicle Loss Report (VLR).  ",,,,,,,,,,,,,,Auto,Vehicle History,Carfax Vehicle History and/or Vehicle Loss Report (DecisionLender4),,,,Add Ons
SHARED,DecisionLender4,Add On - Vehicle Insurance,Allied Solutions,Allied Solutions IQQ (DecisionLender),Standard,Allied Solutions IQQ,N,3500.0,SHARED-0420,1275.0,SHARED-0421,,,,,,,,,,,,,,,,,,,,,Auto,Vehicle Insurance,Allied Solutions IQQ (DecisionLender),,,,Add Ons
SHARED,DecisionLender4,Add On - Vehicle Insurance,Visual Gap by Frost,Frost Visual Gap (DecisionLender),Standard,Visual Gap by Frost,N,4900.0,SHARED-0501,2050.0,SHARED-0503,,,,,,,,,,,,,,,,,,,,,Auto,Vehicle Insurance,Frost Visual Gap (DecisionLender),,,,Add Ons
SHARED,DecisionLender4,Add On - Vehicle Valuation,Black Book,Black Book Motorcycle Values,Per Pull,Black Book Motorcycle Values,N,0.0,TCI-0254,,,0.65,TCI-0067,,,N,,,,,,,,,,,,,,,,Auto,Vehicle Valuation,Black Book Motorcycle Values,,,,Add Ons
SHARED,DecisionLender4,Add On - Vehicle Valuation,JD Power,J.D. Power Motorcycle Values,Per Pull,JD Power Motorcycle Values,N,0.0,SHARED-0106,,,0.65,SHARED-0052,,SHARED-0125,N,,FKA NADA,,,,,,,,,,,,,,Auto,Vehicle Valuation,J.D. Power Motorcycle Values,,,,Add Ons
SHARED,DecisionLender4,Add On - Vehicle Valuation,JD Power,J.D. Power Use Car Values,Per Pull,JD Power Used Car Values,N,0.0,SHARED-0106,,,0.65,SHARED-0052,,SHARED-0125,N,,FKA NADA,,,,,,,,,,,,,,Auto,Vehicle Valuation,J.D. Power Use Car Values,,,,Add Ons
SHARED,DecisionLender4,Add On - Custom Score,Point Predictive,Point Predictive Integration (DecisionLender),Standard,Point Predictive Integration,N,0.0,SHARED-0146,0.0,SHARED-0142,,,,,N,,"Integration encompasses AutoOne Suite which includes Auto Pass, IEValidate, & others",,,,1,Dependent,Indirect or direct module,,,,,,,,Fraud & Verification,Custom Score,Point Predictive Integration (DecisionLender),,,,Add Ons
SHARED,DecisionLender4,Add On - Vehicle Insurance,SWBC,Unity,Standard,SWBC Unity,N,3900.0,SHARED-0359,2000.0,SHARED-0360,,,,,N,,FKA SWBC - added support for SWBC Powerbuy Equity Protection Plan and Maintenance Benefit Agreement,,,,1,Dependent,Must have TCI-0148,,,,,,,,Auto,Vehicle Insurance,Unity,,,,Add Ons
Data Insights & Decisions,Engage,Add On - Data Augmentation,MeridianLink,Engage - Experian Data Augmentation,Per Customer Record,Engage - Experian Data Augmentation,N,2800.0,DATA-0046,0.0,,0.31,DATA-0042,,,N,,,,The Engage - Experian Data Augmentation module is an expansion of your data set through 3rd party data acquisition providing more robust customer attributes within the Engage data models. ,,1 AND (2 OR 3),Dependent ,Need to have Platform & Data Integration Mgmt,Dependent ,Need to have Account Module,Dependent ,Need to have Consumer Lending Module,,,,Not Mapped,Data Augmentation,Engage - Experian Data Augmentation,,,,Add Ons
Data Insights & Decisions,Engage,Add On - Data Augmentation,MeridianLink,Engage - Institution Data Augmentation,Per Customer Record,Engage - Institution Data Augmentation,N,2800.0,DATA-0059,5750.0,DATA-0058,0.21,DATA-0039,,,N,,,,The Engage – Advanced Modeling module is an expansion of your data set through ML and Data Science 3rd party customer propensity scoring within the Engage data models. ,,1 AND (2 OR 3),Dependent ,Need to have Platform & Data Integration Mgmt,Dependent ,Need to have Account Module,Dependent ,Need to have Consumer Lending Module,,,,Not Mapped,Data Augmentation,Engage - Institution Data Augmentation,,,,Add Ons
Data Insights & Decisions,Engage,Add On - Engage Professional Services,MeridianLink,Engage - Professional Services,Hourly,Engage - Professional Services,N,0.0,DATA-0013,,,340.0,DATA-0034,,,Y,,,,Ad Hoc Professional Services or Custom Reporting ,,1 OR 2 OR 3,Dependent ,Need to have Account Module,Dependent ,Need to have Card Module,Dependent ,Need to have Consumer Lending Module,,,,Recurring Consulting Services,Engage Professional Services,Engage - Professional Services,,,,Add Ons
Data Insights & Decisions,Engage,Add On - MeridianLink Consulting,MeridianLink,Engage - Managed Service,Standard,Engage - Managed Service,N,0.0,DATA-0056,22250.0,DATA-0070,,,,,Y,,,,Engage managed services ,,1 OR 2 OR 3,Dependent ,Need to have Account Module,Dependent ,Need to have Card Module,Dependent ,Need to have Consumer Lending Module,,,,Primary Service,MeridianLink Consulting,Engage - Managed Service,,,,Primary Product
Data Insights & Decisions,Engage,Add On - MeridianLink Consulting,MeridianLink,Marketing Pro- Engage,Standard,Marketing Pro- Engage,N,0.0,CSLT-0031,16750.0,CSLT-0032,,,,,Y,,,,,,1,Dependent,Must have Engage Product,,,,,,,,Not Mapped,MeridianLink Consulting,Marketing Pro- Engage,,,,Add Ons
Data Insights & Decisions,Engage,Add On - Tech Enabled Marketing,MeridianLink,Engage Tech Enabled Marketing - Cash Back,Per Piece,Engage Tech Enabled Marketing - Cash Back,N,,,,,1.5,DATA-0075,,,N,,,,,,,,,,,,,,,,Not Mapped,Tech Enabled Marketing,Engage Tech Enabled Marketing - Cash Back,,,,Add Ons
Data Insights & Decisions,Engage,Add On - Tech Enabled Marketing,Locket Creative,Engage Tech Enabled Marketing - Design - LC-1,Hourly,Engage Tech Enabled Marketing - Design - LC-1,N,,,,,275.0,DATA-0074,,,N,,,,,,,,,,,,,,,,Not Mapped,Tech Enabled Marketing,Engage Tech Enabled Marketing - Design - LC-1,,,,Add Ons
Data Insights & Decisions,Engage,Add On - Tech Enabled Marketing,Nicholas Decesare,Engage Tech Enabled Marketing - Design - ND-1,Hourly,Engage Tech Enabled Marketing - Design - ND-1,N,,,,,275.0,DATA-0083,,,N,,,,,,,,,,,,,,,,Not Mapped,Tech Enabled Marketing,Engage Tech Enabled Marketing - Design - ND-1,,,,Add Ons
Data Insights & Decisions,Engage,Add On - Tech Enabled Marketing,Sarah K MironChuck,Engage Tech Enabled Marketing - Design - SKM-1,Hourly,Engage Tech Enabled Marketing - Design - SKM-1,N,,,,,275.0,DATA-0080,,,N,,,,,,,,,,,,,,,,Not Mapped,Tech Enabled Marketing,Engage Tech Enabled Marketing - Design - SKM-1,,,,Add Ons
Data Insights & Decisions,Engage,Add On - Tech Enabled Marketing,ClickRSVP,Engage- Tech Enabled Marketing - Email - CR-1,Per Piece,Engage- Tech Enabled Marketing - Email - CR-1,N,350.0,SHARED-0512,,,0.2,SHARED-0517,,SHARED-0518,N,210.0,Minimum is per campaign,,,,,,,,,,,,,,Not Mapped,Tech Enabled Marketing,Engage- Tech Enabled Marketing - Email - CR-1,,,,Add Ons
Data Insights & Decisions,Engage,Add On - Tech Enabled Marketing,BlackHawk,Engage- Tech Enabled Marketing - Gift Cards Letter - B-1,Per Piece,Engage- Tech Enabled Marketing - Gift Cards Letter - B-1,,0.0,SHARED-0516,,,5.75,SHARED-0502,,,N,,,,,,,,,,,,,,,,Not Mapped,Tech Enabled Marketing,Engage- Tech Enabled Marketing - Gift Cards Letter - B-1,,,,Add Ons
Data Insights & Decisions,Engage,Add On - Tech Enabled Marketing,D3 Logics,Engage- Tech Enabled Marketing- Letter- D1,Per Piece,Engage- Tech Enabled Marketing- Letter- D1,N,0.0,DATA-0118,,,1.75,DATA-0123,,,N,,,,,,,,,,,,,,,,Not Mapped,Tech Enabled Marketing,Engage- Tech Enabled Marketing- Letter- D1,,,,Add Ons
Data Insights & Decisions,Engage,Add On - Tech Enabled Marketing,Gain,Engage- Tech Enabled Marketing- Letter- G1,Per Piece,Engage- Tech Enabled Marketing- Letter- G1,,0.0,SHARED-0513,,,1.75,SHARED-0519,,,N,,,,,,,,,,,,,,,,Not Mapped,Tech Enabled Marketing,Engage- Tech Enabled Marketing- Letter- G1,,,,Add Ons
Data Insights & Decisions,Engage,Add On - Tech Enabled Marketing,D3 Logics,Engage- Tech Enabled Marketing- Postcard- D1,Per Piece,Engage- Tech Enabled Marketing- Postcard- D1,N,0.0,DATA-0119,,,1.35,DATA-0124,,,N,,,,,,,,,,,,,,,,Not Mapped,Tech Enabled Marketing,Engage- Tech Enabled Marketing- Postcard- D1,,,,Add Ons
Data Insights & Decisions,Engage,Add On - Tech Enabled Marketing,Gain,Engage- Tech Enabled Marketing- Postcard- G1,Per Piece,Engage- Tech Enabled Marketing- Postcard- G1,,0.0,SHARED-0514,,,1.35,SHARED-0510,,,N,,,,,,,,,,,,,,,,Not Mapped,Tech Enabled Marketing,Engage- Tech Enabled Marketing- Postcard- G1,,,,Add Ons
Data Insights & Decisions,Engage,Add On - Tech Enabled Marketing,Solutions by Text,Engage- Tech Enabled Marketing- SBT- D1,Per Piece,Engage- Tech Enabled Marketing- SMS- D1,N,,,,,0.2,DATA-0086,,,N,,,,,,,,,,,,,,,,Not Mapped,Tech Enabled Marketing,Engage- Tech Enabled Marketing- SBT- D1,,,,Add Ons
Data Insights & Decisions,Engage,Add On - Tech Enabled Marketing,D3 Logics,Engage- Tech Enabled Marketing- Self Mailer- D1,Per Piece,Engage- Tech Enabled Marketing- Self Mailer- D1,N,0.0,DATA-0120,,,1.65,DATA-0122,,,N,,,,,,,,,,,,,,,,Not Mapped,Tech Enabled Marketing,Engage- Tech Enabled Marketing- Self Mailer- D1,,,,Add Ons
Data Insights & Decisions,Engage,Add On - Tech Enabled Marketing,Gain,Engage- Tech Enabled Marketing- Self Mailer- G1,Per Piece,Engage- Tech Enabled Marketing- Self Mailer- G1,,0.0,SHARED-0515,,,1.65,SHARED-0520,,,N,,,,,,,,,,,,,,,,Not Mapped,Tech Enabled Marketing,Engage- Tech Enabled Marketing- Self Mailer- G1,,,,Add Ons
Data Insights & Decisions,Engage,Add On - Misc,MeridianLink,Engage - Refer-A-Friend Campaign - Tier 1,Standard,Engage - Refer-A-Friend Campaign - Tier 1,N,3760.0,DATA-0149,,,,,,,N,,,,,,,,,,,,,,,,Consumer & Digital Engagement,Misc,Engage - Refer-A-Friend Campaign - Tier 1,,,,Add Ons
Data Insights & Decisions,Engage,Add On - Misc,MeridianLink,Engage - Refer-A-Friend Campaign - Tier 1 Re-Run,Standard,Engage - Refer-A-Friend Campaign - Tier 1 Re-Run,N,2560.0,DATA-0148,,,,,,,N,,,,,,,,,,,,,,,,Consumer & Digital Engagement,Misc,Engage - Refer-A-Friend Campaign - Tier 1 Re-Run,,,,Add Ons
Data Insights & Decisions,Engage,Add On - Misc,MeridianLink,Engage - Refer-A-Friend Campaign - Tier 2,Standard,Engage - Refer-A-Friend Campaign - Tier 2,N,4160.0,DATA-0147,,,,,,,N,,,,,,,,,,,,,,,,Consumer & Digital Engagement,Misc,Engage - Refer-A-Friend Campaign - Tier 2,,,,Add Ons
Data Insights & Decisions,Engage,Add On - Misc,MeridianLink,Engage - Refer-A-Friend Campaign - Tier 2 Re-run,Standard,Engage - Refer-A-Friend Campaign - Tier 2 Re-run,N,3200.0,DATA-0146,,,,,,,N,,,,,,,,,,,,,,,,Consumer & Digital Engagement,Misc,Engage - Refer-A-Friend Campaign - Tier 2 Re-run,,,,Add Ons
Data Insights & Decisions,Engage,Add On - Misc,MeridianLink,Engage - Refer-A-Friend Campaign - Tier 3,Standard,Engage - Refer-A-Friend Campaign - Tier 3,N,-1234.0,DATA-0145,,,,,,,N,,,,,,,,,,,,,,,,Consumer & Digital Engagement,Misc,Engage - Refer-A-Friend Campaign - Tier 3,,,,Add Ons
Data Insights & Decisions,Engage,Add On - Misc,MeridianLink,Engage - Refer-A-Friend Campaign - Tier 3 Re-run,Standard,Engage - Refer-A-Friend Campaign - Tier 3 Re-run,N,-1234.0,DATA-0144,,,,,,,N,,,,,,,,,,,,,,,,Consumer & Digital Engagement,Misc,Engage - Refer-A-Friend Campaign - Tier 3 Re-run,,,,Add Ons
Data Insights & Decisions,Engage,Add On - Trigger File,MeridianLink,Engage - Trigger Files,Bill Monthly,Engage - Trigger Files,N,4200.0,DATA-0054,20250.0,DATA-0057,51.45,DATA-0053,,,Y,,"$1500 per month minimum  for 6 months, Additional $1,250.00 for each trigger type (Mortgage, Vehicle, Credit Card)",,Engage 3rd party integration for prospect & retention triggers,,1 AND (2 OR 3),Dependent ,Need to have Platform & Data Integration Mgmt,Dependent ,Need to have Account Module,Dependent ,Need to have Consumer Lending Module,,,X,Not Mapped,Trigger File,Engage - Trigger Files,,,,Add Ons
Data Insights & Decisions,Engage,Primary Service,MeridianLink,Engage Platform Tier 1 (>$1B AUM),Standard,Engage Platform,N,17750.0,DATA-0020,55750.0,DATA-0012,,,,,N,,Includes one data integration,,"Using advanced modeling, segmentation, and business logic, MeridianLink® Engage analyzes various data points—including core, payment, credit, application, and third-party—to help you better understand your consumers and provide timely solutions tailored to people’s unique needs. Integrated with MeridianLink®Consumer, Opening, Insight, and Portal products to build, execute, and report on targeted marketing campaigns designed to drive revenue and maximize consumer relationships.",,1 OR 2 OR 3,Dependent ,Need to have Account Module,Dependent ,Need to have Card Module,Dependent ,Need to have Consumer Lending Module,,,,Primary Service,,Engage Platform (AUM),Tier 1,1000000000.0,99000000000.0,Primary Product
Data Insights & Decisions,Engage,Primary Service,MeridianLink,Engage Platform Tier 2 ($500M-$1B AUM),Standard,Engage Platform,N,15750.0,DATA-0020,44500.0,DATA-0012,,,,,N,,Includes one data integration,,"Using advanced modeling, segmentation, and business logic, MeridianLink® Engage analyzes various data points—including core, payment, credit, application, and third-party—to help you better understand your consumers and provide timely solutions tailored to people’s unique needs. Integrated with MeridianLink®Consumer, Opening, Insight, and Portal products to build, execute, and report on targeted marketing campaigns designed to drive revenue and maximize consumer relationships.",,1 OR 2 OR 3,Dependent ,Need to have Account Module,Dependent ,Need to have Card Module,Dependent ,Need to have Consumer Lending Module,,,,Primary Service,,Engage Platform (AUM),Tier 2,500000000.0,999999999.0,Primary Product
Data Insights & Decisions,Engage,Primary Service,MeridianLink,Engage Platform Tier 3 ($250M-$500M AUM),Standard,Engage Platform,N,14500.0,DATA-0020,31250.0,DATA-0012,,,,,N,,Includes one data integration,,"Using advanced modeling, segmentation, and business logic, MeridianLink® Engage analyzes various data points—including core, payment, credit, application, and third-party—to help you better understand your consumers and provide timely solutions tailored to people’s unique needs. Integrated with MeridianLink®Consumer, Opening, Insight, and Portal products to build, execute, and report on targeted marketing campaigns designed to drive revenue and maximize consumer relationships.",,1 OR 2 OR 3,Dependent ,Need to have Account Module,Dependent ,Need to have Card Module,Dependent ,Need to have Consumer Lending Module,,,,Primary Service,,Engage Platform (AUM),Tier 3,250000000.0,49999999.0,Primary Product
Data Insights & Decisions,Engage,Primary Service,MeridianLink,Engage Platform Tier 4 (<$250M AUM),Standard,Engage Platform,N,13500.0,DATA-0020,22250.0,DATA-0012,,,,,N,,Includes one data integration,,"Using advanced modeling, segmentation, and business logic, MeridianLink® Engage analyzes various data points—including core, payment, credit, application, and third-party—to help you better understand your consumers and provide timely solutions tailored to people’s unique needs. Integrated with MeridianLink®Consumer, Opening, Insight, and Portal products to build, execute, and report on targeted marketing campaigns designed to drive revenue and maximize consumer relationships.",,1 OR 2 OR 3,Dependent ,Need to have Account Module,Dependent ,Need to have Card Module,Dependent ,Need to have Consumer Lending Module,,,,Primary Service,,Engage Platform (AUM),Tier 4,0.0,24999999.0,Primary Product
Data Insights & Decisions,Engage,Add - On Consumer Opening,MeridianLink,Share of Wallet - ML Engage ,Standard,Share of Wallet - ML Engage ,N,6750.0,SHARED-0444,6672.0,SHARED-0450,,,,,N,,Includes 2 Power Users and 10 Standard Users,,,,1,Dependent ,Must have ML Consumer/Opening - Consumer Module,,,,,,,,Not Mapped,Consumer Opening,Share of Wallet - ML Engage ,,,,Add Ons
Data Insights & Decisions,Engage,Add - On Consumer Opening,MeridianLink,Share of Wallet - ML Flagship,Standard,Share of Wallet - ML Flagship,N,8250.0,SHARED-0442,18456.0,SHARED-0449,,,,,N,,Includes 2 Power Users and 10 Standard Users,,,,1,Dependent ,Must have ML Consumer/Opening - Consumer Module,,,,,,,,Not Mapped,Consumer Opening,Share of Wallet - ML Flagship,,,,Add Ons
Data Insights & Decisions,Engage,Add - On Consumer Opening,MeridianLink,Share of Wallet - ML Insight ,Standard,Share of Wallet - ML Insight ,N,2050.0,SHARED-0443,15288.0,SHARED-0446,,,,,N,,Includes 2 Power Users and 10 Standard Users,,,,1,Dependent ,Must have ML Consumer/Opening - Consumer Module,,,,,,,,Not Mapped,Consumer Opening,Share of Wallet - ML Insight ,,,,Add Ons
Data Insights & Decisions,Explore,Add On - Explore Data Services,MeridianLink,Explore - CO-OP Revelation Data Services,Hourly,Explore - CO-OP Revelation Data Services,N,0.0,DATA-0011,,,160.0,DATA-0028,,,Y,,,,Ad Hoc Professional Services or Custom Reporting ,,1,Dependent ,Need to have Explore @ any Level,,,,,,,,Not Mapped,Explore Data Services,Explore - CO-OP Revelation Data Services,,,,Add Ons
Data Insights & Decisions,Explore,Add On - Explore Tech Enabled Marketing,Locket Creative,Explore Tech Enabled Marketing - Design - LC-1,Hourly,Engage Tech Enabled Marketing - Design - LC-1,N,,,,,275.0,DATA-0078,,,,,,,,,,,,,,,,,,,Not Mapped,Explore Tech Enabled Marketing,Explore Tech Enabled Marketing - Design - LC-1,,,,Add Ons
Data Insights & Decisions,Explore,Add On - Explore Tech Enabled Marketing,Nicholas Decesare,Explore Tech Enabled Marketing - Design - ND-1,Hourly,Engage Tech Enabled Marketing - Design - ND-1,N,,,,,275.0,DATA-0093,,,,,,,,,,,,,,,,,,,Not Mapped,Explore Tech Enabled Marketing,Explore Tech Enabled Marketing - Design - ND-1,,,,Add Ons
Data Insights & Decisions,Explore,Add On - Explore Tech Enabled Marketing,Sarah K MironChuck,Explore Tech Enabled Marketing - Design - SKM-1,Hourly,Engage Tech Enabled Marketing - Design - SKM-1,N,,,,,275.0,DATA-0091,,,,,,,,,,,,,,,,,,,Not Mapped,Explore Tech Enabled Marketing,Explore Tech Enabled Marketing - Design - SKM-1,,,,Add Ons
Data Insights & Decisions,Explore,Add On - Explore Tech Enabled Marketing,ClickRSVP,Explore- Tech Enabled Marketing - Email - CR-1,Per Piece,Explore- Tech Enabled Marketing - Email - CR-1,N,350.0,SHARED-0512,,,0.2,SHARED-0517,,,N,210.0,,,,,,,,,,,,,,,Not Mapped,Explore Tech Enabled Marketing,Explore- Tech Enabled Marketing - Email - CR-1,,,,Add Ons
Data Insights & Decisions,Explore,Add On - Explore Tech Enabled Marketing,BlackHawk,Explore Tech Enabled Marketing - Gift Cards - B-1,Per Piece,Explore Tech Enabled Marketing - Gift Cards - B-1,N,0.0,SHARED-0516,,,5.75,SHARED-0502,,,N,,,,,,,,,,,,,,,,Not Mapped,Explore Tech Enabled Marketing,Explore Tech Enabled Marketing - Gift Cards - B-1,,,,Add Ons
Data Insights & Decisions,Explore,Add On - Explore Tech Enabled Marketing,D3 Logics,Explore Tech Enabled Marketing - Letter- D-1,Per Piece,Explore Tech Enabled Marketing - Letter- D-1,N,0.0,DATA-0116,,,1.75,DATA-0098,,,N,,,,,,,,,,,,,,,,Not Mapped,Explore Tech Enabled Marketing,Explore Tech Enabled Marketing - Letter- D-1,,,,Add Ons
Data Insights & Decisions,Explore,Add On - Explore Tech Enabled Marketing,D3 Logics,Explore Tech Enabled Marketing - Postcard- D-1,Per Piece,Explore Tech Enabled Marketing - Postcard- D-1,N,0.0,DATA-0103,,,1.35,DATA-0102,,,N,,,,,,,,,,,,,,,,Not Mapped,Explore Tech Enabled Marketing,Explore Tech Enabled Marketing - Postcard- D-1,,,,Add Ons
Data Insights & Decisions,Explore,Add On - Explore Tech Enabled Marketing,Solutions by Text,Explore Tech Enabled Marketing - SBT- D-1,Per Piece,Explore Tech Enabled Marketing - SMS- D-1,N,0.0,DATA-0114,,,0.2,DATA-0101,,,N,,,,,,,,,,,,,,,,Not Mapped,Explore Tech Enabled Marketing,Explore Tech Enabled Marketing - SBT- D-1,,,,Add Ons
Data Insights & Decisions,Explore,Add On - Explore Tech Enabled Marketing,D3 Logics,Explore Tech Enabled Marketing - Self-Mailer- D-1,Per Piece,Explore Tech Enabled Marketing - Self-Mailer- D-1,N,0.0,DATA-0112,,,1.65,DATA-0110,,,N,,,,,,,,,,,,,,,,Not Mapped,Explore Tech Enabled Marketing,Explore Tech Enabled Marketing - Self-Mailer- D-1,,,,Add Ons
Data Insights & Decisions,Explore,Add On - Explore Tech Enabled Marketing,Gain,Explore- Tech Enabled Marketing- Letter- G1,Per Piece,Explore- Tech Enabled Marketing- Letter- G1,N,0.0,SHARED-0513,,,1.75,SHARED-0519,,,N,,,,,,,,,,,,,,,,Not Mapped,Explore Tech Enabled Marketing,Explore- Tech Enabled Marketing- Letter- G1,,,,Add Ons
Data Insights & Decisions,Explore,Add On - Explore Tech Enabled Marketing,Gain,Explore- Tech Enabled Marketing- Postcard- G1,Per Piece,Explore- Tech Enabled Marketing- Postcard- G1,N,0.0,SHARED-0514,,,1.35,SHARED-0510,,,N,,,,,,,,,,,,,,,,Not Mapped,Explore Tech Enabled Marketing,Explore- Tech Enabled Marketing- Postcard- G1,,,,Add Ons
Data Insights & Decisions,Explore,Add On - Explore Tech Enabled Marketing,Gain,Explore- Tech Enabled Marketing- Self Mailer- G1,Per Piece,Explore- Tech Enabled Marketing- Self Mailer- G1,N,0.0,SHARED-0515,,,1.65,SHARED-0520,,,N,,,,,,,,,,,,,,,,Not Mapped,Explore Tech Enabled Marketing,Explore- Tech Enabled Marketing- Self Mailer- G1,,,,Add Ons
Data Insights & Decisions,Explore,Add On - New ETL,MeridianLink,Explore - CO-OP Revelation New ETL,Standard,Explore - CO-OP Revelation New ETL,N,26250.0,DATA-0106,,,,,,,N,,,,New ETL Development for stanrad files,,,,,,,,,,,,Primary Service,New ETL,Explore - CO-OP Revelation New ETL,,,,Primary Product
Data Insights & Decisions,Explore,Primary Service,MeridianLink,Explore - CO-OP Revelation Level 1 Tier 1: >2.5M TXN,Standard,Explore -  Revelation,N,0.0,DATA-0096,2000.0,DATA-0107,,,,,N,,,,"CO-OP hosted soltuion of Explore (Revelation) for debit, credit and prepaid card analytics",,,,,,,,,,,,Primary Service,,Explore - CO-OP Revelation Level 1 ,Tier 1,25000000.0,0.0,Primary Product
Data Insights & Decisions,Explore,Primary Service,MeridianLink,Explore - CO-OP Revelation Level 1 Tier 2: 1M-2.5M TXN,Standard,Explore -  Revelation,N,0.0,DATA-0096,1675.0,DATA-0107,,,,,N,,,,"CO-OP hosted soltuion of Explore (Revelation) for debit, credit and prepaid card analytics",,,,,,,,,,,,Primary Service,,Explore - CO-OP Revelation Level 1 ,Tier 2,1000000.0,25000000.0,Primary Product
Data Insights & Decisions,Explore,Primary Service,MeridianLink,Explore - CO-OP Revelation Level 1 Tier 3: 500K-1M TXN,Standard,Explore -  Revelation,N,0.0,DATA-0096,1325.0,DATA-0107,,,,,N,,,,"CO-OP hosted soltuion of Explore (Revelation) for debit, credit and prepaid card analytics",,,,,,,,,,,,Primary Service,,Explore - CO-OP Revelation Level 1 ,Tier 3,500000.0,1000000.0,Primary Product
Data Insights & Decisions,Explore,Primary Service,MeridianLink,Explore - CO-OP Revelation Level 1 Tier 4: 150K-500K TXN,Standard,Explore -  Revelation,N,0.0,DATA-0096,1000.0,DATA-0107,,,,,N,,,,"CO-OP hosted soltuion of Explore (Revelation) for debit, credit and prepaid card analytics",,,,,,,,,,,,Primary Service,,Explore - CO-OP Revelation Level 1 ,Tier 4,150000.0,500000.0,Primary Product
Data Insights & Decisions,Explore,Primary Service,MeridianLink,Explore - CO-OP Revelation Level 1 Tier 5: 50K-150K TXN,Standard,Explore -  Revelation,N,0.0,DATA-0096,675.0,DATA-0107,,,,,N,,,,"CO-OP hosted soltuion of Explore (Revelation) for debit, credit and prepaid card analytics",,,,,,,,,,,,Primary Service,,Explore - CO-OP Revelation Level 1 ,Tier 5,50000.0,150000.0,Primary Product
Data Insights & Decisions,Explore,Primary Service,MeridianLink,Explore - CO-OP Revelation Level 1 Tier 6: 0-50K TXN,Standard,Explore -  Revelation,N,0.0,DATA-0096,675.0,DATA-0107,,,,,N,,,,"CO-OP hosted soltuion of Explore (Revelation) for debit, credit and prepaid card analytics",,,,,,,,,,,,Primary Service,,Explore - CO-OP Revelation Level 1 ,Tier 6,0.0,50000.0,Primary Product
Data Insights & Decisions,Explore,Primary Service,MeridianLink,Explore - CO-OP Revelation Level 2 Tier 1: >2.5M TXN,Standard,Explore -  Revelation,N,0.0,DATA-0096,7500.0,DATA-0107,,,,,N,,,,"CO-OP hosted soltuion of Explore (Revelation) for debit, credit and prepaid card analytics",,,,,,,,,,,,Primary Service,,Explore - CO-OP Revelation Level 2 ,Tier 1,25000000.0,0.0,Primary Product
Data Insights & Decisions,Explore,Primary Service,MeridianLink,Explore - CO-OP Revelation Level 2 Tier 2: 1M-2.5M TXN,Standard,Explore -  Revelation,N,0.0,DATA-0096,6500.0,DATA-0107,,,,,N,,,,"CO-OP hosted soltuion of Explore (Revelation) for debit, credit and prepaid card analytics",,,,,,,,,,,,Primary Service,,Explore - CO-OP Revelation Level 2 ,Tier 2,1000000.0,25000000.0,Primary Product
Data Insights & Decisions,Explore,Primary Service,MeridianLink,Explore - CO-OP Revelation Level 2 Tier 3: 500K-1M TXN,Standard,Explore -  Revelation,N,0.0,DATA-0096,5750.0,DATA-0107,,,,,N,,,,"CO-OP hosted soltuion of Explore (Revelation) for debit, credit and prepaid card analytics",,,,,,,,,,,,Primary Service,,Explore - CO-OP Revelation Level 2 ,Tier 3,500000.0,1000000.0,Primary Product
Data Insights & Decisions,Explore,Primary Service,MeridianLink,Explore - CO-OP Revelation Level 2 Tier 4: 150K-500K TXN,Standard,Explore -  Revelation,N,0.0,DATA-0096,4700.0,DATA-0107,,,,,N,,,,"CO-OP hosted soltuion of Explore (Revelation) for debit, credit and prepaid card analytics",,,,,,,,,,,,Primary Service,,Explore - CO-OP Revelation Level 2 ,Tier 4,150000.0,500000.0,Primary Product
Data Insights & Decisions,Explore,Primary Service,MeridianLink,Explore - CO-OP Revelation Level 2 Tier 5: 50K-150K TXN,Standard,Explore -  Revelation,N,0.0,DATA-0096,2500.0,DATA-0107,,,,,N,,,,"CO-OP hosted soltuion of Explore (Revelation) for debit, credit and prepaid card analytics",,,,,,,,,,,,Primary Service,,Explore - CO-OP Revelation Level 2 ,Tier 5,50000.0,150000.0,Primary Product
Data Insights & Decisions,Explore,Primary Service,MeridianLink,Explore - CO-OP Revelation Level 2 Tier 6: 0-50K TXN,Standard,Explore -  Revelation,N,0.0,DATA-0096,1200.0,DATA-0107,,,,,N,,,,"CO-OP hosted soltuion of Explore (Revelation) for debit, credit and prepaid card analytics",,,,,,,,,,,,Primary Service,,Explore - CO-OP Revelation Level 2 ,Tier 6,0.0,50000.0,Primary Product
Data Insights & Decisions,Explore,Primary Service,MeridianLink,Explore - CO-OP Revelation Level 3 Tier 1: >2.5M TXN,Standard,Explore -  Revelation,N,0.0,DATA-0096,22500.0,DATA-0107,,,,,N,,,,"CO-OP hosted soltuion of Explore (Revelation) for debit, credit and prepaid card analytics",,,,,,,,,,,,Primary Service,,Explore - CO-OP Revelation Level 3 ,Tier 1,25000000.0,0.0,Primary Product
Data Insights & Decisions,Explore,Primary Service,MeridianLink,Explore - CO-OP Revelation Level 3 Tier 2: 1M-2.5M TXN,Standard,Explore -  Revelation,N,0.0,DATA-0096,16750.0,DATA-0107,,,,,N,,,,"CO-OP hosted soltuion of Explore (Revelation) for debit, credit and prepaid card analytics",,,,,,,,,,,,Primary Service,,Explore - CO-OP Revelation Level 3 ,Tier 2,1000000.0,25000000.0,Primary Product
Data Insights & Decisions,Explore,Primary Service,MeridianLink,Explore - CO-OP Revelation Level 3 Tier 3: 500K-1M TXN,Standard,Explore -  Revelation,N,0.0,DATA-0096,12750.0,DATA-0107,,,,,N,,,,"CO-OP hosted soltuion of Explore (Revelation) for debit, credit and prepaid card analytics",,,,,,,,,,,,Primary Service,,Explore - CO-OP Revelation Level 3 ,Tier 3,500000.0,1000000.0,Primary Product
Data Insights & Decisions,Explore,Primary Service,MeridianLink,Explore - CO-OP Revelation Level 3 Tier 4: 150K-500K TXN,Standard,Explore -  Revelation,N,0.0,DATA-0096,9500.0,DATA-0107,,,,,N,,,,"CO-OP hosted soltuion of Explore (Revelation) for debit, credit and prepaid card analytics",,,,,,,,,,,,Primary Service,,Explore - CO-OP Revelation Level 3 ,Tier 4,150000.0,500000.0,Primary Product
Data Insights & Decisions,Explore,Primary Service,MeridianLink,Explore - CO-OP Revelation Level 3 Tier 5: 50K-150K TXN,Standard,Explore -  Revelation,N,0.0,DATA-0096,5500.0,DATA-0107,,,,,N,,,,"CO-OP hosted soltuion of Explore (Revelation) for debit, credit and prepaid card analytics",,,,,,,,,,,,Primary Service,,Explore - CO-OP Revelation Level 3 ,Tier 5,50000.0,150000.0,Primary Product
Data Insights & Decisions,Explore,Primary Service,MeridianLink,Explore - CO-OP Revelation Level 3 Tier 6: 0-50K TXN,Standard,Explore -  Revelation,N,0.0,DATA-0096,3000.0,DATA-0107,,,,,N,,,,"CO-OP hosted soltuion of Explore (Revelation) for debit, credit and prepaid card analytics",,,,,,,,,,,,Primary Service,,Explore - CO-OP Revelation Level 3 ,Tier 6,0.0,50000.0,Primary Product
Verification Data Access,LDAP,Add On - Fees,MeridianLink,Freddie Mac Setup,Standard,Freddie Mac Setup,N,1050.0,CRED-0246,,,,,,,N,,,,,,,,,,,,,,,,Fraud & Verification,Fees,Freddie Mac Setup,,,,Add Ons
Verification Data Access,LDAP,Add On - Fees,MeridianLink,LDAP Admin Fee,Usage,LDAP Admin Fee,N,0.0,CRED-0374,,,2.5,CRED-0115,,,N,,"This is $2.50 per file per month if the file is reissued at least once in a month. MeridianLink keeps
this for administering the LDAP program.",Per file per month,,,,,,,,,,,,,Fraud & Verification,Fees,LDAP Admin Fee,,,,Add Ons
Verification Data Access,LDAP,Add On - Fees,MeridianLink,LDAP Secondary Use Fee,Usage,LDAP Secondary Use Fee,N,0.0,CRED-0375,,,12.0,CRED-0245,,,N,,"We calculate this per borrower, so a joint file incurs this cost twice. We pass this along to CRA's
since the bureaus charge them for secondary use. Secondary use billing/reporting is triggered
whenever a customer reissues a file they wouldn't normally have access to using SREISSUE or
OREISSUE for the first time. Note that there is a 3 month lookback period for LDAP billing, even
though in theory the lookback should be for all time. ",Per individual,,,,,,,,,,,,,Fraud & Verification,Fees,LDAP Secondary Use Fee,,,,Add Ons
Verification Data Access,LDAP,Add On - Fees,MeridianLink,LDAP Technology Fee,Usage,LDAP Technology Fee,N,0.0,CRED-0376,,,3.5,CRED-0112,,,N,,"This is $3.50 per Fannie/Freddie reissue. We will also charge $3.50 once for a file if there are no
Fannie/Freddie reissues, but the lender reissued the file at least once. We pass this along to
CRA's since we charge them a fee for a Fannie/Freddie reissue in their system. ",Per reissue,,,,,,,,,,,,,Fraud & Verification,Fees,LDAP Technology Fee,,,,Add Ons
Verification Data Access,LDAP,Primary Service,MeridianLink,LDAP Setup,Standard,LDAP Setup,N,3700.0,CRED-0074,,,,,,,N,,Includes LOS & Fannie Mae,Includes LOS and Fannie Mae,,,,,,,,,,,,,Primary Service,,LDAP Setup,,,,Primary Product
Origination - Consumer,MeridianLink Collect,Primary Service,MeridianLink,MeridianLink Collect Tier 1 (>=$10B AUM) Billed Monthly,Delinquency Size,MeridianLink Collect Platform Fee - Billed Monthly,N,58500.0,COLL-0003,100704.0,COLL-0004,,,,,N,,**Annual Fee Billed Monthly,,,,,,,,,,,,,,Primary Service,,MeridianLink Collect Tier 1 (>=$10B AUM) Billed Monthly,Tier 1,10000000000.0,0.0,Primary Product
Origination - Consumer,MeridianLink Collect,Primary Service,MeridianLink,MeridianLink Collect Tier 1 (>=$10B AUM) Billed Annually,Delinquency Size,MeridianLink Collect Platform Fee - Billed Annually,N,58500.0,COLL-0003,100750.0,COLL-0002,,,,,N,,**Annual Fee Billed Annually,,,,,,,,,,,,,,Primary Service,,MeridianLink Collect Tier 1 (>=$10B AUM) Billed Annually,Tier 1,10000000000.0,0.0,Primary Product
Origination - Consumer,MeridianLink Collect,Primary Service,MeridianLink,MeridianLink Collect Tier 2 (>=$1B & <$10B AUM) Level 1  (>=$4M in 60+ Consumer Delinquencies) Billed Monthly,Delinquency Size,MeridianLink Collect Platform Fee - Billed Monthly,N,42500.0,COLL-0003,79500.0,COLL-0004,,,,,N,,**Annual Fee Billed Monthly **60+ $ delq average is over the last 4 quarters,,,,,,,,,,,,,,Primary Service,,MeridianLink Collect Level 1  (>=$4M in 60+ Consumer Delinquencies) Billed Monthly,Tier 2,1000000000.0,9999999999.0,Primary Product
Origination - Consumer,MeridianLink Collect,Primary Service,MeridianLink,MeridianLink Collect Tier 2 (>=$1B & <$10B AUM) Level 1  (>=$4M in 60+ Consumer Delinquencies) Billed Annually,Delinquency Size,MeridianLink Collect Platform Fee - Billed Annually,N,42500.0,COLL-0003,79500.0,COLL-0002,,,,,N,,**Annual Fee Billed Annually **60+ $ delq average is over the last 4 quarters,,,,,,,,,,,,,,Primary Service,,MeridianLink Collect Level 1  (>=$4M in 60+ Consumer Delinquencies) Billed Annually,Tier 2,1000000000.0,9999999999.0,Primary Product
Origination - Consumer,MeridianLink Collect,Primary Service,MeridianLink,MeridianLink Collect Tier 2 (>=$1B & <$10B AUM) Level 2  (>=$3M & <$4M in 60+ Consumer Delinquencies) Billed Monthly,Delinquency Size,MeridianLink Collect Platform Fee - Billed Monthly,N,34500.0,COLL-0003,68688.0,COLL-0004,,,,,N,,**Annual Fee Billed Monthly **60+ $ delq average is over the last 4 quarters,,,,,,,,,,,,,,Primary Service,,MeridianLink Collect Level 2  (>=$3M & <$4M in 60+ Consumer Delinquencies) Billed Monthly,Tier 2,1000000000.0,9999999999.0,Primary Product
Origination - Consumer,MeridianLink Collect,Primary Service,MeridianLink,MeridianLink Collect Tier 2 (>=$1B & <$10B AUM) Level 2  (>=$3M & <$4M in 60+ Consumer Delinquencies) Billed Annually,Delinquency Size,MeridianLink Collect Platform Fee - Billed Annually,N,34500.0,COLL-0003,68750.0,COLL-0002,,,,,N,,**Annual Fee Billed Annually **60+ $ delq average is over the last 4 quarters,,,,,,,,,,,,,,Primary Service,,MeridianLink Collect Level 2  (>=$3M & <$4M in 60+ Consumer Delinquencies) Billed Annually,Tier 2,1000000000.0,9999999999.0,Primary Product
Origination - Consumer,MeridianLink Collect,Primary Service,MeridianLink,MeridianLink Collect Tier 2 (>=$1B & <$10B AUM) Level 3  (<$3M in 60+ Consumer Delinquencies) Billed Monthly,Delinquency Size,MeridianLink Collect Platform Fee - Billed Monthly,N,31250.0,COLL-0003,62328.0,COLL-0004,,,,,N,,**Annual Fee Billed Monthly **60+ $ delq average is over the last 4 quarters,,,,,,,,,,,,,,Primary Service,,MeridianLink Collect Level 3  (<$3M in 60+ Consumer Delinquencies) Billed Monthly,Tier 2,1000000000.0,9999999999.0,Primary Product
Origination - Consumer,MeridianLink Collect,Primary Service,MeridianLink,MeridianLink Collect Tier 2 (>=$1B & <$10B AUM) Level 3  (<$3M in 60+ Consumer Delinquencies) Billed Annually,Delinquency Size,MeridianLink Collect Platform Fee - Billed Annually,N,31250.0,COLL-0003,62500.0,COLL-0002,,,,,N,,**Annual Fee Billed Annually **60+ $ delq average is over the last 4 quarters,,,,,,,,,,,,,,Primary Service,,MeridianLink Collect Level 3  (<$3M in 60+ Consumer Delinquencies) Billed Annually,Tier 2,1000000000.0,9999999999.0,Primary Product
Origination - Consumer,MeridianLink Collect,Primary Service,MeridianLink,MeridianLink Collect Tier 3 (>=$500M & <$1B AUM) Level 1  (>=$3M in 60+ Consumer Delinquencies) Billed Monthly,Delinquency Size,MeridianLink Collect Platform Fee - Billed Monthly,N,31250.0,COLL-0003,62328.0,COLL-0004,,,,,N,,**Annual Fee Billed Monthly **60+ $ delq average is over the last 4 quarters,,,,,,,,,,,,,,Primary Service,,MeridianLink Collect Level 1  (>=$3M in 60+ Consumer Delinquencies) Billed Monthly,Tier 3,500000.0,999999999.0,Primary Product
Origination - Consumer,MeridianLink Collect,Primary Service,MeridianLink,MeridianLink Collect Tier 3 (>=$500M & <$1B AUM) Level 1  (>=$3M in 60+ Consumer Delinquencies) Billed Annually,Delinquency Size,MeridianLink Collect Platform Fee - Billed Annually,N,31250.0,COLL-0003,62500.0,COLL-0002,,,,,N,,**Annual Fee Billed Annually **60+ $ delq average is over the last 4 quarters,,,,,,,,,,,,,,Primary Service,,MeridianLink Collect Level 1  (>=$3M in 60+ Consumer Delinquencies) Billed Annually,Tier 3,500000.0,999999999.0,Primary Product
Origination - Consumer,MeridianLink Collect,Primary Service,MeridianLink,MeridianLink Collect Tier 3 (>=$500M & <$1B AUM) Level 2  (>=$2M & <$3M in 60+ Consumer Delinquencies) Billed Monthly,Delinquency Size,MeridianLink Collect Platform Fee - Billed Monthly,N,24000.0,COLL-0003,50088.0,COLL-0004,,,,,N,,**Annual Fee Billed Monthly **60+ $ delq average is over the last 4 quarters,,,,,,,,,,,,,,Primary Service,,MeridianLink Collect Level 2  (>=$2M & <$3M in 60+ Consumer Delinquencies) Billed Monthly,Tier 3,500000.0,999999999.0,Primary Product
Origination - Consumer,MeridianLink Collect,Primary Service,MeridianLink,MeridianLink Collect Tier 3 (>=$500M & <$1B AUM) Level 2  (>=$2M & <$3M in 60+ Consumer Delinquencies) Billed Annually,Delinquency Size,MeridianLink Collect Platform Fee - Billed Annually,N,24000.0,COLL-0003,50250.0,COLL-0002,,,,,N,,**Annual Fee Billed Annually **60+ $ delq average is over the last 4 quarters,,,,,,,,,,,,,,Primary Service,,MeridianLink Collect Level 2  (>=$2M & <$3M in 60+ Consumer Delinquencies) Billed Annually,Tier 3,500000.0,999999999.0,Primary Product
Origination - Consumer,MeridianLink Collect,Primary Service,MeridianLink,MeridianLink Collect Tier 3 (>=$500M & <$1B AUM) Level 3  (<$2M in 60+ Consumer Delinquencies) Billed Monthly,Delinquency Size,MeridianLink Collect Platform Fee - Billed Monthly,N,16750.0,COLL-0003,37848.0,COLL-0004,,,,,N,,**Annual Fee Billed Monthly **60+ $ delq average is over the last 4 quarters,,,,,,,,,,,,,,Primary Service,,MeridianLink Collect Level 3  (<$2M in 60+ Consumer Delinquencies) Billed Monthly,Tier 3,500000.0,999999999.0,Primary Product
Origination - Consumer,MeridianLink Collect,Primary Service,MeridianLink,MeridianLink Collect Tier 3 (>=$500M & <$1B AUM) Level 3  (<$2M in 60+ Consumer Delinquencies) Billed Annually,Delinquency Size,MeridianLink Collect Platform Fee - Billed Annually,N,16750.0,COLL-0003,38000.0,COLL-0002,,,,,N,,**Annual Fee Billed Annually **60+ $ delq average is over the last 4 quarters,,,,,,,,,,,,,,Primary Service,,MeridianLink Collect Level 3  (<$2M in 60+ Consumer Delinquencies) Billed Annually,Tier 3,500000.0,999999999.0,Primary Product
Origination - Consumer,MeridianLink Collect,Primary Service,MeridianLink,MeridianLink Collect Tier 4 (<$500M AUM) Level 1  (>=$2M in 60+ Consumer Delinquencies) Billed Monthly,Delinquency Size,MeridianLink Collect Platform Fee - Billed Monthly,N,16750.0,COLL-0003,37848.0,COLL-0004,,,,,N,,**Annual Fee Billed Monthly **60+ $ delq average is over the last 4 quarters,,,,,,,,,,,,,,Primary Service,,MeridianLink Collect Level 1  (>=$2M in 60+ Consumer Delinquencies) Billed Monthly,Tier 4,0.0,499999.0,Primary Product
Origination - Consumer,MeridianLink Collect,Primary Service,MeridianLink,MeridianLink Collect Tier 4 (<$500M AUM) Level 1  (>=$2M in 60+ Consumer Delinquencies) Billed Annually,Delinquency Size,MeridianLink Collect Platform Fee - Billed Annually,N,16750.0,COLL-0003,38000.0,COLL-0002,,,,,N,,**Annual Fee Billed Annually **60+ $ delq average is over the last 4 quarters,,,,,,,,,,,,,,Primary Service,,MeridianLink Collect Level 1  (>=$2M in 60+ Consumer Delinquencies) Billed Annually,Tier 4,0.0,499999.0,Primary Product
Origination - Consumer,MeridianLink Collect,Primary Service,MeridianLink,MeridianLink Collect Tier 4 (<$500M AUM) Level 2  (>=$1M & <$2M in 60+ Consumer Delinquencies) Billed Monthly,Delinquency Size,MeridianLink Collect Platform Fee - Billed Monthly,N,11250.0,COLL-0003,22260.0,COLL-0004,,,,,N,,**Annual Fee Billed Monthly **60+ $ delq average is over the last 4 quarters,,,,,,,,,,,,,,Primary Service,,MeridianLink Collect Level 2  (>=$1M & <$2M in 60+ Consumer Delinquencies) Billed Monthly,Tier 4,0.0,499999.0,Primary Product
Origination - Consumer,MeridianLink Collect,Primary Service,MeridianLink,MeridianLink Collect Tier 4 (<$500M AUM) Level 2  (>=$1M & <$2M in 60+ Consumer Delinquencies) Billed Annually,Delinquency Size,MeridianLink Collect Platform Fee - Billed Annually,N,11250.0,COLL-0003,22500.0,COLL-0002,,,,,N,,**Annual Fee Billed Annually **60+ $ delq average is over the last 4 quarters,,,,,,,,,,,,,,Primary Service,,MeridianLink Collect Level 2  (>=$1M & <$2M in 60+ Consumer Delinquencies) Billed Annually,Tier 4,0.0,499999.0,Primary Product
Origination - Consumer,MeridianLink Collect,Primary Service,MeridianLink,MeridianLink Collect Tier 4 (<$500M AUM) Level 3  (<$1M in 60+ Consumer Delinquencies) Billed Monthly,Delinquency Size,MeridianLink Collect Platform Fee - Billed Monthly,N,6750.0,COLL-0003,16704.0,COLL-0004,,,,,N,,**Annual Fee Billed Monthly **60+ $ delq average is over the last 4 quarters,,,,,,,,,,,,,,Primary Service,,MeridianLink Collect Level 3  (<$1M in 60+ Consumer Delinquencies) Billed Monthly,Tier 4,0.0,499999.0,Primary Product
Origination - Consumer,MeridianLink Collect,Primary Service,MeridianLink,MeridianLink Collect Tier 4 (<$500M AUM) Level 3  (<$1M in 60+ Consumer Delinquencies) Billed Annually,Delinquency Size,MeridianLink Collect Platform Fee - Billed Annually,N,6750.0,COLL-0003,16750.0,COLL-0002,,,,,N,,**Annual Fee Billed Annually **60+ $ delq average is over the last 4 quarters,,,,,,,,,,,,,,Primary Service,,MeridianLink Collect Level 3  (<$1M in 60+ Consumer Delinquencies) Billed Annually,Tier 4,0.0,499999.0,Primary Product
Data Insights & Decisions,MeridianLink Collect,Add On - MeridianLink Insight,MeridianLink,MeridianLink Insight for Collect Tier 1 (>=$10B AUM,Delinquency Size,MeridianLink Insight for Collect,N,5000.0,INSI-0002,9500.0,INSI-0003,,,,,N,,pricing is based on a percentage of what the customer is paying for Collect.,,,,,,,,,,,,,,Data & Reporting,MeridianLink Insight,MeridianLink Insight for Collect Tier 1 (>=$10B AUM,,,,Add Ons
Data Insights & Decisions,MeridianLink Collect,Add On - MeridianLink Insight,MeridianLink,MeridianLink Insight for Collect Tier 2 (>=$1B & <$10B AUM) Level 1  (>=$4M in 60+ Consumer Delinquencies),Delinquency Size,MeridianLink Insight for Collect,N,5000.0,INSI-0002,7500.0,INSI-0003,,,,,N,,pricing is based on a percentage of what the customer is paying for Collect.,,,,,,,,,,,,,,Data & Reporting,MeridianLink Insight,MeridianLink Insight for Collect Level 1  (>=$4M in 60+ Consumer Delinquencies),,1000000000.0,9999999999.0,Add Ons
Data Insights & Decisions,MeridianLink Collect,Add On - MeridianLink Insight,MeridianLink,MeridianLink Insight for Collect Tier 2 (>=$1B & <$10B AUM) Level 2  (>=$3M & <$4M in 60+ Consumer Delinquencies),Delinquency Size,MeridianLink Insight for Collect,N,5000.0,INSI-0002,6480.0,INSI-0003,,,,,N,,pricing is based on a percentage of what the customer is paying for Collect.,,,,,,,,,,,,,,Data & Reporting,MeridianLink Insight,MeridianLink Insight for Collect Level 2  (>=$3M & <$4M in 60+ Consumer Delinquencies),,1000000000.0,9999999999.0,Add Ons
Data Insights & Decisions,MeridianLink Collect,Add On - MeridianLink Insight,MeridianLink,MeridianLink Insight for Collect Tier 2 (>=$1B & <$10B AUM) Level 3  (<$3M in 60+ Consumer Delinquencies),Delinquency Size,MeridianLink Insight for Collect,N,5000.0,INSI-0002,5880.0,INSI-0003,,,,,N,,pricing is based on a percentage of what the customer is paying for Collect.,,,,,,,,,,,,,,Data & Reporting,MeridianLink Insight,MeridianLink Insight for Collect Level 3  (<$3M in 60+ Consumer Delinquencies),,1000000000.0,9999999999.0,Add Ons
Data Insights & Decisions,MeridianLink Collect,Add On - MeridianLink Insight,MeridianLink,MeridianLink Insight for Collect Tier 3 (>=$500M & <$1B AUM) Level 1  (>=$3M in 60+ Consumer Delinquencies),Delinquency Size,MeridianLink Insight for Collect,N,5000.0,INSI-0002,5880.0,INSI-0003,,,,,N,,pricing is based on a percentage of what the customer is paying for Collect.,,,,,,,,,,,,,,Data & Reporting,MeridianLink Insight,MeridianLink Insight for Collect Level 1  (>=$3M in 60+ Consumer Delinquencies),,500000000.0,999999999.0,Add Ons
Data Insights & Decisions,MeridianLink Collect,Add On - MeridianLink Insight,MeridianLink,MeridianLink Insight for Collect Tier 3 (>=$500M & <$1B AUM) Level 2  (>=$2M & <$3M in 60+ Consumer Delinquencies),Delinquency Size,MeridianLink Insight for Collect,N,5000.0,INSI-0002,5000.0,INSI-0003,,,,,N,,pricing is based on a percentage of what the customer is paying for Collect.,,,,,,,,,,,,,,Data & Reporting,MeridianLink Insight,MeridianLink Insight for Collect Level 2  (>=$2M & <$3M in 60+ Consumer Delinquencies),,500000000.0,999999999.0,Add Ons
Data Insights & Decisions,MeridianLink Collect,Add On - MeridianLink Insight,MeridianLink,MeridianLink Insight for Collect Tier 3 (>=$500M & <$1B AUM) Level 3  (<$2M in 60+ Consumer Delinquencies,Delinquency Size,MeridianLink Insight for Collect,N,5000.0,INSI-0002,5000.0,INSI-0003,,,,,N,,pricing is based on a percentage of what the customer is paying for Collect.,,,,,,,,,,,,,,Data & Reporting,MeridianLink Insight,MeridianLink Insight for Collect Level 3  (<$2M in 60+ Consumer Delinquencies,,500000000.0,999999999.0,Add Ons
Data Insights & Decisions,MeridianLink Collect,Add On - MeridianLink Insight,MeridianLink,MeridianLink Insight for Collect Tier 4 (<$500M AUM) Level 1  (>=$2M in 60+ Consumer Delinquencies),Delinquency Size,MeridianLink Insight for Collect,N,5000.0,INSI-0002,5000.0,INSI-0003,,,,,N,,pricing is based on a percentage of what the customer is paying for Collect.,,,,,,,,,,,,,,Data & Reporting,MeridianLink Insight,MeridianLink Insight for Collect Level 1  (>=$2M in 60+ Consumer Delinquencies),,0.0,500000000.0,Add Ons
Data Insights & Decisions,MeridianLink Collect,Add On - MeridianLink Insight,MeridianLink,MeridianLink Insight for Collect Tier 4 (<$500M AUM) Level 2  (>=$1M & <$2M in 60+ Consumer Delinquencies),Delinquency Size,MeridianLink Insight for Collect,N,5000.0,INSI-0002,5000.0,INSI-0003,,,,,N,,pricing is based on a percentage of what the customer is paying for Collect.,,,,,,,,,,,,,,Data & Reporting,MeridianLink Insight,MeridianLink Insight for Collect Level 2  (>=$1M & <$2M in 60+ Consumer Delinquencies),,0.0,500000000.0,Add Ons
Data Insights & Decisions,MeridianLink Collect,Add On - MeridianLink Insight,MeridianLink,MeridianLink Insight for Collect Tier 4 (<$500M AUM) Level 3  (<$1M in 60+ Consumer Delinquencies),Delinquency Size,MeridianLink Insight for Collect,N,5000.0,INSI-0002,5000.0,INSI-0003,,,,,N,,pricing is based on a percentage of what the customer is paying for Collect.,,,,,,,,,,,,,,Data & Reporting,MeridianLink Insight,MeridianLink Insight for Collect Level 3  (<$1M in 60+ Consumer Delinquencies),,0.0,500000000.0,Add Ons
SHARED,MeridianLink Collect,Add On - Document Delivery,FSSI,Mailing (1-5 Page Envelope) ML Collect,App Commitment / Mon,Mailing (1-5 Page Envelope),N,1625.0,SHARED-0413,,,2.57,SHARED-0418,,SHARED-0453,N,-1234.0,Setup is per envelope/document. Quote all fees for FSSI to cover all envelope sizes.,,,,,,,,,,,,,,Essential Services,Document Delivery,Mailing (1-5 Page Envelope) ML Collect,,,,Add Ons
SHARED,MeridianLink Collect,Add On - Document Delivery,FSSI,Mailing (21-40 Page Envelope) ML Collect,App Commitment / Mon,Mailing (21-40 Page Envelope),N,0.0,SHARED-0433,,,14.25,SHARED-0431,,SHARED-0459,N,-1234.0,Setup is per envelope/document. Quote all fees for FSSI to cover all envelope sizes.,,,,,,,,,,,,,,Essential Services,Document Delivery,Mailing (21-40 Page Envelope) ML Collect,,,,Add Ons
SHARED,MeridianLink Collect,Add On - Document Delivery,FSSI,Mailing (41-60 Page Envelope) ML Collect,App Commitment / Mon,Mailing (41-60 Page Envelope),N,0.0,SHARED-0434,,,26.25,SHARED-0429,,SHARED-0460,N,-1234.0,Setup is per envelope/document. Quote all fees for FSSI to cover all envelope sizes.,,,,,,,,,,,,,,Essential Services,Document Delivery,Mailing (41-60 Page Envelope) ML Collect,,,,Add Ons
SHARED,MeridianLink Collect,Add On - Document Delivery,FSSI,Mailing (61-80 Page Envelope) ML Collect,App Commitment / Mon,Mailing (61-80 Page Envelope),N,0.0,SHARED-0435,,,30.7,SHARED-0432,,SHARED-0457,N,-1234.0,Setup is per envelope/document. Quote all fees for FSSI to cover all envelope sizes.,,,,,,,,,,,,,,Essential Services,Document Delivery,Mailing (61-80 Page Envelope) ML Collect,,,,Add Ons
SHARED,MeridianLink Collect,Add On - Document Delivery,FSSI,Mailing (6-20 Page Envelope) ML Collect,App Commitment / Mon,Mailing (6-20 Page Envelope),N,0.0,SHARED-0438,,,9.25,SHARED-0439,,SHARED-0458,N,-1234.0,Setup is per envelope/document. Quote all fees for FSSI to cover all envelope sizes.,,,,,,,,,,,,,,Essential Services,Document Delivery,Mailing (6-20 Page Envelope) ML Collect,,,,Add Ons
SHARED,MeridianLink Collect,Add On - Document Delivery,FSSI,Mailing (81-100 Page Envelope) ML Collect,App Commitment / Mon,Mailing (81-100 Page Envelope),N,0.0,SHARED-0430,,,34.0,SHARED-0436,,SHARED-0461,N,-1234.0,Setup is per envelope/document. Quote all fees for FSSI to cover all envelope sizes.,,,,,,,,,,,,,,Essential Services,Document Delivery,Mailing (81-100 Page Envelope) ML Collect,,,,Add Ons
SHARED,MeridianLink Collect,Add On - MeridianLink Consulting,MeridianLink,MeridianLink Collect Core Data Mapping,Per Client,MeridianLink Collect Core Data Mapping,N,-1234.0,SHARED-0012,,,,,,,N,,Quote pricing.  Price is not actually -$1234.00,,,,,,,,,,,,,,Not Mapped,MeridianLink Consulting,MeridianLink Collect Core Data Mapping,,,,Add Ons
SHARED,MeridianLink Collect,Add On - Data Integration,SWBC,(CPI) Collateral Protection Insurance,Standard,(CPI) Collateral Protection Insurance,N,0.0,SHARED-0362,,,,,,,,,FKA SWBC,,,,,,,,,,,,,,Auto,Data Integration,(CPI) Collateral Protection Insurance,,,,Add Ons
Data Insights & Decisions,MeridianLink Consumer/Opening,Add On - MeridianLink Consulting,MeridianLink,API Pro,Hourly,API Pro,N,0.0,CSLT-0024,7500.0,CSLT-0041,325.0,CSLT-0025,,,N,,Requires API Web Services. One time fee includes 20 hours.  Time and materials starts after the sooner of (a) 20 hours or (b) one year.,,,,1,Dependent,API Web Services,,,,,,,,Recurring Consulting Services,MeridianLink Consulting,API Pro,,,,Add Ons
Data Insights & Decisions,MeridianLink Consumer/Opening,Add On - MeridianLink Consulting,MeridianLink,API Pro additional 50 hours,Standard,API Pro additional 50 hours,N,13000.0,CSLT-0023,,,,,,,N,,Requires API Web Services.,,,,1 AND 2,Dependent,API Web Services,Dependent,API Pro,,,,,,Not Mapped,MeridianLink Consulting,API Pro additional 50 hours,,,,Add Ons
Data Insights & Decisions,MeridianLink Consumer/Opening,Add On - MeridianLink Consulting,MeridianLink,Capture Rate Analysis,Standard,Capture Rate Analysis,N,0.0,CSLT-0016,19080.0,CSLT-0008,,,,,N,,Quote pricing.  Price is not actually -$1234.00,,,,,,,,,,,,,,Recurring Consulting Services,MeridianLink Consulting,Capture Rate Analysis,,,,Add Ons
Data Insights & Decisions,MeridianLink Consumer/Opening,Add On - MeridianLink Consulting,MeridianLink,Cross-Sell Analysis,Standard,Cross-Sell Analysis,N,6000.0,CSLT-0022,,,,,,,N,,"Optimization to support all cross-sells, including debt optimization; ML Mortgage not required. A minimum of 6 months of cross-sell usage is required in order to have sufficient data for this offering.  ",,,,1,Dependent,ML Consumer monthly commitment,,,,,,,,Not Mapped,MeridianLink Consulting,Cross-Sell Analysis,,,,Add Ons
Data Insights & Decisions,MeridianLink Consumer/Opening,Add On - MeridianLink Consulting,MeridianLink,Custom Scorecard Tier 1 First Scorecard ($2.5B AUM +),Standard,Custom Scorecard,N,53000.0,CSLT-0002,12720.0,CSLT-0037,,,,,N,,Annual fee billed in monthly installments,,,,,,,,,,,,,,Recurring Consulting Services,MeridianLink Consulting,Custom Scorecard First Scorecard,Tier 1,2500000000.0,0.0,Add Ons
Data Insights & Decisions,MeridianLink Consumer/Opening,Add On - MeridianLink Consulting,MeridianLink,"Custom Scorecard Tier 1, Additional Scorecards ($2.5B AUM +)",Standard,Custom Scorecard,N,42500.0,CSLT-0033,12720.0,CSLT-0038,,,,,N,,Annual fee billed in monthly installments,,,,,,,,,,,,,,Recurring Consulting Services,MeridianLink Consulting,Custom Scorecard Additional Scorecards,Tier 1,2500000000.0,0.0,Add Ons
Data Insights & Decisions,MeridianLink Consumer/Opening,Add On - MeridianLink Consulting,MeridianLink,Custom Scorecard Tier 2 First Scorecard ($500M - $2.5B AUM),Standard,Custom Scorecard,N,42500.0,CSLT-0002,12720.0,CSLT-0037,,,,,N,,Annual fee billed in monthly installments,,,,,,,,,,,,,,Recurring Consulting Services,MeridianLink Consulting,Custom Scorecard First Scorecard,Tier 2,500000000.0,2499999999.0,Add Ons
Data Insights & Decisions,MeridianLink Consumer/Opening,Add On - MeridianLink Consulting,MeridianLink,"Custom Scorecard Tier 2, Additional Scorecards ($500M - $2.5B AUM)",Standard,Custom Scorecard,N,37250.0,CSLT-0033,12720.0,CSLT-0038,,,,,N,,Annual fee billed in monthly installments,,,,,,,,,,,,,,Recurring Consulting Services,MeridianLink Consulting,Custom Scorecard Additional Scorecards,Tier 2,500000000.0,2499999999.0,Add Ons
Data Insights & Decisions,MeridianLink Consumer/Opening,Add On - MeridianLink Consulting,MeridianLink,Custom Scorecard Tier 3 First Scorecard (Up to $500M AUM),Standard,Custom Scorecard,N,32000.0,CSLT-0002,12720.0,CSLT-0037,,,,,N,,Annual fee billed in monthly installments,,,,,,,,,,,,,,Recurring Consulting Services,MeridianLink Consulting,Custom Scorecard First Scorecard,Tier 3,0.0,499999999.0,Add Ons
Data Insights & Decisions,MeridianLink Consumer/Opening,Add On - MeridianLink Consulting,MeridianLink,"Custom Scorecard Tier 3, Additional Scorecards (Up to $500M AUM)",Standard,Custom Scorecard,N,26500.0,CSLT-0033,12720.0,CSLT-0038,,,,,N,,Annual fee billed in monthly installments,,,,,,,,,,,,,,Recurring Consulting Services,MeridianLink Consulting,Custom Scorecard Additional Scorecards,Tier 3,0.0,499999999.0,Add Ons
Data Insights & Decisions,MeridianLink Consumer/Opening,Add On - MeridianLink Consulting,MeridianLink,Declined Application Analysis,Standard,Declined Application Analysis,N,0.0,CSLT-0017,19080.0,CSLT-0011,,,,,N,,,,,,,,,,,,,,,,Recurring Consulting Services,MeridianLink Consulting,Declined Application Analysis,,,,Add Ons
Data Insights & Decisions,MeridianLink Consumer/Opening,Add On - MeridianLink Consulting,MeridianLink,Disparate Impact,Standard,Disparate Impact,N,0.0,CSLT-0018,19080.0,CSLT-0012,,,,,N,,,,,,,,,,,,,,,,Recurring Consulting Services,MeridianLink Consulting,Disparate Impact,,,,Add Ons
Data Insights & Decisions,MeridianLink Consumer/Opening,Add On - MeridianLink Consulting,MeridianLink,Member Scorecard,Standard,Member Scorecard,N,-1234.0,CSLT-0040,-1234.0,CSLT-0039,,,,,Y,,,,,,,,,,,,,,,,Not Mapped,MeridianLink Consulting,Member Scorecard,,,,Add Ons
Data Insights & Decisions,MeridianLink Consumer/Opening,Add On - MeridianLink Consulting,MeridianLink,Process Assessment,Standard,Process Assessment,N,-1234.0,CSLT-0003,,,,,,,N,,Quote pricing.  Price is not actually -$1234.00,,,,,,,,,,,,,,Recurring Consulting Services,MeridianLink Consulting,Process Assessment,,,,Add Ons
Data Insights & Decisions,MeridianLink Consumer/Opening,Add On - MeridianLink Consulting,MeridianLink,Reveal Pro Tier 1 ($2.5B+ AUM),Standard,Reveal Pro,N,0.0,CSLT-0020,113532.0,CSLT-0010,,,,,Y,,,,,,,,,,,,,,,,Recurring Consulting Services,MeridianLink Consulting,Reveal Pro ,Tier 1,25000000000.0,0.0,Add Ons
Data Insights & Decisions,MeridianLink Consumer/Opening,Add On - MeridianLink Consulting,MeridianLink,Reveal Pro Tier 2 (<$2.5B AUM),Standard,Reveal Pro,N,0.0,CSLT-0020,93492.0,CSLT-0010,,,,,Y,,,,,,,,,,,,,,,,Recurring Consulting Services,MeridianLink Consulting,Reveal Pro ,Tier 2,1000000000.0,24999999999.0,Add Ons
Data Insights & Decisions,MeridianLink Consumer/Opening,Add On - MeridianLink Consulting,MeridianLink,Reveal Pro Tier 3 (<$1B AUM),Standard,Reveal Pro,N,0.0,CSLT-0020,73464.0,CSLT-0010,,,,,Y,,,,,,,,,,,,,,,,Recurring Consulting Services,MeridianLink Consulting,Reveal Pro ,Tier 3,500000000.0,999999999.0,Add Ons
Data Insights & Decisions,MeridianLink Consumer/Opening,Add On - MeridianLink Consulting,MeridianLink,Reveal Pro Tier 4 (<$500M AUM),Standard,Reveal Pro,N,0.0,CSLT-0020,50088.0,CSLT-0010,,,,,Y,,,,,,,,,,,,,,,,Recurring Consulting Services,MeridianLink Consulting,Reveal Pro ,Tier 4,0.0,499999999.0,Add Ons
Data Insights & Decisions,MeridianLink Consumer/Opening,Add On - MeridianLink Consulting,MeridianLink,Tune-Up,Standard,Tune-Up,N,27000.0,CSLT-0001,,,,,,,Y,,,,,,,,,,,,,,,,Not Mapped,MeridianLink Consulting,Tune-Up,,,,Add Ons
Data Insights & Decisions,MeridianLink Consumer/Opening,Add On - MeridianLink Insight,MeridianLink,Data Connect,Standard,Data Connect,N,7000.0,INSI-0009,18750.0,INSI-0010,,,,,N,,Customer will receive a full sync of up to 5 years worth of structured and normalized data as available in Data Dictionary,,,,,,,,,,,,,,Data & Reporting,MeridianLink Insight,Data Connect,,,,Add Ons
Data Insights & Decisions,MeridianLink Consumer/Opening,Add On - MeridianLink Insight,MeridianLink,Data Connect Additional Data Load,Standard,Data Connect Additional Data Load,N,500.0,INSI-0013,,,,,,,,,,,,,1,Dependent,Must have Data Connect,,,,,,,,Not Mapped,MeridianLink Insight,Data Connect Additional Data Load,,,,Add Ons
Data Insights & Decisions,MeridianLink Consumer/Opening,Add On - MeridianLink Insight,MeridianLink,Data Connect & MeridianLink Insight Bundle,Standard,Data Connect & MeridianLink Insight Bundle,N,0.0,INSI-0012,12750.0,INSI-0011,,,,,N,,,,,,,,,,,,,,,,Data & Reporting,MeridianLink Insight,Data Connect & MeridianLink Insight Bundle,,,,Add Ons
Data Insights & Decisions,MeridianLink Consumer/Opening,Add On - MeridianLink Insight,MeridianLink,Data Connect - 1 Additional Year of Data,Standard,Data Connect - 1 Additional Year of Data,N,-1234.0,INSI-0015,,,,,,,N,,Quote Pricing.  Price is not actually -$1234.00.  Pricing is $1400.00 for each additional year of data. Requires Product and Services approval.,,,,1,Dependent,Requires Product and Services for approval & Data Connect INSI-0009/INSI-0010,,,,,,,,Data & Reporting,MeridianLink Insight,Data Connect - 1 Additional Year of Data,,,,Add Ons
Data Insights & Decisions,MeridianLink Consumer/Opening,Add On - MeridianLink Insight,MeridianLink,MeridianLink Insight,Standard,MeridianLink Insight,N,7000.0,INSI-0002,23250.0,INSI-0003,,,,,N,,**Includes 2 Power Users and 10 Standard Users,,,,,,,,,,,,,,Data & Reporting,MeridianLink Insight,MeridianLink Insight,,,,Add Ons
Data Insights & Decisions,MeridianLink Consumer/Opening,Add On - MeridianLink Insight,MeridianLink,MeridianLink Insight - Additional Power User,Standard,MeridianLink Insight - Additional Power User,N,0.0,INSI-0007,1975.0,INSI-0001,,,,,N,,,,,,,,,,,,,,,,Data & Reporting,MeridianLink Insight,MeridianLink Insight - Additional Power User,,,,Add Ons
Data Insights & Decisions,MeridianLink Consumer/Opening,Add On - MeridianLink Insight,MeridianLink,MeridianLink Insight - Additional Standard User,Standard,MeridianLink Insight - Additional Standard User,N,0.0,INSI-0008,250.0,INSI-0004,,,,,N,,,,,,,,,,,,,,,,Data & Reporting,MeridianLink Insight,MeridianLink Insight - Additional Standard User,,,,Add Ons
Data Insights & Decisions,MeridianLink Consumer/Opening,Add On - MeridianLink Insight,MeridianLink,MeridianLink Insight for RevealPro Clients,Standard,MeridianLink Insight for RevealPro Clients,N,3500.0,INSI-0002,23250.0,INSI-0003,,,,,N,,**Includes 2 Power Users and 10 Standard Users,,,,,,,,,,,,,,Data & Reporting,MeridianLink Insight,MeridianLink Insight for RevealPro Clients,,,,Add Ons
Data Insights & Decisions,MeridianLink Consumer/Opening,Add On - Insights,Zest AI,Zest LuLu Strategy,Standard,Zest LuLu Strategy,N,0.0,SHARED-0560,,,,,,,N,,,,,,,,,,,,,,,,Not Mapped,Insights,Zest LuLu Strategy,,,,Add Ons
Data Insights & Decisions,MeridianLink Consumer/Opening,Add On - Insights,Zest AI,Partner Data Connect,Standard,Partner Data Connect,N,0.0,INSI-0014,,,,,,,N,,,,,,,,,,,,,,,,Data & Reporting,Insights,Partner Data Connect,,,,Add Ons
Origination - Consumer,MeridianLink Consumer/Opening,Add On - Address Verification,U.S. Postal Services,Address Verification Tier 1: 8K+ Apps,App Commitment / Mon,Address Verification (+8k apps),N,0.0,CONS-0357,23500.0,CONS-0052,,,,,N,,Specified app volume is monthly consumer/opening app commitment,,,,,,,,,,,,,,Fraud & Verification,Address Verification,Address Verification ,Tier 1,8000.0,9999999999.0,Add Ons
Origination - Consumer,MeridianLink Consumer/Opening,Add On - Address Verification,U.S. Postal Services,Address Verification Tier 2: 4K - 7.99K Apps,App Commitment / Mon,Address Verification (4k - 7.99k apps),N,0.0,CONS-0357,18750.0,CONS-0052,,,,,N,,Specified app volume is monthly consumer/opening app commitment,,,,,,,,,,,,,,Fraud & Verification,Address Verification,Address Verification ,Tier 2,4000.0,7999.0,Add Ons
Origination - Consumer,MeridianLink Consumer/Opening,Add On - Address Verification,U.S. Postal Services,Address Verification Tier 3: 2K - 3.99K Apps,App Commitment / Mon,Address Verification (2k - 3.99k apps),N,0.0,CONS-0357,14250.0,CONS-0052,,,,,N,,Specified app volume is monthly consumer/opening app commitment,,,,,,,,,,,,,,Fraud & Verification,Address Verification,Address Verification ,Tier 3,2000.0,3999.0,Add Ons
Origination - Consumer,MeridianLink Consumer/Opening,Add On - Address Verification,U.S. Postal Services,Address Verification Tier 4: 1K - 1.99K Apps,App Commitment / Mon,Address Verification (1k - 1.99k apps),N,0.0,CONS-0357,9500.0,CONS-0052,,,,,N,,Specified app volume is monthly consumer/opening app commitment,,,,,,,,,,,,,,Fraud & Verification,Address Verification,Address Verification ,Tier 4,1000.0,1999.0,Add Ons
Origination - Consumer,MeridianLink Consumer/Opening,Add On - Address Verification,U.S. Postal Services,Address Verification Tier 5: 500 - 999 Apps,App Commitment / Mon,Address Verification (500 - 999 apps),N,0.0,CONS-0357,4700.0,CONS-0052,,,,,N,,Specified app volume is monthly consumer/opening app commitment,,,,,,,,,,,,,,Fraud & Verification,Address Verification,Address Verification ,Tier 5,500.0,999.0,Add Ons
Origination - Consumer,MeridianLink Consumer/Opening,Add On - Address Verification,U.S. Postal Services,Address Verification Tier 6: 0 - 499 Apps,App Commitment / Mon,Address Verification (0 - 499 apps),N,0.0,CONS-0357,1575.0,CONS-0052,,,,,N,,Specified app volume is monthly consumer/opening app commitment,,,,,,,,,,,,,,Fraud & Verification,Address Verification,Address Verification ,Tier 6,0.0,499.0,Add Ons
Origination - Consumer,MeridianLink Consumer/Opening,Add On - Address Verification,IST,IST CorrectAddress,Standard,IST CorrectAddress,N,0.0,CONS-0371,,,0.2,CONS-0099,,CONS-0438,N,,Applies to both test and production,,,,,,,,,,,,,,Fraud & Verification,Address Verification,IST CorrectAddress,,,,Add Ons
Origination - Consumer,MeridianLink Consumer/Opening,Add On - Ancillary Service,MeridianLink,Advanced Decisioning Additional Referral Reasons,Standard,Advanced Decisioning Additional Referral Reasons,N,6000.0,CONS-0632,,,,,,,N,,,,,,1,Dependent,Must have Advanced Decisioning,,,,,,,,Not Mapped,Ancillary Service,Advanced Decisioning Additional Referral Reasons,,,,Add Ons
Origination - Consumer,MeridianLink Consumer/Opening,Add On - Ancillary Service,MeridianLink,Advanced Decisioning Implementation for Existing Customer,Standard,Advanced Decisioning Implementation for Existing Customer,N,23250.0,CONS-0598,,,,,,,N,,,,,,,,,,,,,,,,Custom Score/Decisioning,Ancillary Service,Advanced Decisioning Implementation for Existing Customer,,,,Add Ons
Origination - Consumer,MeridianLink Consumer/Opening,Add On - Ancillary Service,MeridianLink,Advanced Decisioning Implementation for New Customer,Standard,Advanced Decisioning Implementation for New Customer,N,23250.0,CONS-0597,,,,,,,N,,Standard Decisioning has no additional fee.,,,,1,Dependent,Must have Modern Experience,,,,,,,,Custom Score/Decisioning,Ancillary Service,Advanced Decisioning Implementation for New Customer,,,,Add Ons
Origination - Consumer,MeridianLink Consumer/Opening,Add On - Call Center,TruStage Loanlink,Velera (Call Center - TruStage LoanLink),Standard,Velera (Call Center),N,4600.0,CONS-0255,1575.0,CONS-0628,,,,,N,,White label offering for Call Center,,,,,,,,,,,,,,Essential Systems,Call Center,Velera (Call Center - TruStage LoanLink),,,,Add Ons
Origination - Consumer,MeridianLink Consumer/Opening,Add On - Call Center,Velera,Velera (Call Center),Standard,Velera (Call Center),N,4600.0,CONS-0248,1575.0,CONS-0124,,,,,N,,,,,,,,,,,,,,,,Essential Systems,Call Center,Velera (Call Center),,,,Add Ons
Origination - Consumer,MeridianLink Consumer/Opening,Add On - Core Integration,COCC,COCC (Consumer) Tier 1 (>$5B AUM),Standard,COCC,N,15500.0,CONS-0605,34750.0,CONS-0604,,,,,N,,,,,,,,,,,,,,,,Not Mapped,Core Integration,COCC (Consumer) ,Tier 1,5000000000.0,0.0,Add Ons
Origination - Consumer,MeridianLink Consumer/Opening,Add On - Core Integration,COCC,COCC (Consumer) Tier 2 ($2B - $5B AUM),Standard,COCC,N,15500.0,CONS-0604,29000.0,CONS-0605,,,,,N,,,,,,,,,,,,,,,,Not Mapped,Core Integration,COCC (Consumer) ,Tier 2,2000000000.0,4999999999.0,Add Ons
Origination - Consumer,MeridianLink Consumer/Opening,Add On - Core Integration,COCC,COCC (Consumer) Tier 3 ($1.25B - $2B AUM),Standard,COCC,N,15500.0,CONS-0604,23250.0,CONS-0605,,,,,N,,,,,,,,,,,,,,,,Not Mapped,Core Integration,COCC (Consumer) ,Tier 3,1250000000.0,19999999990.0,Add Ons
Origination - Consumer,MeridianLink Consumer/Opening,Add On - Core Integration,COCC,COCC (Consumer) Tier 4 ($750M - $1.25B AUM),Standard,COCC,N,15500.0,CONS-0604,17500.0,CONS-0605,,,,,N,,,,,,,,,,,,,,,,Not Mapped,Core Integration,COCC (Consumer) ,Tier 4,750000000.0,1249999999.0,Add Ons
Origination - Consumer,MeridianLink Consumer/Opening,Add On - Core Integration,COCC,COCC (Consumer) Tier 5 ($500M - $750M AUM),Standard,COCC,N,15500.0,CONS-0604,11750.0,CONS-0605,,,,,N,,,,,,,,,,,,,,,,Not Mapped,Core Integration,COCC (Consumer) ,Tier 5,500000000.0,7499999990.0,Add Ons
Origination - Consumer,MeridianLink Consumer/Opening,Add On - Core Integration,COCC,COCC (Consumer) Tier 6 (<$500M AUM),Standard,COCC,N,15500.0,CONS-0604,10000.0,CONS-0605,,,,,N,,,,,,,,,,,,,,,,Not Mapped,Core Integration,COCC (Consumer) ,Tier 6,0.0,500000000.0,Add Ons
Origination - Consumer,MeridianLink Consumer/Opening,Add On - Credit Card Systems,Fiserv,Fiserv Originate (aka Omaha/Optis/CreditCPS) (Credit Card),Standard, Fiserv Originate,N,5750.0,CONS-0286,2400.0,CONS-0275,,,,,N,,"Only available for personal CC, not business CC. Also referred to as the Omaha platform. AKA Optis or Omaha CC",,,,,,,,,,,,,,Consumer & Digital Engagement,Credit Card Systems,Fiserv Originate (aka Omaha/Optis/CreditCPS) (Credit Card),,,,Add Ons
Origination - Consumer,MeridianLink Consumer/Opening,Add On - Credit Card Systems,Fiserv,Fiserv CCM (Credit Card),Standard,Fiserv CCM (Credit Card),N,5750.0,CONS-0552,2400.0,CONS-0530,,,,,,,,,,,,,,,,,,,,,Essential Services,Credit Card Systems,Fiserv CCM (Credit Card),,,,Add Ons
Origination - Consumer,MeridianLink Consumer/Opening,Add On - Custom Score,Experian,Experian PowerCurve,Standard,Experian PowerCurve,N,14000.0,CONS-0593,7000.0,CONS-0594,,,,,,,,,,,,,,,,,,,,,Custom Score/Decisioning,Custom Score,Experian PowerCurve,,,,Add Ons
Origination - Consumer,MeridianLink Consumer/Opening,Add On - Custom Score,Fair Isaac,Liquid Credit Integration,Standard,Liquid Credit Integration,N,8250.0,CONS-0186,2400.0,CONS-0085,,,,,N,,,,,,,,,,,,,,,,Custom Score/Decisioning,Custom Score,Liquid Credit Integration,,,,Add Ons
Origination - Consumer,MeridianLink Consumer/Opening,Add On - Debit Bureau,FirstData,Telecheck- New Customer,Standard,Telecheck,N,0.0,CONS-0374,,,3.3,CONS-0163,CONS-0163,CONS-0439,N,-1234.0,$0 fee for existing Telecheck Customers,,,,,,,,,,,,,,Fraud & Verification,Debit Bureau,Telecheck- New Customer,,,,Add Ons
Origination - Consumer,MeridianLink Consumer/Opening,Add On - Disbursement,FiServ,Fiserv DNA Disbursements,Standard,Fiserv DNA Disbursements,N,4900.0,CONS-0224,,,,,,,N,,,,,,,,,,,,,,,,Essential Systems,Disbursement,Fiserv DNA Disbursements,,,,Add Ons
Origination - Consumer,MeridianLink Consumer/Opening,Add On - Disbursement,JHA,Jack Henry Symitar Disbursement,Standard,Jack Henry Symitar,N,4900.0,CONS-0111,,,,,,,N,,,,,,,,,,,,,,,,Essential Systems,Disbursement,Jack Henry Symitar Disbursement,,,,Add Ons
Origination - Consumer,MeridianLink Consumer/Opening,Add On - Disbursement,Wycom,Wycom,Standard,Wycom,N,0.0,CONS-0377,,,,,,,N,,Both Wycom and native DNA check printing solutions are supported.,,,,,,,,,,,,,,Essential Services,Disbursement,Wycom,,,,Add Ons
Origination - Consumer,MeridianLink Consumer/Opening,Add On - Document Delivery,Docoon,Faxing,Standard,Faxing,N,0.0,CONS-0369,,,0.6,CONS-0037,CONS-0037,CONS-0450,N,201.82,,,,,,,,,,,,,,,Essential Services,Document Delivery,Faxing,,,,Add Ons
Origination - Consumer,MeridianLink Consumer/Opening,Add On - Document Delivery,FSSI,Mailing (1-5 Page Envelope),App Commitment / Mon,Mailing (1-5 Page Envelope),N,1625.0,SHARED-0413,,,2.6,SHARED-0418,,SHARED-0453,N,-1234.0,Setup is per envelope/document. Quote all fees for FSSI to cover all envelope sizes.,,,,,,,,,,,,,,Essential Services,Document Delivery,Mailing (1-5 Page Envelope),,,,Add Ons
Origination - Consumer,MeridianLink Consumer/Opening,Add On - Document Delivery,FSSI,Mailing (21-40 Page Envelope),App Commitment / Mon,Mailing (21-40 Page Envelope),N,0.0,SHARED-0433,,,14.25,SHARED-0431,,SHARED-0459,N,-1234.0,Setup is per envelope/document. Quote all fees for FSSI to cover all envelope sizes.,,,,,,,,,,,,,,Essential Services,Document Delivery,Mailing (21-40 Page Envelope),,,,Add Ons
Origination - Consumer,MeridianLink Consumer/Opening,Add On - Document Delivery,FSSI,Mailing (41-60 Page Envelope),App Commitment / Mon,Mailing (41-60 Page Envelope),N,0.0,SHARED-0434,,,26.25,SHARED-0429,,SHARED-0460,N,-1234.0,Setup is per envelope/document. Quote all fees for FSSI to cover all envelope sizes.,,,,,,,,,,,,,,Essential Services,Document Delivery,Mailing (41-60 Page Envelope),,,,Add Ons
Origination - Consumer,MeridianLink Consumer/Opening,Add On - Document Delivery,FSSI,Mailing (61-80 Page Envelope),App Commitment / Mon,Mailing (61-80 Page Envelope),N,0.0,SHARED-0435,,,30.7,SHARED-0432,,SHARED-0457,N,-1234.0,Setup is per envelope/document. Quote all fees for FSSI to cover all envelope sizes.,,,,,,,,,,,,,,Essential Services,Document Delivery,Mailing (61-80 Page Envelope),,,,Add Ons
Origination - Consumer,MeridianLink Consumer/Opening,Add On - Document Delivery,FSSI,Mailing (6-20 Page Envelope),App Commitment / Mon,Mailing (6-20 Page Envelope),N,0.0,SHARED-0438,,,9.25,SHARED-0439,,SHARED-0458,N,-1234.0,Setup is per envelope/document. Quote all fees for FSSI to cover all envelope sizes.,,,,,,,,,,,,,,Essential Services,Document Delivery,Mailing (6-20 Page Envelope),,,,Add Ons
Origination - Consumer,MeridianLink Consumer/Opening,Add On - Document Delivery,FSSI,Mailing (81-100 Page Envelope),App Commitment / Mon,Mailing (81-100 Page Envelope),N,0.0,SHARED-0430,,,34.0,SHARED-0436,,SHARED-0461,N,-1234.0,Setup is per envelope/document. Quote all fees for FSSI to cover all envelope sizes.,,,,,,,,,,,,,,Essential Services,Document Delivery,Mailing (81-100 Page Envelope),,,,Add Ons
Origination - Consumer,MeridianLink Consumer/Opening,Add On - Document Prep,MeridianLink,Client Managed Documents,Standard,Client Managed Documents,N,0.0,CONS-0378,,,,,,,N,,No fee. Can accommodate simple mapping.,,,,,,,,,,,,,,Not Mapped,Document Prep,Client Managed Documents,,,,Add Ons
Origination - Consumer,MeridianLink Consumer/Opening,Add On - Document Prep,Compliance Solutions,CSi,Standard,CSi,N,8250.0,CONS-0219,,,,,,,N,,"Dynamic Docs - Only supports Personal Loan, Vehicle Loan, and Home Equity Loan",,,,,,,,,,,,,,Docs/Disclosures & eSign,Document Prep,CSi,,,,Add Ons
Origination - Consumer,MeridianLink Consumer/Opening,Add On - Document Prep,Finastra,Finastra DepositPro ,Standard,Finastra DepositPro,N,4100.0,CONS-0287,1575.0,CONS-0114,,,,,N,,,,,,,,,,,,,,,,Docs/Disclosures & eSign,Document Prep,Finastra DepositPro ,,,,Add Ons
Origination - Consumer,MeridianLink Consumer/Opening,Add On - Document Prep,Finastra,Finastra DepositPro Plus,Standard,Finastra DepositPro Plus,N,4100.0,CONS-0288,1575.0,CONS-0303,,,,,N,,,,,,,,,,,,,,,,Docs/Disclosures & eSign,Document Prep,Finastra DepositPro Plus,,,,Add Ons
Origination - Consumer,MeridianLink Consumer/Opening,Add On - Document Prep,MeridianLink,Document Maintenance (additional environment),Standard,Document Maintenance (additional environment),N,0.0,CONS-0361,4700.0,CONS-0263,,,,,N,,"Per environment. Waived for DEMO & LIVE and temporary waiver for BETA core integration // Most clients originate all their document changes on a ""DEMO"" environment (e.g. DEMO, EPLQA, JHADEMO, etc.)  then have the changes migrate to LIVE environment.  Thus, a standard doc migration workflow would just involve 2 environments: DEMO and LIVE. 

For clients who want us to support additional environments,  please let them know that supporting an additional server complicates the maintenance and migration process and thus will incur an annual maintenance charge. 
Exceptions:  If a client is undergoing core integration on BETA and need their docs on BETA temporarily, we will waive the fee since it is assumed once the process is complete, the docs will be removed from their BETA environment and they will revert to the standard DEMO -> LIVE workflow.",,,,,,,,,,,,,,Docs/Disclosures & eSign,Document Prep,Document Maintenance (additional environment),,,,Add Ons
Origination - Consumer,MeridianLink Consumer/Opening,Add On - Document Prep,MeridianLink,Document Mapping (deposits),Per Pull,Document Mapping (deposits),N,0.0,CONS-0362,5100.0,CONS-0151,,,,,N,,"Up to 15 standard MeridianLink Opening docs and 5 custom forms // Approved vendors for standard forms are CUNA, Conmar, WKFS, Securian, CSi, and OakTree",,,,,,,,,,,,,,Docs/Disclosures & eSign,Document Prep,Document Mapping (deposits),,,,Add Ons
Origination - Consumer,MeridianLink Consumer/Opening,Add On - Document Prep,MeridianLink,MeridianLink Custom Document Mapping Overage,Per Pull,MeridianLink Custom Document Mapping Overage,N,0.0,CONS-0225,,,320.0,CONS-0033,,,N,,,,,,,,,,,,,,,,Docs/Disclosures & eSign,Document Prep,MeridianLink Custom Document Mapping Overage,,,,Add Ons
Origination - Consumer,MeridianLink Consumer/Opening,Add On - Document Prep,MeridianLink,MeridianLink Consumer Document Mapping Overage,Per Pull,MeridianLink Consumer Document Mapping Overage,N,0.0,CONS-0205,,,320.0,CONS-0034,,,N,,,,,,,,,,,,,,,,Docs/Disclosures & eSign,Document Prep,MeridianLink Consumer Document Mapping Overage,,,,Add Ons
Origination - Consumer,MeridianLink Consumer/Opening,Add On - Document Prep,MeridianLink,MeridianLink Opening Document Mapping Overage,Per Pull,MeridianLink Opening Document Mapping Overage,N,0.0,CONS-0154,,,320.0,CONS-0036,,,N,,,,,,,,,,,,,,,,Docs/Disclosures & eSign,Document Prep,MeridianLink Opening Document Mapping Overage,,,,Add Ons
Origination - Consumer,MeridianLink Consumer/Opening,Add On - Document Prep,MeridianLink,Additional Custom Document,Per Pull,Additional Custom Document,N,0.0,CONS-0577,,,490.0,CONS-0582,,,N,,,,,,,,,,,,,,,,Docs/Disclosures & eSign,Document Prep,Additional Custom Document,,,,Add Ons
Origination - Consumer,MeridianLink Consumer/Opening,Add On - Document Prep,MeridianLink,Additional Vendor Loan Document,Per Pull,Additional Vendor Loan Document,N,0.0,CONS-0579,,,335.0,CONS-0580,,,N,,,,,,,,,,,,,,,,Docs/Disclosures & eSign,Document Prep,Additional Vendor Loan Document,,,,Add Ons
Origination - Consumer,MeridianLink Consumer/Opening,Add On - Document Prep,MeridianLink,Additional Vendor Deposit Document,Per Pull,Additional Vendor Deposit Document,N,0.0,CONS-0583,,,335.0,CONS-0581,,,N,,,,,,,,,,,,,,,,Docs/Disclosures & eSign,Document Prep,Additional Vendor Deposit Document,,,,Add Ons
Origination - Consumer,MeridianLink Consumer/Opening,Add On - Document Prep,MeridianLink,Expedited Forms Requests within 1 week (Consumer),Per Pull,Expedited Forms Requests within 1 week,N,0.0,CONS-0642,,,265.0,CONS-0640,,,N,,,,,,,,,,,,,,,,Not Mapped,Document Prep,Expedited Forms Requests within 1 week (Consumer),,,,Add Ons
Origination - Consumer,MeridianLink Consumer/Opening,Add On - Document Prep,MeridianLink,Expedited Forms Requests within 2-3 days (Consumer),Per Pull,Expedited Forms Requests within 2-3 days,N,0.0,CONS-0641,,,530.0,CONS-0639,,,N,,,,,,,,,,,,,,,,Not Mapped,Document Prep,Expedited Forms Requests within 2-3 days (Consumer),,,,Add Ons
Origination - Consumer,MeridianLink Consumer/Opening,Add On - Document Prep,Kinective,Kinective XML (fka IMM XML TotaleAtlas Doc Engine) ,Standard,Kinective XML,N,5750.0,CONS-0222,2400.0,CONS-0011,,,,,N,,does have echoSign,,,,,,,,,,,,,,Docs/Disclosures & eSign,Document Prep,IMM XML (TotaleAtlas),,,,Add Ons
Origination - Consumer,MeridianLink Consumer/Opening,Add On - Document Upload,MeridianLink,Increase max upload file size Tier 1: 45 MB,Standard,Increase max upload file size to 10 MB,N,0.0,CONS-0370,-1234.0,CONS-0007,,,,,N,,Quote pricing.  Price is not actually -$1234.00,,,,,,,,,,,,,,Consumer Module,Document Upload,Increase max upload file size ,Tier 1,45.0,0.0,Add Ons
Origination - Consumer,MeridianLink Consumer/Opening,Add On - Document Upload,MeridianLink,Increase max upload file size Tier 2: 40 MB,Standard,Increase max upload file size to 15 MB,N,0.0,CONS-0370,-1234.0,CONS-0007,,,,,N,,Quote pricing.  Price is not actually -$1234.00,,,,,,,,,,,,,,Consumer Module,Document Upload,Increase max upload file size ,Tier 2,40.0,0.0,Add Ons
Origination - Consumer,MeridianLink Consumer/Opening,Add On - Document Upload,MeridianLink,Increase max upload file size Tier 3: 35 MB,Standard,Increase max upload file size to 20 MB,N,0.0,CONS-0370,-1234.0,CONS-0007,,,,,N,,Quote pricing.  Price is not actually -$1234.00,,,,,,,,,,,,,,Consumer Module,Document Upload,Increase max upload file size ,Tier 3,35.0,0.0,Add Ons
Origination - Consumer,MeridianLink Consumer/Opening,Add On - Document Upload,MeridianLink,Increase max upload file size Tier 4: 30 MB,Standard,Increase max upload file size to 25 MB,N,0.0,CONS-0370,-1234.0,CONS-0007,,,,,N,,Quote pricing.  Price is not actually -$1234.00,,,,,,,,,,,,,,Consumer Module,Document Upload,Increase max upload file size ,Tier 4,30.0,0.0,Add Ons
Origination - Consumer,MeridianLink Consumer/Opening,Add On - Document Upload,MeridianLink,Increase max upload file size Tier 5: 25 MB,Standard,Increase max upload file size to 30 MB,N,0.0,CONS-0370,-1234.0,CONS-0007,,,,,N,,Quote pricing.  Price is not actually -$1234.00,,,,,,,,,,,,,,Consumer Module,Document Upload,Increase max upload file size ,Tier 5,25.0,0.0,Add Ons
Origination - Consumer,MeridianLink Consumer/Opening,Add On - Document Upload,MeridianLink,Increase max upload file size Tier 6: 20 MB,Standard,Increase max upload file size to 35 MB,N,0.0,CONS-0370,-1234.0,CONS-0007,,,,,N,,Quote pricing.  Price is not actually -$1234.00,,,,,,,,,,,,,,Consumer Module,Document Upload,Increase max upload file size ,Tier 6,20.0,0.0,Add Ons
Origination - Consumer,MeridianLink Consumer/Opening,Add On - Document Upload,MeridianLink,Increase max upload file size Tier 7: 15 MB,Standard,Increase max upload file size to 40 MB,N,0.0,CONS-0370,-1234.0,CONS-0007,,,,,N,,Quote pricing.  Price is not actually -$1234.00,,,,,,,,,,,,,,Consumer Module,Document Upload,Increase max upload file size ,Tier 7,15.0,0.0,Add Ons
Origination - Consumer,MeridianLink Consumer/Opening,Add On - Document Upload,MeridianLink,Increase max upload file size Tier 8: 10 MB,Standard,Increase max upload file size to 45 MB,N,0.0,CONS-0370,-1234.0,CONS-0007,,,,,N,,Quote pricing.  Price is not actually -$1234.00,,,,,,,,,,,,,,Consumer Module,Document Upload,Increase max upload file size ,Tier 8,10.0,0.0,Add Ons
Origination - Consumer,MeridianLink Consumer/Opening,Add On - eSign,DocuSign,DocuSign Enterprise SMS Delivery,Standard,DocuSign Enterprise SMS Delivery,N,0.0,CONS-0603,,,0.12,CONS-0601,,CONS-0602,N,-1234.0,"Quote pricing.  Price is not actually -$1234.00. Not available to DocuSign ISV customers, only DocuSign Enteprise. Requires new DocuSign API (REST).",,,,1 AND 2,Dependent,Must have DocuSign Enterprise (Consumer),Exclusion,Not available to Docusign ISV Customers. ,,,,,,Docs/Disclosures & eSign,eSign,DocuSign Enterprise SMS Delivery,,,,Add Ons
Origination - Consumer,MeridianLink Consumer/Opening,Add On - eSign,Silanis,OneSpan,Standard,OneSpan,N,5750.0,SHARED-0530,,,,,,,N,,fka Vasco; fka eSignLive,,,,,,,,,,,,,,Not Mapped,eSign,OneSpan,,,,Add Ons
Origination - Consumer,MeridianLink Consumer/Opening,Add On - Fraud Protection,Verafin,Verafin,Standard,Verafin,N,3000.0,CONS-0591,3500.0,CONS-0592,,,,,N,,Must have Modern Experience for ML Opening,,,,,,,,,,,,,,Fraud & Verification,Fraud Protection,Verafin,,,,Add Ons
Origination - Consumer,MeridianLink Consumer/Opening,Add On - Home Banking,MeridianLink,Changing Home Banking Vendor,Standard,Changing Home Banking Vendor,N,1625.0,CONS-0237,,,,,,,N,,One-time cost to change the vendor,,,,,,,,,,,,,,Consumer & Digital Engagement,Home Banking,Changing Home Banking Vendor,,,,Add Ons
Origination - Consumer,MeridianLink Consumer/Opening,Add On - Home Banking,Access Softek,Mobile App Push,Standard,Mobile App Push,N,6500.0,CONS-0209,3100.0,CONS-0091,,,,,N,,Pushes apps from Access Softek Home Banking directly into MeridianLink Consumer; doesn't go through AP,,,,,,,,,,,,,,Consumer & Digital Engagement,Home Banking,Mobile App Push,,,,Add Ons
Origination - Consumer,MeridianLink Consumer/Opening,Add On - Hosting,,Dedicated Hosting,Standard,Dedicated Hosting,N,-1234.0,CONS-0226,-1234.0,CONS-0077,-1234.0,CONS-0301,,,N,,Quote pricing.  Price is not actually -$1234.00,,,,,,,,,,,,,,Consumer Module,Hosting,Dedicated Hosting,,,,Add Ons
Origination - Consumer,MeridianLink Consumer/Opening,Add On - ID Authentication,Experian,Experian CrossCore with Precise for ID Screening with KIQ/MFA (Option 3) (Consumer),Per Pull,Experian CrossCore with Precise for ID Screening with KIQ/MFA (Option 3),N,975.0,CONS-0293,,,4.25,CONS-0274,CONS-0274,CONS-0408,N,-1234.0,Additional $805 setup fee per subcode.,Additional $805 setup fee per subcode.,,,,,,,,,,,,,Fraud & Verification,ID Authentication,Experian CrossCore with Precise for ID Screening with KIQ/MFA (Option 3) (Consumer),,,,Add Ons
Origination - Consumer,MeridianLink Consumer/Opening,Add On - ID Authentication,FIS,FIS QualiFile IDV & IDA,Per Pull,FIS QualiFile IDV & IDA,N,4100.0,CONS-0134,2400.0,CONS-0088,,,,,N,,Check with the vendor on the per-transaction cost.,,,,,,,,,,,,,,Fraud & Verification,ID Authentication,FIS QualiFile IDV & IDA,,,,Add Ons
Origination - Consumer,MeridianLink Consumer/Opening,Add On - ID Card Scanners,Acuant,Acuant ID Scanning,Standard,Acuant ID Scanning,N,0.0,CONS-0416,,,0.7,CONS-0414,CONS-0414,CONS-0415,N,-1234.0,"Only available for Google Chrome (not Internet Explorer), customer must be using Acuant (ScanShell) hardware scanners.",,,,1 OR 2 OR 3 OR 4,Dependent,Consumer Lending Module,Dependent,Opening Module,Dependent,Business Lending Module,Dependent,Home Equity Module,,Fraud & Verification,ID Card Scanners,Acuant ID Scanning,,,,Add Ons
Origination - Consumer,MeridianLink Consumer/Opening,Add On - ID Verification,LexisNexis,Bridger OFAC Watchlist,Per Pull,Bridger OFAC Watchlist,N,3300.0,CONS-0241,1575.0,CONS-0097,,,,,N,,,,,,,,,,,,,,,,Fraud & Verification,ID Verification,Bridger OFAC Watchlist,,,,Add Ons
Origination - Consumer,MeridianLink Consumer/Opening,Add On - ID Verification,Experian,Experian CrossCore with Precise ID for Account Opening Score Only (Option 6) (Consumer),Per Pull,Experian CrossCore with Precise ID for Account Opening Score Only (Option 6),N,975.0,SHARED-0445,,,2.8,SHARED-0447,SHARED-0447,SHARED-0448,N,-1234.0,,,,,,,,,,,,,,,Fraud & Verification,ID Verification,Experian CrossCore with Precise ID for Account Opening Score Only (Option 6) (Consumer),,,,Add Ons
Origination - Consumer,MeridianLink Consumer/Opening,Add On - ID Verification,FIS,FIS QualiFile IDV,Per Pull,FIS QualiFile IDV,N,4100.0,CONS-0230,2400.0,CONS-0087,,,,,N,,Check with the vendor on the per-transaction cost.,,,,,,,,,,,,,,Fraud & Verification,ID Verification,FIS QualiFile IDV,,,,Add Ons
Origination - Consumer,MeridianLink Consumer/Opening,Add On - ID Verification,Experian,ISTWatch OFAC Watchlist,Per Pull,ISTWatch OFAC Watchlist,N,0.0,CONS-0372,,,0.4,CONS-0031,CONS-0031,CONS-0435,N,-1234.0,,,,,,,,,,,,,,,Fraud & Verification,ID Verification,ISTWatch OFAC Watchlist,,,,Add Ons
Origination - Consumer,MeridianLink Consumer/Opening,Add On - Indirect Lead,MeridianLink,DealerApp,Standard,DealerApp,N,4100.0,CONS-0307,,,,,,,N,,,,,,,,,,,,,,,,Auto,Indirect Lead,DealerApp,,,,Add Ons
Origination - Consumer,MeridianLink Consumer/Opening,Add On - Indirect Lead,Innovative Funding Services,Innovative Funding Services (IFS),Standard,Innovative Funding Services (IFS),N,3300.0,CONS-0210,2400.0,CONS-0131,,,,,N,,,,,,,,,,,,,,,,Consumer & Digital Engagement,Indirect Lead,Innovative Funding Services (IFS),,,,Add Ons
Origination - Consumer,MeridianLink Consumer/Opening,Add On - Indirect Lead,National Auto Loan Network,NALN - National Auto Loan Network- Existing Customer,Standard,NALN - National Auto Loan Network,N,0.0,CONS-0003,2400.0,CONS-0132,,,,,N,,,,,,,,,,,,,,,,Consumer & Digital Engagement,Indirect Lead,NALN - National Auto Loan Network- Existing Customer,,,,Add Ons
Origination - Consumer,MeridianLink Consumer/Opening,Add On - Indirect Lead,National Auto Loan Network,NALN - National Auto Loan Network- New Customer,Standard,NALN - National Auto Loan Network,N,3300.0,CONS-0003,2400.0,CONS-0132,,,,,N,,One time fee applies only if it's a new customer,,,,,,,,,,,,,,Consumer & Digital Engagement,Indirect Lead,NALN - National Auto Loan Network- New Customer,,,,Add Ons
Origination - Consumer,MeridianLink Consumer/Opening,Add On - Indirect Lead,RouteOne,RouteOne eContracting Authoritative Copy Conversion (ACC),Standard,RouteOne eContracting Authoritative Copy Conversion (ACC),N,0.0,CONS-0389,,,28.5,CONS-0173,,,N,,Authoritative Copy Conversion (ACC) $21 plus postage,,,,,,,,,,,,,,Auto,Indirect Lead,RouteOne eContracting Authoritative Copy Conversion (ACC),,,,Add Ons
Origination - Consumer,MeridianLink Consumer/Opening,Add On - Indirect Lead,RouteOne,RouteOne eContracting Ancillary Document Fee,Per Page,RouteOne eContracting Ancillary Document Fee,N,0.0,CONS-0388,,,0.27,CONS-0078,,,N,,,,,,,,,,,,,,,,Auto,Indirect Lead,RouteOne eContracting Ancillary Document Fee,,,,Add Ons
Origination - Consumer,MeridianLink Consumer/Opening,Add On - Indirect Lead,RouteOne,RouteOne Electronic Contracting Per Vaulted Transaction,Per Vaulted Transaction,RouteOne Electronic Contracting Per Vaulted Transaction,N,0.0,CONS-0387,,,0.65,CONS-0136,,,N,,,,,,,,,,,,,,,,Auto,Indirect Lead,RouteOne Electronic Contracting Per Vaulted Transaction,,,,Add Ons
Origination - Consumer,MeridianLink Consumer/Opening,Add On - Indirect Lead,RouteOne,RouteOne TOLEC < 30 Day Turn,Standard,RouteOne TOLEC,N,12750.0,SHARED-0498,,,3.7,SHARED-0499,,,,,,,,,,,,,,,,,,,Auto,Indirect Lead,RouteOne TOLEC < 30 Day Turn,,,,Add Ons
Origination - Consumer,MeridianLink Consumer/Opening,Add On - Indirect Lead,RouteOne,"RouteOne TOLEC > 30 Day Turn, Multi Batch",Standard,RouteOne TOLEC,N,6500.0,SHARED-0498,,,3.7,SHARED-0499,,,,,,,,,,,,,,,,,,,Auto,Indirect Lead,"RouteOne TOLEC > 30 Day Turn, Multi Batch",,,,Add Ons
Origination - Consumer,MeridianLink Consumer/Opening,Add On - Indirect Lead,OttoMoto,OttoMoto (Consumer),Standard,OttoMoto,N,3300.0,SHARED-0561,2400.0,SHARED-0559,,,,,,,,,,,,,,,,,,,,,Not Mapped,Indirect Lead,OttoMoto (Consumer),,,,Add Ons
Origination - Consumer,MeridianLink Consumer/Opening,Add On - Lead Intake,,Auto Approve,Standard,Auto Approve,N,3300.0,CONS-0234,2400.0,CONS-0095,,,,,N,,,,,,,,,,,,,,,,Consumer & Digital Engagement,Lead Intake,Auto Approve,,,,Add Ons
Origination - Consumer,MeridianLink Consumer/Opening,Add On - Lead Intake,Autopay,Autopay,Standard,Autopay,N,3300.0,CONS-0181,2400.0,CONS-0047,,,,,N,,,,,,,,,,,,,,,,Consumer & Digital Engagement,Lead Intake,Autopay,,,,Add Ons
Origination - Consumer,MeridianLink Consumer/Opening,Add On - Lead Intake,Caribou,Caribou,Standard,Caribou,N,3300.0,CONS-0002,2400.0,CONS-0073,,,,,N,,refinance leads,,,,,,,,,,,,,,Consumer & Digital Engagement,Lead Intake,Caribou,,,,Add Ons
Origination - Consumer,MeridianLink Consumer/Opening,Add On - Lead Intake,CreditSnap,CreditSnap,Standard,CreditSnap,N,12750.0,CONS-0413,6250.0,CONS-0412,,,,,N,,"Setup via CLF Automated Action. If client is not set up with CLF Automated Action, client needs to sign an addendum for them.",,,,1,Dependent,CLF export automated action (CONS-0359),,,,,,,,Consumer & Digital Engagement,Lead Intake,CreditSnap,,,,Add Ons
Origination - Consumer,MeridianLink Consumer/Opening,Add On - Lead Intake,First Close,FirstClose Equity IQ,Standard,FirstClose Equity IQ,N,3300.0,CONS-0291,2400.0,CONS-0276,,,,,N,,,,,,,,,,,,,,,,Consumer & Digital Engagement,Lead Intake,FirstClose Equity IQ,,,,Add Ons
Origination - Consumer,MeridianLink Consumer/Opening,Add On - Lead Intake,fiVISION,FIVISION,Standard,fiVISION,N,12750.0,CONS-0290,6250.0,CONS-0277,,,,,N,,,,,,,,,,,,,,,,Consumer & Digital Engagement,Lead Intake,FIVISION,,,,Add Ons
Origination - Consumer,MeridianLink Consumer/Opening,Add On - Lead Intake,FourStars Finance,FourStars (Consumer),Standard,FourStars,N,3300.0,SHARED-0634,2400.0,SHARED-0635,,,,,,,,,,,,,,,,,,,,,Consumer & Digital Engagement,Lead Intake,FourStars,,,,Add Ons
Origination - Consumer,MeridianLink Consumer/Opening,Add On - Lead Intake,iLendingDirect,ILendingDirect,Standard,iLendingDirect,N,3300.0,CONS-0265,2400.0,CONS-0264,,,,,N,,,,,,,,,,,,,,,,Consumer & Digital Engagement,Lead Intake,ILendingDirect,,,,Add Ons
Origination - Consumer,MeridianLink Consumer/Opening,Add On - Lead Intake,LendingTree,LendingTree,Standard,LendingTree,N,4100.0,CONS-0196,4000.0,CONS-0128,,,,,N,,waived for clients we setup with LendingTree,,,,,,,,,,,,,,Consumer & Digital Engagement,Lead Intake,LendingTree,,,,Add Ons
Origination - Consumer,MeridianLink Consumer/Opening,Add On - Lead Intake,MoveCU,MoveCU,Standard,MoveCU,N,3300.0,CONS-0292,2400.0,CONS-0278,,,,,N,,,,,,,,,,,,,,,,Consumer & Digital Engagement,Lead Intake,MoveCU,,,,Add Ons
Origination - Consumer,MeridianLink Consumer/Opening,Add On - Lead Intake,Rate Genius,Rate Genius,Standard,Rate Genius,N,3300.0,CONS-0004,2400.0,CONS-0030,,,,,N,,"refinance leads; Fee is only applicable if RateGenius apps are sent directly into MeridianLink Consumer, if routed through DealerTrack there is no separate fee",,,,,,,,,,,,,,Consumer & Digital Engagement,Lead Intake,Rate Genius,,,,Add Ons
Origination - Consumer,MeridianLink Consumer/Opening,Add On - Lead Intake,FINOFR,FINOFR Direct Core Reset,Standard,FINOFR Direct Core Reset,N,4900.0,CONS-0256,2400.0,CONS-0027,,,,,N,,,,,,,,,,,,,,,,Consumer & Digital Engagement,Lead Intake,FINOFR Direct Core Reset,,,,Add Ons
Origination - Consumer,MeridianLink Consumer/Opening,Add On - Lead Intake,FINOFR,FINOFR Pre-Approval API (Consumer),Standard,FINOFR Pre-Approval API,N,4900.0,SHARED-0601,2400.0,SHARED-0602,,,,,N,,,,,,,,,,,,,,,,Consumer & Digital Engagement,Lead Intake,FINOFR Pre-Approval API (Consumer),,,,Add Ons
Origination - Consumer,MeridianLink Consumer/Opening,Add On - Lead Intake,SavvyMoney,SavvyMoney,Standard,SavvyMoney,N,0.0,CONS-0211,,,,,,,,,,,,,,,,,,,,,,,Consumer & Digital Engagement,Lead Intake,SavvyMoney,,,,Add Ons
Origination - Consumer,MeridianLink Consumer/Opening,Add On - Lead Intake,Movemint,Movemint Tier 1: $5B+,Standard,Movemint,N,8500.0,SHARED-0386,20250.0,SHARED-0393,,,,,N,,Also applies to LoanEngine (white label by Harland Clarke),,,,,,,,,,,,,,Not Mapped,Lead Intake,Movemint,Tier 1,5000000000.0,0.0,Add Ons
Origination - Consumer,MeridianLink Consumer/Opening,Add On - Lead Intake,Movemint,Movemint Tier 2: $1B - $5B,Standard,Movemint,N,7750.0,SHARED-0386,15500.0,SHARED-0392,,,,,N,,Also applies to LoanEngine (white label by Harland Clarke),,,,,,,,,,,,,,Consumer & Digital Engagement,Lead Intake,Movemint,Tier 2,1000000000.0,0.0,Add Ons
Origination - Consumer,MeridianLink Consumer/Opening,Add On - Lead Intake,Movemint,Movemint Tier 3: $500M - $1B,Standard,Movemint,N,7750.0,SHARED-0386,9250.0,SHARED-0385,,,,,N,,Also applies to LoanEngine (white label by Harland Clarke),,,,,,,,,,,,,,Consumer & Digital Engagement,Lead Intake,Movemint,Tier 3,500000000.0,0.0,Add Ons
Origination - Consumer,MeridianLink Consumer/Opening,Add On - Lead Intake,Movemint,Movemint Tier 4: $250M - $500M,Standard,Movemint,N,7750.0,SHARED-0386,6250.0,SHARED-0388,,,,,N,,Also applies to LoanEngine (white label by Harland Clarke),,,,,,,,,,,,,,Consumer & Digital Engagement,Lead Intake,Movemint,Tier 4,250000000.0,0.0,Add Ons
Origination - Consumer,MeridianLink Consumer/Opening,Add On - Lead Intake,Movemint,Movemint Tier 5: $100M - $250M,Standard,Movemint,N,7750.0,SHARED-0386,6250.0,SHARED-0394,,,,,N,,Also applies to LoanEngine (white label by Harland Clarke),,,,,,,,,,,,,,Consumer & Digital Engagement,Lead Intake,Movemint,Tier 5,100000000.0,0.0,Add Ons
Origination - Consumer,MeridianLink Consumer/Opening,Add On - Lead Intake,Blend,Blend,Standard,Blend,N,10750.0,SHARED-0545,5300.0,SHARED-0544,,,,,N,,,,,,,,,,,,,,,,Consumer & Digital Engagement,Lead Intake,Blend,,,,Add Ons
Origination - Consumer,MeridianLink Consumer/Opening,Add On - Lead Intake,Partner Auto Lead Generation,Auto Lead Generation Bundle,Standard,Auto Lead Generation Bundle,N,3500.0,CONS-0647,2500.0,CONS-0648,,,,,,,Must have Consumer Module,,,,,,,,,,,,,,Consumer & Digital Engagement,Lead Intake,Auto Lead Generation,,,,Add Ons
Origination - Consumer,MeridianLink Consumer/Opening,Add On - Lead Intake,Mark III,MarkIII,Standard,MarkIII,N,3025.0,CONS-0643,2215.0,CONS-0644,,,,,N,,,,,,,,,,,,,,,,Not Mapped,Lead Intake,MarkIII,,,,Add Ons
Origination - Consumer,MeridianLink Consumer/Opening,Add On - Lead Intake,Members Mobile,Members Mobile,Standard,Members Mobile,N,3025.0,CONS-0645,2215.0,CONS-0646,,,,,N,,,,,,1,Dependent,Account Opening Only,,,,,,,,Account Opening,Lead Intake,Members Mobile,,,,Add Ons
Origination - Consumer,MeridianLink Consumer/Opening,Add On - Merchant Lending,MeridianLink,Merchant Lending,Standard,Merchant Lending,N,6250.0,CONS-0143,,,,,,,N,,"For consumer-facing portal, they must buy/use AP",,,,,,,,,,,,,,Not Mapped,Merchant Lending,Merchant Lending,,,,Add Ons
SHARED,MeridianLink Consumer/Opening,Add On - Merchant Lending,LoanStar Technologies,LoanStar Technologies (Consumer),Standard,LoanStar Technologies,N,3300.0,SHARED-0387,2400.0,SHARED-0390,,,,,N,,,,,,,,,,,,,,,,Consumer & Digital Engagement,Merchant Lending,LoanStar Technologies (Consumer),,,,Add Ons
Origination - Consumer,MeridianLink Consumer/Opening,Add On - MeridianLink Access,MeridianLink,MeridianLink Access (up to 500 monthly applications),Standard,MeridianLink Access (up to 500 monthly applications),N,11250.0,ACCS-0010,12000.0,ACCS-0004,,,,,N,,"For existing customers, pricing changes when client re-ups (contract expiration and/or extension); level determined by previous year volume",,,,,,,,,,,,,,Consumer & Digital Engagement,MeridianLink Access,MeridianLink Access,Tier 6,0.0,500.0,Add Ons
Origination - Consumer,MeridianLink Consumer/Opening,Add On - MeridianLink Access,MeridianLink,MeridianLink Access (up to 1000 monthly applications),Standard,MeridianLink Access (up to 1000 monthly applications),N,11250.0,ACCS-0010,18250.0,ACCS-0004,,,,,N,,"For existing customers, pricing changes when client re-ups (contract expiration and/or extension); level determined by previous year volume",,,,,,,,,,,,,,Consumer & Digital Engagement,MeridianLink Access,MeridianLink Access,Tier 5,501.0,1000.0,Add Ons
Origination - Consumer,MeridianLink Consumer/Opening,Add On - MeridianLink Access,MeridianLink,MeridianLink Access (up to 2000 monthly applications),Standard,MeridianLink Access (up to 2000 monthly applications),N,11250.0,ACCS-0010,24250.0,ACCS-0004,,,,,N,,"For existing customers, pricing changes when client re-ups (contract expiration and/or extension); level determined by previous year volume",,,,,,,,,,,,,,Consumer & Digital Engagement,MeridianLink Access,MeridianLink Access,Tier 4,1001.0,2000.0,Add Ons
Origination - Consumer,MeridianLink Consumer/Opening,Add On - MeridianLink Access,MeridianLink,MeridianLink Access (up to 4000 monthly applications),Standard,MeridianLink Access (up to 4000 monthly applications),N,11250.0,ACCS-0010,30500.0,ACCS-0004,,,,,N,,"For existing customers, pricing changes when client re-ups (contract expiration and/or extension); level determined by previous year volume",,,,,,,,,,,,,,Consumer & Digital Engagement,MeridianLink Access,MeridianLink Access,Tier 3,20001.0,4000.0,Add Ons
Origination - Consumer,MeridianLink Consumer/Opening,Add On - MeridianLink Access,MeridianLink,MeridianLink Access (up to 8000 monthly applications),Standard,MeridianLink Access (up to 8000 monthly applications),N,11250.0,ACCS-0010,36500.0,ACCS-0004,,,,,N,,"For existing customers, pricing changes when client re-ups (contract expiration and/or extension); level determined by previous year volume",,,,,,,,,,,,,,Consumer & Digital Engagement,MeridianLink Access,MeridianLink Access,Tier 2,4001.0,8000.0,Add Ons
Origination - Consumer,MeridianLink Consumer/Opening,Add On - MeridianLink Access,MeridianLink,MeridianLink Access (Unlimited monthly applications),Standard,MeridianLink Access (Unlimited monthly applications),N,11250.0,ACCS-0010,46250.0,ACCS-0004,,,,,N,,"For existing customers, pricing changes when client re-ups (contract expiration and/or extension); level determined by previous year volume",,,,,,,,,,,,,,Consumer & Digital Engagement,MeridianLink Access,MeridianLink Access,Tier 1,80001.0,0.0,Add Ons
Origination - Consumer,MeridianLink Consumer/Opening,Add On - MeridianLink Access,MeridianLink,MeridianLink Access Tune Up,Standard,MeridianLink Access Tune Up,N,4000.0,SHARED-0568,,,,,,,N,,Additional support from Services Team for existing Access customers that require additional support deploying specific features or functionality ,,,,1,Dependent,Customer has MeridianLink Access Implemented,,,,,,,,Not Mapped,MeridianLink Access,MeridianLink Access Tune Up,,,,Add Ons
Origination - Consumer,MeridianLink Consumer/Opening,Add On - MeridianLink Access,Alpharank,"Alpharank T1: $10B+ AUM, Each Additional Service (Consumer - Access)",Monthly,Alpharank,N,0.0,SHARED-0647,30180.0,SHARED-0646,,,,,N,,,,,,,,,,,,,,,X,Consumer & Digital Engagement,MeridianLink Portal,"Alpharank T1: $10B+ AUM, Each Additional Service (Consumer - Access)",,,,Add Ons
Origination - Consumer,MeridianLink Consumer/Opening,Add On - MeridianLink Access,Alpharank,"Alpharank T1: $10B+ AUM, Initial Service (Consumer - Access)",Monthly,Alpharank,N,0.0,SHARED-0645,46428.0,SHARED-0644,,,,,N,,,,,,,,,,,,,,,X,Consumer & Digital Engagement,MeridianLink Portal,"Alpharank T1: $10B+ AUM, Initial Service (Consumer - Access)",,,,Add Ons
Origination - Consumer,MeridianLink Consumer/Opening,Add On - MeridianLink Access,Alpharank,"Alpharank T2: $2B-$10B AUM, Each Additional Service (Consumer - Access)",Monthly,Alpharank,N,0.0,SHARED-0647,27588.0,SHARED-0646,,,,,N,,,,,,,,,,,,,,,X,Consumer & Digital Engagement,MeridianLink Portal,"Alpharank T2: $2B-$10B AUM, Each Additional Service (Consumer - Access)",,,,Add Ons
Origination - Consumer,MeridianLink Consumer/Opening,Add On - MeridianLink Access,Alpharank,"Alpharank T2: $2B-$10B AUM, Initial Service (Consumer - Access)",Monthly,Alpharank,N,0.0,SHARED-0645,42420.0,SHARED-0644,,,,,N,,,,,,,,,,,,,,,X,Consumer & Digital Engagement,MeridianLink Portal,"Alpharank T2: $2B-$10B AUM, Initial Service (Consumer - Access)",,,,Add Ons
Origination - Consumer,MeridianLink Consumer/Opening,Add On - MeridianLink Access,Alpharank,"Alpharank T3: $500M-$2B AUM, Each Additional Service (Consumer - Access)",Monthly,Alpharank,N,0.0,SHARED-0647,21180.0,SHARED-0646,,,,,N,,,,,,,,,,,,,,,X,Consumer & Digital Engagement,MeridianLink Portal,"Alpharank T3: $500M-$2B AUM, Each Additional Service (Consumer - Access)",,,,Add Ons
Origination - Consumer,MeridianLink Consumer/Opening,Add On - MeridianLink Access,Alpharank,"Alpharank T3: $500M-$2B AUM, Initial Service (Consumer - Access)",Monthly,Alpharank,N,0.0,SHARED-0645,32556.0,SHARED-0644,,,,,N,,,,,,,,,,,,,,,X,Consumer & Digital Engagement,MeridianLink Portal,"Alpharank T3: $500M-$2B AUM, Initial Service (Consumer - Access)",,,,Add Ons
Origination - Consumer,MeridianLink Consumer/Opening,Add On - MeridianLink Access,Alpharank,"Alpharank T4: <$500M AUM, Each Additional Service (Consumer - Access)",Monthly,Alpharank,N,0.0,SHARED-0647,16296.0,SHARED-0646,,,,,N,,,,,,,,,,,,,,,X,Consumer & Digital Engagement,MeridianLink Portal,"Alpharank T4: <$500M AUM, Each Additional Service (Consumer - Access)",,,,Add Ons
Origination - Consumer,MeridianLink Consumer/Opening,Add On - MeridianLink Access,Alpharank,"Alpharank T4: <$500M AUM, Initial Service (Consumer - Access)",Monthly,Alpharank,N,0.0,SHARED-0645,25140.0,SHARED-0644,,,,,N,,,,,,,,,,,,,,,X,Consumer & Digital Engagement,MeridianLink Portal,"Alpharank T4: <$500M AUM, Initial Service (Consumer - Access)",,,,Add Ons
Origination - Consumer,MeridianLink Consumer/Opening,Add On - MeridianLink Access,Prove,Prefill Service via Prove,Standard,Prefill Service via Prove,N,3025.0,ACCS-0011,,,1.6,ACCS-0012,,ACCS-0013,,,per successful prefill,"per successful prefill, prefill data was exposed to the application",,,,,,,,,,,,,Not Mapped,MeridianLink Access,Prefill Service via Prove,,,,Add Ons
Origination - Consumer,MeridianLink Consumer/Opening,Add On - MeridianLink Consulting,MeridianLink,MeridianLink Sandbox & Study Hall,Standard,MeridianLink Sandbox & Study Hall,N,5300.0,CSLT-0034,,,,,,,N,,Annual fee is per User,Annual fee is per User,,,,,,,,,,,,,Not Mapped,MeridianLink Consulting,MeridianLink Sandbox & Study Hall,,,,Add Ons
Origination - Consumer,MeridianLink Consumer/Opening,Add On - MeridianLink Portal,Alpharank,"Alpharank T1: $10B+ AUM, Each Additional Service (Consumer - Portal)",Monthly,Alpharank,N,0.0,SHARED-0647,30180.0,SHARED-0646,,,,,N,,,,,,1 OR 2,Dependent,ML Portal (PORT-0010),Dependent,ML Portal (PORT-0034),,,,,X,Consumer & Digital Engagement,MeridianLink Portal,"Alpharank T1: $10B+ AUM, Each Additional Service (Consumer - Portal)",,,,Add Ons
Origination - Consumer,MeridianLink Consumer/Opening,Add On - MeridianLink Portal,Alpharank,"Alpharank T1: $10B+ AUM, Initial Service (Consumer - Portal)",Monthly,Alpharank,N,0.0,SHARED-0645,46428.0,SHARED-0644,,,,,N,,,,,,1 OR 2,Dependent,ML Portal (PORT-0010),Dependent,ML Portal (PORT-0034),,,,,X,Consumer & Digital Engagement,MeridianLink Portal,"Alpharank T1: $10B+ AUM, Initial Service (Consumer - Portal)",,,,Add Ons
Origination - Consumer,MeridianLink Consumer/Opening,Add On - MeridianLink Portal,Alpharank,"Alpharank T2: $2B-$10B AUM, Each Additional Service (Consumer - Portal)",Monthly,Alpharank,N,0.0,SHARED-0647,27588.0,SHARED-0646,,,,,N,,,,,,1 OR 2,Dependent,ML Portal (PORT-0010),Dependent,ML Portal (PORT-0034),,,,,X,Consumer & Digital Engagement,MeridianLink Portal,"Alpharank T2: $2B-$10B AUM, Each Additional Service (Consumer - Portal)",,,,Add Ons
Origination - Consumer,MeridianLink Consumer/Opening,Add On - MeridianLink Portal,Alpharank,"Alpharank T2: $2B-$10B AUM, Initial Service (Consumer - Portal)",Monthly,Alpharank,N,0.0,SHARED-0645,42420.0,SHARED-0644,,,,,N,,,,,,1 OR 2,Dependent,ML Portal (PORT-0010),Dependent,ML Portal (PORT-0034),,,,,X,Consumer & Digital Engagement,MeridianLink Portal,"Alpharank T2: $2B-$10B AUM, Initial Service (Consumer - Portal)",,,,Add Ons
Origination - Consumer,MeridianLink Consumer/Opening,Add On - MeridianLink Portal,Alpharank,"Alpharank T3: $500M-$2B AUM, Each Additional Service (Consumer - Portal)",Monthly,Alpharank,N,0.0,SHARED-0647,21180.0,SHARED-0646,,,,,N,,,,,,1 OR 2,Dependent,ML Portal (PORT-0010),Dependent,ML Portal (PORT-0034),,,,,X,Consumer & Digital Engagement,MeridianLink Portal,"Alpharank T3: $500M-$2B AUM, Each Additional Service (Consumer - Portal)",,,,Add Ons
Origination - Consumer,MeridianLink Consumer/Opening,Add On - MeridianLink Portal,Alpharank,"Alpharank T3: $500M-$2B AUM, Initial Service (Consumer - Portal)",Monthly,Alpharank,N,0.0,SHARED-0645,32556.0,SHARED-0644,,,,,N,,,,,,1 OR 2,Dependent,ML Portal (PORT-0010),Dependent,ML Portal (PORT-0034),,,,,X,Consumer & Digital Engagement,MeridianLink Portal,"Alpharank T3: $500M-$2B AUM, Initial Service (Consumer - Portal)",,,,Add Ons
Origination - Consumer,MeridianLink Consumer/Opening,Add On - MeridianLink Portal,Alpharank,"Alpharank T4: <$500M AUM, Each Additional Service (Consumer - Portal)",Monthly,Alpharank,N,0.0,SHARED-0647,16296.0,SHARED-0646,,,,,N,,,,,,1 OR 2,Dependent,ML Portal (PORT-0010),Dependent,ML Portal (PORT-0034),,,,,X,Consumer & Digital Engagement,MeridianLink Portal,"Alpharank T4: <$500M AUM, Each Additional Service (Consumer - Portal)",,,,Add Ons
Origination - Consumer,MeridianLink Consumer/Opening,Add On - MeridianLink Portal,Alpharank,"Alpharank T4: <$500M AUM, Initial Service (Consumer - Portal)",Monthly,Alpharank,N,0.0,SHARED-0645,25140.0,SHARED-0644,,,,,N,,,,,,1 OR 2,Dependent,ML Portal (PORT-0010),Dependent,ML Portal (PORT-0034),,,,,X,Consumer & Digital Engagement,MeridianLink Portal,"Alpharank T4: <$500M AUM, Initial Service (Consumer - Portal)",,,,Add Ons
Origination - Consumer,MeridianLink Consumer/Opening,Add On - Misc,MeridianLink,Add Additional Lender,Standard,Add Additional Lender,N,8250.0,CONS-0190,3200.0,CONS-0068,,,,,N,,This does not include live clients going through a core conversion where an additional lender is added to Beta for implementation purposes.,,,,,,,,,,,,,,Consumer Module,Misc,Add Additional Lender,,,,Add Ons
Origination - Consumer,MeridianLink Consumer/Opening,Add On - Misc,MeridianLink,Additional Automated Actions,Standard,Additional Automated Actions,N,0.0,CONS-0355,2400.0,CONS-0101,,,,,N,,Package includes 50 reports. Additional blocks of 10 reports are available for the annual fee (up to 20 additional reports),,,,,,,,,,,,,,Consumer Module,Misc,Additional Automated Actions,,,,Add Ons
Origination - Consumer,MeridianLink Consumer/Opening,Add On - Misc,MeridianLink,Additional Scheduled Reports,Standard,Additional Scheduled Reports,N,0.0,CONS-0356,2400.0,CONS-0102,,,,,N,,Package includes 50 reports. Additional blocks of 10 reports are available for the annual fee (up to 20 additional reports),,,,,,,,,,,,,,Consumer Module,Misc,Additional Scheduled Reports,,,,Add Ons
Origination - Consumer,MeridianLink Consumer/Opening,Add On - Misc,MeridianLink,Production Sync ,Standard,Production Sync (Consumer),N,10750.0,SHARED-0088,,,,,,,N,,This item supports migration from production to beta/demo. ,,,,,,,,,,,,,,Not Mapped,Misc,Production Sync ,,,,Add Ons
Origination - Consumer,MeridianLink Consumer/Opening,Add On - Misc,AffordIT,AffordIT,Standard,AffordIT,N,3300.0,CONS-0464,2400.0,CONS-0452,,,,,N,,Utilizes MeridianLink Consumer Synergic Framework,,,,1,Dependent,Customer must have any module for ML Consumer/Opening,,,,,,,,Not Mapped,Misc,AffordIT,,,,Add Ons
Origination - Consumer,MeridianLink Consumer/Opening,Add On - Misc,AFG,Auto Financial Group (AFG),Standard,Auto Financial Group (AFG),N,3300.0,CONS-0562,2400.0,CONS-0563,,,,,N,,,,Auto Financial Group loan calculator for balloon payments through MeridianLink Consumer API Integration.,,,,,,,,,,,,Consumer & Digital Engagement,Misc,Auto Financial Group (AFG),,,,Add Ons
Origination - Consumer,MeridianLink Consumer/Opening,Add On - Misc,MeridianLink,Automail,Standard,Automail,N,1575.0,CONS-0504,,,,,,,,,,,,,,,,,,,,,,,Not Mapped,Misc,Automail,,,,Add Ons
Origination - Consumer,MeridianLink Consumer/Opening,Add On - Misc,MeridianLink,Booking Validation,Standard,Booking Validation,N,-1234.0,CONS-0505,,,,,,,,,On an exception basis only. Quote pricing.  Price is not actually -$1234.00. ,,,,,,,,,,,,,,Consumer Module,Misc,Booking Validation,,,,Add Ons
Origination - Consumer,MeridianLink Consumer/Opening,Add On - Misc,MeridianLink,CLF Export Automated Action,Standard,CLF Export Automated Action,N,0.0,CONS-0359,1575.0,CONS-0103,,,,,N,,,,,,,,,,,,,,,,Data & Reporting,Misc,CLF Export Automated Action,,,,Add Ons
Origination - Consumer,MeridianLink Consumer/Opening,Add On - Misc,MeridianLink,Data Extraction Tool,Standard,Data Extraction Tool,N,6500.0,CONS-0232,1575.0,CONS-0107,,,,,N,,,,,,,,,,,,,,,,Data & Reporting,Misc,Data Extraction Tool,,,,Add Ons
Origination - Consumer,MeridianLink Consumer/Opening,Add On - Misc,Eltropy,Eltropy,Standard,Eltropy,N,3100.0,CONS-0497,2400.0,CONS-0496,,,,CONS-0495,,-1234.0,Member Engagement Tool.  Text Messaging Solution,,,,,,,,,,,,,,Consumer & Digital Engagement,Misc,Eltropy,,,,Add Ons
Origination - Consumer,MeridianLink Consumer/Opening,Add On - Misc,MeridianLink,MeridianLink Consumer & Opening Admin Training Class Series,Standard,MeridianLink Consumer & Opening Admin Training Class Series,N,2800.0,CONS-0612,,,,,,,,,Price is per account and valid for one year. Classes are offered on a regular monthly schedule,Price is per account and valid for one year. Does not renew.,,,,,,,,,,,,,Recurring Consulting Services,Misc,MeridianLink Consumer & Opening Admin Training Class Series,,,,Add Ons
Origination - Consumer,MeridianLink Consumer/Opening,Add On - Misc,MeridianLink,MeridianLink Consumer & Opening Admin Training Package,Standard,MeridianLink Consumer & Opening Admin Training Package,N,6000.0,CONS-0611,,,,,,,N,,Price is per account and valid for one year. Classes are offered on a regular monthly schedule,Price is per account and valid for one year. Does not renew.,,,,,,,,,,,,,Recurring Consulting Services,Misc,MeridianLink Consumer & Opening Admin Training Package,,,,Add Ons
Origination - Consumer,MeridianLink Consumer/Opening,Add On - Misc,MeridianLink,MeridianLink Consumer & Opening Custom Training,Standard,MeridianLink Consumer & Opening Custom Training,N,0.0,CONS-0614,,,-1234.0,CONS-0608,,,,,,,,,,,,,,,,,,,Not Mapped,Misc,MeridianLink Consumer & Opening Custom Training,,,,Add Ons
Origination - Consumer,MeridianLink Consumer/Opening,Add On - Misc,MeridianLink,MeridianLink Consumer & Opening Sandbox and Study Hall,Standard,MeridianLink Consumer & Opening Sandbox and Study Hall,N,2800.0,CONS-0606,2800.0,CONS-0613,,,,,,,,,,,,,,,,,,,,,Not Mapped,Misc,MeridianLink Consumer & Opening Sandbox and Study Hall,,,,Add Ons
Origination - Consumer,MeridianLink Consumer/Opening,Add On - Misc,MeridianLink,Re-deployment,Standard,Re-deployment,N,-1234.0,CONS-0213,,,,,,,N,,,,,,,,,,,,,,,,Recurring Consulting Services,Misc,Re-deployment,,,,Add Ons
Origination - Consumer,MeridianLink Consumer/Opening,Add On - Misc,MeridianLink,Retrain: Administration Setup with SDC,Standard,Retrain: Administration Setup with SDC,N,5750.0,CONS-0311,,,,,,,N,,"This is a 9 week course conducted via webinar.  The 9 week course will cover and show your admins in the system how to setup products, underwriting rules, rates, preferences and customize the look and feel of your online application channel.
NOTE:  If only attending webinar sessions without an assigned software deployment consultant: No Fees Associated ",,,,,,,,,,,,,,Not Mapped,Misc,Retrain: Administration Setup with SDC,,,,Add Ons
Origination - Consumer,MeridianLink Consumer/Opening,Add On - Misc,MeridianLink,SMS Text Feature,Per Pull,SMS Text Feature,N,0.0,CONS-0373,,,0.13,CONS-0075,,CONS-0638,N,,Per text; applies to both test and production,,,,,,,,,,,,,,Consumer Module,Misc,SMS Text Feature,,,,Add Ons
Origination - Consumer,MeridianLink Consumer/Opening,Add On - Misc,MeridianLink,Web Server Migration,Standard,Web Server Migration,N,7750.0,CONS-0508,,,,,,,,,,,,,,,,,,,,,,,Consumer Module,Misc,Web Server Migration,,,,Add Ons
Origination - Consumer,MeridianLink Consumer/Opening,Add On - Misc,JHA,Yellow Hammer,Standard,Yellow Hammer,N,3500.0,CONS-0380,,,,,,,N,,For AML/BSA compliance,,,,,,,,,,,,,,Fraud & Verification,Misc,Yellow Hammer,,,,Add Ons
Origination - Consumer,MeridianLink Consumer/Opening,Add On - Misc,MeridianLink,Active Directory,Standard,Active Directory SSO,N,4200.0,CONS-0243,1575.0,CONS-0116,,,,,N,,,,,,,,,,,,,,,,Consumer Module,Misc,Active Directory,,,,Add Ons
SHARED,MeridianLink Consumer/Opening,Add On - Misc,MeridianLink,VPN - Main Connection (Consumer),Standard,VPN - Main Connection,N,205.0,SHARED-0621,,,,,,,,,,,,,,,,,,,,,,,Other,Misc,VPN - Main Connection (Consumer),,,,Add Ons
SHARED,MeridianLink Consumer/Opening,Add On - Misc,MeridianLink,VPN - Disaster Recovery Connection (Consumer),Standard,VPN - Disaster Recovery Connection,N,205.0,SHARED-0620,,,,,,,,,,,,,,,,,,,,,,,Other,Misc,VPN - Disaster Recovery Connection (Consumer),,,,Add Ons
SHARED,MeridianLink Consumer/Opening,Add On - Misc,MeridianLink,VPN - Other Connection (Consumer),Standard,VPN - Other Connection,N,205.0,SHARED-0619,,,,,,,,,,,,,,,,,,,,,,,Other,Misc,VPN - Other Connection (Consumer),,,,Add Ons
SHARED,MeridianLink Consumer/Opening,Add On - Misc,MeridianLink,IT Professional Services - Phone Support (Consumer),Standard,IT Professional Services - Phone Support ,N,400.0,SHARED-0618,,,,,,,,,Price is per hour,,,,,,,,,,,,,,Other,Misc,IT Professional Services - Phone Support (Consumer),,,,Add Ons
SHARED,MeridianLink Consumer/Opening,Add On - Misc,MeridianLink,IT Professioal Services - Expedited Request (Consumer),Standard,IT Professioal Services - Expedited Request ,N,2500.0,SHARED-0617,,,,,,,,,Work to be performed in less than 10 days,,,,,,,,,,,,,,Other,Misc,IT Professioal Services - Expedited Request (Consumer),,,,Add Ons
Origination - Consumer,MeridianLink Consumer/Opening,Add On - Modern Experience,MeridianLink,Modern Experience Upgrade – Client Led,Secondary Setup,Modern Experience Module,N,1325.0,CONS-0403,,,,,,,,,"Modern Experience Upgrade, client led. Includes 3 Services hours.",,,"CONS-0402, CONS-0400, CONS-0397, CONS-0401, CONS-0398, CONS-0399,CONS-0636,CONS-0637",,,,,,,,,,,Consumer Module,Modern Experience,Modern Experience Upgrade – Client Led,,,,Add Ons
Origination - Consumer,MeridianLink Consumer/Opening,Add On - Modern Experience,MeridianLink,"Modern Experience Upgrade – ML Dedicated, Services Led",Secondary Setup,Modern Experience Module,N,4700.0,CONS-0403,,,,,,,,,"Modern Experience Upgrade for ML dedicated server clients, Services led. Includes 10 Services hours.",,,"CONS-0402, CONS-0400, CONS-0397, CONS-0401, CONS-0398, CONS-0399,CONS-0636,CONS-0637",,,,,,,,,,,Consumer Module,Modern Experience,"Modern Experience Upgrade – ML Dedicated, Services Led",,,,Add Ons
Origination - Consumer,MeridianLink Consumer/Opening,Add On - Modern Experience,MeridianLink,Modern Experience Upgrade – Services Led,Secondary Setup,Modern Experience Module,N,3800.0,CONS-0403,,,,,,,,,"Modern Experience Upgrade for ML shared server clients, Services led. Includes 10 Services hours.",,,"CONS-0402, CONS-0400, CONS-0397, CONS-0401, CONS-0398, CONS-0399,CONS-0636,CONS-0637",,,,,,,,,,,Consumer Module,Modern Experience,Modern Experience Upgrade – Services Led,,,,Add Ons
Origination - Consumer,MeridianLink Consumer/Opening,Add On - Payment/Funding Option,ACH Originator via NACHA,ACH Processing (NACHA),Standard,ACH Processing,N,0.0,CONS-0381,,,,,,,N,,,,,,,,,,,,,,,,Essential Services,Payment/Funding Option,ACH Processing (NACHA),,,,Add Ons
Origination - Consumer,MeridianLink Consumer/Opening,Add On - Payment/Funding Option,Authorize.net,Credit Card Processing (Authorize.net),Standard,Credit Card Processing,N,3500.0,CONS-0384,,,,,,,N,,,,,,,,,,,,,,,,Essential Services,Payment/Funding Option,Credit Card Processing (Authorize.net),,,,Add Ons
Origination - Consumer,MeridianLink Consumer/Opening,Add On - Payment/Funding Option,Paypal,Payment Processing,Standard,Payment Processing,N,0.0,CONS-0386,,,,,,,N,,,,,,,,,,,,,,,,Not Mapped,Payment/Funding Option,Payment Processing,,,,Add Ons
Origination - Consumer,MeridianLink Consumer/Opening,Add On - Settlement Services,United One,United One Resources,Standard, United One Resources,N,3300.0,CONS-0299,2400.0,CONS-0284,,,,,,,,,,,,,,,,,,,,,Settlement & Real Estate Services,Settlement Services,United One Resources,,,,Add Ons
Origination - Consumer,MeridianLink Consumer/Opening,Add On - Settlement Services,Accurate Group,Accurate Group-  Settlement Services,Standard,Accurate Group-  Settlement Services,N,3300.0,CONS-0294,2400.0,CONS-0279,,,,,N,,Utilizes MeridianLink Consumer Synergic Framework,,,,,,,,,,,,,,Settlement & Real Estate Services,Settlement Services,Accurate Group-  Settlement Services,,,,Add Ons
Origination - Consumer,MeridianLink Consumer/Opening,Add On - Settlement Services,Corporate Settlement Solutions,Corporate Settlement Solutions- Settlement Services,Standard,Corporate Settlement Solutions- Settlement Services,N,3300.0,CONS-0422,2400.0,CONS-0421,,,,,,,,,,,,,,,,,,,,,Settlement & Real Estate Services,Settlement Services,Corporate Settlement Solutions- Settlement Services,,,,Add Ons
Origination - Consumer,MeridianLink Consumer/Opening,Add On - Settlement Services,Coviance,Coviance  Settlement Services,Standard,Coviance-  Settlement Services,N,3300.0,CONS-0296,2400.0,CONS-0281,,,,,N,,Utilizes MeridianLink Consumer Synergic Framework,,,,,,,,,,,,,,Settlement & Real Estate Services,Settlement Services,Coviance  Settlement Services,,,,Add Ons
Origination - Consumer,MeridianLink Consumer/Opening,Add On - Settlement Services,First American,First American- Settlement Services,Standard,First American- Settlement Services,N,3300.0,CONS-0502,2400.0,CONS-0501,,,,,,,,,,,,,,,,,,,,,Settlement & Real Estate Services,Settlement Services,First American- Settlement Services,,,,Add Ons
Origination - Consumer,MeridianLink Consumer/Opening,Add On - Settlement Services,ThinkLattice,LendOne Settlement Services,Standard,LendOne Settlement Services,N,3300.0,CONS-0630,2400.0,CONS-0621,,,,,,,FKA SWBC,,,,,,,,,,,,,,Settlement & Real Estate Services,Settlement Services,LendOne Settlement Services,,,,Add Ons
Origination - Consumer,MeridianLink Consumer/Opening,Add On - Settlement Services,MTS Group,MTS Group Settlement Services,Standard,MTS Group Settlement Services,N,3300.0,CONS-0570,2400.0,CONS-0571,,,,,,,,,,,,,,,,,,,,,Settlement & Real Estate Services,Settlement Services,MTS Group Settlement Services,,,,Add Ons
Origination - Consumer,MeridianLink Consumer/Opening,Add On - Settlement Services,New Vista,New Vista - Settlement Services,Standard,New Vista - Settlement Services,N,3300.0,CONS-0297,2400.0,CONS-0282,,,,,N,,Utilizes MeridianLink Consumer Synergic Framework,,,,,,,,,,,,,,Settlement & Real Estate Services,Settlement Services,New Vista - Settlement Services,,,,Add Ons
Origination - Consumer,MeridianLink Consumer/Opening,Add On - Settlement Services,Select Business Services,Select Business Services,Standard,Select Business Services,N,3300.0,CONS-0506,2400.0,CONS-0509,,,,,,,,,,,,,,,,,,,,,Settlement & Real Estate Services,Settlement Services,Select Business Services,,,,Add Ons
Origination - Consumer,MeridianLink Consumer/Opening,Add On - Settlement Services,Universal Real Estate Services,Universal Real Estate Services - Settlement Services,Standard,Universal Real Estate Services - Settlement Services,N,3300.0,CONS-0300,2400.0,CONS-0285,,,,,N,,Utilizes MeridianLink Consumer Synergic Framework,,,,,,,,,,,,,,Settlement & Real Estate Services,Settlement Services,Universal Real Estate Services - Settlement Services,,,,Add Ons
Origination - Consumer,MeridianLink Consumer/Opening,Add On - SwitchKit,ClickSWITCH,ClickSWITCH (existing CS client),Standard,ClickSWITCH,N,8250.0,CONS-0214,4700.0,CONS-0113,,,,,N,,,,,,,,,,,,,,,,Essential Services,SwitchKit,ClickSWITCH (existing CS client),,,,Add Ons
Origination - Consumer,MeridianLink Consumer/Opening,Add On - SwitchKit,ClickSWITCH,ClickSWITCH (new CS client),Standard,ClickSWITCH,N,12250.0,CONS-0214,,,35.45,CONS-0039,CONS-0039,CONS-0436,N,-1234.0,,,,,,,,,,,,,,,Essential Services,SwitchKit,ClickSWITCH (new CS client),,,,Add Ons
Origination - Consumer,MeridianLink Consumer/Opening,Add On - Vehicle History,Experian,AutoCheck,Standard,AutoCheck,N,1625.0,CONS-0187,1575.0,CONS-0082,11.85,CONS-0048,CONS-0048,CONS-0437,N,-1234.0,Client buying from Experian directly = setup + annual; Client buying from ML = setup + annual + transaction,,,,,,,,,,,,,,Auto,Vehicle History,AutoCheck,,,,Add Ons
Origination - Consumer,MeridianLink Consumer/Opening,Add On - Vehicle History,Experian,AutoCheck with Buyback Protection,Standard,AutoCheck with Buyback Protection,N,1625.0,CONS-0198,1575.0,CONS-0084,15.6,CONS-0599,CONS-0048,CONS-0600,N,-1234.0,Client buying from Experian directly = setup + annual; Client buying from ML = setup + annual + transaction,,,,,,,,,,,,,,Not Mapped,Vehicle History,AutoCheck with Buyback Protection,,,,Add Ons
Origination - Consumer,MeridianLink Consumer/Opening,Add On - Vehicle History,CarFax,Carfax Title Brand Component,Standard,Carfax Title Brand Component,N,0.0,CONS-0358,,,0.4,CONS-0179,CONS-0179,CONS-0494,N,-1234.0,,,,,,,,,,,,,,,Auto,Vehicle History,Carfax Title Brand Component,,,,Add Ons
Origination - Consumer,MeridianLink Consumer/Opening,Add On - Vehicle Insurance,American Services Group,American Services Group (ASG) aka CSO,Standard,American Service Group (ASG),N,3300.0,CONS-0309,2400.0,CONS-0304,,,,,N,,Utilizes MeridianLink Consumer Synergic Framework,,,,,,,,,,,,,,Auto,Vehicle Insurance,American Services Group (ASG) aka CSO,,,,Add Ons
Origination - Consumer,MeridianLink Consumer/Opening,Add On - Vehicle Insurance,Auto Exam,Auto Exam ,Standard,Auto Exam ,N,3300.0,CONS-0310,2400.0,CONS-0305,,,,,N,,Utilizes MeridianLink Consumer Synergic Framework,,,,,,,,,,,,,,Auto,Vehicle Insurance,Auto Exam ,,,,Add Ons
Origination - Consumer,MeridianLink Consumer/Opening,Add On - Vehicle Insurance,Evans Simpson & Associates,Car Solutions Auto Insurance Integration,Standard,Car Solutions,N,3300.0,CONS-0499,2400.0,CONS-0503,,,,,,,,,,,,,,,,,,,,,Not Mapped,Vehicle Insurance,Car Solutions Auto Insurance Integration,,,,Add Ons
Origination - Consumer,MeridianLink Consumer/Opening,Add On - Vehicle Insurance,First Innovations,First Innovations,Standard,First Innovations,N,3300.0,CONS-0561,2400.0,CONS-0566,,,,,N,,,,"First Innovations auto insurance services that include GAP, vehicle service contracts, credit insurance, and ancilliary products.",,,,,,,,,,,,Auto,Vehicle Insurance,First Innovations,,,,Add Ons
Origination - Consumer,MeridianLink Consumer/Opening,Add On - Vehicle Insurance,Lenders Protection,Open Lending - Lenders Protection,Standard,Open Lending - Lenders Protection,N,0.0,CONS-0634,,,,,,,N,,,,,,,,,,,,,,,,Not Mapped,Vehicle Insurance,Open Lending - Lenders Protection,,,,Add Ons
Origination - Consumer,MeridianLink Consumer/Opening,Add On - Vehicle Insurance,TruStage Digital Storefront,TruStage QuoteConnect (CUNA),Standard,TruStage QuoteConnect (CUNA),N,0.0,CONS-0635,,,,,,,N,,,,,,,,,,,,,,,,Not Mapped,Vehicle Insurance,TruStage QuoteConnect (CUNA),,,,Add Ons
Origination - Consumer,MeridianLink Consumer/Opening,Add On - Vehicle Insurance,IWS Warranty,IWS Warranty (Consumer),Standard,IWS Warranty,N,3300.0,SHARED-0575,2400.0,SHARED-0576,,,,,,,,,,,,,,,,,,,,,Not Mapped,Vehicle Insurance,IWS Warranty (Consumer),,,,Add Ons
Origination - Consumer,MeridianLink Consumer/Opening,Add On - Fraud Protection,TransUnion,TransUnion TruValidate Full Bundle (IDV and IDA),Standard,TransUnion TruValidate Full Bundle (IDV and IDA),N,6500.0,CONS-0487,,,4.85,CONS-0483,CONS-0483,CONS-0484,N,-1234.0,Full Bundle and Verification are not mutually exclusive,,,,1,Dependent,Consumer Lending Module or Opening Module or Business Lending Module or Home Equity Module,,,,,,,,Fraud & Verification,Fraud Protection,TransUnion TruValidate Full Bundle (IDV and IDA),,,,Add Ons
Origination - Consumer,MeridianLink Consumer/Opening,Add On - Fraud Protection,TransUnion,TransUnion TruValidate Verification Only (IDV)- with Full Bundle (IDV and IDA),Standard,TransUnion TruValidate Verification Only (IDV),N,0.0,CONS-0482,,,2.75,CONS-0485,CONS-0485,CONS-0486,N,-1234.0,Full Bundle and Verification are not mutually exclusive. There is only one setup fee which covers both Full Bundle and Verification Only.,,,,1 AND 2,Dependent,Consumer Lending Module or Opening Module or Business Lending Module or Home Equity Module,Dependent,TransUnion TruValidate Full Bundle (IDV and IDA) CONS-0487,,,,,,Fraud & Verification,Fraud Protection,TransUnion TruValidate Verification Only (IDV)- with Full Bundle (IDV and IDA),,,,Add Ons
Origination - Consumer,MeridianLink Consumer/Opening,Add On - Fraud Protection,TransUnion,TransUnion TruValidate Verification Only (IDV)- without Full Bundle,Standard,TransUnion TruValidate Verification Only (IDV),N,6500.0,CONS-0482,,,2.75,CONS-0485,CONS-0485,CONS-0486,N,-1234.0,Full Bundle and Verification are not mutually exclusive,,,,1,Dependent,Consumer Lending Module or Opening Module or Business Lending Module or Home Equity Module,,,,,,,,Fraud & Verification,Fraud Protection,TransUnion TruValidate Verification Only (IDV)- without Full Bundle,,,,Add Ons
Origination - Consumer,MeridianLink Consumer/Opening,Primary Service,MeridianLink,MeridianLink Consumer - Business Module Tier 1 (1000-1999 apps),App Commitment / Mon,Origination Platform - Business Module,Y,17000.0,CONS-0231,,,16.35,CONS-0009,CONS-0009,CONS-0018,N,16350.0,Global Minimum $985 per month applies if customer makes no commitments on sub-modules.,,,CONS-0059,,,,,,,,,,,Primary Service,,MeridianLink Consumer - Business Module ,Tier 1,1000.0,1999.0,Primary Product
Origination - Consumer,MeridianLink Consumer/Opening,Primary Service,MeridianLink,MeridianLink Consumer - Business Module Tier 2 (500-999 apps),App Commitment / Mon,Origination Platform - Business Module,Y,17000.0,CONS-0231,,,21.4,CONS-0009,CONS-0009,CONS-0018,N,10700.0,Global Minimum $985 per month applies if customer makes no commitments on sub-modules.,,,CONS-0059,,,,,,,,,,,Primary Service,,MeridianLink Consumer - Business Module ,Tier 2,500.0,999.0,Primary Product
Origination - Consumer,MeridianLink Consumer/Opening,Primary Service,MeridianLink,MeridianLink Consumer - Business Module Tier 3 (250-499 apps),App Commitment / Mon,Origination Platform - Business Module,Y,17000.0,CONS-0231,,,26.2,CONS-0009,CONS-0009,CONS-0018,N,6550.0,Global Minimum $985 per month applies if customer makes no commitments on sub-modules.,,,CONS-0059,,,,,,,,,,,Primary Service,,MeridianLink Consumer - Business Module ,Tier 3,250.0,499.0,Primary Product
Origination - Consumer,MeridianLink Consumer/Opening,Primary Service,MeridianLink,MeridianLink Consumer - Business Module Tier 4 (up to 249 apps),App Commitment / Mon,Origination Platform - Business Module,Y,17000.0,CONS-0231,,,32.65,CONS-0009,CONS-0009,CONS-0018,N,-1234.0,Global Minimum $985 per month applies if customer makes no commitments on sub-modules.,,,CONS-0059,,,,,,,,,,,Primary Service,,MeridianLink Consumer - Business Module ,Tier 4,0.0,249.0,Primary Product
Origination - Consumer,MeridianLink Consumer/Opening,Primary Service,MeridianLink,"MeridianLink Consumer - Consumer Module Tier 01 (30,000+ apps)",App Commitment / Mon,Origination Platform - Consumer Module,N,-1234.0,CONS-0236,,,1.85,CONS-0013,CONS-0013,CONS-0072,N,55500.0,"** Global Minimum $985 per month applies if customer makes no commitments on sub-modules.  ** if you create an app commitment between levels, you must use the per application fee of the lower level.",,,"CONS-0061, CONS-0049, CONS-0064, CONS-0066, CONS-0042, CONS-0058",,,,,,,,,,,Primary Service,,MeridianLink Consumer - Consumer Module,Tier 1,30000.0,0.0,Primary Product
Origination - Consumer,MeridianLink Consumer/Opening,Primary Service,MeridianLink,MeridianLink Consumer - Consumer Module Tier 10 (500-999 apps),App Commitment / Mon,Origination Platform - Consumer Module,Y,45500.0,CONS-0236,,,10.8,CONS-0013,CONS-0013,CONS-0072,N,5400.0,"** Global Minimum $985 per month applies if customer makes no commitments on sub-modules.  ** if you create an app commitment between levels, you must use the per application fee of the lower level.",,,"CONS-0061, CONS-0049, CONS-0064, CONS-0066, CONS-0042, CONS-0058",,,,,,,,,,,Primary Service,,MeridianLink Consumer - Consumer Module,Tier 10,500.0,999.0,Primary Product
Origination - Consumer,MeridianLink Consumer/Opening,Primary Service,MeridianLink,MeridianLink Consumer - Consumer Module Tier 11 (250-499 apps),App Commitment / Mon,Origination Platform - Consumer Module,Y,35500.0,CONS-0236,,,12.5,CONS-0013,CONS-0013,CONS-0072,N,3125.0,"** Global Minimum $985 per month applies if customer makes no commitments on sub-modules.  ** if you create an app commitment between levels, you must use the per application fee of the lower level.",,,"CONS-0061, CONS-0049, CONS-0064, CONS-0066, CONS-0042, CONS-0058",,,,,,,,,,,Primary Service,,MeridianLink Consumer - Consumer Module,Tier 11,250.0,499.0,Primary Product
Origination - Consumer,MeridianLink Consumer/Opening,Primary Service,MeridianLink,MeridianLink Consumer - Consumer Module Tier 12 (up to 249 apps),App Commitment / Mon,Origination Platform - Consumer Module,Y,28750.0,CONS-0236,,,14.2,CONS-0013,CONS-0013,CONS-0072,N,-1234.0,"** Global Minimum $985 per month applies if customer makes no commitments on sub-modules.  ** if you create an app commitment between levels, you must use the per application fee of the lower level.",,,"CONS-0061, CONS-0049, CONS-0064, CONS-0066, CONS-0042, CONS-0058",,,,,,,,,,,Primary Service,,MeridianLink Consumer - Consumer Module,Tier 12,0.0,249.0,Primary Product
Origination - Consumer,MeridianLink Consumer/Opening,Primary Service,MeridianLink,"MeridianLink Consumer - Consumer Module Tier 02 (25,000-29,999 apps)",App Commitment / Mon,Origination Platform - Consumer Module,N,-1234.0,CONS-0236,,,2.2,CONS-0013,CONS-0013,CONS-0072,N,55000.0,"** Global Minimum $985 per month applies if customer makes no commitments on sub-modules.  ** if you create an app commitment between levels, you must use the per application fee of the lower level.",,,"CONS-0061, CONS-0049, CONS-0064, CONS-0066, CONS-0042, CONS-0058",,,,,,,,,,,Primary Service,,MeridianLink Consumer - Consumer Module,Tier 2,25000.0,29999.0,Primary Product
Origination - Consumer,MeridianLink Consumer/Opening,Primary Service,MeridianLink,"MeridianLink Consumer - Consumer Module Tier 03 (20,000-24,999 apps)",App Commitment / Mon,Origination Platform - Consumer Module,N,-1234.0,CONS-0236,,,2.5,CONS-0013,CONS-0013,CONS-0072,N,50000.0,"** Global Minimum $985 per month applies if customer makes no commitments on sub-modules.  ** if you create an app commitment between levels, you must use the per application fee of the lower level.",,,"CONS-0061, CONS-0049, CONS-0064, CONS-0066, CONS-0042, CONS-0058",,,,,,,,,,,Primary Service,,MeridianLink Consumer - Consumer Module,Tier 3,20000.0,24999.0,Primary Product
Origination - Consumer,MeridianLink Consumer/Opening,Primary Service,MeridianLink,"MeridianLink Consumer - Consumer Module Tier 04 (15,000-19,999 apps)",App Commitment / Mon,Origination Platform - Consumer Module,N,-1234.0,CONS-0236,,,2.9,CONS-0013,CONS-0013,CONS-0072,N,43500.0,"** Global Minimum $985 per month applies if customer makes no commitments on sub-modules.  ** if you create an app commitment between levels, you must use the per application fee of the lower level.",,,"CONS-0061, CONS-0049, CONS-0064, CONS-0066, CONS-0042, CONS-0058",,,,,,,,,,,Primary Service,,MeridianLink Consumer - Consumer Module,Tier 4,15000.0,19999.0,Primary Product
Origination - Consumer,MeridianLink Consumer/Opening,Primary Service,MeridianLink,"MeridianLink Consumer - Consumer Module Tier 05 (10,000-14,999 apps)",App Commitment / Mon,Origination Platform - Consumer Module,N,-1234.0,CONS-0236,,,3.35,CONS-0013,CONS-0013,CONS-0072,N,33500.0,"** Global Minimum $985 per month applies if customer makes no commitments on sub-modules.  ** if you create an app commitment between levels, you must use the per application fee of the lower level.",,,"CONS-0061, CONS-0049, CONS-0064, CONS-0066, CONS-0042, CONS-0058",,,,,,,,,,,Primary Service,,MeridianLink Consumer - Consumer Module,Tier 5,10000.0,14999.0,Primary Product
Origination - Consumer,MeridianLink Consumer/Opening,Primary Service,MeridianLink,MeridianLink Consumer - Consumer Module Tier 06 (8000-9999 apps),App Commitment / Mon,Origination Platform - Consumer Module,Y,85750.0,CONS-0236,,,3.95,CONS-0013,CONS-0013,CONS-0072,N,31600.0,"** Global Minimum $985 per month applies if customer makes no commitments on sub-modules.  ** if you create an app commitment between levels, you must use the per application fee of the lower level.",,,"CONS-0061, CONS-0049, CONS-0064, CONS-0066, CONS-0042, CONS-0058",,,,,,,,,,,Primary Service,,MeridianLink Consumer - Consumer Module,Tier 6,8000.0,9999.0,Primary Product
Origination - Consumer,MeridianLink Consumer/Opening,Primary Service,MeridianLink,MeridianLink Consumer - Consumer Module Tier 07 (4000-7999 apps),App Commitment / Mon,Origination Platform - Consumer Module,Y,75750.0,CONS-0236,,,4.8,CONS-0013,CONS-0013,CONS-0072,N,19200.0,"** Global Minimum $985 per month applies if customer makes no commitments on sub-modules.  ** if you create an app commitment between levels, you must use the per application fee of the lower level.",,,"CONS-0061, CONS-0049, CONS-0064, CONS-0066, CONS-0042, CONS-0058",,,,,,,,,,,Primary Service,,MeridianLink Consumer - Consumer Module,Tier 7,4000.0,7999.0,Primary Product
Origination - Consumer,MeridianLink Consumer/Opening,Primary Service,MeridianLink,MeridianLink Consumer - Consumer Module Tier 08 (2000-3999 apps),App Commitment / Mon,Origination Platform - Consumer Module,Y,65750.0,CONS-0236,,,6.75,CONS-0013,CONS-0013,CONS-0072,N,13500.0,"** Global Minimum $985 per month applies if customer makes no commitments on sub-modules.  ** if you create an app commitment between levels, you must use the per application fee of the lower level.",,,"CONS-0061, CONS-0049, CONS-0064, CONS-0066, CONS-0042, CONS-0058",,,,,,,,,,,Primary Service,,MeridianLink Consumer - Consumer Module,Tier 8,2000.0,3999.0,Primary Product
Origination - Consumer,MeridianLink Consumer/Opening,Primary Service,MeridianLink,MeridianLink Consumer - Consumer Module Tier 09 (1000-1999 apps),App Commitment / Mon,Origination Platform - Consumer Module,Y,54000.0,CONS-0236,,,8.8,CONS-0013,CONS-0013,CONS-0072,N,8800.0,"** Global Minimum $985 per month applies if customer makes no commitments on sub-modules.  ** if you create an app commitment between levels, you must use the per application fee of the lower level.",,,"CONS-0061, CONS-0049, CONS-0064, CONS-0066, CONS-0042, CONS-0058",,,,,,,,,,,Primary Service,,MeridianLink Consumer - Consumer Module,Tier 9,1000.0,1999.0,Primary Product
Origination - Consumer,MeridianLink Consumer/Opening,Primary Service,MeridianLink,MeridianLink Consumer - Home Equity Module Tier 1 (1000-1999 apps),App Commitment / Mon,Origination Platform - Home Equity Module,Y,17000.0,CONS-0220,,,11.8,CONS-0022,CONS-0022,CONS-0019,N,11800.0,Global Minimum $985 per month applies if customer makes no commitments on sub-modules.,,,CONS-0062,,,,,,,,,,,Primary Service,,MeridianLink Consumer - Home Equity Module,Tier 1,1000.0,1999.0,Primary Product
Origination - Consumer,MeridianLink Consumer/Opening,Primary Service,MeridianLink,MeridianLink Consumer - Home Equity Module Tier 2 (500-999 apps),App Commitment / Mon,Origination Platform - Home Equity Module,Y,17000.0,CONS-0220,,,15.15,CONS-0022,CONS-0022,CONS-0019,N,7575.0,Global Minimum $985 per month applies if customer makes no commitments on sub-modules.,,,CONS-0062,,,,,,,,,,,Primary Service,,MeridianLink Consumer - Home Equity Module,Tier 2,500.0,999.0,Primary Product
Origination - Consumer,MeridianLink Consumer/Opening,Primary Service,MeridianLink,MeridianLink Consumer - Home Equity Module Tier 3 (250-499 apps),App Commitment / Mon,Origination Platform - Home Equity Module,Y,17000.0,CONS-0220,,,20.05,CONS-0022,CONS-0022,CONS-0019,N,5012.5,Global Minimum $985 per month applies if customer makes no commitments on sub-modules.,,,CONS-0062,,,,,,,,,,,Primary Service,,MeridianLink Consumer - Home Equity Module,Tier 3,250.0,499.0,Primary Product
Origination - Consumer,MeridianLink Consumer/Opening,Primary Service,MeridianLink,MeridianLink Consumer - Home Equity Module Tier 4 (up to 249 apps),App Commitment / Mon,Origination Platform - Home Equity Module,Y,17000.0,CONS-0220,,,25.1,CONS-0022,CONS-0022,CONS-0019,N,-1234.0,Global Minimum $985 per month applies if customer makes no commitments on sub-modules.,,,CONS-0062,,,,,,,,,,,Primary Service,,MeridianLink Consumer - Home Equity Module,Tier 4,0.0,249.0,Primary Product
Origination - Consumer,MeridianLink Consumer/Opening,Primary Service,MeridianLink,"MeridianLink Consumer - Indirect Lending Module Tier 01 (30,000+ apps)",App Commitment / Mon,Origination Platform - Indirect Lending Module,N,-1234.0,CONS-0139,,,1.75,CONS-0015,CONS-0015,CONS-0014,N,52500.0,For customers deploying the Indirect Lending module alongside the Consumer Lending module or alongside an existing MeridianLink Consumer or MeridianLink Opening platform. Global Minimum $985 per month applies if customer makes no commitments on sub-modules.,,,"CONS-0055, CONS-0074, CONS-0067",,,,,,,,,,,Primary Service,,MeridianLink Consumer - Indirect Lending Module,Tier 1,30000.0,0.0,Primary Product
Origination - Consumer,MeridianLink Consumer/Opening,Primary Service,MeridianLink,MeridianLink Consumer - Indirect Lending Module Tier 10 (500-999 apps),App Commitment / Mon,Origination Platform - Indirect Lending Module,Y,12250.0,CONS-0139,,,5.8,CONS-0015,CONS-0015,CONS-0014,N,2900.0,For customers deploying the Indirect Lending module alongside the Consumer Lending module or alongside an existing MeridianLink Consumer or MeridianLink Opening platform. Global Minimum $985 per month applies if customer makes no commitments on sub-modules.,,,"CONS-0055, CONS-0074, CONS-0067",,,,,,,,,,,Primary Service,,MeridianLink Consumer - Indirect Lending Module,Tier 10,500.0,999.0,Primary Product
Origination - Consumer,MeridianLink Consumer/Opening,Primary Service,MeridianLink,MeridianLink Consumer - Indirect Lending Module Tier 11 (250-499 apps),App Commitment / Mon,Origination Platform - Indirect Lending Module,Y,12250.0,CONS-0139,,,6.6,CONS-0015,CONS-0015,CONS-0014,N,1650.0,For customers deploying the Indirect Lending module alongside the Consumer Lending module or alongside an existing MeridianLink Consumer or MeridianLink Opening platform. Global Minimum $985 per month applies if customer makes no commitments on sub-modules.,,,"CONS-0055, CONS-0074, CONS-0067",,,,,,,,,,,Primary Service,,MeridianLink Consumer - Indirect Lending Module,Tier 11,250.0,499.0,Primary Product
Origination - Consumer,MeridianLink Consumer/Opening,Primary Service,MeridianLink,MeridianLink Consumer - Indirect Lending Module Tier 12 (up to 249 apps),App Commitment / Mon,Origination Platform - Indirect Lending Module,Y,12250.0,CONS-0139,,,8.2,CONS-0015,CONS-0015,CONS-0014,N,-1234.0,For customers deploying the Indirect Lending module alongside the Consumer Lending module or alongside an existing MeridianLink Consumer or MeridianLink Opening platform. Global Minimum $985 per month applies if customer makes no commitments on sub-modules.,,,"CONS-0055, CONS-0074, CONS-0067",,,,,,,,,,,Primary Service,,MeridianLink Consumer - Indirect Lending Module,Tier 12,0.0,249.0,Primary Product
Origination - Consumer,MeridianLink Consumer/Opening,Primary Service,MeridianLink,"MeridianLink Consumer - Indirect Lending Module Tier 02 (25,000-29,999  apps)",App Commitment / Mon,Origination Platform - Indirect Lending Module,N,-1234.0,CONS-0139,,,2.05,CONS-0015,CONS-0015,CONS-0014,N,51250.0,For customers deploying the Indirect Lending module alongside the Consumer Lending module or alongside an existing MeridianLink Consumer or MeridianLink Opening platform. Global Minimum $985 per month applies if customer makes no commitments on sub-modules.,,,"CONS-0055, CONS-0074, CONS-0067",,,,,,,,,,,Primary Service,,MeridianLink Consumer - Indirect Lending Module,Tier 2,25000.0,29999.0,Primary Product
Origination - Consumer,MeridianLink Consumer/Opening,Primary Service,MeridianLink,"MeridianLink Consumer - Indirect Lending Module Tier 03 (20,000-24,999  apps)",App Commitment / Mon,Origination Platform - Indirect Lending Module,N,-1234.0,CONS-0139,,,2.35,CONS-0015,CONS-0015,CONS-0014,N,47000.0,For customers deploying the Indirect Lending module alongside the Consumer Lending module or alongside an existing MeridianLink Consumer or MeridianLink Opening platform. Global Minimum $985 per month applies if customer makes no commitments on sub-modules.,,,"CONS-0055, CONS-0074, CONS-0067",,,,,,,,,,,Primary Service,,MeridianLink Consumer - Indirect Lending Module,Tier 3,20000.0,24999.0,Primary Product
Origination - Consumer,MeridianLink Consumer/Opening,Primary Service,MeridianLink,"MeridianLink Consumer - Indirect Lending Module Tier 04 (15,000-19,999 apps)",App Commitment / Mon,Origination Platform - Indirect Lending Module,N,-1234.0,CONS-0139,,,2.6,CONS-0015,CONS-0015,CONS-0014,N,39000.0,For customers deploying the Indirect Lending module alongside the Consumer Lending module or alongside an existing MeridianLink Consumer or MeridianLink Opening platform. Global Minimum $985 per month applies if customer makes no commitments on sub-modules.,,,"CONS-0055, CONS-0074, CONS-0067",,,,,,,,,,,Primary Service,,MeridianLink Consumer - Indirect Lending Module,Tier 4,15000.0,19999.0,Primary Product
Origination - Consumer,MeridianLink Consumer/Opening,Primary Service,MeridianLink,"MeridianLink Consumer - Indirect Lending Module Tier 05 (10,000-14,999 apps)",App Commitment / Mon,Origination Platform - Indirect Lending Module,N,-1234.0,CONS-0139,,,3.0,CONS-0015,CONS-0015,CONS-0014,N,30000.0,For customers deploying the Indirect Lending module alongside the Consumer Lending module or alongside an existing MeridianLink Consumer or MeridianLink Opening platform. Global Minimum $985 per month applies if customer makes no commitments on sub-modules.,,,"CONS-0055, CONS-0074, CONS-0067",,,,,,,,,,,Primary Service,,MeridianLink Consumer - Indirect Lending Module,Tier 5,10000.0,14999.0,Primary Product
Origination - Consumer,MeridianLink Consumer/Opening,Primary Service,MeridianLink,MeridianLink Consumer - Indirect Lending Module Tier 06 (8000-9999 apps),App Commitment / Mon,Origination Platform - Indirect Lending Module,Y,12250.0,CONS-0139,,,3.3,CONS-0015,CONS-0015,CONS-0014,N,26400.0,For customers deploying the Indirect Lending module alongside the Consumer Lending module or alongside an existing MeridianLink Consumer or MeridianLink Opening platform. Global Minimum $985 per month applies if customer makes no commitments on sub-modules.,,,"CONS-0055, CONS-0074, CONS-0067",,,,,,,,,,,Primary Service,,MeridianLink Consumer - Indirect Lending Module,Tier 6,8000.0,9999.0,Primary Product
Origination - Consumer,MeridianLink Consumer/Opening,Primary Service,MeridianLink,MeridianLink Consumer - Indirect Lending Module Tier 07 (4000-7999 apps),App Commitment / Mon,Origination Platform - Indirect Lending Module,Y,12250.0,CONS-0139,,,3.7,CONS-0015,CONS-0015,CONS-0014,N,14800.0,For customers deploying the Indirect Lending module alongside the Consumer Lending module or alongside an existing MeridianLink Consumer or MeridianLink Opening platform. Global Minimum $985 per month applies if customer makes no commitments on sub-modules.,,,"CONS-0055, CONS-0074, CONS-0067",,,,,,,,,,,Primary Service,,MeridianLink Consumer - Indirect Lending Module,Tier 7,4000.0,7999.0,Primary Product
Origination - Consumer,MeridianLink Consumer/Opening,Primary Service,MeridianLink,MeridianLink Consumer - Indirect Lending Module Tier 08 (2000-3999 apps),App Commitment / Mon,Origination Platform - Indirect Lending Module,Y,12250.0,CONS-0139,,,4.1,CONS-0015,CONS-0015,CONS-0014,N,8200.0,For customers deploying the Indirect Lending module alongside the Consumer Lending module or alongside an existing MeridianLink Consumer or MeridianLink Opening platform. Global Minimum $985 per month applies if customer makes no commitments on sub-modules.,,,"CONS-0055, CONS-0074, CONS-0067",,,,,,,,,,,Primary Service,,MeridianLink Consumer - Indirect Lending Module,Tier 8,2000.0,3999.0,Primary Product
Origination - Consumer,MeridianLink Consumer/Opening,Primary Service,MeridianLink,MeridianLink Consumer - Indirect Lending Module Tier 09 (1000-1999 apps),App Commitment / Mon,Origination Platform - Indirect Lending Module,Y,12250.0,CONS-0139,,,5.0,CONS-0015,CONS-0015,CONS-0014,N,5000.0,For customers deploying the Indirect Lending module alongside the Consumer Lending module or alongside an existing MeridianLink Consumer or MeridianLink Opening platform. Global Minimum $985 per month applies if customer makes no commitments on sub-modules.,,,"CONS-0055, CONS-0074, CONS-0067",,,,,,,,,,,Primary Service,,MeridianLink Consumer - Indirect Lending Module,Tier 9,1000.0,1999.0,Primary Product
Origination - Consumer,MeridianLink Consumer/Opening,Primary Service,MeridianLink,"Standalone MeridianLink Consumer - Indirect Lending Module Tier 01 (30,000+ apps) ",App Commitment / Mon,Origination Platform - Indirect Lending Module,N,-1234.0,CONS-0139,,,1.75,CONS-0015,CONS-0015,CONS-0014,N,52500.0,For new logo customers that are only deploying the Indirect Lending module; do not use for customers adding the Indirect Lending module alongside the Consumer Lending module.,,,"CONS-0055, CONS-0074, CONS-0067",,,,,,,,,,,Primary Service,,Standalone MeridianLink Consumer - Indirect Lending Module,Tier 1,30000.0,0.0,Primary Product
Origination - Consumer,MeridianLink Consumer/Opening,Primary Service,MeridianLink,Standalone MeridianLink Consumer - Indirect Lending Module Tier 10 (500-999 apps),App Commitment / Mon,Origination Platform - Indirect Lending Module,Y,45500.0,CONS-0139,,,5.8,CONS-0015,CONS-0015,CONS-0014,N,2900.0,For new logo customers that are only deploying the Indirect Lending module; do not use for customers adding the Indirect Lending module alongside the Consumer Lending module.,,,"CONS-0055, CONS-0074, CONS-0067",,,,,,,,,,,Primary Service,,Standalone MeridianLink Consumer - Indirect Lending Module,Tier 10,500.0,999.0,Primary Product
Origination - Consumer,MeridianLink Consumer/Opening,Primary Service,MeridianLink,Standalone MeridianLink Consumer - Indirect Lending Module Tier 11 (250-499 apps),App Commitment / Mon,Origination Platform - Indirect Lending Module,Y,35500.0,CONS-0139,,,6.6,CONS-0015,CONS-0015,CONS-0014,N,1650.0,For new logo customers that are only deploying the Indirect Lending module; do not use for customers adding the Indirect Lending module alongside the Consumer Lending module.,,,"CONS-0055, CONS-0074, CONS-0067",,,,,,,,,,,Primary Service,,Standalone MeridianLink Consumer - Indirect Lending Module,Tier 11,250.0,499.0,Primary Product
Origination - Consumer,MeridianLink Consumer/Opening,Primary Service,MeridianLink,Standalone MeridianLink Consumer - Indirect Lending Module Tier 12 (up to 249 apps),App Commitment / Mon,Origination Platform - Indirect Lending Module,Y,28750.0,CONS-0139,,,8.2,CONS-0015,CONS-0015,CONS-0014,N,-1234.0,For new logo customers that are only deploying the Indirect Lending module; do not use for customers adding the Indirect Lending module alongside the Consumer Lending module.,,,"CONS-0055, CONS-0074, CONS-0067",,,,,,,,,,,Primary Service,,Standalone MeridianLink Consumer - Indirect Lending Module,Tier 12,0.0,249.0,Primary Product
Origination - Consumer,MeridianLink Consumer/Opening,Primary Service,MeridianLink,"Standalone MeridianLink Consumer - Indirect Lending Module Tier 02 (25,000-29,999  apps)",App Commitment / Mon,Origination Platform - Indirect Lending Module,N,-1234.0,CONS-0139,,,2.05,CONS-0015,CONS-0015,CONS-0014,N,51250.0,For new logo customers that are only deploying the Indirect Lending module; do not use for customers adding the Indirect Lending module alongside the Consumer Lending module,,,"CONS-0055, CONS-0074, CONS-0067",,,,,,,,,,,Primary Service,,Standalone MeridianLink Consumer - Indirect Lending Module,Tioer 2,25000.0,29999.0,Primary Product
Origination - Consumer,MeridianLink Consumer/Opening,Primary Service,MeridianLink,"Standalone MeridianLink Consumer - Indirect Lending Module Tier 03 (20,000-24,999  apps)",App Commitment / Mon,Origination Platform - Indirect Lending Module,N,-1234.0,CONS-0139,,,2.35,CONS-0015,CONS-0015,CONS-0014,N,47000.0,For new logo customers that are only deploying the Indirect Lending module; do not use for customers adding the Indirect Lending module alongside the Consumer Lending module,,,"CONS-0055, CONS-0074, CONS-0067",,,,,,,,,,,Primary Service,,Standalone MeridianLink Consumer - Indirect Lending Module,Tier 3,20000.0,24999.0,Primary Product
Origination - Consumer,MeridianLink Consumer/Opening,Primary Service,MeridianLink,"Standalone MeridianLink Consumer - Indirect Lending Module Tier 04 (15,000-19,999 apps)",App Commitment / Mon,Origination Platform - Indirect Lending Module,N,-1234.0,CONS-0139,,,2.6,CONS-0015,CONS-0015,CONS-0014,N,39000.0,For new logo customers that are only deploying the Indirect Lending module; do not use for customers adding the Indirect Lending module alongside the Consumer Lending module,,,"CONS-0055, CONS-0074, CONS-0067",,,,,,,,,,,Primary Service,,Standalone MeridianLink Consumer - Indirect Lending Module,Tier 4,15000.0,19999.0,Primary Product
Origination - Consumer,MeridianLink Consumer/Opening,Primary Service,MeridianLink,"Standalone MeridianLink Consumer - Indirect Lending Module Tier 05 (10,000-14,999 apps)",App Commitment / Mon,Origination Platform - Indirect Lending Module,N,-1234.0,CONS-0139,,,3.0,CONS-0015,CONS-0015,CONS-0014,N,30000.0,For new logo customers that are only deploying the Indirect Lending module; do not use for customers adding the Indirect Lending module alongside the Consumer Lending module,,,"CONS-0055, CONS-0074, CONS-0067",,,,,,,,,,,Primary Service,,Standalone MeridianLink Consumer - Indirect Lending Module,Tier 5,10000.0,14999.0,Primary Product
Origination - Consumer,MeridianLink Consumer/Opening,Primary Service,MeridianLink,Standalone MeridianLink Consumer - Indirect Lending Module Tier 06 (8000-9999 apps),App Commitment / Mon,Origination Platform - Indirect Lending Module,Y,85750.0,CONS-0139,,,3.3,CONS-0015,CONS-0015,CONS-0014,N,26400.0,For new logo customers that are only deploying the Indirect Lending module; do not use for customers adding the Indirect Lending module alongside the Consumer Lending module,,,"CONS-0055, CONS-0074, CONS-0067",,,,,,,,,,,Primary Service,,Standalone MeridianLink Consumer - Indirect Lending Module,Tier 6,80000.0,9999.0,Primary Product
Origination - Consumer,MeridianLink Consumer/Opening,Primary Service,MeridianLink,Standalone MeridianLink Consumer - Indirect Lending Module Tier 07 (4000-7999 apps),App Commitment / Mon,Origination Platform - Indirect Lending Module,Y,75750.0,CONS-0139,,,3.7,CONS-0015,CONS-0015,CONS-0014,N,14800.0,For new logo customers that are only deploying the Indirect Lending module; do not use for customers adding the Indirect Lending module alongside the Consumer Lending module,,,"CONS-0055, CONS-0074, CONS-0067",,,,,,,,,,,Primary Service,,Standalone MeridianLink Consumer - Indirect Lending Module,Tier 7,4000.0,7999.0,Primary Product
Origination - Consumer,MeridianLink Consumer/Opening,Primary Service,MeridianLink,Standalone MeridianLink Consumer - Indirect Lending Module Tier 08 (2000-3999 apps),App Commitment / Mon,Origination Platform - Indirect Lending Module,Y,65750.0,CONS-0139,,,4.1,CONS-0015,CONS-0015,CONS-0014,N,8200.0,For new logo customers that are only deploying the Indirect Lending module; do not use for customers adding the Indirect Lending module alongside the Consumer Lending module,,,"CONS-0055, CONS-0074, CONS-0067",,,,,,,,,,,Primary Service,,Standalone MeridianLink Consumer - Indirect Lending Module,Tier 8,2000.0,3999.0,Primary Product
Origination - Consumer,MeridianLink Consumer/Opening,Primary Service,MeridianLink,Standalone MeridianLink Consumer - Indirect Lending Module Tier 09 (1000-1999 apps),App Commitment / Mon,Origination Platform - Indirect Lending Module,Y,54000.0,CONS-0139,,,5.0,CONS-0015,CONS-0015,CONS-0014,N,5000.0,For new logo customers that are only deploying the Indirect Lending module; do not use for customers adding the Indirect Lending module alongside the Consumer Lending module,,,"CONS-0055, CONS-0074, CONS-0067",,,,,,,,,,,Primary Service,,Standalone MeridianLink Consumer - Indirect Lending Module,Tier 9,1000.0,1999.0,Primary Product
Origination - Consumer,MeridianLink Consumer/Opening,Primary Service,MeridianLink,"MeridianLink Opening Module Tier 01 (30,000+ apps)",App Commitment / Mon,MeridianLink Opening Module,N,-1234.0,CONS-0252,,,1.85,CONS-0262,CONS-0262,CONS-0261,N,55500.0,,,,,,,,,,,,,,,Primary Service,,MeridianLink Opening Module,Tier 1,30000.0,0.0,Primary Product
Origination - Consumer,MeridianLink Consumer/Opening,Primary Service,MeridianLink,MeridianLink Opening Module Tier 10 (500-999 apps),App Commitment / Mon,MeridianLink Opening Module,Y,28000.0,CONS-0252,,,10.8,CONS-0262,CONS-0262,CONS-0261,N,5400.0,"** Global Minimum $985 per month applies if customer makes no commitments on sub-modules.  ** if you create an app commitment between levels, you must use the per application fee of the lower level.",,,"CONS-0042, CONS-0058",,,,,,,,,,,Primary Service,,MeridianLink Opening Module,Tier10,500.0,999.0,Primary Product
Origination - Consumer,MeridianLink Consumer/Opening,Primary Service,MeridianLink,MeridianLink Opening Module Tier 11 (250-499 apps),App Commitment / Mon,MeridianLink Opening Module,Y,23250.0,CONS-0252,,,12.5,CONS-0262,CONS-0262,CONS-0261,N,3125.0,"** Global Minimum $985 per month applies if customer makes no commitments on sub-modules.  ** if you create an app commitment between levels, you must use the per application fee of the lower level.",,,"CONS-0042, CONS-0058",,,,,,,,,,,Primary Service,,MeridianLink Opening Module,Tier 11,250.0,499.0,Primary Product
Origination - Consumer,MeridianLink Consumer/Opening,Primary Service,MeridianLink,MeridianLink Opening Module Tier 12 (up to 249 apps),App Commitment / Mon,MeridianLink Opening Module,Y,18750.0,CONS-0252,,,14.2,CONS-0262,CONS-0262,CONS-0261,N,-1234.0,"** Global Minimum $985 per month applies if customer makes no commitments on sub-modules.  ** if you create an app commitment between levels, you must use the per application fee of the lower level.",,,"CONS-0042, CONS-0058",,,,,,,,,,,Primary Service,,MeridianLink Opening Module,Tier 12,0.0,249.0,Primary Product
Origination - Consumer,MeridianLink Consumer/Opening,Primary Service,MeridianLink,"MeridianLink Opening Module Tier 02 (25,000-29,999 apps)",App Commitment / Mon,MeridianLink Opening Module,N,-1234.0,CONS-0252,,,2.2,CONS-0262,CONS-0262,CONS-0261,N,55000.0,,,,,,,,,,,,,,,Primary Service,,MeridianLink Opening Module,Tier 2,25000.0,29999.0,Primary Product
Origination - Consumer,MeridianLink Consumer/Opening,Primary Service,MeridianLink,"MeridianLink Opening Module Tier 03 (20,000-24,999 apps)",App Commitment / Mon,MeridianLink Opening Module,N,-1234.0,CONS-0252,,,2.5,CONS-0262,CONS-0262,CONS-0261,N,50000.0,,,,,,,,,,,,,,,Primary Service,,MeridianLink Opening Module,Tier 3,20000.0,24999.0,Primary Product
Origination - Consumer,MeridianLink Consumer/Opening,Primary Service,MeridianLink,"MeridianLink Opening Module Tier 04 (15,000-19,999 apps)",App Commitment / Mon,MeridianLink Opening Module,N,-1234.0,CONS-0252,,,2.9,CONS-0262,CONS-0262,CONS-0261,N,43500.0,,,,,,,,,,,,,,,Primary Service,,MeridianLink Opening Module,Tier 4,15000.0,19999.0,Primary Product
Origination - Consumer,MeridianLink Consumer/Opening,Primary Service,MeridianLink,"MeridianLink Opening Module Tier 05 (10,000-14,999 apps)",App Commitment / Mon,MeridianLink Opening Module,N,-1234.0,CONS-0252,,,3.35,CONS-0262,CONS-0262,CONS-0261,N,33500.0,,,,,,,,,,,,,,,Primary Service,,MeridianLink Opening Module,Tier 5,10000.0,14999.0,Primary Product
Origination - Consumer,MeridianLink Consumer/Opening,Primary Service,MeridianLink,MeridianLink Opening Module Tier 06 (8000-9999 apps),App Commitment / Mon,MeridianLink Opening Module,Y,60250.0,CONS-0252,,,3.95,CONS-0262,CONS-0262,CONS-0261,N,31600.0,"** Global Minimum $985 per month applies if customer makes no commitments on sub-modules.  ** if you create an app commitment between levels, you must use the per application fee of the lower level.",,,"CONS-0042, CONS-0058",,,,,,,,,,,Primary Service,,MeridianLink Opening Module,Tier 6,8000.0,9999.0,Primary Product
Origination - Consumer,MeridianLink Consumer/Opening,Primary Service,MeridianLink,MeridianLink Opening Module Tier 07 (4000-7999 apps),App Commitment / Mon,MeridianLink Opening Module,Y,49500.0,CONS-0252,,,4.8,CONS-0262,CONS-0262,CONS-0261,N,19200.0,"** Global Minimum $985 per month applies if customer makes no commitments on sub-modules.  ** if you create an app commitment between levels, you must use the per application fee of the lower level.",,,"CONS-0042, CONS-0058",,,,,,,,,,,Primary Service,,MeridianLink Opening Module,Tier 7,4000.0,7999.0,Primary Product
Origination - Consumer,MeridianLink Consumer/Opening,Primary Service,MeridianLink,MeridianLink Opening Module Tier 08 (2000-3999 apps),App Commitment / Mon,MeridianLink Opening Module,Y,41750.0,CONS-0252,,,6.75,CONS-0262,CONS-0262,CONS-0261,N,13500.0,"** Global Minimum $985 per month applies if customer makes no commitments on sub-modules.  ** if you create an app commitment between levels, you must use the per application fee of the lower level.",,,"CONS-0042, CONS-0058",,,,,,,,,,,Primary Service,,MeridianLink Opening Module,Tier 8,2000.0,3999.0,Primary Product
Origination - Consumer,MeridianLink Consumer/Opening,Primary Service,MeridianLink,MeridianLink Opening Module Tier 09 (1000-1999 apps),App Commitment / Mon,MeridianLink Opening Module,Y,34000.0,CONS-0252,,,8.8,CONS-0262,CONS-0262,CONS-0261,N,8800.0,"** Global Minimum $985 per month applies if customer makes no commitments on sub-modules.  ** if you create an app commitment between levels, you must use the per application fee of the lower level.",,,"CONS-0042, CONS-0058",,,,,,,,,,,Primary Service,,MeridianLink Opening Module,Tier 9,1000.0,1999.0,Primary Product
SHARED,MeridianLink Consumer/Opening,Add On - Call Center,LSI,LSI,Standard,LSI,N,4600.0,SHARED-0136,1575.0,SHARED-0135,,,,,N,,,,,,,,,,,,,,,,Essential Systems,Call Center,LSI,,,,Add Ons
SHARED,MeridianLink Consumer/Opening,Add On - Core Conversion,MeridianLink,Core Conversion (Consumer),Standard,Core Conversion,N,16250.0,SHARED-0035,,,,,,,N,,https://meridianlink365.sharepoint.com/:x:/s/TeamLPQDevsSIE/EVVbYPuz7cRMnXlkV7a-8w8Bwy6SG57uB-mWdKuVe9JM7g?e=l3pbou&isSPOFile=1,,,,,,,,,,,,,,Essential Systems,Core Conversion,Core Conversion (Consumer),,,,Add Ons
SHARED,MeridianLink Consumer/Opening,Add On - Core Conversion,MeridianLink,Fiserv DNA Fee (pass through from vendor) (Consumer),Standard,Fiserv DNA Fee (pass through from vendor),N,6750.0,SHARED-0035,,,,,,,N,,In addition to ML project fee,,,,,,,,,,,,,,Essential Systems,Core Conversion,Fiserv DNA Fee (pass through from vendor) (Consumer),,,,Add Ons
SHARED,MeridianLink Consumer/Opening,Add On - Core Conversion,MeridianLink,JHA to JHA (Consumer),Standard,JHA to JHA,N,5750.0,SHARED-0035,,,,,,,N,,https://meridianlink365.sharepoint.com/:x:/s/TeamLPQDevsSIE/EVVbYPuz7cRMnXlkV7a-8w8Bwy6SG57uB-mWdKuVe9JM7g?e=l3pbou&isSPOFile=1,,,,,,,,,,,,,,Essential Systems,Core Conversion,JHA to JHA (Consumer),,,,Add Ons
SHARED,MeridianLink Consumer/Opening,Add On - Core Conversion,MeridianLink,Symitar Reconversion (Consumer),Standard,Symitar Reconversion,N,8250.0,SHARED-0035,,,,,,,N,,Update on Symitar version for additional mappings,,,,,,,,,,,,,,Essential Systems,Core Conversion,Symitar Reconversion (Consumer),,,,Add Ons
SHARED,MeridianLink Consumer/Opening,Add On - Core Integration,FIS,Bankway (Metavante) (Consumer),Standard,Bankway (Metavante),N,17000.0,SHARED-0295,10250.0,SHARED-0240,,,,,N,,https://meridianlink365.sharepoint.com/:x:/s/TeamLPQDevsSIE/EVVbYPuz7cRMnXlkV7a-8w8Bwy6SG57uB-mWdKuVe9JM7g?e=l3pbou&isSPOFile=1,,,,,,,,,,,,,,Not Mapped,Core Integration,Bankway (Metavante) (Consumer),,,,Add Ons
SHARED,MeridianLink Consumer/Opening,Add On - Core Integration,MeridianLink,CLF Export Core Booking,Standard,CLF Export Core Booking,N,6000.0,SHARED-0469,2900.0,SHARED-0470,,,,,N,,https://meridianlink365.sharepoint.com/:x:/s/TeamLPQDevsSIE/EVVbYPuz7cRMnXlkV7a-8w8Bwy6SG57uB-mWdKuVe9JM7g?e=l3pbou&isSPOFile=1,,,,,,,,,,,,,,Essential Systems,Core Integration,CLF Export Core Booking,,,,Add Ons
SHARED,MeridianLink Consumer/Opening,Add On - Core Integration,CUAnswers,CUBase (Consumer),Standard,CUBase,N,17000.0,SHARED-0315,10250.0,SHARED-0260,,,,,N,,https://meridianlink365.sharepoint.com/:x:/s/TeamLPQDevsSIE/EVVbYPuz7cRMnXlkV7a-8w8Bwy6SG57uB-mWdKuVe9JM7g?e=l3pbou&isSPOFile=1,,,,,,,,,,,,,,Essential Systems,Core Integration,CUBase (Consumer),,,,Add Ons
SHARED,MeridianLink Consumer/Opening,Add On - Core Integration,FiServ,Cunify (Consumer),Standard,Cunify,N,17000.0,SHARED-0303,10250.0,SHARED-0248,,,,,N,,https://meridianlink365.sharepoint.com/:x:/s/TeamLPQDevsSIE/EVVbYPuz7cRMnXlkV7a-8w8Bwy6SG57uB-mWdKuVe9JM7g?e=l3pbou&isSPOFile=1,,,,,,,,,,,,,,Essential Systems,Core Integration,Cunify (Consumer),,,,Add Ons
SHARED,MeridianLink Consumer/Opening,Add On - Core Integration,CUDP,CUProdigy (Consumer),Standard,CUProdigy,N,17000.0,SHARED-0298,10250.0,SHARED-0243,,,,,N,,https://meridianlink365.sharepoint.com/:x:/s/TeamLPQDevsSIE/EVVbYPuz7cRMnXlkV7a-8w8Bwy6SG57uB-mWdKuVe9JM7g?e=l3pbou&isSPOFile=1,,,,,,,,,,,,,,Not Mapped,Core Integration,CUProdigy (Consumer),,,,Add Ons
SHARED,MeridianLink Consumer/Opening,Add On - Core Integration,FiServ,DataSafe (Consumer),Standard,DataSafe,N,17000.0,SHARED-0310,10250.0,SHARED-0255,,,,,N,,https://meridianlink365.sharepoint.com/:x:/s/TeamLPQDevsSIE/EVVbYPuz7cRMnXlkV7a-8w8Bwy6SG57uB-mWdKuVe9JM7g?e=l3pbou&isSPOFile=1,,,,,,,,,,,,,,Essential Systems,Core Integration,DataSafe (Consumer),,,,Add Ons
SHARED,MeridianLink Consumer/Opening,Add On - Core Integration,FiServ,Fiserv DNA (Consumer),Standard,Fiserv DNA,N,17000.0,SHARED-0307,10250.0,SHARED-0252,,,,,N,,https://meridianlink365.sharepoint.com/:x:/s/TeamLPQDevsSIE/EVVbYPuz7cRMnXlkV7a-8w8Bwy6SG57uB-mWdKuVe9JM7g?e=l3pbou&isSPOFile=1,,,,,,,,,,,,,,Essential Systems,Core Integration,Fiserv DNA (Consumer),,,,Add Ons
SHARED,MeridianLink Consumer/Opening,Add On - Core Integration,ESP,ESP (Forza) (Consumer),Standard,ESP (Forza),N,17000.0,SHARED-0300,10250.0,SHARED-0245,,,,,N,,https://meridianlink365.sharepoint.com/:x:/s/TeamLPQDevsSIE/EVVbYPuz7cRMnXlkV7a-8w8Bwy6SG57uB-mWdKuVe9JM7g?e=l3pbou&isSPOFile=1,,,,,,,,,,,,,,Essential Systems,Core Integration,ESP (Forza) (Consumer),,,,Add Ons
SHARED,MeridianLink Consumer/Opening,Add On - Core Integration,Fiserv,Fiserv Data Center Direct Connection (Consumer),Standard,Fiserv Data Center Direct Connection,N,7250.0,SHARED-0058,8000.0,SHARED-0047,,,,,N,,ML directly connects to Fiserv's data center in Cherry Hill for clients who have their core hosted there.,,,,,,,,,,,,,,Essential Systems,Core Integration,Fiserv Data Center Direct Connection (Consumer),,,,Add Ons
SHARED,MeridianLink Consumer/Opening,Add On - Core Integration,Fiserv,Fiserv DNA Credit Push (Consumer),Standard,Fiserv DNA Credit Push,N,3300.0,SHARED-0057,1575.0,SHARED-0046,,,,,N,,https://meridianlink365.sharepoint.com/:x:/s/TeamLPQDevsSIE/EVVbYPuz7cRMnXlkV7a-8w8Bwy6SG57uB-mWdKuVe9JM7g?e=l3pbou&isSPOFile=1,,,,,,,,,,,,,,Essential Systems,Core Integration,Fiserv DNA Credit Push (Consumer),,,,Add Ons
SHARED,MeridianLink Consumer/Opening,Add On - Core Integration,Fiserv,Fiserv Precision (Consumer),Standard,Fiserv Precision,N,17000.0,SHARED-0308,10250.0,SHARED-0253,,,,,N,,https://meridianlink365.sharepoint.com/:x:/s/TeamLPQDevsSIE/EVVbYPuz7cRMnXlkV7a-8w8Bwy6SG57uB-mWdKuVe9JM7g?e=l3pbou&isSPOFile=1,//meridianlink365.sharepoint.com/,,,,,,,,,,,,,Essential Systems,Core Integration,Fiserv Precision (Consumer),,,,Add Ons
SHARED,MeridianLink Consumer/Opening,Add On - Core Integration,Fiserv,Fiserv Premier (Consumer),Standard,Fiserv Premier,N,17000.0,SHARED-0309,10250.0,SHARED-0254,,,,,N,,https://meridianlink365.sharepoint.com/:x:/s/TeamLPQDevsSIE/EVVbYPuz7cRMnXlkV7a-8w8Bwy6SG57uB-mWdKuVe9JM7g?e=l3pbou&isSPOFile=1,,,,,,,,,,,,,,Essential Systems,Core Integration,Fiserv Premier (Consumer),,,,Add Ons
SHARED,MeridianLink Consumer/Opening,Add On - Core Integration,CMC,Flex (Consumer),Standard,Flex,N,17000.0,SHARED-0296,10250.0,SHARED-0241,,,,,N,,https://meridianlink365.sharepoint.com/:x:/s/TeamLPQDevsSIE/EVVbYPuz7cRMnXlkV7a-8w8Bwy6SG57uB-mWdKuVe9JM7g?e=l3pbou&isSPOFile=1,,,,,,,,,,,,,,Essential Systems,Core Integration,Flex (Consumer),,,,Add Ons
SHARED,MeridianLink Consumer/Opening,Add On - Core Integration,FiServ,Galaxy (Consumer),Standard,Galaxy,N,17000.0,SHARED-0306,10250.0,SHARED-0251,,,,,N,,https://meridianlink365.sharepoint.com/:x:/s/TeamLPQDevsSIE/EVVbYPuz7cRMnXlkV7a-8w8Bwy6SG57uB-mWdKuVe9JM7g?e=l3pbou&isSPOFile=1,,,,,,,,,,,,,,Not Mapped,Core Integration,Galaxy (Consumer),,,,Add Ons
SHARED,MeridianLink Consumer/Opening,Add On - Core Integration,FIS,Horizon (Consumer),Standard,Horizon,N,17000.0,SHARED-0358,10250.0,SHARED-0363,,,,,N,,https://meridianlink365.sharepoint.com/:x:/s/TeamLPQDevsSIE/EVVbYPuz7cRMnXlkV7a-8w8Bwy6SG57uB-mWdKuVe9JM7g?e=l3pbou&isSPOFile=1,,,,,,,,,,,,,,Essential Systems,Core Integration,Horizon (Consumer),,,,Add Ons
SHARED,MeridianLink Consumer/Opening,Add On - Core Integration,FIS,FIS IBS (Consumer),Standard,FIS IBS,N,17000.0,SHARED-0293,10250.0,SHARED-0238,,,,,N,,https://meridianlink365.sharepoint.com/:x:/s/TeamLPQDevsSIE/EVVbYPuz7cRMnXlkV7a-8w8Bwy6SG57uB-mWdKuVe9JM7g?e=l3pbou&isSPOFile=1,,,,,,,,,,,,,,Essential Systems,Core Integration,FIS IBS (Consumer),,,,Add Ons
SHARED,MeridianLink Consumer/Opening,Add On - Core Integration,EPL,IPower (Consumer),Standard,iPower,N,17000.0,SHARED-0299,10250.0,SHARED-0244,,,,,N,,https://meridianlink365.sharepoint.com/:x:/s/TeamLPQDevsSIE/EVVbYPuz7cRMnXlkV7a-8w8Bwy6SG57uB-mWdKuVe9JM7g?e=l3pbou&isSPOFile=1,,,,,,,,,,,,,,Not Mapped,Core Integration,IPower (Consumer),,,,Add Ons
SHARED,MeridianLink Consumer/Opening,Add On - Core Integration,JHA,Jack Henry 20/20 (Consumer),Standard,Jack Henry 20/20,N,17000.0,SHARED-0034,10250.0,SHARED-0019,,,,,N,,https://meridianlink365.sharepoint.com/:x:/s/TeamLPQDevsSIE/EVVbYPuz7cRMnXlkV7a-8w8Bwy6SG57uB-mWdKuVe9JM7g?e=l3pbou&isSPOFile=1,,,,,,,,,,,,,,Essential Systems,Core Integration,Jack Henry 20/20 (Consumer),,,,Add Ons
SHARED,MeridianLink Consumer/Opening,Add On - Core Integration,JHA,Jack Henry CoreDirector (Consumer),Standard,Jack Henry CoreDirector,N,17000.0,SHARED-0034,10250.0,SHARED-0019,,,,,N,,https://meridianlink365.sharepoint.com/:x:/s/TeamLPQDevsSIE/EVVbYPuz7cRMnXlkV7a-8w8Bwy6SG57uB-mWdKuVe9JM7g?e=l3pbou&isSPOFile=1,,,,,,,,,,,,,,Essential Systems,Core Integration,Jack Henry CoreDirector (Consumer),,,,Add Ons
SHARED,MeridianLink Consumer/Opening,Add On - Core Integration,JHA,Jack Henry Silverlake (Consumer),Standard,Jack Henry Silverlake,N,17000.0,SHARED-0034,10250.0,SHARED-0019,,,,,N,,https://meridianlink365.sharepoint.com/:x:/s/TeamLPQDevsSIE/EVVbYPuz7cRMnXlkV7a-8w8Bwy6SG57uB-mWdKuVe9JM7g?e=l3pbou&isSPOFile=1,,,,,,,,,,,,,,Essential Systems,Core Integration,Jack Henry Silverlake (Consumer),,,,Add Ons
SHARED,MeridianLink Consumer/Opening,Add On - Core Integration,JHA,Jack Henry Symitar (Consumer),Standard,Jack Henry Symitar,N,17000.0,SHARED-0034,10250.0,SHARED-0019,,,,,N,,https://meridianlink365.sharepoint.com/:x:/s/TeamLPQDevsSIE/EVVbYPuz7cRMnXlkV7a-8w8Bwy6SG57uB-mWdKuVe9JM7g?e=l3pbou&isSPOFile=1,,,,,,,,,,,,,,Essential Systems,Core Integration,Jack Henry Symitar (Consumer),,,,Add Ons
SHARED,MeridianLink Consumer/Opening,Add On - Core Integration,Corelation,Corelation KeyStone (Consumer) ,Standard,Corelation KeyStone,N,17000.0,SHARED-0297,10250.0,SHARED-0242,,,,,N,,https://meridianlink365.sharepoint.com/:x:/s/TeamLPQDevsSIE/EVVbYPuz7cRMnXlkV7a-8w8Bwy6SG57uB-mWdKuVe9JM7g?e=l3pbou&isSPOFile=1,,,,,,,,,,,,,,Essential Systems,Core Integration,Corelation KeyStone (Consumer) ,,,,Add Ons
SHARED,MeridianLink Consumer/Opening,Add On - Core Integration,FIS,FIS Miser (Consumer),Standard,FIS Miser,N,17000.0,SHARED-0294,10250.0,SHARED-0239,,,,,N,,https://meridianlink365.sharepoint.com/:x:/s/TeamLPQDevsSIE/EVVbYPuz7cRMnXlkV7a-8w8Bwy6SG57uB-mWdKuVe9JM7g?e=l3pbou&isSPOFile=1,,,,,,,,,,,,,,Not Mapped,Core Integration,FIS Miser (Consumer),,,,Add Ons
SHARED,MeridianLink Consumer/Opening,Add On - Core Integration,Other,New Core Integration (Consumer),Standard,New Core Integration,N,17000.0,SHARED-0034,10250.0,SHARED-0019,,,,,N,,Using ML standard schema = full integration; New schema includes Import Customer and View Account and additional features can be built as prof svcs; contact Product Mgmt for project timelines,,,,,,,,,,,,,,Essential Systems,Core Integration,New Core Integration (Consumer),,,,Add Ons
SHARED,MeridianLink Consumer/Opening,Add On - Core Integration,Share One,NewSolutions (Consumer),Standard,NewSolutions,N,17000.0,SHARED-0321,10250.0,SHARED-0266,,,,,N,,https://meridianlink365.sharepoint.com/:x:/s/TeamLPQDevsSIE/EVVbYPuz7cRMnXlkV7a-8w8Bwy6SG57uB-mWdKuVe9JM7g?e=l3pbou&isSPOFile=1,,,,,,,,,,,,,,Essential Systems,Core Integration,NewSolutions (Consumer),,,,Add Ons
SHARED,MeridianLink Consumer/Opening,Add On - Core Integration,Finastra,Finastra Fushion Phoenix (Consumer),Standard,Finastra Fushion Phoenix,N,17000.0,SHARED-0302,10250.0,SHARED-0247,,,,,N,,https://meridianlink365.sharepoint.com/:x:/s/TeamLPQDevsSIE/EVVbYPuz7cRMnXlkV7a-8w8Bwy6SG57uB-mWdKuVe9JM7g?e=l3pbou&isSPOFile=1,,,,,,,,,,,,,,Essential Systems,Core Integration,Finastra Fushion Phoenix (Consumer),,,,Add Ons
SHARED,MeridianLink Consumer/Opening,Add On - Core Integration,FiServ,Fiserv Portico (Consumer),Standard,Fiserv Portico,N,17000.0,SHARED-0304,10250.0,SHARED-0249,,,,,N,,https://meridianlink365.sharepoint.com/:x:/s/TeamLPQDevsSIE/EVVbYPuz7cRMnXlkV7a-8w8Bwy6SG57uB-mWdKuVe9JM7g?e=l3pbou&isSPOFile=1,,,,,,,,,,,,,,Essential Systems,Core Integration,Fiserv Portico (Consumer),,,,Add Ons
SHARED,MeridianLink Consumer/Opening,Add On - Core Integration,Alphapack,Sandbox (Consumer),Standard,Sandbox,N,0.0,SHARED-0496,,,,,,,N,,"When customer opportunities for named cores arise, communicate to prospect that we have a strategic partnership for integration​. Provide highlights about Sandbox and their value, as needed​. Emphasize that we have created a programmatic approach to working with Sandbox, including what is described in ""External Notes for Customer"".​","Customer will sign a core integration agreement with Sandbox, not MeridianLink. Preferred pricing: 1. Sandbox charges the customer. Set expectations that Sandbox should be in the $15k range for upfront implementation and for annual maintenance. 2. MeridianLink will *not* charge the customer for core platform implementation or annual maintenance. Defined integration workplan, with ongoing ML engagement to ensure delivery. Established data sharing between ML and Sandbox: 1. We send Sandbox our CLF XML loan application file.  Sandbox handles core mapping. Defined ongoing support approach, with Sandbox handling core-related implementation and support.",,,1,Dependent,Agreement required between customer and Sandbox,,,,,,,,Not Mapped,Core Integration,Sandbox (Consumer),,,,Add Ons
SHARED,MeridianLink Consumer/Opening,Add On - Core Integration,MeridianLink,Send Application Records to Core (Consumer),Standard,Send Application Records to Core,N,3900.0,SHARED-0065,,,,,,,N,,"For Symitar clients, they can have either Loan Records or Loan App Records as a part of their contract. If they want both, we'll need to charge the fee. For Corelation clients, we enable Loan Records by default. If they want to add Loan App Records, we'll need to charge the fee.",,,,,,,,,,,,,,Essential Systems,Core Integration,Send Application Records to Core (Consumer),,,,Add Ons
SHARED,MeridianLink Consumer/Opening,Add On - Core Integration,FiServ,Spectrum (Summit) (Consumer),Standard,Spectrum (Summit),N,17000.0,SHARED-0311,10250.0,SHARED-0256,,,,,N,,https://meridianlink365.sharepoint.com/:x:/s/TeamLPQDevsSIE/EVVbYPuz7cRMnXlkV7a-8w8Bwy6SG57uB-mWdKuVe9JM7g?e=l3pbou&isSPOFile=1,,,,,,,,,,,,,,Essential Systems,Core Integration,Spectrum (Summit) (Consumer),,,,Add Ons
SHARED,MeridianLink Consumer/Opening,Add On - Core Integration,FiServ,Fiserv Signature Core (Consumer),Standard,Fiserv Signature Core,N,17000.0,SHARED-0312,10250.0,SHARED-0257,,,,,N,,,,,,,,,,,,,,,,Essential Systems,Core Integration,Fiserv Signature Core (Consumer),,,,Add Ons
SHARED,MeridianLink Consumer/Opening,Add On - Core Integration,Finastra,UltraData OpenPath (Consumer),Standard,UltraData OpenPath,N,17000.0,SHARED-0301,10250.0,SHARED-0246,,,,,N,,https://meridianlink365.sharepoint.com/:x:/s/TeamLPQDevsSIE/EVVbYPuz7cRMnXlkV7a-8w8Bwy6SG57uB-mWdKuVe9JM7g?e=l3pbou&isSPOFile=1,,,,,,,,,,,,,,Essential Systems,Core Integration,UltraData OpenPath (Consumer),,,,Add Ons
SHARED,MeridianLink Consumer/Opening,Add On - Core Integration,FiServ,XP System (XP2) (Consumer),Standard,XP System (XP2),N,17000.0,SHARED-0305,10250.0,SHARED-0250,,,,,N,,https://meridianlink365.sharepoint.com/:x:/s/TeamLPQDevsSIE/EVVbYPuz7cRMnXlkV7a-8w8Bwy6SG57uB-mWdKuVe9JM7g?e=l3pbou&isSPOFile=1,,,,,,,,,,,,,,Essential Systems,Core Integration,XP System (XP2) (Consumer),,,,Add Ons
SHARED,MeridianLink Consumer/Opening,Add On - Core Integration,FiServ,Implementation pass-through fee from Fiserv,Standard,Implementation pass-through fee from Fiserv,N,30000.0,SHARED-0622,,,,,,,N,,,This is a pass-through fee direct from Fiserv,,,,,,,,,,,,,Essential Systems,Core Integration,Implementation pass-through fee from Fiserv,,,,Add Ons
SHARED,MeridianLink Consumer/Opening,Add On - Data Integration,Gestalt,Gestalt Database (Consumer),Standard,Gestalt Database,N,0.0,SHARED-0600,,,,,,,,,Refer Gestalt into clients for their database; we receive rev share,,,,,,,,,,,,,,Data & Reporting,Data Integration,Gestalt Database (Consumer),,,,Add Ons
SHARED,MeridianLink Consumer/Opening,Add On - Debit Bureau,FIS,FIS ChexSystems (QualiFile Debit Bureau) (Consumer),Standard,ChexSystems,N,4100.0,SHARED-0206,2400.0,SHARED-0191,0.0,SHARED-0553,,,,,"Service already offered, we are separating Consumer and DecisionLender",,,,,,,,,,,,,,Fraud & Verification,Debit Bureau,FIS ChexSystems (QualiFile Debit Bureau) (Consumer),,,,Add Ons
SHARED,MeridianLink Consumer/Opening,Add On - Debit Bureau,FIS,FIS Global BizChex Systems aka FIS BizChex,Standard,FIS Global's BizChex Systems,N,4100.0,SHARED-0558,2400.0,SHARED-0550,0.0,SHARED-0554,,,,,,,,,,,,,,,,,,,Not Mapped,Debit Bureau,FIS Global BizChex Systems aka FIS BizChex,,,,Add Ons
SHARED,MeridianLink Consumer/Opening,Add On - Credit Card Systems,Worldpay fka Vantiv,FDR Vantiv (Credit Card),Standard,FDR Vantiv,N,5750.0,CONS-0554,2400.0,CONS-0532,,,,,N,,Batch integration,,,,,,,,,,,,,,Essential Services,Credit Card Systems,FDR Vantiv (Credit Card),,,,Add Ons
SHARED,MeridianLink Consumer/Opening,Add On - Credit Card Systems,Velera,Velera (fka PSCU )(Credit Card),Standard,Velera (Credit Card),N,5750.0,SHARED-0156,2400.0,SHARED-0147,,,,,N,,,,,,,,,,,,,,,,Essential Services,Credit Card Systems,Velera (fka PSCU )(Credit Card),,,,Add Ons
SHARED,MeridianLink Consumer/Opening,Add On - Credit Card Systems,FIS,FIS RTDX (Credit Card),Standard,FIS RTDX,N,5750.0,SHARED-0224,2400.0,SHARED-0152,,,,,N,,Clients are required to utilize RTDX moving forward. FKA Base2000 CC,,,,,,,,,,,,,,Essential Services,Credit Card Systems,FIS RTDX (Credit Card),,,,Add Ons
SHARED,MeridianLink Consumer/Opening,Add On - Credit Card Systems,TMG,TMG (Credit Card),Standard,TMG,N,5750.0,CONS-0556,2400.0,CONS-0534,,,,,N,,,,,,,,,,,,,,,,Essential Services,Credit Card Systems,TMG (Credit Card),,,,Add Ons
SHARED,MeridianLink Consumer/Opening,Add On - Credit Card Systems,TSYS,TSYS (Credit Card),Standard,TSYS ADM,N,5750.0,CONS-0560,2400.0,CONS-0538,,,,,N,,Batch integration,,,,,,,,,,,,,,Not Mapped,Credit Card Systems,TSYS (Credit Card),,,,Add Ons
SHARED,MeridianLink Consumer/Opening,Add On - Credit Card Systems,Worldpay fka Vantiv,VantivFI (Credit Card),Standard,VantivFI,N,5750.0,CONS-0555,2400.0,CONS-0533,,,,,N,,API integration,,,,,,,,,,,,,,Essential Services,Credit Card Systems,VantivFI (Credit Card),,,,Add Ons
SHARED,MeridianLink Consumer/Opening,Add On - Credit Card Systems,VISA,Visa Advanced ID Solutions (VAIS)(Credit Card),Standard,Visa Advanced ID Solutions (VAIS),N,5750.0,CONS-0559,2400.0,CONS-0537,,,,,N,,"Requires product approval, express written consent from VISA required",,,,,,,,,,,,,,Essential Services,Credit Card Systems,Visa Advanced ID Solutions (VAIS)(Credit Card),,,,Add Ons
SHARED,MeridianLink Consumer/Opening,Add On - Credit Card Systems,Jack Henry,JH Full Credit Service (Credit Card),Standard,JH Full Credit Service,N,5750.0,SHARED-0611,2400.0,SHARED-0612,,,,,N,,Velera (fka PSCU) product white labeled by JH,,,,,,,,,,,,,,Essential Services,Credit Card Systems,JH Full Credit Service (Credit Card),,,,Add Ons
SHARED,MeridianLink Consumer/Opening,Add On - Custom,MeridianLink,Custom Product - Annual (Consumer),Standard,Custom Product - Annual,N,-1234.0,SHARED-0097,-1234.0,SHARED-0018,,,,,N,,Quote pricing.  Price is not actually -$1234.00,,,,,,,,,,,,,,Other,Custom,Custom Product or Service - annual (Consumer),,,,Add Ons
SHARED,MeridianLink Consumer/Opening,Add On - Custom,MeridianLink,Custom Service - Flat Fee (Consumer),Standard,Custom Service - Flat Fee,N,-1234.0,SHARED-0002,,,,,,,N,,Quote pricing.  Price is not actually -$1234.00,,,,,,,,,,,,,,Recurring Consulting Services,Custom,Custom Product or Service - flat fee (Consumer),,,,Add Ons
SHARED,MeridianLink Consumer/Opening,Add On - Custom,MeridianLink,Custom Service - Hourly (Consumer),Hourly,Custom Service - Hourly,N,-1234.0,SHARED-0003,,,,,,,N,,Quote pricing.  Price is not actually -$1234.00,,,,,,,,,,,,,,Recurring Consulting Services,Custom,Custom Product or Service - hourly (Consumer),,,,Add Ons
SHARED,MeridianLink Consumer/Opening,Add On - Custom,MeridianLink,Custom Product - Monthly (Consumer),Monthly,Custom Product - Monthly,N,-1234.0,SHARED-0098,-1234.0,SHARED-0004,,,,,N,,Quote pricing.  Price is not actually -$1234.00,,,,,,,,,,,,,X,Other,Custom,Custom Product or Service - monthly (Consumer),,,,Add Ons
SHARED,MeridianLink Consumer/Opening,Add On - Custom,MeridianLink,Custom Service - R&D (Consumer),Hourly,Custom Service - R&D,N,-1234.0,SHARED-0006,,,,,,,N,,Quote pricing.  Price is not actually -$1234.00,,,,,,,,,,,,,,Not Mapped,Custom,Custom Product or Service - R&D (Consumer),,,,Add Ons
SHARED,MeridianLink Consumer/Opening,Add On - Custom,MeridianLink,Custom Product - Transaction fee (Consumer),Standard,Custom Product - Transaction Fee,N,-1234.0,SHARED-0082,-1234.0,SHARED-0128,-1234.0,SHARED-0005,SHARED-0005,SHARED-0129,N,-1234.0,Quote pricing.  Price is not actually -$1234.00,,,,,,,,,,,,,,Other,Custom,Custom Product or Service - transaction fee (Consumer),,,,Add Ons
SHARED,MeridianLink Consumer/Opening,Add On - Custom Score,Experian,Fast Start,Standard,Fast Start,N,0.0,SHARED-0220,1575.0,SHARED-0208,,,,,N,,,,,,,,,,,,,,,,Not Mapped,Custom Score,Fast Start,,,,Add Ons
SHARED,MeridianLink Consumer/Opening,Add On - Custom Score,Scienaptic,Scienaptic (ML Consumer),Standard,Scienaptic,N,0.0,SHARED-0353,0.0,SHARED-0352,,,,,N,,,,,,,,,,,,,,,,Custom Score/Decisioning,Custom Score,Scienaptic (ML Consumer),,,,Add Ons
SHARED,MeridianLink Consumer/Opening,Add On - Custom Score,Zest AI,Zest Custom Score,Standard,Zest Custom Score,N,0.0,SHARED-0182,0.0,SHARED-0150,,,,,N,,"Only production server deployments allowed, no BETA or DEMO deployments.",,,,1,Dependent,"Must have Consumer Lending, Home Equity, and/or Business Lending modules enabled",,,,,,,,Custom Score/Decisioning,Custom Score,Zest Custom Score,,,,Add Ons
SHARED,MeridianLink Consumer/Opening,Add On - Custom Score,Zest AI,Zest Protect (Consumer),Standard,Zest Protect,N,0.0,SHARED-0625,0.0,SHARED-0626,,,,,,,,,,,,,,,,,,,,,Custom Score/Decisioning,Custom Score,Zest Protect (Consumer),,,,Add Ons
SHARED,MeridianLink Consumer/Opening,Add On - Custom Score,Point Predictive,Point Predictive Integration (Consumer),Standard,Point Predictive Integration,N,0.0,SHARED-0146,0.0,SHARED-0142,,,,,N,,Integration Includes Auto Pass,,,,1,Dependent,Indirect or direct module,,,,,,,,Fraud & Verification,Custom Score,Point Predictive Integration (Consumer),,,,Add Ons
SHARED,MeridianLink Consumer/Opening,Add On - Document Archival,MeridianLink,DocDownload,Standard,DocDownload,N,5750.0,SHARED-0171,5500.0,SHARED-0167,,,,,N,,"Also often called document imaging; Includes extract of IDV/IDA, loan app summary, and credit reports",,,,,,,,,,,,,,Essential Systems,Document Archival,DocDownload,,,,Add Ons
SHARED,MeridianLink Consumer/Opening,Add On - Document Archival,MeridianLink,DocDownload Redeploy (Consumer),Standard,DocDownload Redeploy,N,-1234.0,SHARED-0608,,,,,,,,,Quote pricing.  Price is not actually -$1234.00,,,,,,,,,,,,,,Automation & Integration,Document Archival,DocDownload Redeploy (Consumer),,,,Add Ons
Origination - Consumer,MeridianLink Consumer/Opening,Add On - Document Archival,MeridianLink,DocDownload - Training Refresh for Additional Phase,Standard,DocDownload - Training Refresh for Additional Phase,N,2900.0,CONS-0633,,,,,,,,,NOT FOR REDEPLOYMENT. Can only be sold concurrently with system setup phase. Supplementary training for customer adding new loantype modules to an existing live DocDownload setup.,,,,,,,,,,,,,,Not Mapped,Document Archival,DocDownload - Training Refresh for Additional Phase,,,,Add Ons
SHARED,MeridianLink Consumer/Opening,Add On - Document Prep,Finastra,Finastra LaserPro (ML Consumer),Standard,Finastra LaserPro,N,4100.0,SHARED-0200,1575.0,SHARED-0168,,,,,N,,,,,,,,,,,,,,,,Docs/Disclosures & eSign,Document Prep,Finastra LaserPro (ML Consumer),,,,Add Ons
SHARED,MeridianLink Consumer/Opening,Add On - Document Prep,Finastra,Finastra LaserPro Plus (ML Consumer),Standard,Finastra LaserPro Plus,N,4100.0,SHARED-0172,1575.0,SHARED-0214,,,,,N,,,,,,,,,,,,,,,,Docs/Disclosures & eSign,Document Prep,Finastra LaserPro Plus (ML Consumer),,,,Add Ons
SHARED,MeridianLink Consumer/Opening,Add On - Document Prep,MeridianLink,Document Mapping (loans),Per Pull,Document Mapping (loans),N,0.0,CONS-0364,5100.0,CONS-0152,,,,,N,,"Up to 20 standard MeridianLink Consumer docs and 5 custom forms // Approved vendors for standard forms are CUNA, Conmar, WKFS, Securian, CSi, and OakTree",,,,,,,,,,,,,,Docs/Disclosures & eSign,Document Prep,Document Mapping (loans),,,,Add Ons
SHARED,MeridianLink Consumer/Opening,Add On - Document Upload,Credit Mountain,Credit Mountain (Consumer),Standard,Credit Mountain,N,3025.0,SHARED-0607,,,,,,,N,,,,,,,,,,,,,,,,Consumer & Digital Engagement,Consumer Lead Gen,Credit Mountain (Consumer),,,,Add Ons
SHARED,MeridianLink Consumer/Opening,Add On - Employment/Income/Asset Verification,Equifax,Equifax The Work Number Select,Standard,Equifax The Work Number Select,N,3500.0,SHARED-0354,,,,,,,N,,,,,,,,,,,,,,,,Fraud & Verification,Employment/Income/Asset Verification,Equifax The Work Number Select,,,,Add Ons
SHARED,MeridianLink Consumer/Opening,Add On - Employment/Income/Asset Verification,MeasureOne,MeasureOne Bank Deposit Verification,Standard,MeasureOne Bank Deposit Verification,N,3200.0,SHARED-0412,1248.0,SHARED-0407,6.25,SHARED-0407,,,N,,Requires MeasureOne Income & Employment Verification,,,,,,,,,,,,,,Fraud & Verification,Employment/Income/Asset Verification,MeasureOne Bank Deposit Verification,,,,Add Ons
SHARED,MeridianLink Consumer/Opening,Add On - Employment/Income/Asset Verification,MeasureOne,"MeasureOne Education Tier 1 (500,000+ monthly orders)",Standard,MeasureOne Education,N,0.0,SHARED-0396,0.0,SHARED-0398,7.45,SHARED-0401,,,N,,,,,,,,,,,,,,,,Not Mapped,Employment/Income/Asset Verification,MeasureOne Education,Tier 1,500000.0,0.0,Add Ons
SHARED,MeridianLink Consumer/Opening,Add On - Employment/Income/Asset Verification,MeasureOne,"MeasureOne Education Tier 2 (250,000 - 499,999 monthly orders)",Standard,MeasureOne Education,N,0.0,SHARED-0396,0.0,SHARED-0398,8.1,SHARED-0401,,,N,,,,,,,,,,,,,,,,Not Mapped,Employment/Income/Asset Verification,MeasureOne Education,Tier 2,250000.0,499999.0,Add Ons
SHARED,MeridianLink Consumer/Opening,Add On - Employment/Income/Asset Verification,MeasureOne,"MeasureOne Education Tier 3 (100,000 - 249,999 monthly orders)",Standard,MeasureOne Education,N,0.0,SHARED-0396,0.0,SHARED-0398,8.7,SHARED-0401,,,N,,,,,,,,,,,,,,,,Not Mapped,Employment/Income/Asset Verification,MeasureOne Education,Tier 3,100000.0,249999.0,Add Ons
SHARED,MeridianLink Consumer/Opening,Add On - Employment/Income/Asset Verification,MeasureOne,"MeasureOne Education Tier 4 (50,000 - 99,999 monthly orders)",Standard,MeasureOne Education,N,0.0,SHARED-0396,0.0,SHARED-0398,9.3,SHARED-0401,,,N,,,,,,,,,,,,,,,,Not Mapped,Employment/Income/Asset Verification,MeasureOne Education,Tier 4,50000.0,99999.0,Add Ons
SHARED,MeridianLink Consumer/Opening,Add On - Employment/Income/Asset Verification,MeasureOne,"MeasureOne Education Tier 5 (25,000 - 49,999 monthly orders)",Standard,MeasureOne Education,N,0.0,SHARED-0396,0.0,SHARED-0398,9.95,SHARED-0401,,,N,,,,,,,,,,,,,,,,Not Mapped,Employment/Income/Asset Verification,MeasureOne Education,Tier 5,25000.0,49999.0,Add Ons
SHARED,MeridianLink Consumer/Opening,Add On - Employment/Income/Asset Verification,MeasureOne,"MeasureOne Education Tier 6 (10,000 - 24,999 monthly orders)",Standard,MeasureOne Education,N,0.0,SHARED-0396,0.0,SHARED-0398,10.55,SHARED-0401,,,N,,,,,,,,,,,,,,,,Not Mapped,Employment/Income/Asset Verification,MeasureOne Education,Tier 6,10000.0,24999.0,Add Ons
SHARED,MeridianLink Consumer/Opening,Add On - Employment/Income/Asset Verification,MeasureOne,"MeasureOne Education Tier 7 (5,000 - 9,999 monthly orders)",Standard,MeasureOne Education,N,0.0,SHARED-0396,0.0,SHARED-0398,11.15,SHARED-0401,,,N,,,,,,,,,,,,,,,,Not Mapped,Employment/Income/Asset Verification,MeasureOne Education,Tier 7,5000.0,9999.0,Add Ons
SHARED,MeridianLink Consumer/Opening,Add On - Employment/Income/Asset Verification,MeasureOne,"MeasureOne Education Tier 8 (0 - 4,999 monthly orders)",Standard,MeasureOne Education,N,0.0,SHARED-0396,0.0,SHARED-0398,12.45,SHARED-0401,,,N,,,,,,,,,,,,,,,,Not Mapped,Employment/Income/Asset Verification,MeasureOne Education,Tier 8,0.0,4999.0,Add Ons
SHARED,MeridianLink Consumer/Opening,Add On - Employment/Income/Asset Verification,MeasureOne,"MeasureOne Income & Employment Tier 1 (500,000+ monthly orders)",Standard,MeasureOne Income & Employment,N,0.0,SHARED-0409,,,5.95,SHARED-0408,,SHARED-0403,N,,,,,,,,,,,,,,,,Fraud & Verification,Employment/Income/Asset Verification,MeasureOne Income & Employment,Tier 1,500000.0,0.0,Add Ons
SHARED,MeridianLink Consumer/Opening,Add On - Employment/Income/Asset Verification,MeasureOne,"MeasureOne Income & Employment Tier 2 (250,000 - 499,999 monthly orders)",Standard,MeasureOne Income & Employment,N,0.0,SHARED-0409,,,6.5,SHARED-0408,,SHARED-0403,N,,,,,,,,,,,,,,,,Fraud & Verification,Employment/Income/Asset Verification,MeasureOne Income & Employment,Tier 2,250000.0,499999.0,Add Ons
SHARED,MeridianLink Consumer/Opening,Add On - Employment/Income/Asset Verification,MeasureOne,"MeasureOne Income & Employment Tier 3 (100,000 - 249,999 monthly orders)",Standard,MeasureOne Income & Employment,N,0.0,SHARED-0409,,,6.95,SHARED-0408,,SHARED-0403,N,,,,,,,,,,,,,,,,Fraud & Verification,Employment/Income/Asset Verification,MeasureOne Income & Employment,Tier 3,100000.0,249999.0,Add Ons
SHARED,MeridianLink Consumer/Opening,Add On - Employment/Income/Asset Verification,MeasureOne,"MeasureOne Income & Employment Tier 4 (50,000 - 99,999 monthly orders)",Standard,MeasureOne Income & Employment,N,0.0,SHARED-0409,,,7.45,SHARED-0408,,SHARED-0403,N,,,,,,,,,,,,,,,,Fraud & Verification,Employment/Income/Asset Verification,MeasureOne Income & Employment,Tier 4,50000.0,99999.0,Add Ons
SHARED,MeridianLink Consumer/Opening,Add On - Employment/Income/Asset Verification,MeasureOne,"MeasureOne Income & Employment Tier 5 (25,000 - 49,999 monthly orders)",Standard,MeasureOne Income & Employment,N,0.0,SHARED-0409,,,7.95,SHARED-0408,,SHARED-0403,N,,,,,,,,,,,,,,,,Fraud & Verification,Employment/Income/Asset Verification,MeasureOne Income & Employment,Tier 5,25000.0,49999.0,Add Ons
SHARED,MeridianLink Consumer/Opening,Add On - Employment/Income/Asset Verification,MeasureOne,"MeasureOne Income & Employment Tier 6 (10,000 - 24,999 monthly orders)",Standard,MeasureOne Income & Employment,N,0.0,SHARED-0409,,,8.45,SHARED-0408,,SHARED-0403,N,,,,,,,,,,,,,,,,Fraud & Verification,Employment/Income/Asset Verification,MeasureOne Income & Employment,Tier 6,10000.0,24999.0,Add Ons
SHARED,MeridianLink Consumer/Opening,Add On - Employment/Income/Asset Verification,MeasureOne,"MeasureOne Income & Employment Tier 7 (5,000 - 9,999 monthly orders)",Standard,MeasureOne Income & Employment,N,0.0,SHARED-0409,,,8.95,SHARED-0408,,SHARED-0403,N,,,,,,,,,,,,,,,,Fraud & Verification,Employment/Income/Asset Verification,MeasureOne Income & Employment,Tier 7,5000.0,9999.0,Add Ons
SHARED,MeridianLink Consumer/Opening,Add On - Employment/Income/Asset Verification,MeasureOne,"MeasureOne Income & Employment Tier 8 (0 - 4,999 monthly orders)",Standard,MeasureOne Income & Employment,N,0.0,SHARED-0409,,,9.95,SHARED-0408,,SHARED-0403,N,,,,,,1 OR 2,Dependent,ML Portal (PORT-0010),Dependent,ML Portal (PORT-0034),,,,,,Fraud & Verification,Employment/Income/Asset Verification,MeasureOne Income & Employment,Tier 8,0.0,4999.0,Add Ons
SHARED,MeridianLink Consumer/Opening,Add On - Employment/Income/Asset Verification,Equifax TWN,Verification of Employment (Consumer),Usage,Verification of Employment,N,0.0,SHARED-0086,,,-1234.0,SHARED-0064,,,N,,Quote pricing.  Price is not actually -$1234.00,,,,,,,,,,,,,,Fraud & Verification,Employment/Income/Asset Verification,Verification of Employment (Consumer),,,,Add Ons
SHARED,MeridianLink Consumer/Opening,Add On - Employment/Income/Asset Verification,Plaid,Plaid VOI  ,Standard,Plaid VOI  ,N,3500.0,SHARED-0628,6000.0,SHARED-0629,,,,SHARED-0630,N,,"Customers must contract with Plaid first, then can sign the addendum with MeridianLink

Must have Plaid Platform Fee",,,,1,Dependent,Must have Plaid Platform Fee,,,,,,,,Fraud & Verification,Account Verification (consumer),Plaid VOI  ,,,,Add Ons
SHARED,MeridianLink Consumer/Opening,Add On - eSign,DocuSign,DocuSign Enterprise (Consumer),Standard,DocuSign Enterprise,N,0.0,SHARED-0112,,,,,,,N,,"No fee. ML Agreement with DocuSign states that existing DocuSign clients can NOT be quoted directly by ML. If the client is an existing DocuSign client and requests ML pricing, ML must first get approval from DocuSign before pricing can be presented. If the client or prospect is not an existing DocuSign client, MeridianLink's ISV pricing can be presented but only if they client does not want to connect with DocuSign first for enterprise pricing.
DocuSign Enterprise is the default relationship even for new logos. Unless specifically requesting MeridianLink pricing, we want customers to engage with DocuSign directly via DocuSign Enterprise since MeridianLink's DocuSign ISV setup is a tactical solution for use in ML Consumer/Opening only with some known limitations",,,,,,,,,,,,,,Docs/Disclosures & eSign,eSign,DocuSign Enterprise (Consumer),,,,Add Ons
SHARED,MeridianLink Consumer/Opening,Add On - eSign,DocuSign,DocuSign ISV,Usage,DocuSign ISV,N,2300.0,SHARED-0059,3000.0,SHARED-0474,4.9,SHARED-0024,,,N,,"ML Agreement with DocuSign states that existing DocuSign clients can NOT be quoted directly by ML. If the client is an existing DocuSign client and requests ML pricing, ML must first get approval from DocuSign before pricing can be presented. If the client or prospect is not an existing DocuSign client, MeridianLink's ISV pricing can be presented but only if they client does not want to connect with DocuSign first for enterprise pricing. Quotes for 100+ transactions should use DocuSign Enterprise.
DocuSign Enterprise is the default relationship even for new logos. Unless specifically requesting MeridianLink pricing, we want customers to engage with DocuSign directly via DocuSign Enterprise since MeridianLink's DocuSign ISV setup is a tactical solution for use in ML Consumer/Opening only with some known limitations
Quote per DocuSign ISV addendum tiers. ",Monthly fee includes 50 envelopes.  Overcharge charge per envelope for exceeding this limit. ,,,,,,,,,,,,,Docs/Disclosures & eSign,eSign,DocuSign ISV,,,,Add Ons
SHARED,MeridianLink Consumer/Opening,Add On - eSign,Kinective,Kinective Sign (fka IMM RTS),Standard,Kinective Sign,N,5750.0,SHARED-0174,2400.0,SHARED-0192,,,,,N,,"IMM e-signature offering; fka IMM Ready-To-Sign (RTS), IMM_UDP ",,,,,,,,,,,,,,Docs/Disclosures & eSign,eSign,Ready-To-Sign (RTS),,,,Add Ons
SHARED,MeridianLink Consumer/Opening,Add On - eSign,Kinective,Synergy Esign,Standard,Synergy Esign,N,5750.0,SHARED-0181,2400.0,SHARED-0211,,,,,N,,Rebrand of Kinective Sign (IMM RTS) for JHA clients,,,,,,,,,,,,,,Docs/Disclosures & eSign,eSign,Synergy Esign,,,,Add Ons
SHARED,MeridianLink Consumer/Opening,Add On - Fraud Protection,Equifax,Digital Identity Trust (DIT),Standard,Digital Identity Trust,N,6500.0,SHARED-0468,2400.0,SHARED-0467,,,,,N,,Only available for Opening,,,,,,,,,,,,,,Fraud & Verification,Fraud Protection,Digital Identity Trust (DIT),,,,Add Ons
SHARED,MeridianLink Consumer/Opening,Add On - Fraud Protection,Socure,Socure ID Verification Tier 1 ($5B+ AUM) (Consumer),Standard,Socure ID Verification,N,7000.0,SHARED-0377,8750.0,SHARED-0399,2.7,SHARED-0368,SHARED-0369,SHARED-0373,,,"Document Verification must be bundled with the ID Verification piece. They will be charged separately, however.","Addendum lists transactions seperately, but they are required to be quoted together.",,,,,,,,,,,,,Fraud & Verification,Fraud Protection,Socure ID Verification,Tier 1,5000000000.0,0.0,Add Ons
SHARED,MeridianLink Consumer/Opening,Add On - Fraud Protection,Socure,Socure ID Verification Tier 2 (<$5B AUM) (Consumer),Standard,Socure ID Verification,N,7000.0,SHARED-0377,4400.0,SHARED-0399,2.7,SHARED-0368,SHARED-0369,SHARED-0373,,,"Document Verification must be bundled with the ID Verification piece. They will be charged separately, however.","Addendum lists transactions seperately, but they are required to be quoted together.",,,,,,,,,,,,,Fraud & Verification,Fraud Protection,Socure ID Verification,Tier 2,0.0,4999999999.0,Add Ons
SHARED,MeridianLink Consumer/Opening,Add On - Fraud Protection,Socure,Socure Doc Verification Tier 1 ($5B+ AUM) (Consumer),Standard,Socure Doc Verification,N,0.0,SHARED-0378,,,2.7,SHARED-0365,SHARED-0372,SHARED-0366,,,"Document Verification must be bundled with the ID Verification piece. They will be charged separately, however.",,,,,,,,,,,,,,Fraud & Verification,Fraud Protection,Socure Doc Verification,Tier 1,5000000000.0,0.0,Add Ons
SHARED,MeridianLink Consumer/Opening,Add On - Fraud Protection,Socure,Socure Doc Verification Tier 2 (<$5B AUM) (Consumer),Standard,Socure Doc Verification,N,0.0,SHARED-0378,,,2.7,SHARED-0365,SHARED-0372,SHARED-0366,,,"Document Verification must be bundled with the ID Verification piece. They will be charged separately, however.",,,,,,,,,,,,,,Fraud & Verification,Fraud Protection,Socure Doc Verification,Tier 2,0.0,4999999999.0,Add Ons
SHARED,MeridianLink Consumer/Opening,Add On - Fraud Protection,Socure,Socure Portfolio Scrub (Consumer),Standard,Socure Portfolio Scrub,N,-1234.0,SHARED-0422,,,,,,,,,"Contact Services for quote pricing. Price is not actually -$1234.00. Minimum 10,000 records. $5500 setup for first 10,000 records, $0.50 per record over 10,000.",,,,,,,,,,,,,,Fraud & Verification,Fraud Protection,Socure Portfolio Scrub (Consumer),,,,Add Ons
SHARED,MeridianLink Consumer/Opening,Add On - Home Banking,Alkami,Alkami QuickApply (Consumer),Standard,Alkami QuickApply,N,4100.0,SHARED-0324,2400.0,SHARED-0269,,,,,N,,Pushes apps from Alkami Home Banking directly into MeridianLink Consumer; doesn't go through AP,,,,,,,,,,,,,,Consumer & Digital Engagement,Home Banking,Alkami QuickApply (Consumer),,,,Add Ons
SHARED,MeridianLink Consumer/Opening,Add On - Hosting,MeridianLink,Dedicated Server Production Updates (Consumer),Standard,Dedicated Server Production Updates,N,12750.0,SHARED-0038,,,,,,,N,,"**Only applicable to clients already hosting offsite/dedicated. Offsite/Dedicated server clients are allowed 1 production update a year.  However if a client does request for more then 1 update, we will charge a fee of $5000 for each request after the first initial request for that year.",,,,,,,,,,,,,,Not Mapped,Hosting,Dedicated Server Production Updates (Consumer),,,,Add Ons
SHARED,MeridianLink Consumer/Opening,Add On - Hosting,MeridianLink,Offsite Server Production Updates (Consumer),Standard,Offsite Server Production Updates,N,8250.0,SHARED-0039,,,,,,,N,,"**Only applicable to clients already hosting offsite/dedicated. Offsite/Dedicated server clients are allowed 1 production update a year.  However if a client does request for more then 1 update, we will charge a fee of $5000 for each request after the first initial request for that year.",,,,,,,,,,,,,,Not Mapped,Hosting,Offsite Server Production Updates (Consumer),,,,Add Ons
SHARED,MeridianLink Consumer/Opening,Add On - Hosting,MeridianLink,Server Migration - High Complexity,Standard,Server Migration - High Complexity,N,-1234.0,SHARED-0507,,,,,,,,,"$100,000 rate, please confirm with Services",,,,,,,,,,,,,,Not Mapped,Hosting,Server Migration - High Complexity,,,,Add Ons
SHARED,MeridianLink Consumer/Opening,Add On - Hosting,MeridianLink,Server Migration - Low Complexity,Standard,Server Migration - Low Complexity,N,-1234.0,SHARED-0505,,,,,,,,,"$50,000 rate, please confirm with Services",,,,,,,,,,,,,,Not Mapped,Hosting,Server Migration - Low Complexity,,,,Add Ons
SHARED,MeridianLink Consumer/Opening,Add On - Hosting,MeridianLink,Server Migration - Medium Complexity,Standard,Server Migration - Medium Complexity,N,-1234.0,SHARED-0506,,,,,,,,,"$75,000 rate, please confirm with Services",,,,,,,,,,,,,,Not Mapped,Hosting,Server Migration - Medium Complexity,,,,Add Ons
SHARED,MeridianLink Consumer/Opening,Add On - ID Authentication,Experian,Experian CrossCore with Precise ID for Account Opening with KIQ/MFA (Option 11) (Consumer),Standard,Experian CrossCore with Precise ID for Account Opening with KIQ/MFA (Option 11),N,975.0,SHARED-0454,,,4.25,SHARED-0451,,SHARED-0452,N,-1234.0,,,,,,,,,,,,,,,Fraud & Verification,ID Authentication,Experian CrossCore with Precise ID for Account Opening with KIQ/MFA (Option 11) (Consumer),,,,Add Ons
SHARED,MeridianLink Consumer/Opening,Add On - ID Authentication,Experian,Experian CrossCore Setup Fee (Consumer),Standard,Experian CrossCore Setup Fee,N,7500.0,SHARED-0555,,,,,,,,,"Setup fee for Initial CrossCore Implementation.  Require to select at least one option (Option 3, Option 6, Option 11).  Each option has its own setup fee in addition to the CrossCore setup fee.",,,,,,,,,,,,,,Not Mapped,ID Authentication,Experian CrossCore Setup Fee (Consumer),,,,Add Ons
SHARED,MeridianLink Consumer/Opening,Add On - ID Authentication,Transunion,TransUnion IDMV & IDMA,Per Pull,TransUnion IDMV & IDMA,N,0.0,SHARED-0195,,,3.7,SHARED-0183,SHARED-0183,SHARED-0190,N,-1234.0,now known as ID Vision suite,,,,,,,,,,,,,,Fraud & Verification,ID Authentication,TransUnion IDMV & IDMA,,,,Add Ons
SHARED,MeridianLink Consumer/Opening,Add On - ID Verification,TransUnion,TransUnion IDMV,Per Pull,TransUnion IDMV,N,0.0,SHARED-0225,,,2.1,SHARED-0194,SHARED-0194,SHARED-0186,N,-1234.0,with OFAC,,,,,,,,,,,,,,Fraud & Verification,ID Verification,TransUnion IDMV,,,,Add Ons
SHARED,MeridianLink Consumer/Opening,Add On - Indirect Lead,Automatic USA,Automatic USA - Existing Indirect Relationship (Consumer),Standard,Automatic USA - New Customer,N,7750.0,SHARED-0456,,,4.7,SHARED-0462,,,N,,,,,,,,,,,,,,,,Auto,Indirect Lead,Automatic USA - Existing Indirect Relationship (Consumer),,,,Add Ons
SHARED,MeridianLink Consumer/Opening,Add On - Indirect Lead,Automatic USA,Automatic USA - New Indirect Relationship (Consumer),Standard,Automatic USA - Existing Customer,N,0.0,SHARED-0456,,,4.7,SHARED-0462,,,N,,,,,,,,,,,,,,,,Auto,Indirect Lead,Automatic USA - New Indirect Relationship (Consumer),,,,Add Ons
SHARED,MeridianLink Consumer/Opening,Add On - Indirect Lead,CULA,CULA,Standard,CULA,N,4600.0,SHARED-0216,4500.0,SHARED-0143,,,,,N,,Applicable to lease applications only,,,,,,,,,,,,,,Consumer & Digital Engagement,Indirect Lead,CULA,,,,Add Ons
SHARED,MeridianLink Consumer/Opening,Add On - Indirect Lead,DealerTrack,DealerTrack Aggregator (Consumer),Per Pull,DealerTrack,N,0.0,SHARED-0078,,,5.05,SHARED-0049,,SHARED-0551,N,,,,,,,,,,,,,,Add Ons,,Auto,Indirect Lead,DealerTrack Aggregator (Consumer),,,,Add Ons
SHARED,MeridianLink Consumer/Opening,Add On - Indirect Lead,DealerTrack,DealerTrack Digital Contracting (Consumer),Per Pull,DealerTrack Digital Contracting,N,11000.0,SHARED-0138,4100.0,SHARED-0382,9.9,SHARED-0140,,SHARED-0406,N,,"Setup fee not discountable. $5K passthrough fee to DealerTrack included. If customer inquires why setup fee is higher than RO's, state DealerTrack has a fee.",,,,1,Dependent,Must have Modern Experience,,,,,,,,Auto,Indirect Lead,DealerTrack Digital Contracting (Consumer),,,,Add Ons
SHARED,MeridianLink Consumer/Opening,Add On - Indirect Lead,DealerTrack,DealerTrack Digital Contracting Vaulted Transaction (Consumer),Per Pull,DealerTrack Digital Contracting Vaulted Transaction,N,0.0,SHARED-0404,,,0.65,SHARED-0405,,,N,,,,,,1 and 2,Dependent,Must have Modern Experience,Dependent,Must have DealerTrack eContracting,,,,,,Auto,Indirect Lead,DealerTrack eContracting Per Vaulted Transaction (Consumer),,,,Add Ons
SHARED,MeridianLink Consumer/Opening,Add On - Indirect Lead,RouteOne,RouteOne Aggregator (Consumer),Per Pull,RouteOne,N,0.0,SHARED-0103,,,6.0,SHARED-0054,,SHARED-0549,N,,,,,,,,,,,,,,,,Auto,Indirect Lead,RouteOne Aggregator (Consumer),,,,Add Ons
SHARED,MeridianLink Consumer/Opening,Add On - Indirect Lead,RouteOne,RouteOne eContracting (Consumer),Per Pull,RouteOne eContracting,N,10000.0,SHARED-0209,4100.0,SHARED-0361,8.65,SHARED-0153,SHARED-0153,SHARED-0548,N,,,,,,,,,,,,,,,,Auto,Indirect Lead,RouteOne eContracting (Consumer),,,,Add Ons
SHARED,MeridianLink Consumer/Opening,Add On - Lead Intake,Coviance,Coviance Point of Sale,Standard,Coviance Point of Sale,N,3300.0,SHARED-0466,2400.0,SHARED-0465,,,,,N,,,,,,,,,,,,,,,,Consumer & Digital Engagement,Lead Intake,Coviance Point of Sale,,,,Add Ons
SHARED,MeridianLink Consumer/Opening,Add On - Lead Intake,Gravity Lending,Gravity Lending,Standard,Gravity Lending,N,3300.0,SHARED-0374,2400.0,SHARED-0367,,,,,N,,,,,,,,,,,,,,,,Consumer & Digital Engagement,Lead Intake,Gravity Lending,,,,Add Ons
SHARED,MeridianLink Consumer/Opening,Add On - Lead Intake,Lumin Digital,Lumin Digital Banking API (Consumer),Standard,Lumin Digital Banking API,N,3300.0,SHARED-0344,2400.0,SHARED-0289,,,,,N,,,,,,,,,,,,,,,,Consumer & Digital Engagement,Lead Intake,Lumin Digital Banking API (Consumer),,,,Add Ons
SHARED,MeridianLink Consumer/Opening,Add On - Lead Intake,Union Credit,Union Credit,Standard,Union Credit,N,3300.0,SHARED-0494,2400.0,SHARED-0493,,,,,N,,,,,,,,,,,,,,,,Consumer & Digital Engagement,Lead Intake,Union Credit,,,,Add Ons
SHARED,MeridianLink Consumer/Opening,Add On - Lead Intake,Vericast,Vericast LoanEngine Tier 1: $5B+,Standard,Vericast Loan Engine,N,8500.0,SHARED-0531,20250.0,SHARED-0526,,,,,N,,Vericast is a reseller of TruStage Digital Storefront (fka CuneXus),,,,1,Exclusion,Cannot be combined with any of the other Vericast LoanEngine annual maintenance items,,,,,,,,Not Mapped,Lead Intake,Vericast LoanEngine,Tier 1,5000000000.0,0.0,Add Ons
SHARED,MeridianLink Consumer/Opening,Add On - Lead Intake,Vericast,Vericast LoanEngine Tier 2: $1B - $5B,Standard,Vericast Loan Engine,N,7750.0,SHARED-0531,15500.0,SHARED-0527,,,,,N,,Vericast is a reseller of TruStage Digital Storefront (fka CuneXus),,,,1,Exclusion,Cannot be combined with any of the other Vericast LoanEngine annual maintenance items,,,,,,,,Not Mapped,Lead Intake,Vericast LoanEngine,Tier 2,1000000000.0,4999999999.0,Add Ons
SHARED,MeridianLink Consumer/Opening,Add On - Lead Intake,Vericast,Vericast LoanEngine Tier 3: $500M - $1B,Standard,Vericast Loan Engine,N,7750.0,SHARED-0531,9250.0,SHARED-0528,,,,,N,,Vericast is a reseller of TruStage Digital Storefront (fka CuneXus),,,,1,Exclusion,Cannot be combined with any of the other Vericast LoanEngine annual maintenance items,,,,,,,,Not Mapped,Lead Intake,Vericast LoanEngine,Tier 3,500000000.0,999999999.0,Add Ons
SHARED,MeridianLink Consumer/Opening,Add On - Lead Intake,Vericast,Vericast LoanEngine Tier 4: $250M - $500M,Standard,Vericast Loan Engine,N,7750.0,SHARED-0531,6250.0,SHARED-0529,,,,,N,,Vericast is a reseller of TruStage Digital Storefront (fka CuneXus),,,,1,Exclusion,Cannot be combined with any of the other Vericast LoanEngine annual maintenance items,,,,,,,,Not Mapped,Lead Intake,Vericast LoanEngine,Tier 4,250000000.0,499999999.0,Add Ons
SHARED,MeridianLink Consumer/Opening,Add On - Lead Intake,Vericast,Vericast LoanEngine Tier 5: $100M - $250M,Standard,Vericast Loan Engine,N,7750.0,SHARED-0531,6250.0,SHARED-0525,,,,,N,,Vericast is a reseller of TruStage Digital Storefront (fka CuneXus),,,,1,Exclusion,Cannot be combined with any of the other Vericast LoanEngine annual maintenance items,,,,,,,,Not Mapped,Lead Intake,Vericast LoanEngine,Tier 5,100000000.0,249999999.0,Add Ons
SHARED,MeridianLink Consumer/Opening,Add On - Lead Intake,WithClutch,WithClutch,Standard,WithClutch,N,10000.0,SHARED-0376,5000.0,SHARED-0375,,,,,N,,,,,,,,,,,,,,,,Consumer & Digital Engagement,Lead Intake,WithClutch,,,,Add Ons
SHARED,MeridianLink Consumer/Opening,Add On - MeridianLink Consulting,MeridianLink,Admin Pro (Consumer),Monthly,Admin Pro,N,0.0,SHARED-0145,26580.0,SHARED-0198,325.0,SHARED-0371,,,Y,,Annual fee is waived in year 1 for ML Entry clients,,,,,,,,,,,,,X,Recurring Consulting Services,MeridianLink Consulting,Admin Pro (Consumer),,,,Add Ons
SHARED,MeridianLink Consumer/Opening,Add On - MeridianLink Consulting,MeridianLink,Admin Pro additional 25 hours,Standard,Admin Pro additional 25 hours,N,6750.0,SHARED-0509,,,,,,,Y,,,,,,,,,,,,,,,,Recurring Consulting Services,MeridianLink Consulting,Admin Pro additional 25 hours,,,,Add Ons
SHARED,MeridianLink Consumer/Opening,Add On - MeridianLink Consulting,MeridianLink,Admin Pro additional 50 hours,Standard,Admin Pro Additional 50 Hours,N,13250.0,SHARED-0475,,,,,,,Y,,,,,,,,,,,,,,,,Recurring Consulting Services,MeridianLink Consulting,Admin Pro additional 50 hours,,,,Add Ons
SHARED,MeridianLink Consumer/Opening,Add On - MeridianLink Consulting,MeridianLink,Admin Pro Lite (Consumer),Monthly,Admin Pro Lite,N,0.0,SHARED-0504,13872.0,SHARED-0522,325.0,SHARED-0523,,,Y,,,,,,,,,,,,,,,X,Recurring Consulting Services,MeridianLink Consulting,Admin Pro Lite (Consumer),,,,Add Ons
SHARED,MeridianLink Consumer/Opening,Add On - MeridianLink Consulting,MeridianLink,Modern Experience Upgrade – Admin Pro,Standard,Admin Pro Modern Experience,N,0.0,SHARED-0511,,,,,,,Y,,Modern Experience Upgrade for Admin Pro subscribers.,,,"CONS-0402, CONS-0400, CONS-0397, CONS-0401, CONS-0398, CONS-0399,CONS-0636,CONS-0637",,,,,,,,,,,Recurring Consulting Services,MeridianLink Consulting,Modern Experience Upgrade – Admin Pro,,,,Add Ons
SHARED,MeridianLink Consumer/Opening,Add On - MeridianLink Consulting,MeridianLink,Admin Pro Plus (Consumer),Monthly,Admin Pro Plus,N,0.0,SHARED-0508,31800.0,SHARED-0524,325.0,SHARED-0521,,,Y,,,,,,,,,,,,,,,X,Recurring Consulting Services,MeridianLink Consulting,Admin Pro Plus (Consumer),,,,Add Ons
SHARED,MeridianLink Consumer/Opening,Add On - MeridianLink Consulting,MeridianLink,Bespoke Implementation Fee,Hourly,Bespoke Implementation Fee,N,-1234.0,SHARED-0500,,,,,,,Y,,Please tag in your Program Manager and Consulting for custom quote,,,,,,,,,,,,,,Not Mapped,MeridianLink Consulting,Bespoke Implementation Fee,,,,Add Ons
SHARED,MeridianLink Consumer/Opening,Add On - MeridianLink Consulting,MeridianLink,Quick Wins Project,Standard,Quick Wins Project,N,-1234.0,SHARED-0546,,,,,,,Y,,Reserved for projects with external restraints such as sunsetting systems or core conversions with fixed live dates. Quote pricing. Price is not actually -$1234.00. Requires SVP approval.,This fee ensures that your queue time will be reduced and assignment will happen at the mutually agreed upon timeframe with Services.,,,,,,,,,,,,,Not Mapped,MeridianLink Consulting,Quick Wins Project,,,,Add Ons
SHARED,MeridianLink Consumer/Opening,Add On - Professional Services,MeridianLink,Professional Services Subscription : Monthly (Consumer),Standard,Professional Services Subscription : Monthly,N,0.0,SHARED-0597,-1234.0,SHARED-0596,-1234.0,SHARED-0595,,,Y,,,,,,,,,,,,,,,,Recurring Consulting Services,Professional Services,Professional Services Subscription : Monthly (Consumer),,,,Add Ons
SHARED,MeridianLink Consumer/Opening,Add On - MeridianLink POS,Conductiv,Conductiv,Standard,Conductiv,N,2400.0,SHARED-0400,,,,,,,N,,,,,,,,,,,,,,,,Automation & Integration,MeridianLink POS,Conductiv,,,,Add Ons
SHARED,MeridianLink Consumer/Opening,Add On - MeridianLink POS,Interface.ai,Digital Engagement Package - Interface.ai,Standard,Digital Engagement Package - Interface.ai,N,0.0,SHARED-0485,0.0,SHARED-0534,,,,,N,,,,,,,,,,,,,,,,Not Mapped,MeridianLink POS,Digital Engagement Package - Interface.ai,,,,Add Ons
SHARED,MeridianLink Consumer/Opening,Add On - MeridianLink POS,Glia,Digital Engagement Package - Glia,Standard,Digital Engagement Package - Glia,N,0.0,SHARED-0539,0.0,SHARED-0535,,,,,N,,,,,,,,,,,,,,,,Not Mapped,MeridianLink POS,Digital Engagement Package - Glia,,,,Add Ons
SHARED,MeridianLink Consumer/Opening,Add On - MeridianLink POS,Eltropy,Digital Engagement Package - Eltropy,Standard,Digital Engagement Package - Eltropy,N,0.0,SHARED-0540,0.0,SHARED-0536,,,,,N,,,,,,,,,,,,,,,,Not Mapped,MeridianLink POS,Digital Engagement Package - Eltropy,,,,Add Ons
SHARED,MeridianLink Consumer/Opening,Add On - MeridianLink POS,MeridianLink,Digital Engagement Package - Custom Scripting Enablement,Standard,Digital Engagement Package - Custom Scripting Enablement,N,0.0,SHARED-0533,0.0,SHARED-0538,,,,,N,,,,,,,,,,,,,,,,Not Mapped,MeridianLink POS,Digital Engagement Package - Custom Scripting Enablement,,,,Add Ons
SHARED,MeridianLink Consumer/Opening,Add On - MeridianLink POS,MeridianLink,Digital Customer Service Vendor Change,Standard,Digital Customer Service Vendor Change,N,1625.0,SHARED-0541,,,,,,,N,,,,,,,,,,,,,,,,Not Mapped,MeridianLink POS,Digital Customer Service Vendor Change,,,,Add Ons
SHARED,MeridianLink Consumer/Opening,Add On - MeridianLink POS,Experian,Experian Digital Risk Score,Standard,Experian Digital Risk Score,N,7250.0,SHARED-0234,,,1.4,SHARED-0231,,SHARED-0495,N,-1234.0,,,,,,,,,,,,,,,Fraud & Verification,MeridianLink POS,Experian Digital Risk Score,,,,Add Ons
SHARED,MeridianLink Consumer/Opening,Add On - MeridianLink POS,MeridianLink,Equifax InstaTouch (Consumer),Standard,MeridianLink Portal - Equifax InstaTouch,N,2400.0,SHARED-0030,,,,,,,N,,,,,,,,,,,,,,,,Fraud & Verification,MeridianLink POS,Equifax InstaTouch (Consumer),,,,Add Ons
SHARED,MeridianLink Consumer/Opening,Add On - Misc,MeridianLink,After Hours Assistance - Expedite Fee (Consumer),Standard,After Hours Assistance - Expedite Fee,N,2500.0,SHARED-0043,,,,,,,N,,"In addition to per hour rate.  Applies to Services, Support, SEI, and IT.",,,,,,,,,,,,,,Recurring Consulting Services,Misc,After Hours Assistance - Expedite Fee (Consumer),,,,Add Ons
SHARED,MeridianLink Consumer/Opening,Add On - Misc,MeridianLink,After Hours Assistance (Consumer),Hourly,After Hours Assistance,N,625.0,SHARED-0037,,,,,,,N,,"Applies to Services, Support, SIE, and IT.  No minimum.",,,,,,,,,,,,,,Recurring Consulting Services,Misc,After Hours Assistance (Consumer),,,,Add Ons
SHARED,MeridianLink Consumer/Opening,Add On - Misc,MeridianLink,API Web Services (Consumer),Standard,API Web Services,N,775.0,SHARED-0075,7500.0,SHARED-0068,,,,,N,,,,,,,,,,,,,,,,Consumer Module,Misc,API Web Services (Consumer),,,,Add Ons
SHARED,MeridianLink Consumer/Opening,Add On - Misc,MeridianLink,Certification Program (Consumer),Standard,,N,700.0,SHARED-0348,,,,,,,N,,,,,,,,,,,,,,,,Recurring Consulting Services,Misc,Certification Program (Consumer),,,,Add Ons
SHARED,MeridianLink Consumer/Opening,Add On - Misc,MeridianLink,Certification Retake Exam - Multiple-Choice (Consumer),Standard,,N,150.0,SHARED-0348,,,,,,,N,,,,,,,,,,,,,,,,Recurring Consulting Services,Misc,Certification Retake Exam - Multiple-Choice (Consumer),,,,Add Ons
SHARED,MeridianLink Consumer/Opening,Add On - Misc,MeridianLink,Certification Retake Exam - Practical (Consumer),Standard,,N,300.0,SHARED-0348,,,,,,,N,,,,,,,,,,,,,,,,Recurring Consulting Services,Misc,Certification Retake Exam - Practical (Consumer),,,,Add Ons
SHARED,MeridianLink Consumer/Opening,Add On - Misc,MeridianLink,Certification Training Bundle  (Consumer),Standard,,N,1400.0,SHARED-0348,,,,,,,N,,,,,,,,,,,,,,,,Recurring Consulting Services,Misc,Certification Training Bundle  (Consumer),,,,Add Ons
SHARED,MeridianLink Consumer/Opening,Add On - Misc,MeridianLink,Disaster Recovery Testing (Consumer),Standard,Disaster Recovery Testing,N,950.0,SHARED-0040,,,,,,,N,,$495/hr beyond 2 hours,,,,,,,,,,,,,,Recurring Consulting Services,Misc,Disaster Recovery Testing (Consumer),,,,Add Ons
SHARED,MeridianLink Consumer/Opening,Add On - Misc,MeridianLink,Expedited Deployment (Consumer),Standard,Expedited Deployment,N,-1234.0,SHARED-0218,,,,,,,N,,Reserved for projects with external restraints such as sunsetting systems or core conversions with fixed live dates. Quote pricing. Price is not actually -$1234.00. Requires SVP approval.,,,,,,,,,,,,,,Recurring Consulting Services,Misc,Expedited Deployment (Consumer),,,,Add Ons
SHARED,MeridianLink Consumer/Opening,Add On - Misc,MeridianLink,IT Unscheduled Change Request (Consumer),Hourly,IT Unscheduled Change Request,N,950.0,SHARED-0060,,,,,,,N,,,,,,,,,,,,,,,,Recurring Consulting Services,Misc,IT Unscheduled Change Request (Consumer),,,,Add Ons
SHARED,MeridianLink Consumer/Opening,Add On - Misc,MeridianLink,Post-Live Data Migration (Consumer),Standard,Post-Live Data Migration,N,-1234.0,SHARED-0042,,,,,,,N,,Complete migration worksheet and submit a quote request via SVCS-Jira.  We ONLY support forward migrations (Test to Prod).  Quote pricing.  Price is not actually -$1234.00,,,,,,,,,,,,,,Not Mapped,Misc,Post-Live Data Migration (Consumer),,,,Add Ons
SHARED,MeridianLink Consumer/Opening,Add On - Misc,MeridianLink,Reschedule Live Date,Standard,Reschedule Live Date,N,-1234.0,SHARED-0158,,,,,,,N,,FI is allowed to reschedule once per project. Fee applicable for 2nd reschedule.,,,,,,,,,,,,,,Not Mapped,Misc,Reschedule Live Date,,,,Add Ons
SHARED,MeridianLink Consumer/Opening,Add On - Misc,MeridianLink,Retrain: End User Workflow - Onsite Training (Consumer),Daily,Retrain: End User Workflow - Onsite Training,N,3300.0,SHARED-0061,,,,,,,N,,Per day per MeridianLink Consumer or MeridianLink Opening. Plus travel expenses.,,,,,,,,,,,,,,Not Mapped,Misc,Retrain: End User Workflow - Onsite Training (Consumer),,,,Add Ons
SHARED,MeridianLink Consumer/Opening,Add On - Misc,MeridianLink,Retrain: End User Workflow - Remote (Consumer),Standard,Retrain: End User Workflow - Remote,N,2500.0,SHARED-0067,,,,,,,N,,$3150 if doing MeridianLink Consumer & MeridianLink Opening,,,,,,,,,,,,,,Not Mapped,Misc,Retrain: End User Workflow - Remote (Consumer),,,,Add Ons
SHARED,MeridianLink Consumer/Opening,Add On - Misc,MeridianLink,Time & Materials (Consumer),Hourly,Time & Materials,N,400.0,SHARED-0041,,,,,,,N,,,,,,,,,,,,,,,,Recurring Consulting Services,Misc,Time & Materials (Consumer),,,,Add Ons
SHARED,MeridianLink Consumer/Opening,Add On - Misc,MeridianLink,Training (Consumer),Hourly,Training,N,-1234.0,SHARED-0031,,,,,,,N,,"Contact Services for quote pricing. Price is not actually -$1234.00.  Hourly rate is $265, but due to custom training solutions quote required.",,,,,,,,,,,,,,Recurring Consulting Services,Misc,Training (Consumer),,,,Add Ons
SHARED,MeridianLink Consumer/Opening,Add On - Misc,Partner Related Fees - API Web Services,API Web Services -  Additional API Connection (Consumer),Standard,API Web Services -  Additional API Connection,N,775.0,SHARED-0573,,,,,,,,,Set up fee for each additional API Web Services connection. ,,,,1,Dependent,Customer must have API Web Services,,,,,,,,Not Mapped,Misc,API Web Services -  Additional API Connection (Consumer),,,,Add Ons
SHARED,MeridianLink Consumer/Opening,Add on - Misc,Informed.IQ,Informed.IQ (Consumer),Standard,Informed.IQ,N,6500.0,SHARED-0542,5300.0,SHARED-0543,,,,,,,,,,,,,,,,,,,,,Automation & Integration,Misc,Informed.IQ,,,,Add Ons
SHARED,MeridianLink Consumer/Opening,Add On - Misc,Saris AI,Saris.ai,Standard,Saris.ai,N,6500.0,SHARED-0579,5300.0,SHARED-0580,,,,,N,,,,,,,,,,,,,,,,Fraud & Verification,Misc,Saris.ai,,,,Add Ons
SHARED,MeridianLink Consumer/Opening,Add On - Payment/Funding Option,MX,MX Instant Account Verification,Standard,MX Instant Account Verification,N,3200.0,SHARED-0232,,,2.35,SHARED-0233,,SHARED-0229,N,235.0,,,,,,,,,,,,,,,Fraud & Verification,Payment/Funding Option,MX Instant Account Verification,,,,Add Ons
SHARED,MeridianLink Consumer/Opening,Add On - Payment/Funding Option,Plaid,Plaid Instant Account Verification $10B+ AUM (Referral to Plaid) (Consumer),Standard,Plaid Instant Account Verification (Referral to Plaid),N,3500.0,SHARED-0117,6000.0,SHARED-0114,,,,,N,,"clients above $10B AUM must contract with Plaid first, then can sign the addendum with MeridianLink",,,,,,,,,,,,,,Fraud & Verification,Payment/Funding Option,Plaid Instant Account Verification $10B+ AUM (Referral to Plaid) (Consumer),,,,Add Ons
SHARED,MeridianLink Consumer/Opening,Add On - Payment/Funding Option,Plaid,Plaid Instant Account Verification Identity Match (ML Consumer),Standard,Plaid Instant Account Verification Identity Match,N,0.0,SHARED-0425,,,1.75,SHARED-0424,,,N,,,,,,1,Dependent,Requires Plaid IAV Subscription,,,,,,,,Fraud & Verification,Payment/Funding Option,Plaid Instant Account Verification Identity Match (ML Consumer),,,,Add Ons
SHARED,MeridianLink Consumer/Opening,Add On - Payment/Funding Option,Plaid,Plaid Instant Account Verification,Monthly,Plaid Instant Account Verification,N,3500.0,SHARED-0118,,,2.6,SHARED-0116,SHARED-0116,SHARED-0119,N,-1234.0,"Monthly platform fees (pass-through): 
<$1B AUM: $500 
$1B to $3B: $1,000 
$3B to $10B: $1,800 

Must have Plaid Platform Fee",,,,1,Dependent,Must have Plaid Platform Fee,,,,,,,,Fraud & Verification,Payment/Funding Option,Plaid Instant Account Verification,,,,Add Ons
SHARED,MeridianLink Consumer/Opening,Add On - Payment/Funding Option,Plaid,Plaid Platform Fee Tier 1: $3B to $10B AUM (Consumer),Monthly,Plaid Platform Fee,N,0.0,SHARED-0627,30720.0,SHARED-0115,,,,,N,,Platform fee for Plaid Instant Account Verification or Plaid VOI. Each option has its own setup fee in addition to the Plaid Platform Fee,,,,,,,,,,,,,X,Fraud & Verification,Account Verification (consumer),Plaid Platform Fee Tier 1: $3B to $10B AUM (Consumer),,,,Add Ons
SHARED,MeridianLink Consumer/Opening,Add On - Payment/Funding Option,Plaid,Plaid Platform Fee Tier 2: $1B to $3B AUM (Consumer),Monthly,Plaid Platform Fee,N,0.0,SHARED-0627,17076.0,SHARED-0115,,,,,N,,Platform fee for Plaid Instant Account Verification or Plaid VOI. Each option has its own setup fee in addition to the Plaid Platform Fee,,,,,,,,,,,,,X,Fraud & Verification,Account Verification (consumer),Plaid Platform Fee Tier 2: $1B to $3B AUM (Consumer),,,,Add Ons
SHARED,MeridianLink Consumer/Opening,Add On - Payment/Funding Option,Plaid,Plaid Platform Fee Tier 3: <$1B AUM (Consumer),Monthly,Plaid Platform Fee,N,0.0,SHARED-0627,8544.0,SHARED-0115,,,,,N,,Platform fee for Plaid Instant Account Verification or Plaid VOI. Each option has its own setup fee in addition to the Plaid Platform Fee,,,,,,,,,,,,,X,Fraud & Verification,Account Verification (consumer),Plaid Platform Fee Tier 3: <$1B AUM (Consumer),,,,Add Ons
SHARED,MeridianLink Consumer/Opening,Add On - Payment/Funding Option,SWBC,SWBC Swivel ACH Funding,Standard,SWBC Swivel ACH Funding,N,3500.0,SHARED-0598,,,,,,,N,,Set up fee used for Credit / Debit card funding And/OR ACH Processing,,,,,,,,,,,,,,Essential Services,Payment/Funding Option,Card or ACH Processing (Swivel),,,,Add Ons
SHARED,MeridianLink Consumer/Opening,Add On - Payment/Funding Option,SWBC,SWBC Swivel Debit/Credit Card Funding,Standard,SWBC Swivel Debit/Credit Card Funding,N,3500.0,SHARED-0631,,,,,,,N,,Set up fee used for Credit Debit card Funding,,,,,,,,,,,,,,Essential Services,Payment/Funding Option,SWBC Swivel Debit/Credit Card Funding,,,,Add Ons
SHARED,MeridianLink Consumer/Opening,Add On - Payment/Funding Option,SWBC,ACH Payment Platform Migration,Standard,ACH Payment Platform Migration,N,0.0,SHARED-0599,,,,,,,N,,,,,,,,,,,,,,,,Essential Services,Payment/Funding Option,SWBC ACH Payment Platform Migration,,,,Add Ons
SHARED,MeridianLink Consumer/Opening,Add On - POS,MeridianLink,MeridianLink POS - Automation Package,Standard,MeridianLink POS - Automation Package,N,0.0,SHARED-0477,2300.0,SHARED-0486,,,,,N,,All automation features may not be supported for all core integrations. Core support should be confirmed prior to all sales: https://meridianlink.atlassian.net/wiki/x/HAH7zxE,,,,,,,,,,,,,,Consumer & Digital Engagement,POS,MeridianLink POS - Automation Package,,,,Add Ons
SHARED,MeridianLink Consumer/Opening,Add On - POS,MeridianLink,MeridianLink POS - Custom URL,Standard,MeridianLink POS - Custom URL,N,0.0,SHARED-0481,1575.0,SHARED-0489,,,,,N,,,,,,,,,,,,,,,,Consumer & Digital Engagement,POS,MeridianLink POS - Custom URL,,,,Add Ons
SHARED,MeridianLink Consumer/Opening,Add On - POS,MeridianLink,MeridianLink POS - Digital Engagement Package (co-browsing video chat),Standard,MeridianLink POS - Digital Engagement Package (co-browsing video chat),N,4700.0,SHARED-0479,2400.0,SHARED-0476,,,,,N,,,,,,,,,,,,,,,,Consumer & Digital Engagement,POS,MeridianLink POS - Digital Engagement Package (co-browsing video chat),,,,Add Ons
SHARED,MeridianLink Consumer/Opening,Add On - POS,MeridianLink,MeridianLink POS - Home Banking SSO (Consumer),Standard,MeridianLink POS - Home Banking SSO (Consumer),N,0.0,SHARED-0480,2300.0,SHARED-0488,,,,,,,,,,,,,,,,,,,,,Consumer & Digital Engagement,POS,MeridianLink POS - Home Banking SSO (Consumer),,,,Add Ons
SHARED,MeridianLink Consumer/Opening,Add On - POS,MeridianLink,MeridianLink POS - Plus Package,Standard,MeridianLink POS - Plus Package,N,0.0,SHARED-0478,4700.0,SHARED-0487,,,,,N,,"Includes Site Analytics (Matomo - available for Portal only & Google Tag Manager), Supported Home Banking SSO (contact PM for list), Combo Applications",,,,,,,,,,,,,,Consumer & Digital Engagement,POS,MeridianLink POS - Plus Package,,,,Add Ons
SHARED,MeridianLink Consumer/Opening,Add On - Property Data,CoreLogic,CoreLogic GeoAVM (MeridianLink Consumer),Usage,CoreLogic GeoAVM,N,,SHARED-0094,,,35.75,SHARED-0008,,,N,,,,,,,,,,,,,,,,Settlement & Real Estate Services,Property Data,CoreLogic GeoAVM (MeridianLink Consumer),,,,Add Ons
SHARED,MeridianLink Consumer/Opening,Add On - Property Data,CoreLogic,CoreLogic Home Value Explorer (HVE) - MeridianLink Consumer,Usage,CoreLogic Home Value Explorer (HVE),N,,SHARED-0076,,,28.6,SHARED-0023,,,N,,,,,,,,,,,,,,,,Settlement & Real Estate Services,Property Data,CoreLogic Home Value Explorer (HVE) - MeridianLink Consumer,,,,Add Ons
SHARED,MeridianLink Consumer/Opening,Add On - Property Data,CoreLogic,CoreLogic IVAL (Consumer),Usage,CoreLogic IVAL,N,,SHARED-0095,,,2.8,SHARED-0025,,,N,,,,,,,,,,,,,,,,Settlement & Real Estate Services,Property Data,CoreLogic IVAL (Consumer),,,,Add Ons
SHARED,MeridianLink Consumer/Opening,Add On - Property Data,CoreLogic,CoreLogic PASS (Consumer),Usage,CoreLogic PASS,N,,SHARED-0096,,,2.8,SHARED-0026,,,N,,,,,,,,,,,,,,,,Settlement & Real Estate Services,Property Data,CoreLogic PASS (Consumer),,,,Add Ons
SHARED,MeridianLink Consumer/Opening,Add On - Property Data,"ServiceLink,
Corelogic,
Wolters
Kluwer,
Lereta",Flood Transaction (Consumer),Usage,Flood Transaction,N,,SHARED-0080,,,1.3,SHARED-0028,,,N,,"(aggregate)
< 2,500: $1
2,500 - 4,999: $0.75
>= 5,000: $0.50","Volume Discount
< 2,500: $1
2,500 - 4,999: $0.75
>= 5,000: $0.50",,,,,,,,,,,,,Settlement & Real Estate Services,Property Data,Flood Transaction (Consumer),,,,Add Ons
SHARED,MeridianLink Consumer/Opening,Add On - Property Data,CoreLogic,Flood Zone Determination - Basic (CoreLogic) (Consumer),Usage,Flood Zone Determination - Basic,N,,SHARED-0087,,,-1234.0,SHARED-0055,,,N,,Quote pricing.  Price is not actually -$1234.00,,,,,,,,,,,,,,Not Mapped,Property Data,Flood Zone Determination - Basic (CoreLogic) (Consumer),,,,Add Ons
SHARED,MeridianLink Consumer/Opening,Add On - Property Data,Lereta,Flood Zone Determination - Basic (Lereta) (Consumer),Usage,Flood Zone Determination - Basic,N,,SHARED-0090,,,-1234.0,SHARED-0073,,,N,,Quote pricing.  Price is not actually -$1234.00,,,,,,,,,,,,,,Not Mapped,Property Data,Flood Zone Determination - Basic (Lereta) (Consumer),,,,Add Ons
SHARED,MeridianLink Consumer/Opening,Add On - Property Data,ServiceLink,Flood Zone Determination - Basic (ServiceLink) (Consumer),Usage,Flood Zone Determination - Basic,N,,SHARED-0081,,,-1234.0,SHARED-0071,,,N,,Quote pricing.  Price is not actually -$1234.00,,,,,,,,,,,,,,Not Mapped,Property Data,Flood Zone Determination - Basic (ServiceLink) (Consumer),,,,Add Ons
SHARED,MeridianLink Consumer/Opening,Add On - Property Data,CoreLogic,Flood Zone Determination - Life of Loan (CoreLogic) (Consumer),Usage,Flood Zone Determination - Life of Loan,N,,SHARED-0084,,,-1234.0,SHARED-0056,,,N,,Quote pricing.  Price is not actually -$1234.00,,,,,,,,,,,,,,Not Mapped,Property Data,Flood Zone Determination - Life of Loan (CoreLogic) (Consumer),,,,Add Ons
SHARED,MeridianLink Consumer/Opening,Add On - Property Data,Lereta,Flood Zone Determination - Life of Loan (Lereta) (Consumer),Usage,Flood Zone Determination - Life of Loan,N,,SHARED-0083,,,-1234.0,SHARED-0056,,,N,,Quote pricing.  Price is not actually -$1234.00,,,,,,,,,,,,,,Not Mapped,Property Data,Flood Zone Determination - Life of Loan (Lereta) (Consumer),,,,Add Ons
SHARED,MeridianLink Consumer/Opening,Add On - Property Data,ServiceLink,Flood Zone Determination - Life of Loan (ServiceLink) (Consumer),Usage,Flood Zone Determination - Life of Loan,N,,SHARED-0100,,,-1234.0,SHARED-0056,,,N,,Quote pricing.  Price is not actually -$1234.00,,,,,,,,,,,,,,Not Mapped,Property Data,Flood Zone Determination - Life of Loan (ServiceLink) (Consumer),,,,Add Ons
SHARED,MeridianLink Consumer/Opening,Add On - Property Data,Stewart,PMC (Consumer),Usage,PMC,N,,SHARED-0091,,,2.8,SHARED-0027,,,N,,,,,,,,,,,,,,,,Not Mapped,Property Data,PMC (Consumer),,,,Add Ons
SHARED,MeridianLink Consumer/Opening,Add On - Settlement Services,First Close,First Close - Settlement Services,Standard,First Close - Settlement Services,N,3300.0,SHARED-0159,2400.0,SHARED-0169,,,,,N,,Utilizes MeridianLink Consumer Synergic Framework,,,,,,,,,,,,,,Settlement & Real Estate Services,Settlement Services,First Close - Settlement Services,,,,Add Ons
SHARED,MeridianLink Consumer/Opening,Add On - Vehicle History,CarFax,Carfax Vehicle History and/or Vehicle Loss Report,Standard,Carfax Vehicle History and/or Vehicle Loss Report,N,1625.0,SHARED-0166,800.0,SHARED-0226,,,,,N,,"Client needs to have direct relationship with client, and transaction fee will be billed directly by Carfax.  Setup fee enables both Vehicle History Report (VHR) and Vehicle Loss Report (VLR).  ",,,,,,,,,,,,,,Auto,Vehicle History,Carfax Vehicle History and/or Vehicle Loss Report,,,,Add Ons
SHARED,MeridianLink Consumer/Opening,Add On - Vehicle Insurance,Allied Solutions,Allied Solutions IQQ (Consumer),Standard,Allied Solutions IQQ,N,3500.0,SHARED-0420,1275.0,SHARED-0421,,,,,,,,,,,,,,,,,,,,,Auto,Vehicle Insurance,Allied Solutions IQQ (Consumer),,,,Add Ons
SHARED,MeridianLink Consumer/Opening,Add On - Vehicle Insurance,Route 66,Route 66 (Consumer),Standard,Route 66,N,3025.0,SHARED-0587,2215.0,SHARED-0588,,,,,,,,,,,,,,,,,,,,,Auto,Vehicle Insurance,Route 66 (Consumer),,,,Add Ons
SHARED,MeridianLink Consumer/Opening,Add On - Vehicle Valuation,Black Book,Black Book (Consumer),Per Pull,Black Book,N,,SHARED-0093,,,0.65,SHARED-0050,,SHARED-0123,N,,,,,,,,,,,,,,,,Auto,Vehicle Valuation,Black Book (Consumer),,,,Add Ons
SHARED,MeridianLink Consumer/Opening,Add On - Vehicle Insurance,Visual Gap by Frost,Frost Visual Gap (ML Consumer),Standard,Frost Visual Gap,N,3300.0,SHARED-0501,,,,,,,,,,,,,,,,,,,,,,,Auto,Vehicle Insurance,Frost Visual Gap (ML Consumer),,,,Add Ons
SHARED,MeridianLink Consumer/Opening,Add On - Vehicle Valuation,Kelley Blue Book,Kelly Blue Book,Per Pull,Kelly Blue Book,N,,SHARED-0101,,,0.65,SHARED-0051,,SHARED-0124,N,,,,,,,,,,,,,,,,Auto,Vehicle Valuation,Kelly Blue Book,,,,Add Ons
SHARED,MeridianLink Consumer/Opening,Add On - Vehicle Valuation,JD Power,J.D. Power,Per Pull,J.D. Power,N,,SHARED-0106,,,0.65,SHARED-0052,,SHARED-0125,N,-1234.0,FKA NADA,,,,,,,,,,,,,,Auto,Vehicle Valuation,J.D. Power,,,,Add Ons
SHARED,MeridianLink Consumer/Opening,Add On - Vehicle Valuation,JD Power,J.D. Power Other,Per Pull,J.D. Power Other,N,,SHARED-0079,,,0.65,SHARED-0053,,SHARED-0126,N,-1234.0,FKA NADA Other,,,,,,,,,,,,,,Auto,Vehicle Valuation,J.D. Power Other,,,,Add Ons
Verification Data Access,MeridianLink CreditAPI,Add On - Credit Verification,MeridianLink,CreditAPI Credit Attributes,Usage,CreditAPI Credit Attributes,N,0.0,CRED-0335,,,0.78,CRED-0116,,,N,,Per individual pricing,"Per individual pricing, Transaction counts towards $500 monthly minimum",,,,,,,,,,,,,Fraud & Verification,Credit Verification,CreditAPI Credit Attributes,,,,Add Ons
Verification Data Access,MeridianLink CreditAPI,Add On - Credit Verification,"Equifax, Experian, TransUnion",Multi-Bureau Credit Report (2 bureaus) -  joint,Usage,Multi-Bureau Credit Report (2 bureaus) -  joint,N,0.0,CRED-0409,,,1.04,CRED-0107,,,N,,,Transaction counts towards $500 monthly minimum,,,,,,,,,,,,,Other,Credit Verification,Multi-Bureau Credit Report (2 bureaus) -  joint,,,,Add Ons
Verification Data Access,MeridianLink CreditAPI,Add On - Credit Verification,"Equifax, Experian, TransUnion",Multi-Bureau Credit Report (2 bureaus) - individual,Usage,Multi-Bureau Credit Report (2 bureaus) - individual,N,0.0,CRED-0410,,,1.04,CRED-0104,,,N,,,Transaction counts towards $500 monthly minimum,,,,,,,,,,,,,Other,Credit Verification,Multi-Bureau Credit Report (2 bureaus) - individual,,,,Add Ons
Verification Data Access,MeridianLink CreditAPI,Add On - Credit Verification,"Equifax, Experian, TransUnion",Multi-Bureau Credit Report (3 bureaus) - individual,Usage,Multi-Bureau Credit Report (3 bureaus) - individual,N,0.0,CRED-0411,,,1.04,CRED-0108,,,N,,,Transaction counts towards $500 monthly minimum,,,,,,,,,,,,,Other,Credit Verification,Multi-Bureau Credit Report (3 bureaus) - individual,,,,Add Ons
Verification Data Access,MeridianLink CreditAPI,Add On - Credit Verification,"Equifax, Experian, TransUnion",Multi-Bureau Credit Report (3 bureaus) - joint,Usage,Multi-Bureau Credit Report (3 bureaus) - joint,N,0.0,CRED-0412,,,1.04,CRED-0110,,,N,,,Transaction counts towards $500 monthly minimum,,,,,,,,,,,,,Other,Credit Verification,Multi-Bureau Credit Report (3 bureaus) - joint,,,,Add Ons
Verification Data Access,MeridianLink CreditAPI,Add On - Credit Verification,"Equifax, Experian, TransUnion",Single Bureau Credit Report - individual,Usage,Single Bureau Credit Report - individual,N,0.0,CRED-0443,,,0.25,CRED-0102,,,N,,,Transaction counts towards $500 monthly minimum,,,,,,,,,,,,,Other,Credit Verification,Single Bureau Credit Report - individual,,,,Add Ons
Verification Data Access,MeridianLink CreditAPI,Add On - Credit Verification,"Equifax, Experian, TransUnion",Single Bureau Credit Report - joint,Usage,Single Bureau Credit Report - joint,N,0.0,CRED-0444,,,0.25,CRED-0103,,,N,,,Transaction counts towards $500 monthly minimum,,,,,,,,,,,,,Other,Credit Verification,Single Bureau Credit Report - joint,,,,Add Ons
Verification Data Access,MeridianLink CreditAPI,Add On - Credit Verification,"Equifax, Experian, TransUnion",Upgrade,Usage,Upgrade,N,0.0,CRED-0452,,,0.79,CRED-0105,,,N,,,Transaction counts towards $500 monthly minimum,,,,,,,,,,,,,Other,Credit Verification,Upgrade,,,,Add Ons
Verification Data Access,MeridianLink CreditAPI,Primary Service,MeridianLink,MeridianLink CreditAPI,Standard,MeridianLink CreditAPI,N,2600.0,CRED-0094,,,,,,,N,,,,,,,,,,,,,,,,Primary Service,,MeridianLink CreditAPI,,,,Primary Product
Origination - Mortgage,MeridianLink Mortgage,Add On - Data Retention,MeridianLink,Data Storage - Mortgage (Inactive ML Mortgage clients),Monthly,Data Storage - Mortgage,N,0.0,MORT-0077,-1234.0,MORT-0003,,,,,N,,"Data storage service for ML Mortgage customers who cancel their LOS agreement
Deal should not be completed without Deal Desk review
Consult with ML Mortgage product management for pricing.  Price should be highest of (1) $1500 per month, (2) 20% of current monthly minimum, or (3) 20% of average bill over the last 24 months.  
Automatic price increase of 10% each year after year 1.  ",,,,,,,,,,,,,X,Data & Reporting,Data Retention,Data Storage - Mortgage (Inactive ML Mortgage clients),,,,Add Ons
Origination - Mortgage,MeridianLink Mortgage,Add On - Debt Optimization & Cross-Sell,MeridianLink,Debt Optimization & Cross-Sell,Standard,Debt Optimization & Cross-Sell,N,1250.0,MORT-0082,,,,,,,,,"Must have both ML Consumer, ML Mortgage, and an MCL CRA",,,,1 AND 2 AND 3,Dependent,ML Consumer monthly commitment,Dependent,ML Mortgage monthly commitment,Dependent,MCL Platform,,,,Mortgage Lending,Debt Optimization & Cross-Sell,Debt Optimization & Cross-Sell,,,,Add Ons
Origination - Mortgage,MeridianLink Mortgage,Add On - Document Prep,DocMagic,DocMagic Doc Service Add On,Standard,DocMagic Doc Service Add On,N,0.0,MORT-0157,,,26.6,MORT-0155,,MORT-0156,N,266.0,Not available to customers with Mortgage DocMagic Bundle or a customer that is existing Doc Magic service.  Commitment can be different than Loan Commitment (minimum of 10),,,,1,Exclusion,Not available to customers with Mortgage DocMagic Bundle or a customer that is existing Doc Magic service,,,,,,,,Not Mapped,Document Prep,DocMagic Doc Service Add On,,,,Add Ons
Origination - Mortgage,MeridianLink Mortgage,Add On - MeridianLink Portal,Alpharank,"Alpharank T1: $10B+ AUM, Each Additional Service (Mortgage)",Monthly,Alpharank,N,0.0,SHARED-0647,30180.0,SHARED-0646,,,,,N,,,,,,1 OR 2,Dependent,ML Portal (PORT-0010),Dependent,ML Portal (PORT-0034),,,,,X,Consumer & Digital Engagement,MeridianLink Portal,"Alpharank T1: $10B+ AUM, Each Additional Service (Mortgage)",,,,Add Ons
Origination - Mortgage,MeridianLink Mortgage,Add On - MeridianLink Portal,Alpharank,"Alpharank T1: $10B+ AUM, Initial Service (Mortgage)",Monthly,Alpharank,N,0.0,SHARED-0645,46428.0,SHARED-0644,,,,,N,,,,,,1 OR 2,Dependent,ML Portal (PORT-0010),Dependent,ML Portal (PORT-0034),,,,,X,Consumer & Digital Engagement,MeridianLink Portal,"Alpharank T1: $10B+ AUM, Initial Service (Mortgage)",,,,Add Ons
Origination - Mortgage,MeridianLink Mortgage,Add On - MeridianLink Portal,Alpharank,"Alpharank T2: $2B-$10B AUM, Each Additional Service (Mortgage)",Monthly,Alpharank,N,0.0,SHARED-0647,27588.0,SHARED-0646,,,,,N,,,,,,1 OR 2,Dependent,ML Portal (PORT-0010),Dependent,ML Portal (PORT-0034),,,,,X,Consumer & Digital Engagement,MeridianLink Portal,"Alpharank T2: $2B-$10B AUM, Each Additional Service (Mortgage)",,,,Add Ons
Origination - Mortgage,MeridianLink Mortgage,Add On - MeridianLink Portal,Alpharank,"Alpharank T2: $2B-$10B AUM, Initial Service (Mortgage)",Monthly,Alpharank,N,0.0,SHARED-0645,42420.0,SHARED-0644,,,,,N,,,,,,1 OR 2,Dependent,ML Portal (PORT-0010),Dependent,ML Portal (PORT-0034),,,,,X,Consumer & Digital Engagement,MeridianLink Portal,"Alpharank T2: $2B-$10B AUM, Initial Service (Mortgage)",,,,Add Ons
Origination - Mortgage,MeridianLink Mortgage,Add On - MeridianLink Portal,Alpharank,"Alpharank T3: $500M-$2B AUM, Each Additional Service (Mortgage)",Monthly,Alpharank,N,0.0,SHARED-0647,21180.0,SHARED-0646,,,,,N,,,,,,1 OR 2,Dependent,ML Portal (PORT-0010),Dependent,ML Portal (PORT-0034),,,,,X,Consumer & Digital Engagement,MeridianLink Portal,"Alpharank T3: $500M-$2B AUM, Each Additional Service (Mortgage)",,,,Add Ons
Origination - Mortgage,MeridianLink Mortgage,Add On - MeridianLink Portal,Alpharank,"Alpharank T3: $500M-$2B AUM, Initial Service (Mortgage)",Monthly,Alpharank,N,0.0,SHARED-0645,32556.0,SHARED-0644,,,,,N,,,,,,1 OR 2,Dependent,ML Portal (PORT-0010),Dependent,ML Portal (PORT-0034),,,,,X,Consumer & Digital Engagement,MeridianLink Portal,"Alpharank T3: $500M-$2B AUM, Initial Service (Mortgage)",,,,Add Ons
Origination - Mortgage,MeridianLink Mortgage,Add On - MeridianLink Portal,Alpharank,"Alpharank T4: <$500M AUM, Each Additional Service (Mortgage)",Monthly,Alpharank,N,0.0,SHARED-0647,16296.0,SHARED-0646,,,,,N,,,,,,1 OR 2,Dependent,ML Portal (PORT-0010),Dependent,ML Portal (PORT-0034),,,,,X,Consumer & Digital Engagement,MeridianLink Portal,"Alpharank T4: <$500M AUM, Each Additional Service (Mortgage)",,,,Add Ons
Origination - Mortgage,MeridianLink Mortgage,Add On - MeridianLink Portal,Alpharank,"Alpharank T4: <$500M AUM, Initial Service (Mortgage)",Monthly,Alpharank,N,0.0,SHARED-0645,25140.0,SHARED-0644,,,,,N,,,,,,1 OR 2,Dependent,ML Portal (PORT-0010),Dependent,ML Portal (PORT-0034),,,,,X,Consumer & Digital Engagement,MeridianLink Portal,"Alpharank T4: <$500M AUM, Initial Service (Mortgage)",,,,Add Ons
Origination - Mortgage,MeridianLink Mortgage,Add On - Misc,MeridianLink,Mortgage DocDownload,Standard,Imaging (Mortgage DocDownload),N,4700.0,MORT-0117,5100.0,MORT-0116,,,,,,,"Can only be sold concurrently with MeridianLink Mortgage, or to existing MeridianLink Mortgage customers. Check the ""Mortgage DocDownload"" intranet page for a list of supported target systems. Selling this service to any customer that utilizes a target system not on the supported list will require prior approval from the product team.",,,,,,,,,,,,,,Essential Systems,Misc,Mortgage DocDownload,,,,Add Ons
Origination - Mortgage,MeridianLink Mortgage,Add On - Misc,MeridianLink,MeridianLink Mortgage Cenlar Data Extract Service,Standard,MeridianLink Mortgage Cenlar Data Extract Service,N,4900.0,MORT-0111,5300.0,MORT-0114,,,,,N,,,,,,,,,,,,,,,,Essential Systems,Misc,MeridianLink Mortgage Cenlar Data Extract Service,,,,Add Ons
Origination - Mortgage,MeridianLink Mortgage,Add On - Misc,MeridianLink,MeridianLink Mortgage Test (Beta) Environment Resync from Production Tier 01 (1200+ Closed Loans/Month),Closed Loans/Month,MeridianLink Mortgage Test (Beta) Environment - Resync from Production,N,3900.0,MORT-0110,,,,,,,,,,,,,,,,,,,,,,,Not Mapped,Misc,MeridianLink Mortgage Test (Beta) Environment Resync from Production ,Tier 1,1200.0,0.0,Add Ons
Origination - Mortgage,MeridianLink Mortgage,Add On - Misc,MeridianLink,MeridianLink Mortgage Test (Beta) Environment Resync from Production Tier 10 (110-134 Closed Loans/Month),Closed Loans/Month,MeridianLink Mortgage Test (Beta) Environment - Resync from Production,N,3300.0,MORT-0110,,,,,,,,,,,,,,,,,,,,,,,Not Mapped,Misc,MeridianLink Mortgage Test (Beta) Environment Resync from Production ,Tier 10,110.0,134.0,Add Ons
Origination - Mortgage,MeridianLink Mortgage,Add On - Misc,MeridianLink,MeridianLink Mortgage Test (Beta) Environment Resync from Production Tier 11 (90-109 Closed Loans/Month),Closed Loans/Month,MeridianLink Mortgage Test (Beta) Environment - Resync from Production,N,3300.0,MORT-0110,,,,,,,,,,,,,,,,,,,,,,,Not Mapped,Misc,MeridianLink Mortgage Test (Beta) Environment Resync from Production ,Tier 11,90.0,109.0,Add Ons
Origination - Mortgage,MeridianLink Mortgage,Add On - Misc,MeridianLink,MeridianLink Mortgage Test (Beta) Environment Resync from Production Tier 12 (75-89 Closed Loans/Month),Closed Loans/Month,MeridianLink Mortgage Test (Beta) Environment - Resync from Production,N,3300.0,MORT-0110,,,,,,,,,,,,,,,,,,,,,,,Not Mapped,Misc,MeridianLink Mortgage Test (Beta) Environment Resync from Production ,Tier 12,75.0,89.0,Add Ons
Origination - Mortgage,MeridianLink Mortgage,Add On - Misc,MeridianLink,MeridianLink Mortgage Test (Beta) Environment Resync from Production Tier 13 (60-74 Closed Loans/Month),Closed Loans/Month,MeridianLink Mortgage Test (Beta) Environment - Resync from Production,N,3300.0,MORT-0110,,,,,,,,,,,,,,,,,,,,,,,Not Mapped,Misc,MeridianLink Mortgage Test (Beta) Environment Resync from Production ,Tier 13,60.0,74.0,Add Ons
Origination - Mortgage,MeridianLink Mortgage,Add On - Misc,MeridianLink,MeridianLink Mortgage Test (Beta) Environment Resync from Production Tier 14 (45-59 Closed Loans/Month),Closed Loans/Month,MeridianLink Mortgage Test (Beta) Environment - Resync from Production,N,3000.0,MORT-0110,,,,,,,,,,,,,,,,,,,,,,,Not Mapped,Misc,MeridianLink Mortgage Test (Beta) Environment Resync from Production ,Tier 14,45.0,59.0,Add Ons
Origination - Mortgage,MeridianLink Mortgage,Add On - Misc,MeridianLink,MeridianLink Mortgage Test (Beta) Environment Resync from Production Tier 15 (30-44 Closed Loans/Month),Closed Loans/Month,MeridianLink Mortgage Test (Beta) Environment - Resync from Production,N,3000.0,MORT-0110,,,,,,,,,,,,,,,,,,,,,,,Not Mapped,Misc,MeridianLink Mortgage Test (Beta) Environment Resync from Production ,Tier 15,30.0,44.0,Add Ons
Origination - Mortgage,MeridianLink Mortgage,Add On - Misc,MeridianLink,MeridianLink Mortgage Test (Beta) Environment Resync from Production Tier 16 (15-29 Closed Loans/Month),Closed Loans/Month,MeridianLink Mortgage Test (Beta) Environment - Resync from Production,N,2700.0,MORT-0110,,,,,,,,,,,,,,,,,,,,,,,Not Mapped,Misc,MeridianLink Mortgage Test (Beta) Environment Resync from Production ,Tier 16,15.0,29.0,Add Ons
Origination - Mortgage,MeridianLink Mortgage,Add On - Misc,MeridianLink,MeridianLink Mortgage Test (Beta) Environment Resync from Production Tier 17 (0-14 Closed Loans/Month),Closed Loans/Month,MeridianLink Mortgage Test (Beta) Environment - Resync from Production,N,2700.0,MORT-0110,,,,,,,,,,,,,,,,,,,,,,,Not Mapped,Misc,MeridianLink Mortgage Test (Beta) Environment Resync from Production ,Tier 17,0.0,14.0,Add Ons
Origination - Mortgage,MeridianLink Mortgage,Add On - Misc,MeridianLink,MeridianLink Mortgage Test (Beta) Environment Resync from Production Tier 02 (900-1199 Closed Loans/Month),Closed Loans/Month,MeridianLink Mortgage Test (Beta) Environment - Resync from Production,N,3900.0,MORT-0110,,,,,,,,,,,,,,,,,,,,,,,Not Mapped,Misc,MeridianLink Mortgage Test (Beta) Environment Resync from Production ,Tier 2,900.0,1199.0,Add Ons
Origination - Mortgage,MeridianLink Mortgage,Add On - Misc,MeridianLink,MeridianLink Mortgage Test (Beta) Environment Resync from Production Tier 03 (675-899 Closed Loans/Month),Closed Loans/Month,MeridianLink Mortgage Test (Beta) Environment - Resync from Production,N,3900.0,MORT-0110,,,,,,,,,,,,,,,,,,,,,,,Not Mapped,Misc,MeridianLink Mortgage Test (Beta) Environment Resync from Production ,Tier 3,675.0,899.0,Add Ons
Origination - Mortgage,MeridianLink Mortgage,Add On - Misc,MeridianLink,MeridianLink Mortgage Test (Beta) Environment Resync from Production Tier 04 (525-674 Closed Loans/Month),Closed Loans/Month,MeridianLink Mortgage Test (Beta) Environment - Resync from Production,N,3900.0,MORT-0110,,,,,,,,,,,,,,,,,,,,,,,Not Mapped,Misc,MeridianLink Mortgage Test (Beta) Environment Resync from Production ,Tier 4,525.0,674.0,Add Ons
Origination - Mortgage,MeridianLink Mortgage,Add On - Misc,MeridianLink,MeridianLink Mortgage Test (Beta) Environment Resync from Production Tier 05 (400-524 Closed Loans/Month),Closed Loans/Month,MeridianLink Mortgage Test (Beta) Environment - Resync from Production,N,3600.0,MORT-0110,,,,,,,,,,,,,,,,,,,,,,,Not Mapped,Misc,MeridianLink Mortgage Test (Beta) Environment Resync from Production ,Tier 5,400.0,524.0,Add Ons
Origination - Mortgage,MeridianLink Mortgage,Add On - Misc,MeridianLink,MeridianLink Mortgage Test (Beta) Environment Resync from Production Tier 06 (300-399 Closed Loans/Month),Closed Loans/Month,MeridianLink Mortgage Test (Beta) Environment - Resync from Production,N,3600.0,MORT-0110,,,,,,,,,,,,,,,,,,,,,,,Not Mapped,Misc,MeridianLink Mortgage Test (Beta) Environment Resync from Production ,Tier 6,300.0,399.0,Add Ons
Origination - Mortgage,MeridianLink Mortgage,Add On - Misc,MeridianLink,MeridianLink Mortgage Test (Beta) Environment Resync from Production Tier 07 (225-299 Closed Loans/Month),Closed Loans/Month,MeridianLink Mortgage Test (Beta) Environment - Resync from Production,N,3600.0,MORT-0110,,,,,,,,,,,,,,,,,,,,,,,Not Mapped,Misc,MeridianLink Mortgage Test (Beta) Environment Resync from Production ,Tier 7,225.0,299.0,Add Ons
Origination - Mortgage,MeridianLink Mortgage,Add On - Misc,MeridianLink,MeridianLink Mortgage Test (Beta) Environment Resync from Production Tier 08 (170-224 Closed Loans/Month),Closed Loans/Month,MeridianLink Mortgage Test (Beta) Environment - Resync from Production,N,3600.0,MORT-0110,,,,,,,,,,,,,,,,,,,,,,,Not Mapped,Misc,MeridianLink Mortgage Test (Beta) Environment Resync from Production ,Tier 8,170.0,224.0,Add Ons
Origination - Mortgage,MeridianLink Mortgage,Add On - Misc,MeridianLink,MeridianLink Mortgage Test (Beta) Environment Resync from Production Tier 09 (135-169 Closed Loans/Month),Closed Loans/Month,MeridianLink Mortgage Test (Beta) Environment - Resync from Production,N,3300.0,MORT-0110,,,,,,,,,,,,,,,,,,,,,,,Not Mapped,Misc,MeridianLink Mortgage Test (Beta) Environment Resync from Production ,Tier 9,135.0,169.0,Add Ons
Origination - Mortgage,MeridianLink Mortgage,Add On - Misc,MeridianLink,MeridianLink Mortgage Test (Beta) Environment Tier 01 (1200+ Closed Loans/Month),Closed Loans/Month,MeridianLink Mortgage Test (Beta) Environment,N,3900.0,MORT-0112,20750.0,MORT-0113,,,,,,,,,,,,,,,,,,,,,Mortgage Lending,Misc,MeridianLink Mortgage Test (Beta) Environment ,Tier 1,1200.0,0.0,Add Ons
Origination - Mortgage,MeridianLink Mortgage,Add On - Misc,MeridianLink,MeridianLink Mortgage Test (Beta) Environment Tier 10 (110-134 Closed Loans/Month),Closed Loans/Month,MeridianLink Mortgage Test (Beta) Environment,N,3300.0,MORT-0112,7000.0,MORT-0113,,,,,,,,,,,,,,,,,,,,,Mortgage Lending,Misc,MeridianLink Mortgage Test (Beta) Environment ,Tier 10,110.0,134.0,Add Ons
Origination - Mortgage,MeridianLink Mortgage,Add On - Misc,MeridianLink,MeridianLink Mortgage Test (Beta) Environment Tier 11 (90-109 Closed Loans/Month),Closed Loans/Month,MeridianLink Mortgage Test (Beta) Environment,N,3300.0,MORT-0112,6500.0,MORT-0113,,,,,,,,,,,,,,,,,,,,,Mortgage Lending,Misc,MeridianLink Mortgage Test (Beta) Environment ,Tier 11,90.0,109.0,Add Ons
Origination - Mortgage,MeridianLink Mortgage,Add On - Misc,MeridianLink,MeridianLink Mortgage Test (Beta) Environment Tier 12 (75-89 Closed Loans/Month),Closed Loans/Month,MeridianLink Mortgage Test (Beta) Environment,N,3300.0,MORT-0112,6000.0,MORT-0113,,,,,,,,,,,,,,,,,,,,,Mortgage Lending,Misc,MeridianLink Mortgage Test (Beta) Environment ,Tier 12,75.0,89.0,Add Ons
Origination - Mortgage,MeridianLink Mortgage,Add On - Misc,MeridianLink,MeridianLink Mortgage Test (Beta) Environment Tier 13 (60-74 Closed Loans/Month),Closed Loans/Month,MeridianLink Mortgage Test (Beta) Environment,N,3300.0,MORT-0112,5300.0,MORT-0113,,,,,,,,,,,,,,,,,,,,,Mortgage Lending,Misc,MeridianLink Mortgage Test (Beta) Environment ,Tier 13,60.0,74.0,Add Ons
Origination - Mortgage,MeridianLink Mortgage,Add On - Misc,MeridianLink,MeridianLink Mortgage Test (Beta) Environment Tier 14 (45-59 Closed Loans/Month),Closed Loans/Month,MeridianLink Mortgage Test (Beta) Environment,N,3000.0,MORT-0112,4700.0,MORT-0113,,,,,,,,,,,,,,,,,,,,,Mortgage Lending,Misc,MeridianLink Mortgage Test (Beta) Environment ,Tier 14,45.0,59.0,Add Ons
Origination - Mortgage,MeridianLink Mortgage,Add On - Misc,MeridianLink,MeridianLink Mortgage Test (Beta) Environment Tier 15 (30-44 Closed Loans/Month),Closed Loans/Month,MeridianLink Mortgage Test (Beta) Environment,N,3000.0,MORT-0112,3900.0,MORT-0113,,,,,,,,,,,,,,,,,,,,,Mortgage Lending,Misc,MeridianLink Mortgage Test (Beta) Environment ,Tier 15,30.0,44.0,Add Ons
Origination - Mortgage,MeridianLink Mortgage,Add On - Misc,MeridianLink,MeridianLink Mortgage Test (Beta) Environment Tier 16 (15-29 Closed Loans/Month),Closed Loans/Month,MeridianLink Mortgage Test (Beta) Environment,N,2700.0,MORT-0112,2800.0,MORT-0113,,,,,,,,,,,,,,,,,,,,,Mortgage Lending,Misc,MeridianLink Mortgage Test (Beta) Environment ,Tier 16,15.0,29.0,Add Ons
Origination - Mortgage,MeridianLink Mortgage,Add On - Misc,MeridianLink,MeridianLink Mortgage Test (Beta) Environment Tier 17 (0-14 Closed Loans/Month),Closed Loans/Month,MeridianLink Mortgage Test (Beta) Environment,N,2700.0,MORT-0112,2800.0,MORT-0113,,,,,,,,,,,,,,,,,,,,,Mortgage Lending,Misc,MeridianLink Mortgage Test (Beta) Environment ,Tier 17,0.0,14.0,Add Ons
Origination - Mortgage,MeridianLink Mortgage,Add On - Misc,MeridianLink,MeridianLink Mortgage Test (Beta) Environment Tier 02 (900-1199 Closed Loans/Month),Closed Loans/Month,MeridianLink Mortgage Test (Beta) Environment,N,3900.0,MORT-0112,18250.0,MORT-0113,,,,,,,,,,,,,,,,,,,,,Mortgage Lending,Misc,MeridianLink Mortgage Test (Beta) Environment ,Tier 2,900.0,1199.0,Add Ons
Origination - Mortgage,MeridianLink Mortgage,Add On - Misc,MeridianLink,MeridianLink Mortgage Test (Beta) Environment Tier 03 (675-899 Closed Loans/Month),Closed Loans/Month,MeridianLink Mortgage Test (Beta) Environment,N,3900.0,MORT-0112,16000.0,MORT-0113,,,,,,,,,,,,,,,,,,,,,Mortgage Lending,Misc,MeridianLink Mortgage Test (Beta) Environment ,Tier 3,675.0,899.0,Add Ons
Origination - Mortgage,MeridianLink Mortgage,Add On - Misc,MeridianLink,MeridianLink Mortgage Test (Beta) Environment Tier 04 (525-674 Closed Loans/Month),Closed Loans/Month,MeridianLink Mortgage Test (Beta) Environment,N,3900.0,MORT-0112,14250.0,MORT-0113,,,,,,,,,,,,,,,,,,,,,Mortgage Lending,Misc,MeridianLink Mortgage Test (Beta) Environment ,Tier 4,525.0,674.0,Add Ons
Origination - Mortgage,MeridianLink Mortgage,Add On - Misc,MeridianLink,MeridianLink Mortgage Test (Beta) Environment Tier 05 (400-524 Closed Loans/Month),Closed Loans/Month,MeridianLink Mortgage Test (Beta) Environment,N,3600.0,MORT-0112,12500.0,MORT-0113,,,,,,,,,,,,,,,,,,,,,Mortgage Lending,Misc,MeridianLink Mortgage Test (Beta) Environment ,Tier 5,400.0,524.0,Add Ons
Origination - Mortgage,MeridianLink Mortgage,Add On - Misc,MeridianLink,MeridianLink Mortgage Test (Beta) Environment Tier 06 (300-399 Closed Loans/Month),Closed Loans/Month,MeridianLink Mortgage Test (Beta) Environment,N,3600.0,MORT-0112,11000.0,MORT-0113,,,,,,,,,,,,,,,,,,,,,Mortgage Lending,Misc,MeridianLink Mortgage Test (Beta) Environment ,Tier 6,300.0,399.0,Add Ons
Origination - Mortgage,MeridianLink Mortgage,Add On - Misc,MeridianLink,MeridianLink Mortgage Test (Beta) Environment Tier 07 (225-299 Closed Loans/Month),Closed Loans/Month,MeridianLink Mortgage Test (Beta) Environment,N,3600.0,MORT-0112,9750.0,MORT-0113,,,,,,,,,,,,,,,,,,,,,Mortgage Lending,Misc,MeridianLink Mortgage Test (Beta) Environment ,Tier 7,225.0,299.0,Add Ons
Origination - Mortgage,MeridianLink Mortgage,Add On - Misc,MeridianLink,MeridianLink Mortgage Test (Beta) Environment Tier 08 (170-224 Closed Loans/Month),Closed Loans/Month,MeridianLink Mortgage Test (Beta) Environment,N,3600.0,MORT-0112,8500.0,MORT-0113,,,,,,,,,,,,,,,,,,,,,Mortgage Lending,Misc,MeridianLink Mortgage Test (Beta) Environment ,Tier 8,170.0,224.0,Add Ons
Origination - Mortgage,MeridianLink Mortgage,Add On - Misc,MeridianLink,MeridianLink Mortgage Test (Beta) Environment Tier 09 (135-169 Closed Loans/Month),Closed Loans/Month,MeridianLink Mortgage Test (Beta) Environment,N,3300.0,MORT-0112,7750.0,MORT-0113,,,,,,,,,,,,,,,,,,,,,Mortgage Lending,Misc,MeridianLink Mortgage Test (Beta) Environment ,Tier 9,135.0,169.0,Add Ons
Origination - Mortgage,MeridianLink Mortgage,Add On - MortgageSAT,STRATMOR Group,MortgageSAT,Per Loan in File,MortgageSAT,N,1600.0,MORT-0075,,,9.8,MORT-0018,MORT-0018,MORT-0083,N,575.22,"Batch export to vendor through secure FTP. Each batch will likely contain multiple loan files, and the transaction fee is charged per loan file.",,,,,,,,,,,,,,Data & Reporting,MortgageSAT,MortgageSAT,,,,Add Ons
Origination - Mortgage,MeridianLink Mortgage,Add On - MeridianLink Mortgage Access,MeridianLink,MeridianLink Mortgage Access Tier 01 (>1200 Closed Loans/Month),Closed Loans / Mon,MeridianLink Mortgage Access Module,N,16000.0,MORTOC-0001,,,31.0,MORTOC-0036,MORTOC-0036,MORTOC-0035,N,37200.0,,,,,,,,,,,,,,,Consumer & Digital Engagement,MeridianLink Mortgage Access,MeridianLink Mortgage Access,Tier 1,1200.0,0.0,Add Ons
Origination - Mortgage,MeridianLink Mortgage,Add On - MeridianLink Mortgage Access,MeridianLink,MeridianLink Mortgage Access Tier 01 (>1200 Closed Loans/Month) without setup,Closed Loans / Mon,MeridianLink Mortgage Access Module,N,0.0,MORTOC-0001,,,31.0,MORTOC-0036,MORTOC-0036,MORTOC-0035,N,37200.0,,,,,,,,,,,,,,,Consumer & Digital Engagement,MeridianLink Mortgage Access,MeridianLink Mortgage Access without setup,Tier 1,1200.0,0.0,Add Ons
Origination - Mortgage,MeridianLink Mortgage,Add On - MeridianLink Mortgage Access,MeridianLink,MeridianLink Mortgage Access Tier 10 (110-134 Closed Loans/Month),Closed Loans / Mon,MeridianLink Mortgage Access Module,N,5500.0,MORTOC-0001,,,39.05,MORTOC-0036,MORTOC-0036,MORTOC-0035,N,4295.5,,,,,,,,,,,,,,,Consumer & Digital Engagement,MeridianLink Mortgage Access,MeridianLink Mortgage Access,Tier 10,110.0,134.0,Add Ons
Origination - Mortgage,MeridianLink Mortgage,Add On - MeridianLink Mortgage Access,MeridianLink,MeridianLink Mortgage Access Tier 10 (110-134 Closed Loans/Month) without setup,Closed Loans / Mon,MeridianLink Mortgage Access Module,N,0.0,MORTOC-0001,,,39.05,MORTOC-0036,MORTOC-0036,MORTOC-0035,N,4295.5,,,,,,,,,,,,,,,Consumer & Digital Engagement,MeridianLink Mortgage Access,MeridianLink Mortgage Access without setup,Tier 10,110.0,134.0,Add Ons
Origination - Mortgage,MeridianLink Mortgage,Add On - MeridianLink Mortgage Access,MeridianLink,MeridianLink Mortgage Access Tier 11 (90-109 Closed Loans/Month),Closed Loans / Mon,MeridianLink Mortgage Access Module,N,5500.0,MORTOC-0001,,,39.9,MORTOC-0036,MORTOC-0036,MORTOC-0035,N,3591.0,,,,,,,,,,,,,,,Consumer & Digital Engagement,MeridianLink Mortgage Access,MeridianLink Mortgage Access,Tier 11,90.0,109.0,Add Ons
Origination - Mortgage,MeridianLink Mortgage,Add On - MeridianLink Mortgage Access,MeridianLink,MeridianLink Mortgage Access Tier 11 (90-109 Closed Loans/Month) without setup,Closed Loans / Mon,MeridianLink Mortgage Access Module,N,0.0,MORTOC-0001,,,39.9,MORTOC-0036,MORTOC-0036,MORTOC-0035,N,3591.0,,,,,,,,,,,,,,,Consumer & Digital Engagement,MeridianLink Mortgage Access,MeridianLink Mortgage Access without setup,Tier 11,90.0,109.0,Add Ons
Origination - Mortgage,MeridianLink Mortgage,Add On - MeridianLink Mortgage Access,MeridianLink,MeridianLink Mortgage Access Tier 12 (75-89 Closed Loans/Month),Closed Loans / Mon,MeridianLink Mortgage Access Module,N,5500.0,MORTOC-0001,,,40.5,MORTOC-0036,MORTOC-0036,MORTOC-0035,N,3037.5,,,,,,,,,,,,,,,Consumer & Digital Engagement,MeridianLink Mortgage Access,MeridianLink Mortgage Access,Tier 12,75.0,89.0,Add Ons
Origination - Mortgage,MeridianLink Mortgage,Add On - MeridianLink Mortgage Access,MeridianLink,MeridianLink Mortgage Access Tier 12 (75-89 Closed Loans/Month) without setup,Closed Loans / Mon,MeridianLink Mortgage Access Module,N,0.0,MORTOC-0001,,,40.5,MORTOC-0036,MORTOC-0036,MORTOC-0035,N,3037.5,,,,,,,,,,,,,,,Consumer & Digital Engagement,MeridianLink Mortgage Access,MeridianLink Mortgage Access without setup,Tier 12,75.0,89.0,Add Ons
Origination - Mortgage,MeridianLink Mortgage,Add On - MeridianLink Mortgage Access,MeridianLink,MeridianLink Mortgage Access Tier 13 (60-74 Closed Loans/Month),Closed Loans / Mon,MeridianLink Mortgage Access Module,N,4800.0,MORTOC-0001,,,41.35,MORTOC-0036,MORTOC-0036,MORTOC-0035,N,2481.0,,,,,,,,,,,,,,,Consumer & Digital Engagement,MeridianLink Mortgage Access,MeridianLink Mortgage Access,Tier 13,60.0,74.0,Add Ons
Origination - Mortgage,MeridianLink Mortgage,Add On - MeridianLink Mortgage Access,MeridianLink,MeridianLink Mortgage Access Tier 13 (60-74 Closed Loans/Month) without setup,Closed Loans / Mon,MeridianLink Mortgage Access Module,N,0.0,MORTOC-0001,,,41.35,MORTOC-0036,MORTOC-0036,MORTOC-0035,N,2481.0,,,,,,,,,,,,,,,Consumer & Digital Engagement,MeridianLink Mortgage Access,MeridianLink Mortgage Access without setup,Tier 13,60.0,74.0,Add Ons
Origination - Mortgage,MeridianLink Mortgage,Add On - MeridianLink Mortgage Access,MeridianLink,MeridianLink Mortgage Access Tier 14 (45-59 Closed Loans/Month),Closed Loans / Mon,MeridianLink Mortgage Access Module,N,4800.0,MORTOC-0001,,,42.4,MORTOC-0036,MORTOC-0036,MORTOC-0035,N,1908.0,,,,,,,,,,,,,,,Consumer & Digital Engagement,MeridianLink Mortgage Access,MeridianLink Mortgage Access,Tier 14,45.0,59.0,Add Ons
Origination - Mortgage,MeridianLink Mortgage,Add On - MeridianLink Mortgage Access,MeridianLink,MeridianLink Mortgage Access Tier 14 (45-59 Closed Loans/Month) without setup,Closed Loans / Mon,MeridianLink Mortgage Access Module,N,0.0,MORTOC-0001,,,42.4,MORTOC-0036,MORTOC-0036,MORTOC-0035,N,1908.0,,,,,,,,,,,,,,,Consumer & Digital Engagement,MeridianLink Mortgage Access,MeridianLink Mortgage Access without setup,Tier 14,45.0,59.0,Add Ons
Origination - Mortgage,MeridianLink Mortgage,Add On - MeridianLink Mortgage Access,MeridianLink,MeridianLink Mortgage Access Tier 15 (30-44 Closed Loans/Month),Closed Loans / Mon,MeridianLink Mortgage Access Module,N,4800.0,MORTOC-0001,,,44.1,MORTOC-0036,MORTOC-0036,MORTOC-0035,N,1323.0,,,,,,,,,,,,,,,Consumer & Digital Engagement,MeridianLink Mortgage Access,MeridianLink Mortgage Access,Tier 15,30.0,44.0,Add Ons
Origination - Mortgage,MeridianLink Mortgage,Add On - MeridianLink Mortgage Access,MeridianLink,MeridianLink Mortgage Access Tier 15 (30-44 Closed Loans/Month) without setup,Closed Loans / Mon,MeridianLink Mortgage Access Module,N,0.0,MORTOC-0001,,,44.1,MORTOC-0036,MORTOC-0036,MORTOC-0035,N,1323.0,,,,,,,,,,,,,,,Consumer & Digital Engagement,MeridianLink Mortgage Access,MeridianLink Mortgage Access without setup,Tier 15,30.0,44.0,Add Ons
Origination - Mortgage,MeridianLink Mortgage,Add On - MeridianLink Mortgage Access,MeridianLink,MeridianLink Mortgage Access Tier 16 (15-29 Closed Loans/Month),Closed Loans / Mon,MeridianLink Mortgage Access Module,N,4800.0,MORTOC-0001,,,47.1,MORTOC-0036,MORTOC-0036,MORTOC-0035,N,706.5,,,,,,,,,,,,,,,Consumer & Digital Engagement,MeridianLink Mortgage Access,MeridianLink Mortgage Access,Tier 16,15.0,29.0,Add Ons
Origination - Mortgage,MeridianLink Mortgage,Add On - MeridianLink Mortgage Access,MeridianLink,MeridianLink Mortgage Access Tier 16 (15-29 Closed Loans/Month) without setup,Closed Loans / Mon,MeridianLink Mortgage Access Module,N,0.0,MORTOC-0001,,,47.1,MORTOC-0036,MORTOC-0036,MORTOC-0035,N,706.5,,,,,,,,,,,,,,,Consumer & Digital Engagement,MeridianLink Mortgage Access,MeridianLink Mortgage Access without setup,Tier 16,15.0,29.0,Add Ons
Origination - Mortgage,MeridianLink Mortgage,Add On - MeridianLink Mortgage Access,MeridianLink,MeridianLink Mortgage Access Tier 17 (10-14 Closed Loans/Month),Closed Loans / Mon,MeridianLink Mortgage Access Module,N,4800.0,MORTOC-0001,,,49.0,MORTOC-0036,MORTOC-0036,MORTOC-0035,N,490.0,,,,,,,,,,,,,,,Consumer & Digital Engagement,MeridianLink Mortgage Access,MeridianLink Mortgage Access,Tier 17,10.0,14.0,Add Ons
Origination - Mortgage,MeridianLink Mortgage,Add On - MeridianLink Mortgage Access,MeridianLink,MeridianLink Mortgage Access Tier 17 (10-14 Closed Loans/Month) without setup,Closed Loans / Mon,MeridianLink Mortgage Access Module,N,0.0,MORTOC-0001,,,49.0,MORTOC-0036,MORTOC-0036,MORTOC-0035,N,490.0,,,,,,,,,,,,,,,Consumer & Digital Engagement,MeridianLink Mortgage Access,MeridianLink Mortgage Access without setup,Tier 17,10.0,14.0,Add Ons
Origination - Mortgage,MeridianLink Mortgage,Add On - MeridianLink Mortgage Access,MeridianLink,MeridianLink Mortgage Access Tier 02 (900-1199 Closed Loans/Month),Closed Loans / Mon,MeridianLink Mortgage Access Module,N,13500.0,MORTOC-0001,,,32.05,MORTOC-0036,MORTOC-0036,MORTOC-0035,N,28845.0,,,,,,,,,,,,,,,Consumer & Digital Engagement,MeridianLink Mortgage Access,MeridianLink Mortgage Access,Tier 2,900.0,1199.0,Add Ons
Origination - Mortgage,MeridianLink Mortgage,Add On - MeridianLink Mortgage Access,MeridianLink,MeridianLink Mortgage Access Tier 02 (900-1199 Closed Loans/Month) without setup,Closed Loans / Mon,MeridianLink Mortgage Access Module,N,0.0,MORTOC-0001,,,32.05,MORTOC-0036,MORTOC-0036,MORTOC-0035,N,28845.0,,,,,,,,,,,,,,,Consumer & Digital Engagement,MeridianLink Mortgage Access,MeridianLink Mortgage Access without setup,Tier 2,900.0,1199.0,Add Ons
Origination - Mortgage,MeridianLink Mortgage,Add On - MeridianLink Mortgage Access,MeridianLink,MeridianLink Mortgage Access Tier 03 (675-899 Closed Loans/Month),Closed Loans / Mon,MeridianLink Mortgage Access Module,N,13500.0,MORTOC-0001,,,32.9,MORTOC-0036,MORTOC-0036,MORTOC-0035,N,22207.5,,,,,,,,,,,,,,,Consumer & Digital Engagement,MeridianLink Mortgage Access,MeridianLink Mortgage Access,Tier 3,675.0,899.0,Add Ons
Origination - Mortgage,MeridianLink Mortgage,Add On - MeridianLink Mortgage Access,MeridianLink,MeridianLink Mortgage Access Tier 03 (675-899 Closed Loans/Month) without setup,Closed Loans / Mon,MeridianLink Mortgage Access Module,N,0.0,MORTOC-0001,,,32.9,MORTOC-0036,MORTOC-0036,MORTOC-0035,N,22207.5,,,,,,,,,,,,,,,Consumer & Digital Engagement,MeridianLink Mortgage Access,MeridianLink Mortgage Access without setup,Tier 3,675.0,899.0,Add Ons
Origination - Mortgage,MeridianLink Mortgage,Add On - MeridianLink Mortgage Access,MeridianLink,MeridianLink Mortgage Access Tier 04 (525-674 Closed Loans/Month),Closed Loans / Mon,MeridianLink Mortgage Access Module,N,10750.0,MORTOC-0001,,,33.75,MORTOC-0036,MORTOC-0036,MORTOC-0035,N,17718.75,,,,,,,,,,,,,,,Consumer & Digital Engagement,MeridianLink Mortgage Access,MeridianLink Mortgage Access,Tier 4,525.0,674.0,Add Ons
Origination - Mortgage,MeridianLink Mortgage,Add On - MeridianLink Mortgage Access,MeridianLink,MeridianLink Mortgage Access Tier 04 (525-674 Closed Loans/Month) without setup,Closed Loans / Mon,MeridianLink Mortgage Access Module,N,0.0,MORTOC-0001,,,33.75,MORTOC-0036,MORTOC-0036,MORTOC-0035,N,17718.75,,,,,,,,,,,,,,,Consumer & Digital Engagement,MeridianLink Mortgage Access,MeridianLink Mortgage Access without setup,Tier 4,525.0,674.0,Add Ons
Origination - Mortgage,MeridianLink Mortgage,Add On - MeridianLink Mortgage Access,MeridianLink,MeridianLink Mortgage Access Tier 05 (400-524 Closed Loans/Month),Closed Loans / Mon,MeridianLink Mortgage Access Module,N,10750.0,MORTOC-0001,,,34.6,MORTOC-0036,MORTOC-0036,MORTOC-0035,N,13755.09,,,,,,,,,,,,,,,Consumer & Digital Engagement,MeridianLink Mortgage Access,MeridianLink Mortgage Access,Tier 5,400.0,524.0,Add Ons
Origination - Mortgage,MeridianLink Mortgage,Add On - MeridianLink Mortgage Access,MeridianLink,MeridianLink Mortgage Access Tier 05 (400-524 Closed Loans/Month) without setup,Closed Loans / Mon,MeridianLink Mortgage Access Module,N,0.0,MORTOC-0001,,,34.6,MORTOC-0036,MORTOC-0036,MORTOC-0035,N,13755.09,,,,,,,,,,,,,,,Consumer & Digital Engagement,MeridianLink Mortgage Access,MeridianLink Mortgage Access without setup,Tier 5,400.0,524.0,Add Ons
Origination - Mortgage,MeridianLink Mortgage,Add On - MeridianLink Mortgage Access,MeridianLink,MeridianLink Mortgage Access Tier 06 (300-399 Closed Loans/Month),Closed Loans / Mon,MeridianLink Mortgage Access Module,N,10750.0,MORTOC-0001,,,35.45,MORTOC-0036,MORTOC-0036,MORTOC-0035,N,10635.0,,,,,,,,,,,,,,,Consumer & Digital Engagement,MeridianLink Mortgage Access,MeridianLink Mortgage Access,Tier 6,300.0,399.0,Add Ons
Origination - Mortgage,MeridianLink Mortgage,Add On - MeridianLink Mortgage Access,MeridianLink,MeridianLink Mortgage Access Tier 06 (300-399 Closed Loans/Month) without setup,Closed Loans / Mon,MeridianLink Mortgage Access Module,N,0.0,MORTOC-0001,,,35.45,MORTOC-0036,MORTOC-0036,MORTOC-0035,N,10635.0,,,,,,,,,,,,,,,Consumer & Digital Engagement,MeridianLink Mortgage Access,MeridianLink Mortgage Access without setup,Tier 6,300.0,399.0,Add Ons
Origination - Mortgage,MeridianLink Mortgage,Add On - MeridianLink Mortgage Access,MeridianLink,MeridianLink Mortgage Access Tier 07 (225-299 Closed Loans/Month),Closed Loans / Mon,MeridianLink Mortgage Access Module,N,8000.0,MORTOC-0001,,,36.5,MORTOC-0036,MORTOC-0036,MORTOC-0035,N,8212.5,,,,,,,,,,,,,,,Consumer & Digital Engagement,MeridianLink Mortgage Access,MeridianLink Mortgage Access,Tier 7,225.0,299.0,Add Ons
Origination - Mortgage,MeridianLink Mortgage,Add On - MeridianLink Mortgage Access,MeridianLink,MeridianLink Mortgage Access Tier 07 (225-299 Closed Loans/Month) without setup,Closed Loans / Mon,MeridianLink Mortgage Access Module,N,0.0,MORTOC-0001,,,36.5,MORTOC-0036,MORTOC-0036,MORTOC-0035,N,8212.5,,,,,,,,,,,,,,,Consumer & Digital Engagement,MeridianLink Mortgage Access,MeridianLink Mortgage Access without setup,Tier 7,225.0,299.0,Add Ons
Origination - Mortgage,MeridianLink Mortgage,Add On - MeridianLink Mortgage Access,MeridianLink,MeridianLink Mortgage Access Tier 08 (170-224 Closed Loans/Month),Closed Loans / Mon,MeridianLink Mortgage Access Module,N,8000.0,MORTOC-0001,,,37.55,MORTOC-0036,MORTOC-0036,MORTOC-0035,N,6383.5,,,,,,,,,,,,,,,Consumer & Digital Engagement,MeridianLink Mortgage Access,MeridianLink Mortgage Access,Tier 8,170.0,224.0,Add Ons
Origination - Mortgage,MeridianLink Mortgage,Add On - MeridianLink Mortgage Access,MeridianLink,MeridianLink Mortgage Access Tier 08 (170-224 Closed Loans/Month) without setup,Closed Loans / Mon,MeridianLink Mortgage Access Module,N,0.0,MORTOC-0001,,,37.55,MORTOC-0036,MORTOC-0036,MORTOC-0035,N,6383.5,,,,,,,,,,,,,,,Consumer & Digital Engagement,MeridianLink Mortgage Access,MeridianLink Mortgage Access without setup,Tier 8,170.0,224.0,Add Ons
Origination - Mortgage,MeridianLink Mortgage,Add On - MeridianLink Mortgage Access,MeridianLink,MeridianLink Mortgage Access Tier 09 (135-169 Closed Loans/Month),Closed Loans / Mon,MeridianLink Mortgage Access Module,N,5500.0,MORTOC-0001,,,38.2,MORTOC-0036,MORTOC-0036,MORTOC-0035,N,5157.0,,,,,,,,,,,,,,,Consumer & Digital Engagement,MeridianLink Mortgage Access,MeridianLink Mortgage Access,Tier 9,135.0,169.0,Add Ons
Origination - Mortgage,MeridianLink Mortgage,Add On - MeridianLink Mortgage Access,MeridianLink,MeridianLink Mortgage Access Tier 09 (135-169 Closed Loans/Month) without setup,Closed Loans / Mon,MeridianLink Mortgage Access Module,N,0.0,MORTOC-0001,,,38.2,MORTOC-0036,MORTOC-0036,MORTOC-0035,N,5157.0,,,,,,,,,,,,,,,Consumer & Digital Engagement,MeridianLink Mortgage Access,MeridianLink Mortgage Access without setup,Tier 9,135.0,169.0,Add Ons
Origination - Mortgage,MeridianLink Mortgage,Add On - OpenClose,OpenClose,Standard Warehouse Extract Service,Standard,Standard Warehouse Extract Service,N,2800.0,MORTOC-0010,3588.0,MORTOC-0047,,,,,N,,Annual fee billed in monthly installments.,,,,,,,,,,,,,,Data & Reporting,OpenClose,Standard Warehouse Extract Service,,,,Add Ons
Origination - Mortgage,MeridianLink Mortgage,Add On - OpenClose,MeridianLink,Data Storage - OpenClose,Bill Monthly,Data Storage - OpenClose,N,0.0,MORTOC-0065,-1234.0,MORTOC-0066,,,,,N,,"Data storage service for OpenClose customers who cancel their LOS agreeemnt. Deal should not be completed without Deal Desk review. Consult with ML Mortgage product management for pricing.  Price should be the highest of (1) $1500 per month, (2) 20% of current monthly minimum, or (3) 20% of average bill over the last 24 months.  Automatic price increase of 10% each year after year 1.",,,,,,,,,,,,,X,Data & Reporting,OpenClose,Data Storage - OpenClose,,,,Add Ons
Origination - Mortgage,MeridianLink Mortgage,Add On - Professional Services,MeridianLink,Batch Field Update Service,Hourly,Batch Field Update Service,N,0.0,MORT-0103,,,-1234.0,MORT-0104,,,N,,Custom Quote based on number of loans to update,,,,,,,,,,,,,,Not Mapped,Professional Services,Batch Field Update Service,,,,Add Ons
Origination - Mortgage,MeridianLink Mortgage,Add On - SAE Services,MeridianLink,PriceMyLoan Implementation - Custom Program,Hourly,PriceMyLoan Implementation - Custom Program,N,1600.0,MORT-0119,,,160.0,MORT-0154,,,N,,,,,,1,Constraint,Customer must not yet have PML implemented,,,,,,,,Settlement & Real Estate Services,SAE Services,PriceMyLoan Implementation - Custom Program,,,,Add Ons
Origination - Mortgage,MeridianLink Mortgage,Add On - SQL Transmission,MeridianLink,SQL Transmission Service (one extract/day after hours),Standard,SQL Transmission Service (one extract/day after hours),N,5500.0,MORT-0076,3000.0,MORT-0001,,,,,N,,,,,,,,,,,,,,,,Data & Reporting,SQL Transmission,SQL Transmission Service (one extract/day after hours),,,,Add Ons
Origination - Mortgage,MeridianLink Mortgage,Add On - SQL Transmission,MeridianLink,SQL Transmission Service (one extract/hour including business hours),Standard,SQL Transmission Service (one extract/hour including business hours),N,5500.0,MORT-0076,11750.0,MORT-0001,,,,,N,,,,,,,,,,,,,,,,Data & Reporting,SQL Transmission,SQL Transmission Service (one extract/hour including business hours),,,,Add Ons
Origination - Mortgage,MeridianLink Mortgage,Primary Service,MeridianLink,Meridianlink Mortgage Platform Fee,Monthly,Meridianlink Mortgage Platform Fee,N,0.0,MORT-0158,5100.0,MORT-0159,,,,,N,,"**Annual fee billed in monthly installments.
**MeridianLink Mortgage Platform Fee item must be included with ALL new mortgage LOS sales.",,,,1,Dependent,Must be included with ALL new mortgage LOS sales. Exception should only be granted for prospects that were quoted pricing prior to this fee being released.,,,,,,,X,Primary Service,,Mortgage Platform Fee,,,,Primary Product
Origination - Mortgage,MeridianLink Mortgage,Primary Service,MeridianLink,MeridianLink Mortgage LOS First Lien Loans Tier 01 (1200+ Closed Loans/Month) with 1 implementation,Closed Loans / Mon,MeridianLink Mortgage LOS Module First Lien Liens,N,7950.0,MORT-0121,,,71.6,MORT-0123,MORT-0123,MORT-0122,N,85920.0,"** If you create a monthly minimum between levels, you must use the per closed loan fee of the lower level.
**MeridianLink Mortgage Platform Fee item must be included with ALL new mortgage LOS sales.",,,,1,Dependent,Must be sold with MeridianLink Mortgage LOS Subordinate Lien Loans,,,,,,,,Primary Service,,MeridianLink Mortgage LOS First Lien Loans with 1 implementation,Tier 1,1200.0,0.0,Primary Product
Origination - Mortgage,MeridianLink Mortgage,Primary Service,MeridianLink,MeridianLink Mortgage LOS First Lien Loans Tier 01 (1200+ Closed Loans/Month) with 2 implementations,Closed Loans / Mon,MeridianLink Mortgage LOS Module First Lien Liens,N,13200.0,MORT-0121,,,71.6,MORT-0123,MORT-0123,MORT-0122,N,85920.0,"** If you create a monthly minimum between levels, you must use the per closed loan fee of the lower level.
**MeridianLink Mortgage Platform Fee item must be included with ALL new mortgage LOS sales.",,,,1,Dependent,Must be sold with MeridianLink Mortgage LOS Subordinate Lien Loans,,,,,,,,Primary Service,,MeridianLink Mortgage LOS First Lien Loans with 2 implementations,Tier 1,1200.0,0.0,Primary Product
Origination - Mortgage,MeridianLink Mortgage,Primary Service,MeridianLink,MeridianLink Mortgage LOS First Lien Loans Tier 01 (1200+ Closed Loans/Month) with 3 implementations,Closed Loans / Mon,MeridianLink Mortgage LOS Module First Lien Liens,N,18425.0,MORT-0121,,,71.6,MORT-0123,MORT-0123,MORT-0122,N,85920.0,"** If you create a monthly minimum between levels, you must use the per closed loan fee of the lower level.
**MeridianLink Mortgage Platform Fee item must be included with ALL new mortgage LOS sales.",,,,1,Dependent,Must be sold with MeridianLink Mortgage LOS Subordinate Lien Loans,,,,,,,,Primary Service,,MeridianLink Mortgage LOS First Lien Loans with 3 implementations,Tier 1,1200.0,0.0,Primary Product
Origination - Mortgage,MeridianLink Mortgage,Primary Service,MeridianLink,MeridianLink Mortgage LOS First Lien Loans Tier 01 (1200+ Closed Loans/Month) with no implementation,Closed Loans / Mon,MeridianLink Mortgage LOS Module First Lien Liens,N,0.0,MORT-0121,,,71.6,MORT-0123,MORT-0123,MORT-0122,N,85920.0,"** If you create a monthly minimum between levels, you must use the per closed loan fee of the lower level.
**MeridianLink Mortgage Platform Fee item must be included with ALL new mortgage LOS sales.",,,,1,Dependent,Must be sold with MeridianLink Mortgage LOS Subordinate Lien Loans,,,,,,,,Primary Service,,MeridianLink Mortgage LOS First Lien Loans with no implementation,Tier 1,1200.0,0.0,Primary Product
Origination - Mortgage,MeridianLink Mortgage,Primary Service,MeridianLink,MeridianLink Mortgage LOS First Lien Loans Tier 10 (110 - 134 Closed Loans/Month) with 1 implementation,Closed Loans / Mon,MeridianLink Mortgage LOS Module First Lien Liens,N,7950.0,MORT-0121,,,92.8,MORT-0123,MORT-0123,MORT-0122,N,10208.0,"** If you create a monthly minimum between levels, you must use the per closed loan fee of the lower level.
**MeridianLink Mortgage Platform Fee item must be included with ALL new mortgage LOS sales.",,,,1,Dependent,Must be sold with MeridianLink Mortgage LOS Subordinate Lien Loans,,,,,,,,Primary Service,,MeridianLink Mortgage LOS First Lien Loans with 1 implementation,Tier 10,110.0,134.0,Primary Product
Origination - Mortgage,MeridianLink Mortgage,Primary Service,MeridianLink,MeridianLink Mortgage LOS First Lien Loans Tier 10 (110 - 134 Closed Loans/Month) with 2 implementations,Closed Loans / Mon,MeridianLink Mortgage LOS Module First Lien Liens,N,13200.0,MORT-0121,,,92.8,MORT-0123,MORT-0123,MORT-0122,N,10208.0,"** If you create a monthly minimum between levels, you must use the per closed loan fee of the lower level.
**MeridianLink Mortgage Platform Fee item must be included with ALL new mortgage LOS sales.",,,,1,Dependent,Must be sold with MeridianLink Mortgage LOS Subordinate Lien Loans,,,,,,,,Primary Service,,MeridianLink Mortgage LOS First Lien Loans with 2 implementations,Tier 10,110.0,134.0,Primary Product
Origination - Mortgage,MeridianLink Mortgage,Primary Service,MeridianLink,MeridianLink Mortgage LOS First Lien Loans Tier 10 (110 - 134 Closed Loans/Month) with 3 implementations,Closed Loans / Mon,MeridianLink Mortgage LOS Module First Lien Liens,N,18425.0,MORT-0121,,,92.8,MORT-0123,MORT-0123,MORT-0122,N,10208.0,"** If you create a monthly minimum between levels, you must use the per closed loan fee of the lower level.
**MeridianLink Mortgage Platform Fee item must be included with ALL new mortgage LOS sales.",,,,1,Dependent,Must be sold with MeridianLink Mortgage LOS Subordinate Lien Loans,,,,,,,,Primary Service,,MeridianLink Mortgage LOS First Lien Loans with 3 implementations,Tier 10,110.0,134.0,Primary Product
Origination - Mortgage,MeridianLink Mortgage,Primary Service,MeridianLink,MeridianLink Mortgage LOS First Lien Loans Tier 10 (110 - 134 Closed Loans/Month) with no implementations,Closed Loans / Mon,MeridianLink Mortgage LOS Module First Lien Liens,N,0.0,MORT-0121,,,92.8,MORT-0123,MORT-0123,MORT-0122,N,10208.0,"** If you create a monthly minimum between levels, you must use the per closed loan fee of the lower level.
**MeridianLink Mortgage Platform Fee item must be included with ALL new mortgage LOS sales.",,,,1,Dependent,Must be sold with MeridianLink Mortgage LOS Subordinate Lien Loans,,,,,,,,Primary Service,,MeridianLink Mortgage LOS First Lien Loans with no implementation,Tier 10,110.0,134.0,Primary Product
Origination - Mortgage,MeridianLink Mortgage,Primary Service,MeridianLink,MeridianLink Mortgage LOS First Lien Loans Tier 11 (90 - 109 Closed Loans/Month) with 1 implementation,Closed Loans / Mon,MeridianLink Mortgage LOS Module First Lien Liens,N,7950.0,MORT-0121,,,94.8,MORT-0123,MORT-0123,MORT-0122,N,8532.0,"** If you create a monthly minimum between levels, you must use the per closed loan fee of the lower level.
**MeridianLink Mortgage Platform Fee item must be included with ALL new mortgage LOS sales.",,,,1,Dependent,Must be sold with MeridianLink Mortgage LOS Subordinate Lien Loans,,,,,,,,Primary Service,,MeridianLink Mortgage LOS First Lien Loans with 1 implementation,Tier 11,90.0,109.0,Primary Product
Origination - Mortgage,MeridianLink Mortgage,Primary Service,MeridianLink,MeridianLink Mortgage LOS First Lien Loans Tier 11 (90 - 109 Closed Loans/Month) with 2 implementations,Closed Loans / Mon,MeridianLink Mortgage LOS Module First Lien Liens,N,13200.0,MORT-0121,,,94.8,MORT-0123,MORT-0123,MORT-0122,N,8532.0,"** If you create a monthly minimum between levels, you must use the per closed loan fee of the lower level.
**MeridianLink Mortgage Platform Fee item must be included with ALL new mortgage LOS sales.",,,,1,Dependent,Must be sold with MeridianLink Mortgage LOS Subordinate Lien Loans,,,,,,,,Primary Service,,MeridianLink Mortgage LOS First Lien Loans with 2 implementations,Tier 11,90.0,109.0,Primary Product
Origination - Mortgage,MeridianLink Mortgage,Primary Service,MeridianLink,MeridianLink Mortgage LOS First Lien Loans Tier 11 (90 - 109 Closed Loans/Month) with 3 implementations,Closed Loans / Mon,MeridianLink Mortgage LOS Module First Lien Liens,N,18425.0,MORT-0121,,,94.8,MORT-0123,MORT-0123,MORT-0122,N,8532.0,"** If you create a monthly minimum between levels, you must use the per closed loan fee of the lower level.
**MeridianLink Mortgage Platform Fee item must be included with ALL new mortgage LOS sales.",,,,1,Dependent,Must be sold with MeridianLink Mortgage LOS Subordinate Lien Loans,,,,,,,,Primary Service,,MeridianLink Mortgage LOS First Lien Loans with 3 implementations,Tier 11,90.0,109.0,Primary Product
Origination - Mortgage,MeridianLink Mortgage,Primary Service,MeridianLink,MeridianLink Mortgage LOS First Lien Loans Tier 11 (90 - 109 Closed Loans/Month) with no implementations,Closed Loans / Mon,MeridianLink Mortgage LOS Module First Lien Liens,N,0.0,MORT-0121,,,94.8,MORT-0123,MORT-0123,MORT-0122,N,8532.0,"** If you create a monthly minimum between levels, you must use the per closed loan fee of the lower level.
**MeridianLink Mortgage Platform Fee item must be included with ALL new mortgage LOS sales.",,,,1,Dependent,Must be sold with MeridianLink Mortgage LOS Subordinate Lien Loans,,,,,,,,Primary Service,,MeridianLink Mortgage LOS First Lien Loans with no implementation,Tier 11,90.0,109.0,Primary Product
Origination - Mortgage,MeridianLink Mortgage,Primary Service,MeridianLink,MeridianLink Mortgage LOS First Lien Loans Tier 12 (75 - 89 Closed Loans/Month) with 1 implementation,Closed Loans / Mon,MeridianLink Mortgage LOS Module First Lien Liens,N,7950.0,MORT-0121,,,96.8,MORT-0123,MORT-0123,MORT-0122,N,7260.0,"** If you create a monthly minimum between levels, you must use the per closed loan fee of the lower level.
**MeridianLink Mortgage Platform Fee item must be included with ALL new mortgage LOS sales.",,,,1,Dependent,Must be sold with MeridianLink Mortgage LOS Subordinate Lien Loans,,,,,,,,Primary Service,,MeridianLink Mortgage LOS First Lien Loans with 1 implementation,Tier 12,75.0,89.0,Primary Product
Origination - Mortgage,MeridianLink Mortgage,Primary Service,MeridianLink,MeridianLink Mortgage LOS First Lien Loans Tier 12 (75 - 89 Closed Loans/Month) with 2 implementations,Closed Loans / Mon,MeridianLink Mortgage LOS Module First Lien Liens,N,13200.0,MORT-0121,,,96.8,MORT-0123,MORT-0123,MORT-0122,N,7260.0,"** If you create a monthly minimum between levels, you must use the per closed loan fee of the lower level.
**MeridianLink Mortgage Platform Fee item must be included with ALL new mortgage LOS sales.",,,,1,Dependent,Must be sold with MeridianLink Mortgage LOS Subordinate Lien Loans,,,,,,,,Primary Service,,MeridianLink Mortgage LOS First Lien Loans with 2 implementations,Tier 12,75.0,89.0,Primary Product
Origination - Mortgage,MeridianLink Mortgage,Primary Service,MeridianLink,MeridianLink Mortgage LOS First Lien Loans Tier 12 (75 - 89 Closed Loans/Month) with 3 implementations,Closed Loans / Mon,MeridianLink Mortgage LOS Module First Lien Liens,N,18425.0,MORT-0121,,,96.8,MORT-0123,MORT-0123,MORT-0122,N,7260.0,"** If you create a monthly minimum between levels, you must use the per closed loan fee of the lower level.
**MeridianLink Mortgage Platform Fee item must be included with ALL new mortgage LOS sales.",,,,1,Dependent,Must be sold with MeridianLink Mortgage LOS Subordinate Lien Loans,,,,,,,,Primary Service,,MeridianLink Mortgage LOS First Lien Loans with 3 implementations,Tier 12,75.0,89.0,Primary Product
Origination - Mortgage,MeridianLink Mortgage,Primary Service,MeridianLink,MeridianLink Mortgage LOS First Lien Loans Tier 12 (75 - 89 Closed Loans/Month) with no implementations,Closed Loans / Mon,MeridianLink Mortgage LOS Module First Lien Liens,N,0.0,MORT-0121,,,96.8,MORT-0123,MORT-0123,MORT-0122,N,7260.0,"** If you create a monthly minimum between levels, you must use the per closed loan fee of the lower level.
**MeridianLink Mortgage Platform Fee item must be included with ALL new mortgage LOS sales.",,,,1,Dependent,Must be sold with MeridianLink Mortgage LOS Subordinate Lien Loans,,,,,,,,Primary Service,,MeridianLink Mortgage LOS First Lien Loans with no implementation,Tier 12,75.0,89.0,Primary Product
Origination - Mortgage,MeridianLink Mortgage,Primary Service,MeridianLink,MeridianLink Mortgage LOS First Lien Loans Tier 13 (60 - 74 Closed Loans/Month) with 1 implementation,Closed Loans / Mon,MeridianLink Mortgage LOS Module First Lien Liens,N,7950.0,MORT-0121,,,99.2,MORT-0123,MORT-0123,MORT-0122,N,5952.0,"** If you create a monthly minimum between levels, you must use the per closed loan fee of the lower level.
**MeridianLink Mortgage Platform Fee item must be included with ALL new mortgage LOS sales.",,,,1,Dependent,Must be sold with MeridianLink Mortgage LOS Subordinate Lien Loans,,,,,,,,Primary Service,,MeridianLink Mortgage LOS First Lien Loans with 1 implementation,Tier 13,60.0,74.0,Primary Product
Origination - Mortgage,MeridianLink Mortgage,Primary Service,MeridianLink,MeridianLink Mortgage LOS First Lien Loans Tier 13 (60 - 74 Closed Loans/Month) with 2 implementations,Closed Loans / Mon,MeridianLink Mortgage LOS Module First Lien Liens,N,13200.0,MORT-0121,,,99.2,MORT-0123,MORT-0123,MORT-0122,N,5952.0,"** If you create a monthly minimum between levels, you must use the per closed loan fee of the lower level.
**MeridianLink Mortgage Platform Fee item must be included with ALL new mortgage LOS sales.",,,,1,Dependent,Must be sold with MeridianLink Mortgage LOS Subordinate Lien Loans,,,,,,,,Primary Service,,MeridianLink Mortgage LOS First Lien Loans with 2 implementations,Tier 13,60.0,74.0,Primary Product
Origination - Mortgage,MeridianLink Mortgage,Primary Service,MeridianLink,MeridianLink Mortgage LOS First Lien Loans Tier 13 (60 - 74 Closed Loans/Month) with 3 implementations,Closed Loans / Mon,MeridianLink Mortgage LOS Module First Lien Liens,N,18425.0,MORT-0121,,,99.2,MORT-0123,MORT-0123,MORT-0122,N,5952.0,"** If you create a monthly minimum between levels, you must use the per closed loan fee of the lower level.
**MeridianLink Mortgage Platform Fee item must be included with ALL new mortgage LOS sales.",,,,1,Dependent,Must be sold with MeridianLink Mortgage LOS Subordinate Lien Loans,,,,,,,,Primary Service,,MeridianLink Mortgage LOS First Lien Loans with 3 implementations,Tier 13,60.0,74.0,Primary Product
Origination - Mortgage,MeridianLink Mortgage,Primary Service,MeridianLink,MeridianLink Mortgage LOS First Lien Loans Tier 13 (60 - 74 Closed Loans/Month) with no implementations,Closed Loans / Mon,MeridianLink Mortgage LOS Module First Lien Liens,N,0.0,MORT-0121,,,99.2,MORT-0123,MORT-0123,MORT-0122,N,5952.0,"** If you create a monthly minimum between levels, you must use the per closed loan fee of the lower level.
**MeridianLink Mortgage Platform Fee item must be included with ALL new mortgage LOS sales.",,,,1,Dependent,Must be sold with MeridianLink Mortgage LOS Subordinate Lien Loans,,,,,,,,Primary Service,,MeridianLink Mortgage LOS First Lien Loans with no implementation,Tier 13,60.0,74.0,Primary Product
Origination - Mortgage,MeridianLink Mortgage,Primary Service,MeridianLink,MeridianLink Mortgage LOS First Lien Loans Tier 14 (45 - 59 Closed Loans/Month) with 1 implementation,Closed Loans / Mon,MeridianLink Mortgage LOS Module First Lien Liens,N,7950.0,MORT-0121,,,102.2,MORT-0123,MORT-0123,MORT-0122,N,4599.0,"** If you create a monthly minimum between levels, you must use the per closed loan fee of the lower level.
**MeridianLink Mortgage Platform Fee item must be included with ALL new mortgage LOS sales.",,,,1,Dependent,Must be sold with MeridianLink Mortgage LOS Subordinate Lien Loans,,,,,,,,Primary Service,,MeridianLink Mortgage LOS First Lien Loans with 1 implementation,Tier 14,45.0,59.0,Primary Product
Origination - Mortgage,MeridianLink Mortgage,Primary Service,MeridianLink,MeridianLink Mortgage LOS First Lien Loans Tier 14 (45 - 59 Closed Loans/Month) with 2 implementations,Closed Loans / Mon,MeridianLink Mortgage LOS Module First Lien Liens,N,13200.0,MORT-0121,,,102.2,MORT-0123,MORT-0123,MORT-0122,N,4599.0,"** If you create a monthly minimum between levels, you must use the per closed loan fee of the lower level.
**MeridianLink Mortgage Platform Fee item must be included with ALL new mortgage LOS sales.",,,,1,Dependent,Must be sold with MeridianLink Mortgage LOS Subordinate Lien Loans,,,,,,,,Primary Service,,MeridianLink Mortgage LOS First Lien Loans with 2 implementations,Tier 14,45.0,59.0,Primary Product
Origination - Mortgage,MeridianLink Mortgage,Primary Service,MeridianLink,MeridianLink Mortgage LOS First Lien Loans Tier 14 (45 - 59 Closed Loans/Month) with 3 implementations,Closed Loans / Mon,MeridianLink Mortgage LOS Module First Lien Liens,N,18425.0,MORT-0121,,,102.2,MORT-0123,MORT-0123,MORT-0122,N,4599.0,"** If you create a monthly minimum between levels, you must use the per closed loan fee of the lower level.
**MeridianLink Mortgage Platform Fee item must be included with ALL new mortgage LOS sales.",,,,1,Dependent,Must be sold with MeridianLink Mortgage LOS Subordinate Lien Loans,,,,,,,,Primary Service,,MeridianLink Mortgage LOS First Lien Loans with 3 implementations,Tier 14,45.0,59.0,Primary Product
Origination - Mortgage,MeridianLink Mortgage,Primary Service,MeridianLink,MeridianLink Mortgage LOS First Lien Loans Tier 14 (45 - 59 Closed Loans/Month) with no implementations,Closed Loans / Mon,MeridianLink Mortgage LOS Module First Lien Liens,N,0.0,MORT-0121,,,102.2,MORT-0123,MORT-0123,MORT-0122,N,4599.0,"** If you create a monthly minimum between levels, you must use the per closed loan fee of the lower level.
**MeridianLink Mortgage Platform Fee item must be included with ALL new mortgage LOS sales.",,,,1,Dependent,Must be sold with MeridianLink Mortgage LOS Subordinate Lien Loans,,,,,,,,Primary Service,,MeridianLink Mortgage LOS First Lien Loans with no implementation,Tier 14,45.0,59.0,Primary Product
Origination - Mortgage,MeridianLink Mortgage,Primary Service,MeridianLink,MeridianLink Mortgage LOS First Lien Loans Tier 15 (30 - 44 Closed Loans/Month) with 1 implementation,Closed Loans / Mon,MeridianLink Mortgage LOS Module First Lien Liens,N,7950.0,MORT-0121,,,107.0,MORT-0123,MORT-0123,MORT-0122,N,3210.0,"** If you create a monthly minimum between levels, you must use the per closed loan fee of the lower level.
**MeridianLink Mortgage Platform Fee item must be included with ALL new mortgage LOS sales.",,,,1,Dependent,Must be sold with MeridianLink Mortgage LOS Subordinate Lien Loans,,,,,,,,Primary Service,,MeridianLink Mortgage LOS First Lien Loans with 1 implementation,Tier 15,30.0,44.0,Primary Product
Origination - Mortgage,MeridianLink Mortgage,Primary Service,MeridianLink,MeridianLink Mortgage LOS First Lien Loans Tier 15 (30 - 44 Closed Loans/Month) with 2 implementations,Closed Loans / Mon,MeridianLink Mortgage LOS Module First Lien Liens,N,13200.0,MORT-0121,,,107.0,MORT-0123,MORT-0123,MORT-0122,N,3210.0,"** If you create a monthly minimum between levels, you must use the per closed loan fee of the lower level.
**MeridianLink Mortgage Platform Fee item must be included with ALL new mortgage LOS sales.",,,,1,Dependent,Must be sold with MeridianLink Mortgage LOS Subordinate Lien Loans,,,,,,,,Primary Service,,MeridianLink Mortgage LOS First Lien Loans with 2 implementations,Tier 15,30.0,44.0,Primary Product
Origination - Mortgage,MeridianLink Mortgage,Primary Service,MeridianLink,MeridianLink Mortgage LOS First Lien Loans Tier 15 (30 - 44 Closed Loans/Month) with 3 implementations,Closed Loans / Mon,MeridianLink Mortgage LOS Module First Lien Liens,N,18425.0,MORT-0121,,,107.0,MORT-0123,MORT-0123,MORT-0122,N,3210.0,"** If you create a monthly minimum between levels, you must use the per closed loan fee of the lower level.
**MeridianLink Mortgage Platform Fee item must be included with ALL new mortgage LOS sales.",,,,1,Dependent,Must be sold with MeridianLink Mortgage LOS Subordinate Lien Loans,,,,,,,,Primary Service,,MeridianLink Mortgage LOS First Lien Loans with 3 implementations,Tier 15,30.0,44.0,Primary Product
Origination - Mortgage,MeridianLink Mortgage,Primary Service,MeridianLink,MeridianLink Mortgage LOS First Lien Loans Tier 15 (30 - 44 Closed Loans/Month) with no implementations,Closed Loans / Mon,MeridianLink Mortgage LOS Module First Lien Liens,N,0.0,MORT-0121,,,107.0,MORT-0123,MORT-0123,MORT-0122,N,3210.0,"** If you create a monthly minimum between levels, you must use the per closed loan fee of the lower level.
**MeridianLink Mortgage Platform Fee item must be included with ALL new mortgage LOS sales.",,,,1,Dependent,Must be sold with MeridianLink Mortgage LOS Subordinate Lien Loans,,,,,,,,Primary Service,,MeridianLink Mortgage LOS First Lien Loans with no implementation,Tier 15,30.0,44.0,Primary Product
Origination - Mortgage,MeridianLink Mortgage,Primary Service,MeridianLink,MeridianLink Mortgage LOS First Lien Loans Tier 16 (15-29 Closed Loans/Month) with 1 implementation,Closed Loans / Mon,MeridianLink Mortgage LOS Module First Lien Liens,N,7950.0,MORT-0121,,,115.2,MORT-0123,MORT-0123,MORT-0122,N,1728.0,"** If you create a monthly minimum between levels, you must use the per closed loan fee of the lower level.
**MeridianLink Mortgage Platform Fee item must be included with ALL new mortgage LOS sales.",,,,1,Dependent,Must be sold with MeridianLink Mortgage LOS Subordinate Lien Loans,,,,,,,,Primary Service,,MeridianLink Mortgage LOS First Lien Loans with 1 implementation,Tier 16,15.0,29.0,Primary Product
Origination - Mortgage,MeridianLink Mortgage,Primary Service,MeridianLink,MeridianLink Mortgage LOS First Lien Loans Tier 16 (15-29 Closed Loans/Month) with 2 implementations,Closed Loans / Mon,MeridianLink Mortgage LOS Module First Lien Liens,N,13200.0,MORT-0121,,,115.2,MORT-0123,MORT-0123,MORT-0122,N,1728.0,"** If you create a monthly minimum between levels, you must use the per closed loan fee of the lower level.
**MeridianLink Mortgage Platform Fee item must be included with ALL new mortgage LOS sales.",,,,1,Dependent,Must be sold with MeridianLink Mortgage LOS Subordinate Lien Loans,,,,,,,,Primary Service,,MeridianLink Mortgage LOS First Lien Loans with 2 implementations,Tier 16,15.0,29.0,Primary Product
Origination - Mortgage,MeridianLink Mortgage,Primary Service,MeridianLink,MeridianLink Mortgage LOS First Lien Loans Tier 16 (15-29 Closed Loans/Month) with 3 implementations,Closed Loans / Mon,MeridianLink Mortgage LOS Module First Lien Liens,N,18425.0,MORT-0121,,,115.2,MORT-0123,MORT-0123,MORT-0122,N,1728.0,"** If you create a monthly minimum between levels, you must use the per closed loan fee of the lower level.
**MeridianLink Mortgage Platform Fee item must be included with ALL new mortgage LOS sales.",,,,1,Dependent,Must be sold with MeridianLink Mortgage LOS Subordinate Lien Loans,,,,,,,,Primary Service,,MeridianLink Mortgage LOS First Lien Loans with 3 implementations,Tier 16,15.0,29.0,Primary Product
Origination - Mortgage,MeridianLink Mortgage,Primary Service,MeridianLink,MeridianLink Mortgage LOS First Lien Loans Tier 16 (15-29 Closed Loans/Month) with no implementations,Closed Loans / Mon,MeridianLink Mortgage LOS Module First Lien Liens,N,0.0,MORT-0121,,,115.2,MORT-0123,MORT-0123,MORT-0122,N,1728.0,"** If you create a monthly minimum between levels, you must use the per closed loan fee of the lower level.
**MeridianLink Mortgage Platform Fee item must be included with ALL new mortgage LOS sales.",,,,1,Dependent,Must be sold with MeridianLink Mortgage LOS Subordinate Lien Loans,,,,,,,,Primary Service,,MeridianLink Mortgage LOS First Lien Loans with no implementation,Tier 16,15.0,29.0,Primary Product
Origination - Mortgage,MeridianLink Mortgage,Primary Service,MeridianLink,MeridianLink Mortgage LOS First Lien Loans Tier 17 (10-14 Closed Loans/Month) with 1 implementation,Closed Loans / Mon,MeridianLink Mortgage LOS Module First Lien Liens,N,7950.0,MORT-0121,,,120.4,MORT-0123,MORT-0123,MORT-0122,N,1204.0,"** If you create a monthly minimum between levels, you must use the per closed loan fee of the lower level.
**MeridianLink Mortgage Platform Fee item must be included with ALL new mortgage LOS sales.",,,,1,Dependent,Must be sold with MeridianLink Mortgage LOS Subordinate Lien Loans,,,,,,,,Primary Service,,MeridianLink Mortgage LOS First Lien Loans with 1 implementation,Tier 17,10.0,14.0,Primary Product
Origination - Mortgage,MeridianLink Mortgage,Primary Service,MeridianLink,MeridianLink Mortgage LOS First Lien Loans Tier 17 (10-14 Closed Loans/Month) with 2 implementations,Closed Loans / Mon,MeridianLink Mortgage LOS Module First Lien Liens,N,13200.0,MORT-0121,,,120.4,MORT-0123,MORT-0123,MORT-0122,N,1204.0,"** If you create a monthly minimum between levels, you must use the per closed loan fee of the lower level.
**MeridianLink Mortgage Platform Fee item must be included with ALL new mortgage LOS sales.",,,,1,Dependent,Must be sold with MeridianLink Mortgage LOS Subordinate Lien Loans,,,,,,,,Primary Service,,MeridianLink Mortgage LOS First Lien Loans with 2 implementations,Tier 17,10.0,14.0,Primary Product
Origination - Mortgage,MeridianLink Mortgage,Primary Service,MeridianLink,MeridianLink Mortgage LOS First Lien Loans Tier 17 (10-14 Closed Loans/Month) with 3 implementations,Closed Loans / Mon,MeridianLink Mortgage LOS Module First Lien Liens,N,18425.0,MORT-0121,,,120.4,MORT-0123,MORT-0123,MORT-0122,N,1204.0,"** If you create a monthly minimum between levels, you must use the per closed loan fee of the lower level.
**MeridianLink Mortgage Platform Fee item must be included with ALL new mortgage LOS sales.",,,,1,Dependent,Must be sold with MeridianLink Mortgage LOS Subordinate Lien Loans,,,,,,,,Primary Service,,MeridianLink Mortgage LOS First Lien Loans with 3 implementations,Tier 17,10.0,14.0,Primary Product
Origination - Mortgage,MeridianLink Mortgage,Primary Service,MeridianLink,MeridianLink Mortgage LOS First Lien Loans Tier 17 (10-14 Closed Loans/Month) with no implementations,Closed Loans / Mon,MeridianLink Mortgage LOS Module First Lien Liens,N,0.0,MORT-0121,,,120.4,MORT-0123,MORT-0123,MORT-0122,N,1204.0,"** If you create a monthly minimum between levels, you must use the per closed loan fee of the lower level.
**MeridianLink Mortgage Platform Fee item must be included with ALL new mortgage LOS sales.",,,,1,Dependent,Must be sold with MeridianLink Mortgage LOS Subordinate Lien Loans,,,,,,,,Primary Service,,MeridianLink Mortgage LOS First Lien Loans with no implementation,Tier 17,10.0,14.0,Primary Product
Origination - Mortgage,MeridianLink Mortgage,Primary Service,MeridianLink,MeridianLink Mortgage LOS First Lien Loans Tier 02 (900 - 1199 Closed Loans/Month) with 1 implementation,Closed Loans / Mon,MeridianLink Mortgage LOS Module First Lien Liens,N,7950.0,MORT-0121,,,73.8,MORT-0123,MORT-0123,MORT-0122,N,66420.0,"** If you create a monthly minimum between levels, you must use the per closed loan fee of the lower level.
**MeridianLink Mortgage Platform Fee item must be included with ALL new mortgage LOS sales.",,,,1,Dependent,Must be sold with MeridianLink Mortgage LOS Subordinate Lien Loans,,,,,,,,Primary Service,,MeridianLink Mortgage LOS First Lien Loans with 1 implementation,Tier 2,900.0,1199.0,Primary Product
Origination - Mortgage,MeridianLink Mortgage,Primary Service,MeridianLink,MeridianLink Mortgage LOS First Lien Loans Tier 02 (900 - 1199 Closed Loans/Month) with 2 implementations,Closed Loans / Mon,MeridianLink Mortgage LOS Module First Lien Liens,N,13200.0,MORT-0121,,,73.8,MORT-0123,MORT-0123,MORT-0122,N,66420.0,"** If you create a monthly minimum between levels, you must use the per closed loan fee of the lower level.
**MeridianLink Mortgage Platform Fee item must be included with ALL new mortgage LOS sales.",,,,1,Dependent,Must be sold with MeridianLink Mortgage LOS Subordinate Lien Loans,,,,,,,,Primary Service,,MeridianLink Mortgage LOS First Lien Loans with 2 implementations,Tier 2,900.0,1199.0,Primary Product
Origination - Mortgage,MeridianLink Mortgage,Primary Service,MeridianLink,MeridianLink Mortgage LOS First Lien Loans Tier 02 (900 - 1199 Closed Loans/Month) with 3 implementations,Closed Loans / Mon,MeridianLink Mortgage LOS Module First Lien Liens,N,18425.0,MORT-0121,,,73.8,MORT-0123,MORT-0123,MORT-0122,N,66420.0,"** If you create a monthly minimum between levels, you must use the per closed loan fee of the lower level.
**MeridianLink Mortgage Platform Fee item must be included with ALL new mortgage LOS sales.",,,,1,Dependent,Must be sold with MeridianLink Mortgage LOS Subordinate Lien Loans,,,,,,,,Primary Service,,MeridianLink Mortgage LOS First Lien Loans with 3 implementations,Tier 2,900.0,1199.0,Primary Product
Origination - Mortgage,MeridianLink Mortgage,Primary Service,MeridianLink,MeridianLink Mortgage LOS First Lien Loans Tier 02 (900 - 1199 Closed Loans/Month) with no implementations,Closed Loans / Mon,MeridianLink Mortgage LOS Module First Lien Liens,N,0.0,MORT-0121,,,73.8,MORT-0123,MORT-0123,MORT-0122,N,66420.0,"** If you create a monthly minimum between levels, you must use the per closed loan fee of the lower level.
**MeridianLink Mortgage Platform Fee item must be included with ALL new mortgage LOS sales.",,,,1,Dependent,Must be sold with MeridianLink Mortgage LOS Subordinate Lien Loans,,,,,,,,Primary Service,,MeridianLink Mortgage LOS First Lien Loans with no implementation,Tier 2,900.0,1199.0,Primary Product
Origination - Mortgage,MeridianLink Mortgage,Primary Service,MeridianLink,MeridianLink Mortgage LOS First Lien Loans Tier 03 (675 - 899 Closed Loans/Month) with 1 implementation,Closed Loans / Mon,MeridianLink Mortgage LOS Module First Lien Liens,N,7950.0,MORT-0121,,,76.2,MORT-0123,MORT-0123,MORT-0122,N,51435.0,"** If you create a monthly minimum between levels, you must use the per closed loan fee of the lower level.
**MeridianLink Mortgage Platform Fee item must be included with ALL new mortgage LOS sales.",,,,1,Dependent,Must be sold with MeridianLink Mortgage LOS Subordinate Lien Loans,,,,,,,,Primary Service,,MeridianLink Mortgage LOS First Lien Loans with 1 implementation,Tier 3,675.0,899.0,Primary Product
Origination - Mortgage,MeridianLink Mortgage,Primary Service,MeridianLink,MeridianLink Mortgage LOS First Lien Loans Tier 03 (675 - 899 Closed Loans/Month) with 2 implementations,Closed Loans / Mon,MeridianLink Mortgage LOS Module First Lien Liens,N,13200.0,MORT-0121,,,76.2,MORT-0123,MORT-0123,MORT-0122,N,51435.0,"** If you create a monthly minimum between levels, you must use the per closed loan fee of the lower level.
**MeridianLink Mortgage Platform Fee item must be included with ALL new mortgage LOS sales.",,,,1,Dependent,Must be sold with MeridianLink Mortgage LOS Subordinate Lien Loans,,,,,,,,Primary Service,,MeridianLink Mortgage LOS First Lien Loans with 2 implementations,Tier 3,675.0,899.0,Primary Product
Origination - Mortgage,MeridianLink Mortgage,Primary Service,MeridianLink,MeridianLink Mortgage LOS First Lien Loans Tier 03 (675 - 899 Closed Loans/Month) with 3 implementations,Closed Loans / Mon,MeridianLink Mortgage LOS Module First Lien Liens,N,18425.0,MORT-0121,,,76.2,MORT-0123,MORT-0123,MORT-0122,N,51435.0,"** If you create a monthly minimum between levels, you must use the per closed loan fee of the lower level.
**MeridianLink Mortgage Platform Fee item must be included with ALL new mortgage LOS sales.",,,,1,Dependent,Must be sold with MeridianLink Mortgage LOS Subordinate Lien Loans,,,,,,,,Primary Service,,MeridianLink Mortgage LOS First Lien Loans with 3 implementations,Tier 3,675.0,899.0,Primary Product
Origination - Mortgage,MeridianLink Mortgage,Primary Service,MeridianLink,MeridianLink Mortgage LOS First Lien Loans Tier 03 (675 - 899 Closed Loans/Month) with no implementations,Closed Loans / Mon,MeridianLink Mortgage LOS Module First Lien Liens,N,0.0,MORT-0121,,,76.2,MORT-0123,MORT-0123,MORT-0122,N,51435.0,"** If you create a monthly minimum between levels, you must use the per closed loan fee of the lower level.
**MeridianLink Mortgage Platform Fee item must be included with ALL new mortgage LOS sales.",,,,1,Dependent,Must be sold with MeridianLink Mortgage LOS Subordinate Lien Loans,,,,,,,,Primary Service,,MeridianLink Mortgage LOS First Lien Loans with no implementation,Tier 3,675.0,899.0,Primary Product
Origination - Mortgage,MeridianLink Mortgage,Primary Service,MeridianLink,MeridianLink Mortgage LOS First Lien Loans Tier 04 (525 - 674 Closed Loans/Month) with 1 implementation,Closed Loans / Mon,MeridianLink Mortgage LOS Module First Lien Liens,N,7950.0,MORT-0121,,,78.4,MORT-0123,MORT-0123,MORT-0122,N,41160.0,"** If you create a monthly minimum between levels, you must use the per closed loan fee of the lower level.
**MeridianLink Mortgage Platform Fee item must be included with ALL new mortgage LOS sales.",,,,1,Dependent,Must be sold with MeridianLink Mortgage LOS Subordinate Lien Loans,,,,,,,,Primary Service,,MeridianLink Mortgage LOS First Lien Loans with 1 implementation,Tier 4,525.0,674.0,Primary Product
Origination - Mortgage,MeridianLink Mortgage,Primary Service,MeridianLink,MeridianLink Mortgage LOS First Lien Loans Tier 04 (525 - 674 Closed Loans/Month) with 2 implementations,Closed Loans / Mon,MeridianLink Mortgage LOS Module First Lien Liens,N,13200.0,MORT-0121,,,78.4,MORT-0123,MORT-0123,MORT-0122,N,41160.0,"** If you create a monthly minimum between levels, you must use the per closed loan fee of the lower level.
**MeridianLink Mortgage Platform Fee item must be included with ALL new mortgage LOS sales.",,,,1,Dependent,Must be sold with MeridianLink Mortgage LOS Subordinate Lien Loans,,,,,,,,Primary Service,,MeridianLink Mortgage LOS First Lien Loans with 2 implementations,Tier 4,525.0,674.0,Primary Product
Origination - Mortgage,MeridianLink Mortgage,Primary Service,MeridianLink,MeridianLink Mortgage LOS First Lien Loans Tier 04 (525 - 674 Closed Loans/Month) with 3 implementations,Closed Loans / Mon,MeridianLink Mortgage LOS Module First Lien Liens,N,18425.0,MORT-0121,,,78.4,MORT-0123,MORT-0123,MORT-0122,N,41160.0,"** If you create a monthly minimum between levels, you must use the per closed loan fee of the lower level.
**MeridianLink Mortgage Platform Fee item must be included with ALL new mortgage LOS sales.",,,,1,Dependent,Must be sold with MeridianLink Mortgage LOS Subordinate Lien Loans,,,,,,,,Primary Service,,MeridianLink Mortgage LOS First Lien Loans with 3 implementations,Tier 4,525.0,674.0,Primary Product
Origination - Mortgage,MeridianLink Mortgage,Primary Service,MeridianLink,MeridianLink Mortgage LOS First Lien Loans Tier 04 (525 - 674 Closed Loans/Month) with no implementations,Closed Loans / Mon,MeridianLink Mortgage LOS Module First Lien Liens,N,0.0,MORT-0121,,,78.4,MORT-0123,MORT-0123,MORT-0122,N,41160.0,"** If you create a monthly minimum between levels, you must use the per closed loan fee of the lower level.
**MeridianLink Mortgage Platform Fee item must be included with ALL new mortgage LOS sales.",,,,1,Dependent,Must be sold with MeridianLink Mortgage LOS Subordinate Lien Loans,,,,,,,,Primary Service,,MeridianLink Mortgage LOS First Lien Loans with no implementation,Tier 4,525.0,674.0,Primary Product
Origination - Mortgage,MeridianLink Mortgage,Primary Service,MeridianLink,MeridianLink Mortgage LOS First Lien Loans Tier 05 (400 - 524 Closed Loans/Month) with 1 implementation,Closed Loans / Mon,MeridianLink Mortgage LOS Module First Lien Liens,N,7950.0,MORT-0121,,,80.6,MORT-0123,MORT-0123,MORT-0122,N,32240.0,"** If you create a monthly minimum between levels, you must use the per closed loan fee of the lower level.
**MeridianLink Mortgage Platform Fee item must be included with ALL new mortgage LOS sales.",,,,1,Dependent,Must be sold with MeridianLink Mortgage LOS Subordinate Lien Loans,,,,,,,,Primary Service,,MeridianLink Mortgage LOS First Lien Loans with 1 implementation,Tier 5,400.0,524.0,Primary Product
Origination - Mortgage,MeridianLink Mortgage,Primary Service,MeridianLink,MeridianLink Mortgage LOS First Lien Loans Tier 05 (400 - 524 Closed Loans/Month) with 2 implementations,Closed Loans / Mon,MeridianLink Mortgage LOS Module First Lien Liens,N,13200.0,MORT-0121,,,80.6,MORT-0123,MORT-0123,MORT-0122,N,32240.0,"** If you create a monthly minimum between levels, you must use the per closed loan fee of the lower level.
**MeridianLink Mortgage Platform Fee item must be included with ALL new mortgage LOS sales.",,,,1,Dependent,Must be sold with MeridianLink Mortgage LOS Subordinate Lien Loans,,,,,,,,Primary Service,,MeridianLink Mortgage LOS First Lien Loans with 2 implementations,Tier 5,400.0,524.0,Primary Product
Origination - Mortgage,MeridianLink Mortgage,Primary Service,MeridianLink,MeridianLink Mortgage LOS First Lien Loans Tier 05 (400 - 524 Closed Loans/Month) with 3 implementations,Closed Loans / Mon,MeridianLink Mortgage LOS Module First Lien Liens,N,18425.0,MORT-0121,,,80.6,MORT-0123,MORT-0123,MORT-0122,N,32240.0,"** If you create a monthly minimum between levels, you must use the per closed loan fee of the lower level.
**MeridianLink Mortgage Platform Fee item must be included with ALL new mortgage LOS sales.",,,,1,Dependent,Must be sold with MeridianLink Mortgage LOS Subordinate Lien Loans,,,,,,,,Primary Service,,MeridianLink Mortgage LOS First Lien Loans with 3 implementations,Tier 5,400.0,524.0,Primary Product
Origination - Mortgage,MeridianLink Mortgage,Primary Service,MeridianLink,MeridianLink Mortgage LOS First Lien Loans Tier 05 (400 - 524 Closed Loans/Month) with no implementations,Closed Loans / Mon,MeridianLink Mortgage LOS Module First Lien Liens,N,0.0,MORT-0121,,,80.6,MORT-0123,MORT-0123,MORT-0122,N,32240.0,"** If you create a monthly minimum between levels, you must use the per closed loan fee of the lower level.
**MeridianLink Mortgage Platform Fee item must be included with ALL new mortgage LOS sales.",,,,1,Dependent,Must be sold with MeridianLink Mortgage LOS Subordinate Lien Loans,,,,,,,,Primary Service,,MeridianLink Mortgage LOS First Lien Loans with no implementation,Tier 5,400.0,524.0,Primary Product
Origination - Mortgage,MeridianLink Mortgage,Primary Service,MeridianLink,MeridianLink Mortgage LOS First Lien Loans Tier 06 (300 - 399 Closed Loans/Month) with 1 implementation,Closed Loans / Mon,MeridianLink Mortgage LOS Module First Lien Liens,N,7950.0,MORT-0121,,,83.2,MORT-0123,MORT-0123,MORT-0122,N,24960.0,"** If you create a monthly minimum between levels, you must use the per closed loan fee of the lower level.
**MeridianLink Mortgage Platform Fee item must be included with ALL new mortgage LOS sales.",,,,1,Dependent,Must be sold with MeridianLink Mortgage LOS Subordinate Lien Loans,,,,,,,,Primary Service,,MeridianLink Mortgage LOS First Lien Loans with 1 implementation,Tier 6,300.0,399.0,Primary Product
Origination - Mortgage,MeridianLink Mortgage,Primary Service,MeridianLink,MeridianLink Mortgage LOS First Lien Loans Tier 06 (300 - 399 Closed Loans/Month) with 2 implentations,Closed Loans / Mon,MeridianLink Mortgage LOS Module First Lien Liens,N,13200.0,MORT-0121,,,83.2,MORT-0123,MORT-0123,MORT-0122,N,24960.0,"** If you create a monthly minimum between levels, you must use the per closed loan fee of the lower level.
**MeridianLink Mortgage Platform Fee item must be included with ALL new mortgage LOS sales.",,,,1,Dependent,Must be sold with MeridianLink Mortgage LOS Subordinate Lien Loans,,,,,,,,Primary Service,,MeridianLink Mortgage LOS First Lien Loans with 2 implementations,Tier 6,300.0,399.0,Primary Product
Origination - Mortgage,MeridianLink Mortgage,Primary Service,MeridianLink,MeridianLink Mortgage LOS First Lien Loans Tier 06 (300 - 399 Closed Loans/Month) with 3 implementations,Closed Loans / Mon,MeridianLink Mortgage LOS Module First Lien Liens,N,18425.0,MORT-0121,,,83.2,MORT-0123,MORT-0123,MORT-0122,N,24960.0,"** If you create a monthly minimum between levels, you must use the per closed loan fee of the lower level.
**MeridianLink Mortgage Platform Fee item must be included with ALL new mortgage LOS sales.",,,,1,Dependent,Must be sold with MeridianLink Mortgage LOS Subordinate Lien Loans,,,,,,,,Primary Service,,MeridianLink Mortgage LOS First Lien Loans with 3 implementations,Tier 6,300.0,399.0,Primary Product
Origination - Mortgage,MeridianLink Mortgage,Primary Service,MeridianLink,MeridianLink Mortgage LOS First Lien Loans Tier 06 (300 - 399 Closed Loans/Month) with no implementations,Closed Loans / Mon,MeridianLink Mortgage LOS Module First Lien Liens,N,0.0,MORT-0121,,,83.2,MORT-0123,MORT-0123,MORT-0122,N,24960.0,"** If you create a monthly minimum between levels, you must use the per closed loan fee of the lower level.
**MeridianLink Mortgage Platform Fee item must be included with ALL new mortgage LOS sales.",,,,1,Dependent,Must be sold with MeridianLink Mortgage LOS Subordinate Lien Loans,,,,,,,,Primary Service,,MeridianLink Mortgage LOS First Lien Loans with no implementation,Tier 6,300.0,399.0,Primary Product
Origination - Mortgage,MeridianLink Mortgage,Primary Service,MeridianLink,MeridianLink Mortgage LOS First Lien Loans Tier 07 (225 - 299 Closed Loans/Month) with 1 implementation,Closed Loans / Mon,MeridianLink Mortgage LOS Module First Lien Liens,N,7950.0,MORT-0121,,,86.0,MORT-0123,MORT-0123,MORT-0122,N,19350.0,"** If you create a monthly minimum between levels, you must use the per closed loan fee of the lower level.
**MeridianLink Mortgage Platform Fee item must be included with ALL new mortgage LOS sales.",,,,1,Dependent,Must be sold with MeridianLink Mortgage LOS Subordinate Lien Loans,,,,,,,,Primary Service,,MeridianLink Mortgage LOS First Lien Loans with 1 implementation,Tier 7,225.0,299.0,Primary Product
Origination - Mortgage,MeridianLink Mortgage,Primary Service,MeridianLink,MeridianLink Mortgage LOS First Lien Loans Tier 07 (225 - 299 Closed Loans/Month) with 2 implementations,Closed Loans / Mon,MeridianLink Mortgage LOS Module First Lien Liens,N,13200.0,MORT-0121,,,86.0,MORT-0123,MORT-0123,MORT-0122,N,19350.0,"** If you create a monthly minimum between levels, you must use the per closed loan fee of the lower level.
**MeridianLink Mortgage Platform Fee item must be included with ALL new mortgage LOS sales.",,,,1,Dependent,Must be sold with MeridianLink Mortgage LOS Subordinate Lien Loans,,,,,,,,Primary Service,,MeridianLink Mortgage LOS First Lien Loans with 2 implementations,Tier 7,225.0,299.0,Primary Product
Origination - Mortgage,MeridianLink Mortgage,Primary Service,MeridianLink,MeridianLink Mortgage LOS First Lien Loans Tier 07 (225 - 299 Closed Loans/Month) with 3 implementations,Closed Loans / Mon,MeridianLink Mortgage LOS Module First Lien Liens,N,18425.0,MORT-0121,,,86.0,MORT-0123,MORT-0123,MORT-0122,N,19350.0,"** If you create a monthly minimum between levels, you must use the per closed loan fee of the lower level.
**MeridianLink Mortgage Platform Fee item must be included with ALL new mortgage LOS sales.",,,,1,Dependent,Must be sold with MeridianLink Mortgage LOS Subordinate Lien Loans,,,,,,,,Primary Service,,MeridianLink Mortgage LOS First Lien Loans with 3 implementations,Tier 7,225.0,299.0,Primary Product
Origination - Mortgage,MeridianLink Mortgage,Primary Service,MeridianLink,MeridianLink Mortgage LOS First Lien Loans Tier 07 (225 - 299 Closed Loans/Month) with no implementations,Closed Loans / Mon,MeridianLink Mortgage LOS Module First Lien Liens,N,0.0,MORT-0121,,,86.0,MORT-0123,MORT-0123,MORT-0122,N,19350.0,"** If you create a monthly minimum between levels, you must use the per closed loan fee of the lower level.
**MeridianLink Mortgage Platform Fee item must be included with ALL new mortgage LOS sales.",,,,1,Dependent,Must be sold with MeridianLink Mortgage LOS Subordinate Lien Loans,,,,,,,,Primary Service,,MeridianLink Mortgage LOS First Lien Loans with no implementation,Tier 7,225.0,299.0,Primary Product
Origination - Mortgage,MeridianLink Mortgage,Primary Service,MeridianLink,MeridianLink Mortgage LOS First Lien Loans Tier 08 (170 - 224 Closed Loans/Month) with 1 implementation,Closed Loans / Mon,MeridianLink Mortgage LOS Module First Lien Liens,N,7950.0,MORT-0121,,,88.6,MORT-0123,MORT-0123,MORT-0122,N,15062.0,"** If you create a monthly minimum between levels, you must use the per closed loan fee of the lower level.
**MeridianLink Mortgage Platform Fee item must be included with ALL new mortgage LOS sales.",,,,1,Dependent,Must be sold with MeridianLink Mortgage LOS Subordinate Lien Loans,,,,,,,,Primary Service,,MeridianLink Mortgage LOS First Lien Loans with 1 implementation,Tier 8,170.0,224.0,Primary Product
Origination - Mortgage,MeridianLink Mortgage,Primary Service,MeridianLink,MeridianLink Mortgage LOS First Lien Loans Tier 08 (170 - 224 Closed Loans/Month) with 2 implementations,Closed Loans / Mon,MeridianLink Mortgage LOS Module First Lien Liens,N,13200.0,MORT-0121,,,88.6,MORT-0123,MORT-0123,MORT-0122,N,15062.0,"** If you create a monthly minimum between levels, you must use the per closed loan fee of the lower level.
**MeridianLink Mortgage Platform Fee item must be included with ALL new mortgage LOS sales.",,,,1,Dependent,Must be sold with MeridianLink Mortgage LOS Subordinate Lien Loans,,,,,,,,Primary Service,,MeridianLink Mortgage LOS First Lien Loans with 2 implementations,Tier 8,170.0,224.0,Primary Product
Origination - Mortgage,MeridianLink Mortgage,Primary Service,MeridianLink,MeridianLink Mortgage LOS First Lien Loans Tier 08 (170 - 224 Closed Loans/Month) with 3 implementations,Closed Loans / Mon,MeridianLink Mortgage LOS Module First Lien Liens,N,18425.0,MORT-0121,,,88.6,MORT-0123,MORT-0123,MORT-0122,N,15062.0,"** If you create a monthly minimum between levels, you must use the per closed loan fee of the lower level.
**MeridianLink Mortgage Platform Fee item must be included with ALL new mortgage LOS sales.",,,,1,Dependent,Must be sold with MeridianLink Mortgage LOS Subordinate Lien Loans,,,,,,,,Primary Service,,MeridianLink Mortgage LOS First Lien Loans with 3 implementations,Tier 8,170.0,224.0,Primary Product
Origination - Mortgage,MeridianLink Mortgage,Primary Service,MeridianLink,MeridianLink Mortgage LOS First Lien Loans Tier 08 (170 - 224 Closed Loans/Month) with no implementations,Closed Loans / Mon,MeridianLink Mortgage LOS Module First Lien Liens,N,0.0,MORT-0121,,,88.6,MORT-0123,MORT-0123,MORT-0122,N,15062.0,"** If you create a monthly minimum between levels, you must use the per closed loan fee of the lower level.
**MeridianLink Mortgage Platform Fee item must be included with ALL new mortgage LOS sales.",,,,1,Dependent,Must be sold with MeridianLink Mortgage LOS Subordinate Lien Loans,,,,,,,,Primary Service,,MeridianLink Mortgage LOS First Lien Loans with no implementation,Tier 8,170.0,224.0,Primary Product
Origination - Mortgage,MeridianLink Mortgage,Primary Service,MeridianLink,MeridianLink Mortgage LOS First Lien Loans Tier 09 (135 - 169 Closed Loans/Month) with 1 implementation,Closed Loans / Mon,MeridianLink Mortgage LOS Module First Lien Liens,N,7950.0,MORT-0121,,,90.8,MORT-0123,MORT-0123,MORT-0122,N,12258.0,"** If you create a monthly minimum between levels, you must use the per closed loan fee of the lower level.
**MeridianLink Mortgage Platform Fee item must be included with ALL new mortgage LOS sales.",,,,1,Dependent,Must be sold with MeridianLink Mortgage LOS Subordinate Lien Loans,,,,,,,,Primary Service,,MeridianLink Mortgage LOS First Lien Loans with 1 implementation,Tier 9,135.0,169.0,Primary Product
Origination - Mortgage,MeridianLink Mortgage,Primary Service,MeridianLink,MeridianLink Mortgage LOS First Lien Loans Tier 09 (135 - 169 Closed Loans/Month) with 2 implementations,Closed Loans / Mon,MeridianLink Mortgage LOS Module First Lien Liens,N,13200.0,MORT-0121,,,90.8,MORT-0123,MORT-0123,MORT-0122,N,12258.0,"** If you create a monthly minimum between levels, you must use the per closed loan fee of the lower level.
**MeridianLink Mortgage Platform Fee item must be included with ALL new mortgage LOS sales.",,,,1,Dependent,Must be sold with MeridianLink Mortgage LOS Subordinate Lien Loans,,,,,,,,Primary Service,,MeridianLink Mortgage LOS First Lien Loans with 2 implementations,Tier 9,135.0,169.0,Primary Product
Origination - Mortgage,MeridianLink Mortgage,Primary Service,MeridianLink,MeridianLink Mortgage LOS First Lien Loans Tier 09 (135 - 169 Closed Loans/Month) with 3 implementations,Closed Loans / Mon,MeridianLink Mortgage LOS Module First Lien Liens,N,18425.0,MORT-0121,,,90.8,MORT-0123,MORT-0123,MORT-0122,N,12258.0,"** If you create a monthly minimum between levels, you must use the per closed loan fee of the lower level.
**MeridianLink Mortgage Platform Fee item must be included with ALL new mortgage LOS sales.",,,,1,Dependent,Must be sold with MeridianLink Mortgage LOS Subordinate Lien Loans,,,,,,,,Primary Service,,MeridianLink Mortgage LOS First Lien Loans with 3 implementations,Tier 9,135.0,169.0,Primary Product
Origination - Mortgage,MeridianLink Mortgage,Primary Service,MeridianLink,MeridianLink Mortgage LOS First Lien Loans Tier 09 (135 - 169 Closed Loans/Month) with no implementations,Closed Loans / Mon,MeridianLink Mortgage LOS Module First Lien Liens,N,0.0,MORT-0121,,,90.8,MORT-0123,MORT-0123,MORT-0122,N,12258.0,"** If you create a monthly minimum between levels, you must use the per closed loan fee of the lower level.
**MeridianLink Mortgage Platform Fee item must be included with ALL new mortgage LOS sales.",,,,1,Dependent,Must be sold with MeridianLink Mortgage LOS Subordinate Lien Loans,,,,,,,,Primary Service,,MeridianLink Mortgage LOS First Lien Loans with no implementation,Tier 9,135.0,169.0,Primary Product
Origination - Mortgage,MeridianLink Mortgage,Primary Service,MeridianLink,MeridianLink Mortgage LOS Subordinate Lien Loans Tier 01 (1200+ Closed Loans/Month),Closed Loans / Mon,MeridianLink Mortgage LOS Module Subordinate Liens,N,0.0,MORT-0107,,,46.65,MORT-0106,MORT-0106,MORT-0105,N,55980.0,"** If you create a monthly minimum between levels, you must use the per closed loan fee of the lower level.
**MeridianLink Mortgage Platform Fee item must be included with ALL new mortgage LOS sales.",,,,1,Dependent,Must be sold with MeridianLink Mortgage LOS First Lien Loans,,,,,,,,Primary Service,,MeridianLink Mortgage LOS Subordinate Lien Loans,Tier 1,1200.0,0.0,Primary Product
Origination - Mortgage,MeridianLink Mortgage,Primary Service,MeridianLink,MeridianLink Mortgage LOS Subordinate Lien Loans Tier 10 (110 - 134 Closed Loans/Month),Closed Loans / Mon,MeridianLink Mortgage LOS Module Subordinate Liens,N,0.0,MORT-0107,,,60.6,MORT-0106,MORT-0106,MORT-0105,N,6666.0,"** If you create a monthly minimum between levels, you must use the per closed loan fee of the lower level.
**MeridianLink Mortgage Platform Fee item must be included with ALL new mortgage LOS sales.",,,,1,Dependent,Must be sold with MeridianLink Mortgage LOS First Lien Loans,,,,,,,,Primary Service,,MeridianLink Mortgage LOS Subordinate Lien Loans,Tier 10,110.0,134.0,Primary Product
Origination - Mortgage,MeridianLink Mortgage,Primary Service,MeridianLink,MeridianLink Mortgage LOS Subordinate Lien Loans Tier 11 (90 - 109 Closed Loans/Month),Closed Loans / Mon,MeridianLink Mortgage LOS Module Subordinate Liens,N,0.0,MORT-0107,,,61.8,MORT-0106,MORT-0106,MORT-0105,N,5581.11,"** If you create a monthly minimum between levels, you must use the per closed loan fee of the lower level.
**MeridianLink Mortgage Platform Fee item must be included with ALL new mortgage LOS sales.",,,,1,Dependent,Must be sold with MeridianLink Mortgage LOS First Lien Loans,,,,,,,,Primary Service,,MeridianLink Mortgage LOS Subordinate Lien Loans,Tier 11,90.0,109.0,Primary Product
Origination - Mortgage,MeridianLink Mortgage,Primary Service,MeridianLink,MeridianLink Mortgage LOS Subordinate Lien Loans Tier 12 (75 - 89 Closed Loans/Month),Closed Loans / Mon,MeridianLink Mortgage LOS Module Subordinate Liens,N,0.0,MORT-0107,,,63.0,MORT-0106,MORT-0106,MORT-0105,N,4725.0,"** If you create a monthly minimum between levels, you must use the per closed loan fee of the lower level.
**MeridianLink Mortgage Platform Fee item must be included with ALL new mortgage LOS sales.",,,,1,Dependent,Must be sold with MeridianLink Mortgage LOS First Lien Loans,,,,,,,,Primary Service,,MeridianLink Mortgage LOS Subordinate Lien Loans,Tier 12,75.0,89.0,Primary Product
Origination - Mortgage,MeridianLink Mortgage,Primary Service,MeridianLink,MeridianLink Mortgage LOS Subordinate Lien Loans Tier 13 (60 - 74 Closed Loans/Month),Closed Loans / Mon,MeridianLink Mortgage LOS Module Subordinate Liens,N,0.0,MORT-0107,,,64.6,MORT-0106,MORT-0106,MORT-0105,N,3876.0,"** If you create a monthly minimum between levels, you must use the per closed loan fee of the lower level.
**MeridianLink Mortgage Platform Fee item must be included with ALL new mortgage LOS sales.",,,,1,Dependent,Must be sold with MeridianLink Mortgage LOS First Lien Loans,,,,,,,,Primary Service,,MeridianLink Mortgage LOS Subordinate Lien Loans,Tier 13,60.0,74.0,Primary Product
Origination - Mortgage,MeridianLink Mortgage,Primary Service,MeridianLink,MeridianLink Mortgage LOS Subordinate Lien Loans Tier 14 (45 - 59 Closed Loans/Month),Closed Loans / Mon,MeridianLink Mortgage LOS Module Subordinate Liens,N,0.0,MORT-0107,,,66.6,MORT-0106,MORT-0106,MORT-0105,N,2997.0,"** If you create a monthly minimum between levels, you must use the per closed loan fee of the lower level.
**MeridianLink Mortgage Platform Fee item must be included with ALL new mortgage LOS sales.",,,,1,Dependent,Must be sold with MeridianLink Mortgage LOS First Lien Loans,,,,,,,,Primary Service,,MeridianLink Mortgage LOS Subordinate Lien Loans,Tier 14,45.0,59.0,Primary Product
Origination - Mortgage,MeridianLink Mortgage,Primary Service,MeridianLink,MeridianLink Mortgage LOS Subordinate Lien Loans Tier 15 (30 - 44 Closed Loans/Month),Closed Loans / Mon,MeridianLink Mortgage LOS Module Subordinate Liens,N,0.0,MORT-0107,,,69.6,MORT-0106,MORT-0106,MORT-0105,N,2088.0,"** If you create a monthly minimum between levels, you must use the per closed loan fee of the lower level.
**MeridianLink Mortgage Platform Fee item must be included with ALL new mortgage LOS sales.",,,,1,Dependent,Must be sold with MeridianLink Mortgage LOS First Lien Loans,,,,,,,,Primary Service,,MeridianLink Mortgage LOS Subordinate Lien Loans,Tier 15,30.0,44.0,Primary Product
Origination - Mortgage,MeridianLink Mortgage,Primary Service,MeridianLink,MeridianLink Mortgage LOS Subordinate Lien Loans Tier 16 (15-29 Closed Loans/Month),Closed Loans / Mon,MeridianLink Mortgage LOS Module Subordinate Liens,N,0.0,MORT-0107,,,75.0,MORT-0106,MORT-0106,MORT-0105,N,1125.0,"** If you create a monthly minimum between levels, you must use the per closed loan fee of the lower level.
**MeridianLink Mortgage Platform Fee item must be included with ALL new mortgage LOS sales.",,,,1,Dependent,Must be sold with MeridianLink Mortgage LOS First Lien Loans,,,,,,,,Primary Service,,MeridianLink Mortgage LOS Subordinate Lien Loans,Tier 16,15.0,29.0,Primary Product
Origination - Mortgage,MeridianLink Mortgage,Primary Service,MeridianLink,MeridianLink Mortgage LOS Subordinate Lien Loans Tier 17 (10-14 Closed Loans/Month),Closed Loans / Mon,MeridianLink Mortgage LOS Module Subordinate Liens,N,0.0,MORT-0107,,,78.4,MORT-0106,MORT-0106,MORT-0105,N,784.0,"** If you create a monthly minimum between levels, you must use the per closed loan fee of the lower level.
**MeridianLink Mortgage Platform Fee item must be included with ALL new mortgage LOS sales.",,,,1,Dependent,Must be sold with MeridianLink Mortgage LOS First Lien Loans,,,,,,,,Primary Service,,MeridianLink Mortgage LOS Subordinate Lien Loans,Tier 17,10.0,14.0,Primary Product
Origination - Mortgage,MeridianLink Mortgage,Primary Service,MeridianLink,MeridianLink Mortgage LOS Subordinate Lien Loans Tier 02 (900 - 1199 Closed Loans/Month),Closed Loans / Mon,MeridianLink Mortgage LOS Module Subordinate Liens,N,0.0,MORT-0107,,,48.15,MORT-0106,MORT-0106,MORT-0105,N,43335.0,"** If you create a monthly minimum between levels, you must use the per closed loan fee of the lower level.
**MeridianLink Mortgage Platform Fee item must be included with ALL new mortgage LOS sales.",,,,1,Dependent,Must be sold with MeridianLink Mortgage LOS First Lien Loans,,,,,,,,Primary Service,,MeridianLink Mortgage LOS Subordinate Lien Loans,Tier 2,900.0,1199.0,Primary Product
Origination - Mortgage,MeridianLink Mortgage,Primary Service,MeridianLink,MeridianLink Mortgage LOS Subordinate Lien Loans Tier 03 (675 - 899 Closed Loans/Month),Closed Loans / Mon,MeridianLink Mortgage LOS Module Subordinate Liens,N,0.0,MORT-0107,,,49.65,MORT-0106,MORT-0106,MORT-0105,N,33513.75,"** If you create a monthly minimum between levels, you must use the per closed loan fee of the lower level.
**MeridianLink Mortgage Platform Fee item must be included with ALL new mortgage LOS sales.",,,,1,Dependent,Must be sold with MeridianLink Mortgage LOS First Lien Loans,,,,,,,,Primary Service,,MeridianLink Mortgage LOS Subordinate Lien Loans,Tier 3,675.0,899.0,Primary Product
Origination - Mortgage,MeridianLink Mortgage,Primary Service,MeridianLink,MeridianLink Mortgage LOS Subordinate Lien Loans Tier 04 (525 - 674 Closed Loans/Month),Closed Loans / Mon,MeridianLink Mortgage LOS Module Subordinate Liens,N,0.0,MORT-0107,,,51.0,MORT-0106,MORT-0106,MORT-0105,N,26775.0,"** If you create a monthly minimum between levels, you must use the per closed loan fee of the lower level.
**MeridianLink Mortgage Platform Fee item must be included with ALL new mortgage LOS sales.",,,,1,Dependent,Must be sold with MeridianLink Mortgage LOS First Lien Loans,,,,,,,,Primary Service,,MeridianLink Mortgage LOS Subordinate Lien Loans,Tier 4,525.0,674.0,Primary Product
Origination - Mortgage,MeridianLink Mortgage,Primary Service,MeridianLink,MeridianLink Mortgage LOS Subordinate Lien Loans Tier 05 (400 - 524 Closed Loans/Month),Closed Loans / Mon,MeridianLink Mortgage LOS Module Subordinate Liens,N,0.0,MORT-0107,,,52.4,MORT-0106,MORT-0106,MORT-0105,N,20960.0,"** If you create a monthly minimum between levels, you must use the per closed loan fee of the lower level.
**MeridianLink Mortgage Platform Fee item must be included with ALL new mortgage LOS sales.",,,,1,Dependent,Must be sold with MeridianLink Mortgage LOS First Lien Loans,,,,,,,,Primary Service,,MeridianLink Mortgage LOS Subordinate Lien Loans,Tier 5,400.0,524.0,Primary Product
Origination - Mortgage,MeridianLink Mortgage,Primary Service,MeridianLink,MeridianLink Mortgage LOS Subordinate Lien Loans Tier 06 (300 - 399 Closed Loans/Month),Closed Loans / Mon,MeridianLink Mortgage LOS Module Subordinate Liens,N,0.0,MORT-0107,,,54.2,MORT-0106,MORT-0106,MORT-0105,N,16260.0,"** If you create a monthly minimum between levels, you must use the per closed loan fee of the lower level.
**MeridianLink Mortgage Platform Fee item must be included with ALL new mortgage LOS sales.",,,,1,Dependent,Must be sold with MeridianLink Mortgage LOS First Lien Loans,,,,,,,,Primary Service,,MeridianLink Mortgage LOS Subordinate Lien Loans,Tier 6,300.0,399.0,Primary Product
Origination - Mortgage,MeridianLink Mortgage,Primary Service,MeridianLink,MeridianLink Mortgage LOS Subordinate Lien Loans Tier 07 (225 - 299 Closed Loans/Month),Closed Loans / Mon,MeridianLink Mortgage LOS Module Subordinate Liens,N,0.0,MORT-0107,,,56.0,MORT-0106,MORT-0106,MORT-0105,N,12600.0,"** If you create a monthly minimum between levels, you must use the per closed loan fee of the lower level.
**MeridianLink Mortgage Platform Fee item must be included with ALL new mortgage LOS sales.",,,,1,Dependent,Must be sold with MeridianLink Mortgage LOS First Lien Loans,,,,,,,,Primary Service,,MeridianLink Mortgage LOS Subordinate Lien Loans,Tier 7,225.0,299.0,Primary Product
Origination - Mortgage,MeridianLink Mortgage,Primary Service,MeridianLink,MeridianLink Mortgage LOS Subordinate Lien Loans Tier 08 (170 - 224 Closed Loans/Month),Closed Loans / Mon,MeridianLink Mortgage LOS Module Subordinate Liens,N,0.0,MORT-0107,,,57.8,MORT-0106,MORT-0106,MORT-0105,N,9826.0,"** If you create a monthly minimum between levels, you must use the per closed loan fee of the lower level.
**MeridianLink Mortgage Platform Fee item must be included with ALL new mortgage LOS sales.",,,,1,Dependent,Must be sold with MeridianLink Mortgage LOS First Lien Loans,,,,,,,,Primary Service,,MeridianLink Mortgage LOS Subordinate Lien Loans,Tier 8,170.0,224.0,Primary Product
Origination - Mortgage,MeridianLink Mortgage,Primary Service,MeridianLink,MeridianLink Mortgage LOS Subordinate Lien Loans Tier 09 (135 - 169 Closed Loans/Month),Closed Loans / Mon,MeridianLink Mortgage LOS Module Subordinate Liens,N,0.0,MORT-0107,,,59.2,MORT-0106,MORT-0106,MORT-0105,N,7992.0,"** If you create a monthly minimum between levels, you must use the per closed loan fee of the lower level.
**MeridianLink Mortgage Platform Fee item must be included with ALL new mortgage LOS sales.",,,,1,Dependent,Must be sold with MeridianLink Mortgage LOS First Lien Loans,,,,,,,,Primary Service,,MeridianLink Mortgage LOS Subordinate Lien Loans,Tier 9,135.0,169.0,Primary Product
Origination - Mortgage,MeridianLink Mortgage,Primary Service,MeridianLink,MeridianLink Mortgage LOS Tier 01 (1200+ Closed Loans/Mon) no implementation,Closed Loans / Mon,MeridianLink Mortgage LOS Module,N,0.0,MORT-0019,,,71.6,MORT-0012,MORT-0012,MORT-0081,N,85920.0,"Add-On. Only to be selected for years 2-5
**MeridianLink Mortgage Platform Fee item must be included with ALL new mortgage LOS sales.",,,,,,,,,,,,,,Primary Service,,MeridianLink Mortgage LOS  with no implementation,Tier 1,1200.0,0.0,Primary Product
Origination - Mortgage,MeridianLink Mortgage,Primary Service,MeridianLink,MeridianLink Mortgage LOS Tier 01 (1200+ Closed Loans/Mon) with 1 implementation,Closed Loans / Mon,MeridianLink Mortgage LOS Module,N,7950.0,MORT-0019,,,71.6,MORT-0012,MORT-0012,MORT-0081,N,85920.0,"** If you create a monthly minimum between levels, you must use the per closed loan fee of the lower level.  						
** Implementation fees should be discounted by 10% for all The Mortgage Collaborative (TMC) Lender Member Companies.
** Retail and broker business channels are treated as a single business channel if implemented at the same time.  
** If customer wants to add additional channels after the initial service deployment there may be additional costs. 
**MeridianLink Mortgage Platform Fee item must be included with ALL new mortgage LOS sales.",,,,,,,,,,,,,,Primary Service,,MeridianLink Mortgage LOS with 1 implementation,Tier 1,1200.0,0.0,Primary Product
Origination - Mortgage,MeridianLink Mortgage,Primary Service,MeridianLink,MeridianLink Mortgage LOS Tier 01 (1200+ Closed Loans/Mon) with 2 implementations,Closed Loans / Mon,MeridianLink Mortgage LOS Module,N,13200.0,MORT-0019,,,71.6,MORT-0012,MORT-0012,MORT-0081,N,85920.0,"** If you create a monthly minimum between levels, you must use the per closed loan fee of the lower level.  						
** Implementation fees should be discounted by 10% for all The Mortgage Collaborative (TMC) Lender Member Companies.
** Retail and broker business channels are treated as a single business channel if implemented at the same time.  
** If customer wants to add additional channels after the initial service deployment there may be additional costs. 
**MeridianLink Mortgage Platform Fee item must be included with ALL new mortgage LOS sales.",,,,,,,,,,,,,,Primary Service,,MeridianLink Mortgage LOS with 2 implementations,Tier 1,1200.0,0.0,Primary Product
Origination - Mortgage,MeridianLink Mortgage,Primary Service,MeridianLink,MeridianLink Mortgage LOS Tier 01 (1200+ Closed Loans/Mon) with 3 implementations,Closed Loans / Mon,MeridianLink Mortgage LOS Module,N,18425.0,MORT-0019,,,71.6,MORT-0012,MORT-0012,MORT-0081,N,85920.0,"** If you create a monthly minimum between levels, you must use the per closed loan fee of the lower level.  						
** Implementation fees should be discounted by 10% for all The Mortgage Collaborative (TMC) Lender Member Companies.
** Retail and broker business channels are treated as a single business channel if implemented at the same time.  
** If customer wants to add additional channels after the initial service deployment there may be additional costs. 
**MeridianLink Mortgage Platform Fee item must be included with ALL new mortgage LOS sales.",,,,,,,,,,,,,,Primary Service,,MeridianLink Mortgage LOS  with 3 implementations,Tier 1,1200.0,0.0,Primary Product
Origination - Mortgage,MeridianLink Mortgage,Primary Service,MeridianLink,MeridianLink Mortgage LOS Tier 10 (110-134 Closed Loans/Mon) no implementation,Closed Loans / Mon,MeridianLink Mortgage LOS Module,N,0.0,MORT-0019,,,92.8,MORT-0012,MORT-0012,MORT-0081,N,10208.0,"Add-On. Only to be selected for years 2-5
**MeridianLink Mortgage Platform Fee item must be included with ALL new mortgage LOS sales.",,,,,,,,,,,,,,Primary Service,,MeridianLink Mortgage LOS  with no implementation,Tier 10,110.0,134.0,Primary Product
Origination - Mortgage,MeridianLink Mortgage,Primary Service,MeridianLink,MeridianLink Mortgage LOS Tier 10 (110-134 Closed Loans/Mon) with 1 implementation,Closed Loans / Mon,MeridianLink Mortgage LOS Module,N,7950.0,MORT-0019,,,92.8,MORT-0012,MORT-0012,MORT-0081,N,10208.0,"** If you create a monthly minimum between levels, you must use the per closed loan fee of the lower level.  						
** Implementation fees should be discounted by 10% for all The Mortgage Collaborative (TMC) Lender Member Companies.
** Retail and broker business channels are treated as a single business channel if implemented at the same time.  
** If customer wants to add additional channels after the initial service deployment there may be additional costs. 
**MeridianLink Mortgage Platform Fee item must be included with ALL new mortgage LOS sales.",,,,,,,,,,,,,,Primary Service,,MeridianLink Mortgage LOS with 1 implementation,Tier 10,110.0,134.0,Primary Product
Origination - Mortgage,MeridianLink Mortgage,Primary Service,MeridianLink,MeridianLink Mortgage LOS Tier 10 (110-134 Closed Loans/Mon) with 2 implementations,Closed Loans / Mon,MeridianLink Mortgage LOS Module,N,13200.0,MORT-0019,,,92.8,MORT-0012,MORT-0012,MORT-0081,N,10208.0,"** If you create a monthly minimum between levels, you must use the per closed loan fee of the lower level.  						
** Implementation fees should be discounted by 10% for all The Mortgage Collaborative (TMC) Lender Member Companies.
** Retail and broker business channels are treated as a single business channel if implemented at the same time.  
** If customer wants to add additional channels after the initial service deployment there may be additional costs. 
**MeridianLink Mortgage Platform Fee item must be included with ALL new mortgage LOS sales.",,,,,,,,,,,,,,Primary Service,,MeridianLink Mortgage LOS with 2 implementations,Tier 10,110.0,134.0,Primary Product
Origination - Mortgage,MeridianLink Mortgage,Primary Service,MeridianLink,MeridianLink Mortgage LOS Tier 10 (110-134 Closed Loans/Mon) with 3 implementations,Closed Loans / Mon,MeridianLink Mortgage LOS Module,N,18425.0,MORT-0019,,,92.8,MORT-0012,MORT-0012,MORT-0081,N,10208.0,"** If you create a monthly minimum between levels, you must use the per closed loan fee of the lower level.  						
** Implementation fees should be discounted by 10% for all The Mortgage Collaborative (TMC) Lender Member Companies.
** Retail and broker business channels are treated as a single business channel if implemented at the same time.  
** If customer wants to add additional channels after the initial service deployment there may be additional costs. 
**MeridianLink Mortgage Platform Fee item must be included with ALL new mortgage LOS sales.",,,,,,,,,,,,,,Primary Service,,MeridianLink Mortgage LOS  with 3 implementations,Tier 10,110.0,134.0,Primary Product
Origination - Mortgage,MeridianLink Mortgage,Primary Service,MeridianLink,MeridianLink Mortgage LOS Tier 11 (90-109 Closed Loans/Mon) no implementation,Closed Loans / Mon,MeridianLink Mortgage LOS Module,N,0.0,MORT-0019,,,94.8,MORT-0012,MORT-0012,MORT-0081,N,8532.0,"Add-On. Only to be selected for years 2-5
**MeridianLink Mortgage Platform Fee item must be included with ALL new mortgage LOS sales.",,,,,,,,,,,,,,Primary Service,,MeridianLink Mortgage LOS  with no implementation,Tier 11,90.0,109.0,Primary Product
Origination - Mortgage,MeridianLink Mortgage,Primary Service,MeridianLink,MeridianLink Mortgage LOS Tier 11 (90-109 Closed Loans/Mon) with 1 implementation,Closed Loans / Mon,MeridianLink Mortgage LOS Module,N,7950.0,MORT-0019,,,94.8,MORT-0012,MORT-0012,MORT-0081,N,8532.0,"** If you create a monthly minimum between levels, you must use the per closed loan fee of the lower level.  						
** Implementation fees should be discounted by 10% for all The Mortgage Collaborative (TMC) Lender Member Companies.
** Retail and broker business channels are treated as a single business channel if implemented at the same time.  
** If customer wants to add additional channels after the initial service deployment there may be additional costs. 
**MeridianLink Mortgage Platform Fee item must be included with ALL new mortgage LOS sales.",,,,,,,,,,,,,,Primary Service,,MeridianLink Mortgage LOS with 1 implementation,Tier 11,90.0,109.0,Primary Product
Origination - Mortgage,MeridianLink Mortgage,Primary Service,MeridianLink,MeridianLink Mortgage LOS Tier 11 (90-109 Closed Loans/Mon) with 2 implementations,Closed Loans / Mon,MeridianLink Mortgage LOS Module,N,13200.0,MORT-0019,,,94.8,MORT-0012,MORT-0012,MORT-0081,N,8532.0,"** If you create a monthly minimum between levels, you must use the per closed loan fee of the lower level.  						
** Implementation fees should be discounted by 10% for all The Mortgage Collaborative (TMC) Lender Member Companies.
** Retail and broker business channels are treated as a single business channel if implemented at the same time.  
** If customer wants to add additional channels after the initial service deployment there may be additional costs. 
**MeridianLink Mortgage Platform Fee item must be included with ALL new mortgage LOS sales.",,,,,,,,,,,,,,Primary Service,,MeridianLink Mortgage LOS with 2 implementations,Tier 11,90.0,109.0,Primary Product
Origination - Mortgage,MeridianLink Mortgage,Primary Service,MeridianLink,MeridianLink Mortgage LOS Tier 11 (90-109 Closed Loans/Mon) with 3 implementations,Closed Loans / Mon,MeridianLink Mortgage LOS Module,N,18425.0,MORT-0019,,,94.8,MORT-0012,MORT-0012,MORT-0081,N,8532.0,"** If you create a monthly minimum between levels, you must use the per closed loan fee of the lower level.  						
** Implementation fees should be discounted by 10% for all The Mortgage Collaborative (TMC) Lender Member Companies.
** Retail and broker business channels are treated as a single business channel if implemented at the same time.  
** If customer wants to add additional channels after the initial service deployment there may be additional costs. 
**MeridianLink Mortgage Platform Fee item must be included with ALL new mortgage LOS sales.",,,,,,,,,,,,,,Primary Service,,MeridianLink Mortgage LOS  with 3 implementations,Tier 11,90.0,109.0,Primary Product
Origination - Mortgage,MeridianLink Mortgage,Primary Service,MeridianLink,MeridianLink Mortgage LOS Tier 12 (75-89 Closed Loans/Mon) no implementation,Closed Loans / Mon,MeridianLink Mortgage LOS Module,N,0.0,MORT-0019,,,96.8,MORT-0012,MORT-0012,MORT-0081,N,7260.0,"Add-On. Only to be selected for years 2-5
**MeridianLink Mortgage Platform Fee item must be included with ALL new mortgage LOS sales.",,,,,,,,,,,,,,Primary Service,,MeridianLink Mortgage LOS  with no implementation,Tier 12,75.0,89.0,Primary Product
Origination - Mortgage,MeridianLink Mortgage,Primary Service,MeridianLink,MeridianLink Mortgage LOS Tier 12 (75-89 Closed Loans/Mon) with 1 implementation,Closed Loans / Mon,MeridianLink Mortgage LOS Module,N,7950.0,MORT-0019,,,96.8,MORT-0012,MORT-0012,MORT-0081,N,7260.0,"** If you create a monthly minimum between levels, you must use the per closed loan fee of the lower level.  						
** Implementation fees should be discounted by 10% for all The Mortgage Collaborative (TMC) Lender Member Companies.
** Retail and broker business channels are treated as a single business channel if implemented at the same time.  
** If customer wants to add additional channels after the initial service deployment there may be additional costs. 
**MeridianLink Mortgage Platform Fee item must be included with ALL new mortgage LOS sales.",,,,,,,,,,,,,,Primary Service,,MeridianLink Mortgage LOS with 1 implementation,Tier 12,75.0,89.0,Primary Product
Origination - Mortgage,MeridianLink Mortgage,Primary Service,MeridianLink,MeridianLink Mortgage LOS Tier 12 (75-89 Closed Loans/Mon) with 2 implementations,Closed Loans / Mon,MeridianLink Mortgage LOS Module,N,13200.0,MORT-0019,,,96.8,MORT-0012,MORT-0012,MORT-0081,N,7260.0,"** If you create a monthly minimum between levels, you must use the per closed loan fee of the lower level.  						
** Implementation fees should be discounted by 10% for all The Mortgage Collaborative (TMC) Lender Member Companies.
** Retail and broker business channels are treated as a single business channel if implemented at the same time.  
** If customer wants to add additional channels after the initial service deployment there may be additional costs. 
**MeridianLink Mortgage Platform Fee item must be included with ALL new mortgage LOS sales.",,,,,,,,,,,,,,Primary Service,,MeridianLink Mortgage LOS with 2 implementations,Tier 12,75.0,89.0,Primary Product
Origination - Mortgage,MeridianLink Mortgage,Primary Service,MeridianLink,MeridianLink Mortgage LOS Tier 12 (75-89 Closed Loans/Mon) with 3 implementations,Closed Loans / Mon,MeridianLink Mortgage LOS Module,N,18425.0,MORT-0019,,,96.8,MORT-0012,MORT-0012,MORT-0081,N,7260.0,"** If you create a monthly minimum between levels, you must use the per closed loan fee of the lower level.  						
** Implementation fees should be discounted by 10% for all The Mortgage Collaborative (TMC) Lender Member Companies.
** Retail and broker business channels are treated as a single business channel if implemented at the same time.  
** If customer wants to add additional channels after the initial service deployment there may be additional costs. 
**MeridianLink Mortgage Platform Fee item must be included with ALL new mortgage LOS sales.",,,,,,,,,,,,,,Primary Service,,MeridianLink Mortgage LOS  with 3 implementations,Tier 12,75.0,89.0,Primary Product
Origination - Mortgage,MeridianLink Mortgage,Primary Service,MeridianLink,MeridianLink Mortgage LOS Tier 13 (60-74 Closed Loans/Mon) no implementation,Closed Loans / Mon,MeridianLink Mortgage LOS Module,N,0.0,MORT-0019,,,99.2,MORT-0012,MORT-0012,MORT-0081,N,5952.0,"Add-On. Only to be selected for years 2-5
**MeridianLink Mortgage Platform Fee item must be included with ALL new mortgage LOS sales.",,,,,,,,,,,,,,Primary Service,,MeridianLink Mortgage LOS  with no implementation,Tier 13,60.0,74.0,Primary Product
Origination - Mortgage,MeridianLink Mortgage,Primary Service,MeridianLink,MeridianLink Mortgage LOS Tier 13 (60-74 Closed Loans/Mon) with 1 implementation,Closed Loans / Mon,MeridianLink Mortgage LOS Module,N,7950.0,MORT-0019,,,99.2,MORT-0012,MORT-0012,MORT-0081,N,5952.0,"** If you create a monthly minimum between levels, you must use the per closed loan fee of the lower level.  						
** Implementation fees should be discounted by 10% for all The Mortgage Collaborative (TMC) Lender Member Companies.
** Retail and broker business channels are treated as a single business channel if implemented at the same time.  
** If customer wants to add additional channels after the initial service deployment there may be additional costs. 
**MeridianLink Mortgage Platform Fee item must be included with ALL new mortgage LOS sales.",,,,,,,,,,,,,,Primary Service,,MeridianLink Mortgage LOS with 1 implementation,Tier 13,60.0,74.0,Primary Product
Origination - Mortgage,MeridianLink Mortgage,Primary Service,MeridianLink,MeridianLink Mortgage LOS Tier 13 (60-74 Closed Loans/Mon) with 2 implementations,Closed Loans / Mon,MeridianLink Mortgage LOS Module,N,13200.0,MORT-0019,,,99.2,MORT-0012,MORT-0012,MORT-0081,N,5952.0,"** If you create a monthly minimum between levels, you must use the per closed loan fee of the lower level.  						
** Implementation fees should be discounted by 10% for all The Mortgage Collaborative (TMC) Lender Member Companies.
** Retail and broker business channels are treated as a single business channel if implemented at the same time.  
** If customer wants to add additional channels after the initial service deployment there may be additional costs. 
**MeridianLink Mortgage Platform Fee item must be included with ALL new mortgage LOS sales.",,,,,,,,,,,,,,Primary Service,,MeridianLink Mortgage LOS with 2 implementations,Tier 13,60.0,74.0,Primary Product
Origination - Mortgage,MeridianLink Mortgage,Primary Service,MeridianLink,MeridianLink Mortgage LOS Tier 13 (60-74 Closed Loans/Mon) with 3 implementations,Closed Loans / Mon,MeridianLink Mortgage LOS Module,N,18425.0,MORT-0019,,,99.2,MORT-0012,MORT-0012,MORT-0081,N,5952.0,"** If you create a monthly minimum between levels, you must use the per closed loan fee of the lower level.  						
** Implementation fees should be discounted by 10% for all The Mortgage Collaborative (TMC) Lender Member Companies.
** Retail and broker business channels are treated as a single business channel if implemented at the same time.  
** If customer wants to add additional channels after the initial service deployment there may be additional costs. 
**MeridianLink Mortgage Platform Fee item must be included with ALL new mortgage LOS sales.",,,,,,,,,,,,,,Primary Service,,MeridianLink Mortgage LOS  with 3 implementations,Tier 13,60.0,74.0,Primary Product
Origination - Mortgage,MeridianLink Mortgage,Primary Service,MeridianLink,MeridianLink Mortgage LOS Tier 14 (45-59 Closed Loans/Mon) no implementation,Closed Loans / Mon,MeridianLink Mortgage LOS Module,N,0.0,MORT-0019,,,102.2,MORT-0012,MORT-0012,MORT-0081,N,4599.0,"Add-On. Only to be selected for years 2-5
**MeridianLink Mortgage Platform Fee item must be included with ALL new mortgage LOS sales.",,,,,,,,,,,,,,Primary Service,,MeridianLink Mortgage LOS  with no implementation,Tier 14,45.0,59.0,Primary Product
Origination - Mortgage,MeridianLink Mortgage,Primary Service,MeridianLink,MeridianLink Mortgage LOS Tier 14 (45-59 Closed Loans/Mon) with 1 implementation,Closed Loans / Mon,MeridianLink Mortgage LOS Module,N,7950.0,MORT-0019,,,102.2,MORT-0012,MORT-0012,MORT-0081,N,4599.0,"** If you create a monthly minimum between levels, you must use the per closed loan fee of the lower level.  						
** Implementation fees should be discounted by 10% for all The Mortgage Collaborative (TMC) Lender Member Companies.
** Retail and broker business channels are treated as a single business channel if implemented at the same time.  
** If customer wants to add additional channels after the initial service deployment there may be additional costs. 
**MeridianLink Mortgage Platform Fee item must be included with ALL new mortgage LOS sales.",,,,,,,,,,,,,,Primary Service,,MeridianLink Mortgage LOS with 1 implementation,Tier 14,45.0,59.0,Primary Product
Origination - Mortgage,MeridianLink Mortgage,Primary Service,MeridianLink,MeridianLink Mortgage LOS Tier 14 (45-59 Closed Loans/Mon) with 2 implementations,Closed Loans / Mon,MeridianLink Mortgage LOS Module,N,13200.0,MORT-0019,,,102.2,MORT-0012,MORT-0012,MORT-0081,N,4599.0,"** If you create a monthly minimum between levels, you must use the per closed loan fee of the lower level.  						
** Implementation fees should be discounted by 10% for all The Mortgage Collaborative (TMC) Lender Member Companies.
** Retail and broker business channels are treated as a single business channel if implemented at the same time.  
** If customer wants to add additional channels after the initial service deployment there may be additional costs. 
**MeridianLink Mortgage Platform Fee item must be included with ALL new mortgage LOS sales.",,,,,,,,,,,,,,Primary Service,,MeridianLink Mortgage LOS with 2 implementations,Tier 14,45.0,59.0,Primary Product
Origination - Mortgage,MeridianLink Mortgage,Primary Service,MeridianLink,MeridianLink Mortgage LOS Tier 14 (45-59 Closed Loans/Mon) with 3 implementations,Closed Loans / Mon,MeridianLink Mortgage LOS Module,N,18425.0,MORT-0019,,,102.2,MORT-0012,MORT-0012,MORT-0081,N,4599.0,"** If you create a monthly minimum between levels, you must use the per closed loan fee of the lower level.  						
** Implementation fees should be discounted by 10% for all The Mortgage Collaborative (TMC) Lender Member Companies.
** Retail and broker business channels are treated as a single business channel if implemented at the same time.  
** If customer wants to add additional channels after the initial service deployment there may be additional costs. 
**MeridianLink Mortgage Platform Fee item must be included with ALL new mortgage LOS sales.",,,,,,,,,,,,,,Primary Service,,MeridianLink Mortgage LOS  with 3 implementations,Tier 14,45.0,59.0,Primary Product
Origination - Mortgage,MeridianLink Mortgage,Primary Service,MeridianLink,MeridianLink Mortgage LOS Tier 15 (30-44 Closed Loans/Mon) no implementation,Closed Loans / Mon,MeridianLink Mortgage LOS Module,N,0.0,MORT-0019,,,107.0,MORT-0012,MORT-0012,MORT-0081,N,3210.0,"Add-On. Only to be selected for years 2-5
**MeridianLink Mortgage Platform Fee item must be included with ALL new mortgage LOS sales.",,,,,,,,,,,,,,Primary Service,,MeridianLink Mortgage LOS  with no implementation,Tier 15,30.0,44.0,Primary Product
Origination - Mortgage,MeridianLink Mortgage,Primary Service,MeridianLink,MeridianLink Mortgage LOS Tier 15 (30-44 Closed Loans/Mon) with 1 implementation,Closed Loans / Mon,MeridianLink Mortgage LOS Module,N,7950.0,MORT-0019,,,107.0,MORT-0012,MORT-0012,MORT-0081,N,3210.0,"** If you create a monthly minimum between levels, you must use the per closed loan fee of the lower level.  						
** Implementation fees should be discounted by 10% for all The Mortgage Collaborative (TMC) Lender Member Companies.
** Retail and broker business channels are treated as a single business channel if implemented at the same time.  
** If customer wants to add additional channels after the initial service deployment there may be additional costs. 
**MeridianLink Mortgage Platform Fee item must be included with ALL new mortgage LOS sales.",,,,,,,,,,,,,,Primary Service,,MeridianLink Mortgage LOS with 1 implementation,Tier 15,30.0,44.0,Primary Product
Origination - Mortgage,MeridianLink Mortgage,Primary Service,MeridianLink,MeridianLink Mortgage LOS Tier 15 (30-44 Closed Loans/Mon) with 2 implementations,Closed Loans / Mon,MeridianLink Mortgage LOS Module,N,13200.0,MORT-0019,,,107.0,MORT-0012,MORT-0012,MORT-0081,N,3210.0,"** If you create a monthly minimum between levels, you must use the per closed loan fee of the lower level.  						
** Implementation fees should be discounted by 10% for all The Mortgage Collaborative (TMC) Lender Member Companies.
** Retail and broker business channels are treated as a single business channel if implemented at the same time.  
** If customer wants to add additional channels after the initial service deployment there may be additional costs. 
**MeridianLink Mortgage Platform Fee item must be included with ALL new mortgage LOS sales.",,,,,,,,,,,,,,Primary Service,,MeridianLink Mortgage LOS with 2 implementations,Tier 15,30.0,44.0,Primary Product
Origination - Mortgage,MeridianLink Mortgage,Primary Service,MeridianLink,MeridianLink Mortgage LOS Tier 15 (30-44 Closed Loans/Mon) with 3 implementations,Closed Loans / Mon,MeridianLink Mortgage LOS Module,N,18425.0,MORT-0019,,,107.0,MORT-0012,MORT-0012,MORT-0081,N,3210.0,"** If you create a monthly minimum between levels, you must use the per closed loan fee of the lower level.  						
** Implementation fees should be discounted by 10% for all The Mortgage Collaborative (TMC) Lender Member Companies.
** Retail and broker business channels are treated as a single business channel if implemented at the same time.  
** If customer wants to add additional channels after the initial service deployment there may be additional costs. 
**MeridianLink Mortgage Platform Fee item must be included with ALL new mortgage LOS sales.",,,,,,,,,,,,,,Primary Service,,MeridianLink Mortgage LOS  with 3 implementations,Tier 15,30.0,44.0,Primary Product
Origination - Mortgage,MeridianLink Mortgage,Primary Service,MeridianLink,MeridianLink Mortgage LOS Tier 16 (15-29 Closed Loans/Mon) no implementation,Closed Loans / Mon,MeridianLink Mortgage LOS Module,N,0.0,MORT-0019,,,115.2,MORT-0012,MORT-0012,MORT-0081,N,1728.0,"Add-On. Only to be selected for years 2-5
**MeridianLink Mortgage Platform Fee item must be included with ALL new mortgage LOS sales.",,,,,,,,,,,,,,Primary Service,,MeridianLink Mortgage LOS  with no implementation,Tier 16,15.0,29.0,Primary Product
Origination - Mortgage,MeridianLink Mortgage,Primary Service,MeridianLink,MeridianLink Mortgage LOS Tier 16 (15-29 Closed Loans/Mon) with 1 implementation,Closed Loans / Mon,MeridianLink Mortgage LOS Module,N,7950.0,MORT-0019,,,115.2,MORT-0012,MORT-0012,MORT-0081,N,1728.0,"** If you create a monthly minimum between levels, you must use the per closed loan fee of the lower level.  						
** Implementation fees should be discounted by 10% for all The Mortgage Collaborative (TMC) Lender Member Companies.
** Retail and broker business channels are treated as a single business channel if implemented at the same time.  
** If customer wants to add additional channels after the initial service deployment there may be additional costs. 
**MeridianLink Mortgage Platform Fee item must be included with ALL new mortgage LOS sales.",,,,,,,,,,,,,,Primary Service,,MeridianLink Mortgage LOS with 1 implementation,Tier 16,15.0,29.0,Primary Product
Origination - Mortgage,MeridianLink Mortgage,Primary Service,MeridianLink,MeridianLink Mortgage LOS Tier 16 (15-29 Closed Loans/Mon) with 2 implementations,Closed Loans / Mon,MeridianLink Mortgage LOS Module,N,13200.0,MORT-0019,,,115.2,MORT-0012,MORT-0012,MORT-0081,N,1728.0,"** If you create a monthly minimum between levels, you must use the per closed loan fee of the lower level.  						
** Implementation fees should be discounted by 10% for all The Mortgage Collaborative (TMC) Lender Member Companies.
** Retail and broker business channels are treated as a single business channel if implemented at the same time.  
** If customer wants to add additional channels after the initial service deployment there may be additional costs. 
**MeridianLink Mortgage Platform Fee item must be included with ALL new mortgage LOS sales.",,,,,,,,,,,,,,Primary Service,,MeridianLink Mortgage LOS with 2 implementations,Tier 16,15.0,29.0,Primary Product
Origination - Mortgage,MeridianLink Mortgage,Primary Service,MeridianLink,MeridianLink Mortgage LOS Tier 16 (15-29 Closed Loans/Mon) with 3 implementations,Closed Loans / Mon,MeridianLink Mortgage LOS Module,N,18425.0,MORT-0019,,,115.2,MORT-0012,MORT-0012,MORT-0081,N,1728.0,"** If you create a monthly minimum between levels, you must use the per closed loan fee of the lower level.  						
** Implementation fees should be discounted by 10% for all The Mortgage Collaborative (TMC) Lender Member Companies.
** Retail and broker business channels are treated as a single business channel if implemented at the same time.  
** If customer wants to add additional channels after the initial service deployment there may be additional costs. 
**MeridianLink Mortgage Platform Fee item must be included with ALL new mortgage LOS sales.",,,,,,,,,,,,,,Primary Service,,MeridianLink Mortgage LOS  with 3 implementations,Tier 16,15.0,29.0,Primary Product
Origination - Mortgage,MeridianLink Mortgage,Primary Service,MeridianLink,MeridianLink Mortgage LOS Tier 17 (10-14 Closed Loans/Mon) no implementation,Closed Loans / Mon,MeridianLink Mortgage LOS Module,N,0.0,MORT-0019,,,120.4,MORT-0012,MORT-0012,MORT-0081,N,1204.0,"Add-On. Only to be selected for years 2-5
**MeridianLink Mortgage Platform Fee item must be included with ALL new mortgage LOS sales.",,,,,,,,,,,,,,Primary Service,,MeridianLink Mortgage LOS  with no implementation,Tier 17,10.0,14.0,Primary Product
Origination - Mortgage,MeridianLink Mortgage,Primary Service,MeridianLink,MeridianLink Mortgage LOS Tier 17 (10-14 Closed Loans/Mon) with 1 implementation,Closed Loans / Mon,MeridianLink Mortgage LOS Module,N,7950.0,MORT-0019,,,120.4,MORT-0012,MORT-0012,MORT-0081,N,1204.0,"** If you create a monthly minimum between levels, you must use the per closed loan fee of the lower level.  						
** Implementation fees should be discounted by 10% for all The Mortgage Collaborative (TMC) Lender Member Companies.
** Retail and broker business channels are treated as a single business channel if implemented at the same time.  
** If customer wants to add additional channels after the initial service deployment there may be additional costs. 
**MeridianLink Mortgage Platform Fee item must be included with ALL new mortgage LOS sales.",,,,,,,,,,,,,,Primary Service,,MeridianLink Mortgage LOS with 1 implementation,Tier 17,10.0,14.0,Primary Product
Origination - Mortgage,MeridianLink Mortgage,Primary Service,MeridianLink,MeridianLink Mortgage LOS Tier 17 (10-14 Closed Loans/Mon) with 2 implementations,Closed Loans / Mon,MeridianLink Mortgage LOS Module,N,13200.0,MORT-0019,,,120.4,MORT-0012,MORT-0012,MORT-0081,N,1204.0,"** If you create a monthly minimum between levels, you must use the per closed loan fee of the lower level.  						
** Implementation fees should be discounted by 10% for all The Mortgage Collaborative (TMC) Lender Member Companies.
** Retail and broker business channels are treated as a single business channel if implemented at the same time.  
** If customer wants to add additional channels after the initial service deployment there may be additional costs. 
**MeridianLink Mortgage Platform Fee item must be included with ALL new mortgage LOS sales.",,,,,,,,,,,,,,Primary Service,,MeridianLink Mortgage LOS with 2 implementations,Tier 17,10.0,14.0,Primary Product
Origination - Mortgage,MeridianLink Mortgage,Primary Service,MeridianLink,MeridianLink Mortgage LOS Tier 17 (10-14 Closed Loans/Mon) with 3 implementations,Closed Loans / Mon,MeridianLink Mortgage LOS Module,N,18425.0,MORT-0019,,,120.4,MORT-0012,MORT-0012,MORT-0081,N,1204.0,"** If you create a monthly minimum between levels, you must use the per closed loan fee of the lower level.  						
** Implementation fees should be discounted by 10% for all The Mortgage Collaborative (TMC) Lender Member Companies.
** Retail and broker business channels are treated as a single business channel if implemented at the same time.  
** If customer wants to add additional channels after the initial service deployment there may be additional costs. 
**MeridianLink Mortgage Platform Fee item must be included with ALL new mortgage LOS sales.",,,,,,,,,,,,,,Primary Service,,MeridianLink Mortgage LOS  with 3 implementations,Tier 17,10.0,14.0,Primary Product
Origination - Mortgage,MeridianLink Mortgage,Primary Service,MeridianLink,MeridianLink Mortgage LOS Tier 02 (900-1199 Closed Loans/Mon) no implementation,Closed Loans / Mon,MeridianLink Mortgage LOS Module,N,0.0,MORT-0019,,,73.8,MORT-0012,MORT-0012,MORT-0081,N,66420.0,"Add-On. Only to be selected for years 2-5
**MeridianLink Mortgage Platform Fee item must be included with ALL new mortgage LOS sales.",,,,,,,,,,,,,,Primary Service,,MeridianLink Mortgage LOS  with no implementation,Tier 2,900.0,1199.0,Primary Product
Origination - Mortgage,MeridianLink Mortgage,Primary Service,MeridianLink,MeridianLink Mortgage LOS Tier 02 (900-1199 Closed Loans/Mon) with 1 implementation,Closed Loans / Mon,MeridianLink Mortgage LOS Module,N,7950.0,MORT-0019,,,73.8,MORT-0012,MORT-0012,MORT-0081,N,66420.0,"** If you create a monthly minimum between levels, you must use the per closed loan fee of the lower level.  						
** Implementation fees should be discounted by 10% for all The Mortgage Collaborative (TMC) Lender Member Companies.
** Retail and broker business channels are treated as a single business channel if implemented at the same time.  
** If customer wants to add additional channels after the initial service deployment there may be additional costs. 
**MeridianLink Mortgage Platform Fee item must be included with ALL new mortgage LOS sales.",,,,,,,,,,,,,,Primary Service,,MeridianLink Mortgage LOS with 1 implementation,Tier 2,900.0,1199.0,Primary Product
Origination - Mortgage,MeridianLink Mortgage,Primary Service,MeridianLink,MeridianLink Mortgage LOS Tier 02 (900-1199 Closed Loans/Mon) with 2 implementations,Closed Loans / Mon,MeridianLink Mortgage LOS Module,N,13200.0,MORT-0019,,,73.8,MORT-0012,MORT-0012,MORT-0081,N,66420.0,"** If you create a monthly minimum between levels, you must use the per closed loan fee of the lower level.  						
** Implementation fees should be discounted by 10% for all The Mortgage Collaborative (TMC) Lender Member Companies.
** Retail and broker business channels are treated as a single business channel if implemented at the same time.  
** If customer wants to add additional channels after the initial service deployment there may be additional costs. 
**MeridianLink Mortgage Platform Fee item must be included with ALL new mortgage LOS sales.",,,,,,,,,,,,,,Primary Service,,MeridianLink Mortgage LOS with 2 implementations,Tier 2,900.0,1199.0,Primary Product
Origination - Mortgage,MeridianLink Mortgage,Primary Service,MeridianLink,MeridianLink Mortgage LOS Tier 02 (900-1199 Closed Loans/Mon) with 3 implementations,Closed Loans / Mon,MeridianLink Mortgage LOS Module,N,18425.0,MORT-0019,,,73.8,MORT-0012,MORT-0012,MORT-0081,N,66420.0,"** If you create a monthly minimum between levels, you must use the per closed loan fee of the lower level.  						
** Implementation fees should be discounted by 10% for all The Mortgage Collaborative (TMC) Lender Member Companies.
** Retail and broker business channels are treated as a single business channel if implemented at the same time.  
** If customer wants to add additional channels after the initial service deployment there may be additional costs. 
**MeridianLink Mortgage Platform Fee item must be included with ALL new mortgage LOS sales.",,,,,,,,,,,,,,Primary Service,,MeridianLink Mortgage LOS  with 3 implementations,Tier 2,900.0,1199.0,Primary Product
Origination - Mortgage,MeridianLink Mortgage,Primary Service,MeridianLink,MeridianLink Mortgage LOS Tier 03 (675-899 Closed Loans/Mon) no implementation,Closed Loans / Mon,MeridianLink Mortgage LOS Module,N,0.0,MORT-0019,,,76.2,MORT-0012,MORT-0012,MORT-0081,N,51435.0,"Add-On. Only to be selected for years 2-5
**MeridianLink Mortgage Platform Fee item must be included with ALL new mortgage LOS sales.",,,,,,,,,,,,,,Primary Service,,MeridianLink Mortgage LOS  with no implementation,Tier 3,675.0,899.0,Primary Product
Origination - Mortgage,MeridianLink Mortgage,Primary Service,MeridianLink,MeridianLink Mortgage LOS Tier 03 (675-899 Closed Loans/Mon) with 1 implementation,Closed Loans / Mon,MeridianLink Mortgage LOS Module,N,7950.0,MORT-0019,,,76.2,MORT-0012,MORT-0012,MORT-0081,N,51435.0,"** If you create a monthly minimum between levels, you must use the per closed loan fee of the lower level.  						
** Implementation fees should be discounted by 10% for all The Mortgage Collaborative (TMC) Lender Member Companies.
** Retail and broker business channels are treated as a single business channel if implemented at the same time.  
** If customer wants to add additional channels after the initial service deployment there may be additional costs. 
**MeridianLink Mortgage Platform Fee item must be included with ALL new mortgage LOS sales.",,,,,,,,,,,,,,Primary Service,,MeridianLink Mortgage LOS with 1 implementation,Tier 3,675.0,899.0,Primary Product
Origination - Mortgage,MeridianLink Mortgage,Primary Service,MeridianLink,MeridianLink Mortgage LOS Tier 03 (675-899 Closed Loans/Mon) with 2 implementations,Closed Loans / Mon,MeridianLink Mortgage LOS Module,N,13200.0,MORT-0019,,,76.2,MORT-0012,MORT-0012,MORT-0081,N,51435.0,"** If you create a monthly minimum between levels, you must use the per closed loan fee of the lower level.  						
** Implementation fees should be discounted by 10% for all The Mortgage Collaborative (TMC) Lender Member Companies.
** Retail and broker business channels are treated as a single business channel if implemented at the same time.  
** If customer wants to add additional channels after the initial service deployment there may be additional costs. 
**MeridianLink Mortgage Platform Fee item must be included with ALL new mortgage LOS sales.",,,,,,,,,,,,,,Primary Service,,MeridianLink Mortgage LOS with 2 implementations,Tier 3,675.0,899.0,Primary Product
Origination - Mortgage,MeridianLink Mortgage,Primary Service,MeridianLink,MeridianLink Mortgage LOS Tier 03 (675-899 Closed Loans/Mon) with 3 implementations,Closed Loans / Mon,MeridianLink Mortgage LOS Module,N,18425.0,MORT-0019,,,76.2,MORT-0012,MORT-0012,MORT-0081,N,51435.0,"** If you create a monthly minimum between levels, you must use the per closed loan fee of the lower level.  						
** Implementation fees should be discounted by 10% for all The Mortgage Collaborative (TMC) Lender Member Companies.
** Retail and broker business channels are treated as a single business channel if implemented at the same time.  
** If customer wants to add additional channels after the initial service deployment there may be additional costs. 
**MeridianLink Mortgage Platform Fee item must be included with ALL new mortgage LOS sales.",,,,,,,,,,,,,,Primary Service,,MeridianLink Mortgage LOS  with 3 implementations,Tier 3,675.0,899.0,Primary Product
Origination - Mortgage,MeridianLink Mortgage,Primary Service,MeridianLink,MeridianLink Mortgage LOS Tier 04 (525-674 Closed Loans/Mon) no implementation,Closed Loans / Mon,MeridianLink Mortgage LOS Module,N,0.0,MORT-0019,,,78.4,MORT-0012,MORT-0012,MORT-0081,N,41160.0,"Add-On. Only to be selected for years 2-5
**MeridianLink Mortgage Platform Fee item must be included with ALL new mortgage LOS sales.",,,,,,,,,,,,,,Primary Service,,MeridianLink Mortgage LOS  with no implementation,Tier 4,525.0,674.0,Primary Product
Origination - Mortgage,MeridianLink Mortgage,Primary Service,MeridianLink,MeridianLink Mortgage LOS Tier 04 (525-674 Closed Loans/Mon) with 1 implementation,Closed Loans / Mon,MeridianLink Mortgage LOS Module,N,7950.0,MORT-0019,,,78.4,MORT-0012,MORT-0012,MORT-0081,N,41160.0,"** If you create a monthly minimum between levels, you must use the per closed loan fee of the lower level.  						
** Implementation fees should be discounted by 10% for all The Mortgage Collaborative (TMC) Lender Member Companies.
** Retail and broker business channels are treated as a single business channel if implemented at the same time.  
** If customer wants to add additional channels after the initial service deployment there may be additional costs. 
**MeridianLink Mortgage Platform Fee item must be included with ALL new mortgage LOS sales.",,,,,,,,,,,,,,Primary Service,,MeridianLink Mortgage LOS with 1 implementation,Tier 4,525.0,674.0,Primary Product
Origination - Mortgage,MeridianLink Mortgage,Primary Service,MeridianLink,MeridianLink Mortgage LOS Tier 04 (525-674 Closed Loans/Mon) with 2 implementations,Closed Loans / Mon,MeridianLink Mortgage LOS Module,N,13200.0,MORT-0019,,,78.4,MORT-0012,MORT-0012,MORT-0081,N,41160.0,"** If you create a monthly minimum between levels, you must use the per closed loan fee of the lower level.  						
** Implementation fees should be discounted by 10% for all The Mortgage Collaborative (TMC) Lender Member Companies.
** Retail and broker business channels are treated as a single business channel if implemented at the same time.  
** If customer wants to add additional channels after the initial service deployment there may be additional costs. 
**MeridianLink Mortgage Platform Fee item must be included with ALL new mortgage LOS sales.",,,,,,,,,,,,,,Primary Service,,MeridianLink Mortgage LOS with 2 implementations,Tier 4,525.0,674.0,Primary Product
Origination - Mortgage,MeridianLink Mortgage,Primary Service,MeridianLink,MeridianLink Mortgage LOS Tier 04 (525-674 Closed Loans/Mon) with 3 implementations,Closed Loans / Mon,MeridianLink Mortgage LOS Module,N,18425.0,MORT-0019,,,78.4,MORT-0012,MORT-0012,MORT-0081,N,41160.0,"** If you create a monthly minimum between levels, you must use the per closed loan fee of the lower level.  						
** Implementation fees should be discounted by 10% for all The Mortgage Collaborative (TMC) Lender Member Companies.
** Retail and broker business channels are treated as a single business channel if implemented at the same time.  
** If customer wants to add additional channels after the initial service deployment there may be additional costs. 
**MeridianLink Mortgage Platform Fee item must be included with ALL new mortgage LOS sales.",,,,,,,,,,,,,,Primary Service,,MeridianLink Mortgage LOS  with 3 implementations,Tier 4,525.0,674.0,Primary Product
Origination - Mortgage,MeridianLink Mortgage,Primary Service,MeridianLink,MeridianLink Mortgage LOS Tier 05 (400-524 Closed Loans/Mon) no implementation,Closed Loans / Mon,MeridianLink Mortgage LOS Module,N,0.0,MORT-0019,,,80.6,MORT-0012,MORT-0012,MORT-0081,N,32240.0,"Add-On. Only to be selected for years 2-5
**MeridianLink Mortgage Platform Fee item must be included with ALL new mortgage LOS sales.",,,,,,,,,,,,,,Primary Service,,MeridianLink Mortgage LOS  with no implementation,Tier 5,400.0,524.0,Primary Product
Origination - Mortgage,MeridianLink Mortgage,Primary Service,MeridianLink,MeridianLink Mortgage LOS Tier 05 (400-524 Closed Loans/Mon) with 1 implementation,Closed Loans / Mon,MeridianLink Mortgage LOS Module,N,7950.0,MORT-0019,,,80.6,MORT-0012,MORT-0012,MORT-0081,N,32240.0,"** If you create a monthly minimum between levels, you must use the per closed loan fee of the lower level.  						
** Implementation fees should be discounted by 10% for all The Mortgage Collaborative (TMC) Lender Member Companies.
** Retail and broker business channels are treated as a single business channel if implemented at the same time.  
** If customer wants to add additional channels after the initial service deployment there may be additional costs. 
**MeridianLink Mortgage Platform Fee item must be included with ALL new mortgage LOS sales.",,,,,,,,,,,,,,Primary Service,,MeridianLink Mortgage LOS with 1 implementation,Tier 5,400.0,524.0,Primary Product
Origination - Mortgage,MeridianLink Mortgage,Primary Service,MeridianLink,MeridianLink Mortgage LOS Tier 05 (400-524 Closed Loans/Mon) with 2 implementations,Closed Loans / Mon,MeridianLink Mortgage LOS Module,N,13200.0,MORT-0019,,,80.6,MORT-0012,MORT-0012,MORT-0081,N,32240.0,"** If you create a monthly minimum between levels, you must use the per closed loan fee of the lower level.  						
** Implementation fees should be discounted by 10% for all The Mortgage Collaborative (TMC) Lender Member Companies.
** Retail and broker business channels are treated as a single business channel if implemented at the same time.  
** If customer wants to add additional channels after the initial service deployment there may be additional costs. 
**MeridianLink Mortgage Platform Fee item must be included with ALL new mortgage LOS sales.",,,,,,,,,,,,,,Primary Service,,MeridianLink Mortgage LOS with 2 implementations,Tier 5,400.0,524.0,Primary Product
Origination - Mortgage,MeridianLink Mortgage,Primary Service,MeridianLink,MeridianLink Mortgage LOS Tier 05 (400-524 Closed Loans/Mon) with 3 implementations,Closed Loans / Mon,MeridianLink Mortgage LOS Module,N,18425.0,MORT-0019,,,80.6,MORT-0012,MORT-0012,MORT-0081,N,32240.0,"** If you create a monthly minimum between levels, you must use the per closed loan fee of the lower level.  						
** Implementation fees should be discounted by 10% for all The Mortgage Collaborative (TMC) Lender Member Companies.
** Retail and broker business channels are treated as a single business channel if implemented at the same time.  
** If customer wants to add additional channels after the initial service deployment there may be additional costs. 
**MeridianLink Mortgage Platform Fee item must be included with ALL new mortgage LOS sales.",,,,,,,,,,,,,,Primary Service,,MeridianLink Mortgage LOS  with 3 implementations,Tier 5,400.0,524.0,Primary Product
Origination - Mortgage,MeridianLink Mortgage,Primary Service,MeridianLink,MeridianLink Mortgage LOS Tier 06 (300-399 Closed Loans/Mon) no implementation,Closed Loans / Mon,MeridianLink Mortgage LOS Module,N,0.0,MORT-0019,,,83.2,MORT-0012,MORT-0012,MORT-0081,N,24960.0,"Add-On. Only to be selected for years 2-5
**MeridianLink Mortgage Platform Fee item must be included with ALL new mortgage LOS sales.",,,,,,,,,,,,,,Primary Service,,MeridianLink Mortgage LOS  with no implementation,Tier 6,300.0,399.0,Primary Product
Origination - Mortgage,MeridianLink Mortgage,Primary Service,MeridianLink,MeridianLink Mortgage LOS Tier 06 (300-399 Closed Loans/Mon) with 1 implementation,Closed Loans / Mon,MeridianLink Mortgage LOS Module,N,7950.0,MORT-0019,,,83.2,MORT-0012,MORT-0012,MORT-0081,N,24960.0,"** If you create a monthly minimum between levels, you must use the per closed loan fee of the lower level.  						
** Implementation fees should be discounted by 10% for all The Mortgage Collaborative (TMC) Lender Member Companies.
** Retail and broker business channels are treated as a single business channel if implemented at the same time.  
** If customer wants to add additional channels after the initial service deployment there may be additional costs. 
**MeridianLink Mortgage Platform Fee item must be included with ALL new mortgage LOS sales.",,,,,,,,,,,,,,Primary Service,,MeridianLink Mortgage LOS with 1 implementation,Tier 6,300.0,399.0,Primary Product
Origination - Mortgage,MeridianLink Mortgage,Primary Service,MeridianLink,MeridianLink Mortgage LOS Tier 06 (300-399 Closed Loans/Mon) with 2 implementations,Closed Loans / Mon,MeridianLink Mortgage LOS Module,N,13200.0,MORT-0019,,,83.2,MORT-0012,MORT-0012,MORT-0081,N,24960.0,"** If you create a monthly minimum between levels, you must use the per closed loan fee of the lower level.  						
** Implementation fees should be discounted by 10% for all The Mortgage Collaborative (TMC) Lender Member Companies.
** Retail and broker business channels are treated as a single business channel if implemented at the same time.  
** If customer wants to add additional channels after the initial service deployment there may be additional costs. 
**MeridianLink Mortgage Platform Fee item must be included with ALL new mortgage LOS sales.",,,,,,,,,,,,,,Primary Service,,MeridianLink Mortgage LOS with 2 implementations,Tier 6,300.0,399.0,Primary Product
Origination - Mortgage,MeridianLink Mortgage,Primary Service,MeridianLink,MeridianLink Mortgage LOS Tier 06 (300-399 Closed Loans/Mon) with 3 implementations,Closed Loans / Mon,MeridianLink Mortgage LOS Module,N,18425.0,MORT-0019,,,83.2,MORT-0012,MORT-0012,MORT-0081,N,24960.0,"** If you create a monthly minimum between levels, you must use the per closed loan fee of the lower level.  						
** Implementation fees should be discounted by 10% for all The Mortgage Collaborative (TMC) Lender Member Companies.
** Retail and broker business channels are treated as a single business channel if implemented at the same time.  
** If customer wants to add additional channels after the initial service deployment there may be additional costs. 
**MeridianLink Mortgage Platform Fee item must be included with ALL new mortgage LOS sales.",,,,,,,,,,,,,,Primary Service,,MeridianLink Mortgage LOS  with 3 implementations,Tier 6,300.0,399.0,Primary Product
Origination - Mortgage,MeridianLink Mortgage,Primary Service,MeridianLink,MeridianLink Mortgage LOS Tier 07 (225-299 Closed Loans/Mon) no implementation,Closed Loans / Mon,MeridianLink Mortgage LOS Module,N,0.0,MORT-0019,,,86.0,MORT-0012,MORT-0012,MORT-0081,N,19350.0,"Add-On. Only to be selected for years 2-5
**MeridianLink Mortgage Platform Fee item must be included with ALL new mortgage LOS sales.",,,,,,,,,,,,,,Primary Service,,MeridianLink Mortgage LOS  with no implementation,Tier 7,225.0,299.0,Primary Product
Origination - Mortgage,MeridianLink Mortgage,Primary Service,MeridianLink,MeridianLink Mortgage LOS Tier 07 (225-299 Closed Loans/Mon) with 1 implementation,Closed Loans / Mon,MeridianLink Mortgage LOS Module,N,7950.0,MORT-0019,,,86.0,MORT-0012,MORT-0012,MORT-0081,N,19350.0,"** If you create a monthly minimum between levels, you must use the per closed loan fee of the lower level.  						
** Implementation fees should be discounted by 10% for all The Mortgage Collaborative (TMC) Lender Member Companies.
** Retail and broker business channels are treated as a single business channel if implemented at the same time.  
** If customer wants to add additional channels after the initial service deployment there may be additional costs. 
**MeridianLink Mortgage Platform Fee item must be included with ALL new mortgage LOS sales.",,,,,,,,,,,,,,Primary Service,,MeridianLink Mortgage LOS with 1 implementation,Tier 7,225.0,299.0,Primary Product
Origination - Mortgage,MeridianLink Mortgage,Primary Service,MeridianLink,MeridianLink Mortgage LOS Tier 07 (225-299 Closed Loans/Mon) with 2 implementations,Closed Loans / Mon,MeridianLink Mortgage LOS Module,N,13200.0,MORT-0019,,,86.0,MORT-0012,MORT-0012,MORT-0081,N,19350.0,"** If you create a monthly minimum between levels, you must use the per closed loan fee of the lower level.  						
** Implementation fees should be discounted by 10% for all The Mortgage Collaborative (TMC) Lender Member Companies.
** Retail and broker business channels are treated as a single business channel if implemented at the same time.  
** If customer wants to add additional channels after the initial service deployment there may be additional costs. 
**MeridianLink Mortgage Platform Fee item must be included with ALL new mortgage LOS sales.",,,,,,,,,,,,,,Primary Service,,MeridianLink Mortgage LOS with 2 implementations,Tier 7,225.0,299.0,Primary Product
Origination - Mortgage,MeridianLink Mortgage,Primary Service,MeridianLink,MeridianLink Mortgage LOS Tier 07 (225-299 Closed Loans/Mon) with 3 implementations,Closed Loans / Mon,MeridianLink Mortgage LOS Module,N,18425.0,MORT-0019,,,86.0,MORT-0012,MORT-0012,MORT-0081,N,19350.0,"** If you create a monthly minimum between levels, you must use the per closed loan fee of the lower level.  						
** Implementation fees should be discounted by 10% for all The Mortgage Collaborative (TMC) Lender Member Companies.
** Retail and broker business channels are treated as a single business channel if implemented at the same time.  
** If customer wants to add additional channels after the initial service deployment there may be additional costs. 
**MeridianLink Mortgage Platform Fee item must be included with ALL new mortgage LOS sales.",,,,,,,,,,,,,,Primary Service,,MeridianLink Mortgage LOS  with 3 implementations,Tier 7,225.0,299.0,Primary Product
Origination - Mortgage,MeridianLink Mortgage,Primary Service,MeridianLink,MeridianLink Mortgage LOS Tier 08 (170-224 Closed Loans/Mon) no implementation,Closed Loans / Mon,MeridianLink Mortgage LOS Module,N,0.0,MORT-0019,,,88.6,MORT-0012,MORT-0012,MORT-0081,N,15062.0,"Add-On. Only to be selected for years 2-5
**MeridianLink Mortgage Platform Fee item must be included with ALL new mortgage LOS sales.",,,,,,,,,,,,,,Primary Service,,MeridianLink Mortgage LOS  with no implementation,Tier 8,170.0,224.0,Primary Product
Origination - Mortgage,MeridianLink Mortgage,Primary Service,MeridianLink,MeridianLink Mortgage LOS Tier 08 (170-224 Closed Loans/Mon) with 1 implementation,Closed Loans / Mon,MeridianLink Mortgage LOS Module,N,7950.0,MORT-0019,,,88.6,MORT-0012,MORT-0012,MORT-0081,N,15062.0,"** If you create a monthly minimum between levels, you must use the per closed loan fee of the lower level.  						
** Implementation fees should be discounted by 10% for all The Mortgage Collaborative (TMC) Lender Member Companies.
** Retail and broker business channels are treated as a single business channel if implemented at the same time.  
** If customer wants to add additional channels after the initial service deployment there may be additional costs. 
**MeridianLink Mortgage Platform Fee item must be included with ALL new mortgage LOS sales.",,,,,,,,,,,,,,Primary Service,,MeridianLink Mortgage LOS with 1 implementation,Tier 8,170.0,224.0,Primary Product
Origination - Mortgage,MeridianLink Mortgage,Primary Service,MeridianLink,MeridianLink Mortgage LOS Tier 08 (170-224 Closed Loans/Mon) with 2 implementations,Closed Loans / Mon,MeridianLink Mortgage LOS Module,N,13200.0,MORT-0019,,,88.6,MORT-0012,MORT-0012,MORT-0081,N,15062.0,"** If you create a monthly minimum between levels, you must use the per closed loan fee of the lower level.  						
** Implementation fees should be discounted by 10% for all The Mortgage Collaborative (TMC) Lender Member Companies.
** Retail and broker business channels are treated as a single business channel if implemented at the same time.  
** If customer wants to add additional channels after the initial service deployment there may be additional costs. 
**MeridianLink Mortgage Platform Fee item must be included with ALL new mortgage LOS sales.",,,,,,,,,,,,,,Primary Service,,MeridianLink Mortgage LOS with 2 implementations,Tier 8,170.0,224.0,Primary Product
Origination - Mortgage,MeridianLink Mortgage,Primary Service,MeridianLink,MeridianLink Mortgage LOS Tier 08 (170-224 Closed Loans/Mon) with 3 implementations,Closed Loans / Mon,MeridianLink Mortgage LOS Module,N,18425.0,MORT-0019,,,88.6,MORT-0012,MORT-0012,MORT-0081,N,15062.0,"** If you create a monthly minimum between levels, you must use the per closed loan fee of the lower level.  						
** Implementation fees should be discounted by 10% for all The Mortgage Collaborative (TMC) Lender Member Companies.
** Retail and broker business channels are treated as a single business channel if implemented at the same time.  
** If customer wants to add additional channels after the initial service deployment there may be additional costs. 
**MeridianLink Mortgage Platform Fee item must be included with ALL new mortgage LOS sales.",,,,,,,,,,,,,,Primary Service,,MeridianLink Mortgage LOS  with 3 implementations,Tier 8,170.0,224.0,Primary Product
Origination - Mortgage,MeridianLink Mortgage,Primary Service,MeridianLink,MeridianLink Mortgage LOS Tier 09 (135-169 Closed Loans/Mon) no implementation,Closed Loans / Mon,MeridianLink Mortgage LOS Module,N,0.0,MORT-0019,,,90.8,MORT-0012,MORT-0012,MORT-0081,N,12258.0,"Add-On. Only to be selected for years 2-5
**MeridianLink Mortgage Platform Fee item must be included with ALL new mortgage LOS sales.",,,,,,,,,,,,,,Primary Service,,MeridianLink Mortgage LOS  with no implementation,Tier 9,135.0,169.0,Primary Product
Origination - Mortgage,MeridianLink Mortgage,Primary Service,MeridianLink,MeridianLink Mortgage LOS Tier 09 (135-169 Closed Loans/Mon) with 1 implementation,Closed Loans / Mon,MeridianLink Mortgage LOS Module,N,7950.0,MORT-0019,,,90.8,MORT-0012,MORT-0012,MORT-0081,N,12258.0,"** If you create a monthly minimum between levels, you must use the per closed loan fee of the lower level.  						
** Implementation fees should be discounted by 10% for all The Mortgage Collaborative (TMC) Lender Member Companies.
** Retail and broker business channels are treated as a single business channel if implemented at the same time.  
** If customer wants to add additional channels after the initial service deployment there may be additional costs. 
**MeridianLink Mortgage Platform Fee item must be included with ALL new mortgage LOS sales.",,,,,,,,,,,,,,Primary Service,,MeridianLink Mortgage LOS with 1 implementation,Tier 9,135.0,169.0,Primary Product
Origination - Mortgage,MeridianLink Mortgage,Primary Service,MeridianLink,MeridianLink Mortgage LOS Tier 09 (135-169 Closed Loans/Mon) with 2 implementations,Closed Loans / Mon,MeridianLink Mortgage LOS Module,N,13200.0,MORT-0019,,,90.8,MORT-0012,MORT-0012,MORT-0081,N,12258.0,"** If you create a monthly minimum between levels, you must use the per closed loan fee of the lower level.  						
** Implementation fees should be discounted by 10% for all The Mortgage Collaborative (TMC) Lender Member Companies.
** Retail and broker business channels are treated as a single business channel if implemented at the same time.  
** If customer wants to add additional channels after the initial service deployment there may be additional costs. 
**MeridianLink Mortgage Platform Fee item must be included with ALL new mortgage LOS sales.",,,,,,,,,,,,,,Primary Service,,MeridianLink Mortgage LOS with 2 implementations,Tier 9,135.0,169.0,Primary Product
Origination - Mortgage,MeridianLink Mortgage,Primary Service,MeridianLink,MeridianLink Mortgage LOS Tier 09 (135-169 Closed Loans/Mon) with 3 implementations,Closed Loans / Mon,MeridianLink Mortgage LOS Module,N,18425.0,MORT-0019,,,90.8,MORT-0012,MORT-0012,MORT-0081,N,12258.0,"** If you create a monthly minimum between levels, you must use the per closed loan fee of the lower level.  						
** Implementation fees should be discounted by 10% for all The Mortgage Collaborative (TMC) Lender Member Companies.
** Retail and broker business channels are treated as a single business channel if implemented at the same time.  
** If customer wants to add additional channels after the initial service deployment there may be additional costs. 
**MeridianLink Mortgage Platform Fee item must be included with ALL new mortgage LOS sales.",,,,,,,,,,,,,,Primary Service,,MeridianLink Mortgage LOS  with 3 implementations,Tier 9,135.0,169.0,Primary Product
Origination - Mortgage,MeridianLink Mortgage,Primary Service,MeridianLink,MeridianLink Mortgage LOS with DocMagic First Lien Loans Tier 01 (1200+ Closed Loans/Month) with 1 implementation,Closed Loans / Mon,MeridianLink Mortgage LOS Module with DocMagic First Lien Liens,N,7950.0,MORT-0131,,,98.2,MORT-0146,MORT-0146,MORT-0145,N,117840.0,"Cannot be sold to customer with existing DocMagic relationship. If you create a monthly minimum between levels, you must use the per closed loan fee of the lower level.  
**MeridianLink Mortgage Platform Fee item must be included with ALL new mortgage LOS sales.
",,,,1 AND 2,Constraint,Customer must not have existing DocMagic relationship,Dependent,Must be sold with MeridianLink Mortgage with DocMagic Subordinate Lien,,,,,,Primary Service,,MeridianLink Mortgage LOS with DocMagic First Lien Loans with 1 implementation,Tier 1,1200.0,0.0,Primary Product
Origination - Mortgage,MeridianLink Mortgage,Primary Service,MeridianLink,MeridianLink Mortgage LOS with DocMagic First Lien Loans Tier 01 (1200+ Closed Loans/Month) with 2 implementations,Closed Loans / Mon,MeridianLink Mortgage LOS Module with DocMagic First Lien Liens,N,13200.0,MORT-0131,,,98.2,MORT-0146,MORT-0146,MORT-0145,N,117840.0,"Cannot be sold to customer with existing DocMagic relationship. If you create a monthly minimum between levels, you must use the per closed loan fee of the lower level.  
**MeridianLink Mortgage Platform Fee item must be included with ALL new mortgage LOS sales.
",,,,1 AND 2,Constraint,Customer must not have existing DocMagic relationship,Dependent,Must be sold with MeridianLink Mortgage with DocMagic Subordinate Lien,,,,,,Primary Service,,MeridianLink Mortgage LOS with DocMagic First Lien Loans with 2 implementations,Tier 1,1200.0,0.0,Primary Product
Origination - Mortgage,MeridianLink Mortgage,Primary Service,MeridianLink,MeridianLink Mortgage LOS with DocMagic First Lien Loans Tier 01 (1200+ Closed Loans/Month) with 3 implementations,Closed Loans / Mon,MeridianLink Mortgage LOS Module with DocMagic First Lien Liens,N,18425.0,MORT-0131,,,98.2,MORT-0146,MORT-0146,MORT-0145,N,117840.0,"Cannot be sold to customer with existing DocMagic relationship. If you create a monthly minimum between levels, you must use the per closed loan fee of the lower level.  
**MeridianLink Mortgage Platform Fee item must be included with ALL new mortgage LOS sales.
",,,,1 AND 2,Constraint,Customer must not have existing DocMagic relationship,Dependent,Must be sold with MeridianLink Mortgage with DocMagic Subordinate Lien,,,,,,Primary Service,,MeridianLink Mortgage LOS with DocMagic First Lien Loans with 3 implementations,Tier 1,1200.0,0.0,Primary Product
Origination - Mortgage,MeridianLink Mortgage,Primary Service,MeridianLink,MeridianLink Mortgage LOS with DocMagic First Lien Loans Tier 01 (1200+ Closed Loans/Month) with no implementation,Closed Loans / Mon,MeridianLink Mortgage LOS Module with DocMagic First Lien Liens,N,0.0,MORT-0131,,,98.2,MORT-0146,MORT-0146,MORT-0145,N,117840.0,"Cannot be sold to customer with existing DocMagic relationship. If you create a monthly minimum between levels, you must use the per closed loan fee of the lower level.  
**MeridianLink Mortgage Platform Fee item must be included with ALL new mortgage LOS sales.
",,,,1 AND 2,Constraint,Customer must not have existing DocMagic relationship,Dependent,Must be sold with MeridianLink Mortgage with DocMagic Subordinate Lien,,,,,,Primary Service,,MeridianLink Mortgage LOS with DocMagic First Lien Loans with no implementation,Tier 1,1200.0,0.0,Primary Product
Origination - Mortgage,MeridianLink Mortgage,Primary Service,MeridianLink,MeridianLink Mortgage LOS with DocMagic First Lien Loans Tier 10 (110 - 134 Closed Loans/Month) with 1 implementation,Closed Loans / Mon,MeridianLink Mortgage LOS Module with DocMagic First Lien Liens,N,7950.0,MORT-0131,,,119.4,MORT-0146,MORT-0146,MORT-0145,N,13134.0,"Cannot be sold to customer with existing DocMagic relationship. If you create a monthly minimum between levels, you must use the per closed loan fee of the lower level.  
**MeridianLink Mortgage Platform Fee item must be included with ALL new mortgage LOS sales.
",,,,1 AND 2,Constraint,Customer must not have existing DocMagic relationship,Dependent,Must be sold with MeridianLink Mortgage with DocMagic Subordinate Lien,,,,,,Primary Service,,MeridianLink Mortgage LOS with DocMagic First Lien Loans with 1 implementation,Tier 10,110.0,134.0,Primary Product
Origination - Mortgage,MeridianLink Mortgage,Primary Service,MeridianLink,MeridianLink Mortgage LOS with DocMagic First Lien Loans Tier 10 (110 - 134 Closed Loans/Month) with 2 implementations,Closed Loans / Mon,MeridianLink Mortgage LOS Module with DocMagic First Lien Liens,N,13200.0,MORT-0131,,,119.4,MORT-0146,MORT-0146,MORT-0145,N,13134.0,"Cannot be sold to customer with existing DocMagic relationship. If you create a monthly minimum between levels, you must use the per closed loan fee of the lower level.  
**MeridianLink Mortgage Platform Fee item must be included with ALL new mortgage LOS sales.
",,,,1 AND 2,Constraint,Customer must not have existing DocMagic relationship,Dependent,Must be sold with MeridianLink Mortgage with DocMagic Subordinate Lien,,,,,,Primary Service,,MeridianLink Mortgage LOS with DocMagic First Lien Loans with 2 implementations,Tier 10,110.0,134.0,Primary Product
Origination - Mortgage,MeridianLink Mortgage,Primary Service,MeridianLink,MeridianLink Mortgage LOS with DocMagic First Lien Loans Tier 10 (110 - 134 Closed Loans/Month) with 3 implementations,Closed Loans / Mon,MeridianLink Mortgage LOS Module with DocMagic First Lien Liens,N,18425.0,MORT-0131,,,119.4,MORT-0146,MORT-0146,MORT-0145,N,13134.0,"Cannot be sold to customer with existing DocMagic relationship. If you create a monthly minimum between levels, you must use the per closed loan fee of the lower level.  
**MeridianLink Mortgage Platform Fee item must be included with ALL new mortgage LOS sales.
",,,,1 AND 2,Constraint,Customer must not have existing DocMagic relationship,Dependent,Must be sold with MeridianLink Mortgage with DocMagic Subordinate Lien,,,,,,Primary Service,,MeridianLink Mortgage LOS with DocMagic First Lien Loans with 3 implementations,Tier 10,110.0,134.0,Primary Product
Origination - Mortgage,MeridianLink Mortgage,Primary Service,MeridianLink,MeridianLink Mortgage LOS with DocMagic First Lien Loans Tier 10 (110 - 134 Closed Loans/Month) with no implementations,Closed Loans / Mon,MeridianLink Mortgage LOS Module with DocMagic First Lien Liens,N,0.0,MORT-0131,,,119.4,MORT-0146,MORT-0146,MORT-0145,N,13134.0,"Cannot be sold to customer with existing DocMagic relationship. If you create a monthly minimum between levels, you must use the per closed loan fee of the lower level.  
**MeridianLink Mortgage Platform Fee item must be included with ALL new mortgage LOS sales.
",,,,1 AND 2,Constraint,Customer must not have existing DocMagic relationship,Dependent,Must be sold with MeridianLink Mortgage with DocMagic Subordinate Lien,,,,,,Primary Service,,MeridianLink Mortgage LOS with DocMagic First Lien Loans with no implementation,Tier 10,110.0,134.0,Primary Product
Origination - Mortgage,MeridianLink Mortgage,Primary Service,MeridianLink,MeridianLink Mortgage LOS with DocMagic First Lien Loans Tier 11 (90 - 109 Closed Loans/Month) with 1 implementation,Closed Loans / Mon,MeridianLink Mortgage LOS Module with DocMagic First Lien Liens,N,7950.0,MORT-0131,,,121.4,MORT-0146,MORT-0146,MORT-0145,N,10926.0,"Cannot be sold to customer with existing DocMagic relationship. If you create a monthly minimum between levels, you must use the per closed loan fee of the lower level.  
**MeridianLink Mortgage Platform Fee item must be included with ALL new mortgage LOS sales.
",,,,1 AND 2,Constraint,Customer must not have existing DocMagic relationship,Dependent,Must be sold with MeridianLink Mortgage with DocMagic Subordinate Lien,,,,,,Primary Service,,MeridianLink Mortgage LOS with DocMagic First Lien Loans with 1 implementation,Tier 11,90.0,109.0,Primary Product
Origination - Mortgage,MeridianLink Mortgage,Primary Service,MeridianLink,MeridianLink Mortgage LOS with DocMagic First Lien Loans Tier 11 (90 - 109 Closed Loans/Month) with 2 implementations,Closed Loans / Mon,MeridianLink Mortgage LOS Module with DocMagic First Lien Liens,N,13200.0,MORT-0131,,,121.4,MORT-0146,MORT-0146,MORT-0145,N,10926.0,"Cannot be sold to customer with existing DocMagic relationship. If you create a monthly minimum between levels, you must use the per closed loan fee of the lower level.  
**MeridianLink Mortgage Platform Fee item must be included with ALL new mortgage LOS sales.
",,,,1 AND 2,Constraint,Customer must not have existing DocMagic relationship,Dependent,Must be sold with MeridianLink Mortgage with DocMagic Subordinate Lien,,,,,,Primary Service,,MeridianLink Mortgage LOS with DocMagic First Lien Loans with 2 implementations,Tier 11,90.0,109.0,Primary Product
Origination - Mortgage,MeridianLink Mortgage,Primary Service,MeridianLink,MeridianLink Mortgage LOS with DocMagic First Lien Loans Tier 11 (90 - 109 Closed Loans/Month) with 3 implementations,Closed Loans / Mon,MeridianLink Mortgage LOS Module with DocMagic First Lien Liens,N,18425.0,MORT-0131,,,121.4,MORT-0146,MORT-0146,MORT-0145,N,10926.0,"Cannot be sold to customer with existing DocMagic relationship. If you create a monthly minimum between levels, you must use the per closed loan fee of the lower level.  
**MeridianLink Mortgage Platform Fee item must be included with ALL new mortgage LOS sales.
",,,,1 AND 2,Constraint,Customer must not have existing DocMagic relationship,Dependent,Must be sold with MeridianLink Mortgage with DocMagic Subordinate Lien,,,,,,Primary Service,,MeridianLink Mortgage LOS with DocMagic First Lien Loans with 3 implementations,Tier 11,90.0,109.0,Primary Product
Origination - Mortgage,MeridianLink Mortgage,Primary Service,MeridianLink,MeridianLink Mortgage LOS with DocMagic First Lien Loans Tier 11 (90 - 109 Closed Loans/Month) with no implementations,Closed Loans / Mon,MeridianLink Mortgage LOS Module with DocMagic First Lien Liens,N,0.0,MORT-0131,,,121.4,MORT-0146,MORT-0146,MORT-0145,N,10926.0,"Cannot be sold to customer with existing DocMagic relationship. If you create a monthly minimum between levels, you must use the per closed loan fee of the lower level.  
**MeridianLink Mortgage Platform Fee item must be included with ALL new mortgage LOS sales.
",,,,1 AND 2,Constraint,Customer must not have existing DocMagic relationship,Dependent,Must be sold with MeridianLink Mortgage with DocMagic Subordinate Lien,,,,,,Primary Service,,MeridianLink Mortgage LOS with DocMagic First Lien Loans with no implementation,Tier 11,90.0,109.0,Primary Product
Origination - Mortgage,MeridianLink Mortgage,Primary Service,MeridianLink,MeridianLink Mortgage LOS with DocMagic First Lien Loans Tier 12 (75 - 89 Closed Loans/Month) with 1 implementation,Closed Loans / Mon,MeridianLink Mortgage LOS Module with DocMagic First Lien Liens,N,7950.0,MORT-0131,,,123.4,MORT-0146,MORT-0146,MORT-0145,N,9255.0,"Cannot be sold to customer with existing DocMagic relationship. If you create a monthly minimum between levels, you must use the per closed loan fee of the lower level.  
**MeridianLink Mortgage Platform Fee item must be included with ALL new mortgage LOS sales.
",,,,1 AND 2,Constraint,Customer must not have existing DocMagic relationship,Dependent,Must be sold with MeridianLink Mortgage with DocMagic Subordinate Lien,,,,,,Primary Service,,MeridianLink Mortgage LOS with DocMagic First Lien Loans with 1 implementation,Tier 12,75.0,89.0,Primary Product
Origination - Mortgage,MeridianLink Mortgage,Primary Service,MeridianLink,MeridianLink Mortgage LOS with DocMagic First Lien Loans Tier 12 (75 - 89 Closed Loans/Month) with 2 implementations,Closed Loans / Mon,MeridianLink Mortgage LOS Module with DocMagic First Lien Liens,N,13200.0,MORT-0131,,,123.4,MORT-0146,MORT-0146,MORT-0145,N,9255.0,"Cannot be sold to customer with existing DocMagic relationship. If you create a monthly minimum between levels, you must use the per closed loan fee of the lower level.  
**MeridianLink Mortgage Platform Fee item must be included with ALL new mortgage LOS sales.
",,,,1 AND 2,Constraint,Customer must not have existing DocMagic relationship,Dependent,Must be sold with MeridianLink Mortgage with DocMagic Subordinate Lien,,,,,,Primary Service,,MeridianLink Mortgage LOS with DocMagic First Lien Loans with 2 implementations,Tier 12,75.0,89.0,Primary Product
Origination - Mortgage,MeridianLink Mortgage,Primary Service,MeridianLink,MeridianLink Mortgage LOS with DocMagic First Lien Loans Tier 12 (75 - 89 Closed Loans/Month) with 3 implementations,Closed Loans / Mon,MeridianLink Mortgage LOS Module with DocMagic First Lien Liens,N,18425.0,MORT-0131,,,123.4,MORT-0146,MORT-0146,MORT-0145,N,9255.0,"Cannot be sold to customer with existing DocMagic relationship. If you create a monthly minimum between levels, you must use the per closed loan fee of the lower level.  
**MeridianLink Mortgage Platform Fee item must be included with ALL new mortgage LOS sales.
",,,,1 AND 2,Constraint,Customer must not have existing DocMagic relationship,Dependent,Must be sold with MeridianLink Mortgage with DocMagic Subordinate Lien,,,,,,Primary Service,,MeridianLink Mortgage LOS with DocMagic First Lien Loans with 3 implementations,Tier 12,75.0,89.0,Primary Product
Origination - Mortgage,MeridianLink Mortgage,Primary Service,MeridianLink,MeridianLink Mortgage LOS with DocMagic First Lien Loans Tier 12 (75 - 89 Closed Loans/Month) with no implementations,Closed Loans / Mon,MeridianLink Mortgage LOS Module with DocMagic First Lien Liens,N,0.0,MORT-0131,,,123.4,MORT-0146,MORT-0146,MORT-0145,N,9255.0,"Cannot be sold to customer with existing DocMagic relationship. If you create a monthly minimum between levels, you must use the per closed loan fee of the lower level.  
**MeridianLink Mortgage Platform Fee item must be included with ALL new mortgage LOS sales.
",,,,1 AND 2,Constraint,Customer must not have existing DocMagic relationship,Dependent,Must be sold with MeridianLink Mortgage with DocMagic Subordinate Lien,,,,,,Primary Service,,MeridianLink Mortgage LOS with DocMagic First Lien Loans with no implementation,Tier 12,75.0,89.0,Primary Product
Origination - Mortgage,MeridianLink Mortgage,Primary Service,MeridianLink,MeridianLink Mortgage LOS with DocMagic First Lien Loans Tier 13 (60 - 74 Closed Loans/Month) with 1 implementation,Closed Loans / Mon,MeridianLink Mortgage LOS Module with DocMagic First Lien Liens,N,7950.0,MORT-0131,,,125.8,MORT-0146,MORT-0146,MORT-0145,N,7548.0,"Cannot be sold to customer with existing DocMagic relationship. If you create a monthly minimum between levels, you must use the per closed loan fee of the lower level.  
**MeridianLink Mortgage Platform Fee item must be included with ALL new mortgage LOS sales.
",,,,1 AND 2,Constraint,Customer must not have existing DocMagic relationship,Dependent,Must be sold with MeridianLink Mortgage with DocMagic Subordinate Lien,,,,,,Primary Service,,MeridianLink Mortgage LOS with DocMagic First Lien Loans with 1 implementation,Tier 13,60.0,74.0,Primary Product
Origination - Mortgage,MeridianLink Mortgage,Primary Service,MeridianLink,MeridianLink Mortgage LOS with DocMagic First Lien Loans Tier 13 (60 - 74 Closed Loans/Month) with 2 implementations,Closed Loans / Mon,MeridianLink Mortgage LOS Module with DocMagic First Lien Liens,N,13200.0,MORT-0131,,,125.8,MORT-0146,MORT-0146,MORT-0145,N,7548.0,"Cannot be sold to customer with existing DocMagic relationship. If you create a monthly minimum between levels, you must use the per closed loan fee of the lower level.  
**MeridianLink Mortgage Platform Fee item must be included with ALL new mortgage LOS sales.
",,,,1 AND 2,Constraint,Customer must not have existing DocMagic relationship,Dependent,Must be sold with MeridianLink Mortgage with DocMagic Subordinate Lien,,,,,,Primary Service,,MeridianLink Mortgage LOS with DocMagic First Lien Loans with 2 implementations,Tier 13,60.0,74.0,Primary Product
Origination - Mortgage,MeridianLink Mortgage,Primary Service,MeridianLink,MeridianLink Mortgage LOS with DocMagic First Lien Loans Tier 13 (60 - 74 Closed Loans/Month) with 3 implementations,Closed Loans / Mon,MeridianLink Mortgage LOS Module with DocMagic First Lien Liens,N,18425.0,MORT-0131,,,125.8,MORT-0146,MORT-0146,MORT-0145,N,7548.0,"Cannot be sold to customer with existing DocMagic relationship. If you create a monthly minimum between levels, you must use the per closed loan fee of the lower level.  
**MeridianLink Mortgage Platform Fee item must be included with ALL new mortgage LOS sales.
",,,,1 AND 2,Constraint,Customer must not have existing DocMagic relationship,Dependent,Must be sold with MeridianLink Mortgage with DocMagic Subordinate Lien,,,,,,Primary Service,,MeridianLink Mortgage LOS with DocMagic First Lien Loans with 3 implementations,Tier 13,60.0,74.0,Primary Product
Origination - Mortgage,MeridianLink Mortgage,Primary Service,MeridianLink,MeridianLink Mortgage LOS with DocMagic First Lien Loans Tier 13 (60 - 74 Closed Loans/Month) with no implementations,Closed Loans / Mon,MeridianLink Mortgage LOS Module with DocMagic First Lien Liens,N,0.0,MORT-0131,,,125.8,MORT-0146,MORT-0146,MORT-0145,N,7548.0,"Cannot be sold to customer with existing DocMagic relationship. If you create a monthly minimum between levels, you must use the per closed loan fee of the lower level.  
**MeridianLink Mortgage Platform Fee item must be included with ALL new mortgage LOS sales.
",,,,1 AND 2,Constraint,Customer must not have existing DocMagic relationship,Dependent,Must be sold with MeridianLink Mortgage with DocMagic Subordinate Lien,,,,,,Primary Service,,MeridianLink Mortgage LOS with DocMagic First Lien Loans with no implementation,Tier 13,60.0,74.0,Primary Product
Origination - Mortgage,MeridianLink Mortgage,Primary Service,MeridianLink,MeridianLink Mortgage LOS with DocMagic First Lien Loans Tier 14 (45 - 59 Closed Loans/Month) with 1 implementation,Closed Loans / Mon,MeridianLink Mortgage LOS Module with DocMagic First Lien Liens,N,7950.0,MORT-0131,,,128.8,MORT-0146,MORT-0146,MORT-0145,N,5796.0,"Cannot be sold to customer with existing DocMagic relationship. If you create a monthly minimum between levels, you must use the per closed loan fee of the lower level.  
**MeridianLink Mortgage Platform Fee item must be included with ALL new mortgage LOS sales.
",,,,1 AND 2,Constraint,Customer must not have existing DocMagic relationship,Dependent,Must be sold with MeridianLink Mortgage with DocMagic Subordinate Lien,,,,,,Primary Service,,MeridianLink Mortgage LOS with DocMagic First Lien Loans with 1 implementation,Tier 14,45.0,59.0,Primary Product
Origination - Mortgage,MeridianLink Mortgage,Primary Service,MeridianLink,MeridianLink Mortgage LOS with DocMagic First Lien Loans Tier 14 (45 - 59 Closed Loans/Month) with 2 implementations,Closed Loans / Mon,MeridianLink Mortgage LOS Module with DocMagic First Lien Liens,N,13200.0,MORT-0131,,,128.8,MORT-0146,MORT-0146,MORT-0145,N,5796.0,"Cannot be sold to customer with existing DocMagic relationship. If you create a monthly minimum between levels, you must use the per closed loan fee of the lower level.  
**MeridianLink Mortgage Platform Fee item must be included with ALL new mortgage LOS sales.
",,,,1 AND 2,Constraint,Customer must not have existing DocMagic relationship,Dependent,Must be sold with MeridianLink Mortgage with DocMagic Subordinate Lien,,,,,,Primary Service,,MeridianLink Mortgage LOS with DocMagic First Lien Loans with 2 implementations,Tier 14,45.0,59.0,Primary Product
Origination - Mortgage,MeridianLink Mortgage,Primary Service,MeridianLink,MeridianLink Mortgage LOS with DocMagic First Lien Loans Tier 14 (45 - 59 Closed Loans/Month) with 3 implementations,Closed Loans / Mon,MeridianLink Mortgage LOS Module with DocMagic First Lien Liens,N,18425.0,MORT-0131,,,128.8,MORT-0146,MORT-0146,MORT-0145,N,5796.0,"Cannot be sold to customer with existing DocMagic relationship. If you create a monthly minimum between levels, you must use the per closed loan fee of the lower level.  
**MeridianLink Mortgage Platform Fee item must be included with ALL new mortgage LOS sales.
",,,,1 AND 2,Constraint,Customer must not have existing DocMagic relationship,Dependent,Must be sold with MeridianLink Mortgage with DocMagic Subordinate Lien,,,,,,Primary Service,,MeridianLink Mortgage LOS with DocMagic First Lien Loans with 3 implementations,Tier 14,45.0,59.0,Primary Product
Origination - Mortgage,MeridianLink Mortgage,Primary Service,MeridianLink,MeridianLink Mortgage LOS with DocMagic First Lien Loans Tier 14 (45 - 59 Closed Loans/Month) with no implementations,Closed Loans / Mon,MeridianLink Mortgage LOS Module with DocMagic First Lien Liens,N,0.0,MORT-0131,,,128.8,MORT-0146,MORT-0146,MORT-0145,N,5796.0,"Cannot be sold to customer with existing DocMagic relationship. If you create a monthly minimum between levels, you must use the per closed loan fee of the lower level.  
**MeridianLink Mortgage Platform Fee item must be included with ALL new mortgage LOS sales.
",,,,1 AND 2,Constraint,Customer must not have existing DocMagic relationship,Dependent,Must be sold with MeridianLink Mortgage with DocMagic Subordinate Lien,,,,,,Primary Service,,MeridianLink Mortgage LOS with DocMagic First Lien Loans with no implementation,Tier 14,45.0,59.0,Primary Product
Origination - Mortgage,MeridianLink Mortgage,Primary Service,MeridianLink,MeridianLink Mortgage LOS with DocMagic First Lien Loans Tier 15 (30 - 44 Closed Loans/Month) with 1 implementation,Closed Loans / Mon,MeridianLink Mortgage LOS Module with DocMagic First Lien Liens,N,7950.0,MORT-0131,,,133.6,MORT-0146,MORT-0146,MORT-0145,N,4008.0,"Cannot be sold to customer with existing DocMagic relationship. If you create a monthly minimum between levels, you must use the per closed loan fee of the lower level.  
**MeridianLink Mortgage Platform Fee item must be included with ALL new mortgage LOS sales.
",,,,1 AND 2,Constraint,Customer must not have existing DocMagic relationship,Dependent,Must be sold with MeridianLink Mortgage with DocMagic Subordinate Lien,,,,,,Primary Service,,MeridianLink Mortgage LOS with DocMagic First Lien Loans with 1 implementation,Tier 15,30.0,44.0,Primary Product
Origination - Mortgage,MeridianLink Mortgage,Primary Service,MeridianLink,MeridianLink Mortgage LOS with DocMagic First Lien Loans Tier 15 (30 - 44 Closed Loans/Month) with 2 implementations,Closed Loans / Mon,MeridianLink Mortgage LOS Module with DocMagic First Lien Liens,N,13200.0,MORT-0131,,,133.6,MORT-0146,MORT-0146,MORT-0145,N,4008.0,"Cannot be sold to customer with existing DocMagic relationship. If you create a monthly minimum between levels, you must use the per closed loan fee of the lower level.  
**MeridianLink Mortgage Platform Fee item must be included with ALL new mortgage LOS sales.
",,,,1 AND 2,Constraint,Customer must not have existing DocMagic relationship,Dependent,Must be sold with MeridianLink Mortgage with DocMagic Subordinate Lien,,,,,,Primary Service,,MeridianLink Mortgage LOS with DocMagic First Lien Loans with 2 implementations,Tier 15,30.0,44.0,Primary Product
Origination - Mortgage,MeridianLink Mortgage,Primary Service,MeridianLink,MeridianLink Mortgage LOS with DocMagic First Lien Loans Tier 15 (30 - 44 Closed Loans/Month) with 3 implementations,Closed Loans / Mon,MeridianLink Mortgage LOS Module with DocMagic First Lien Liens,N,18425.0,MORT-0131,,,133.6,MORT-0146,MORT-0146,MORT-0145,N,4008.0,"Cannot be sold to customer with existing DocMagic relationship. If you create a monthly minimum between levels, you must use the per closed loan fee of the lower level.  
**MeridianLink Mortgage Platform Fee item must be included with ALL new mortgage LOS sales.
",,,,1 AND 2,Constraint,Customer must not have existing DocMagic relationship,Dependent,Must be sold with MeridianLink Mortgage with DocMagic Subordinate Lien,,,,,,Primary Service,,MeridianLink Mortgage LOS with DocMagic First Lien Loans with 3 implementations,Tier 15,30.0,44.0,Primary Product
Origination - Mortgage,MeridianLink Mortgage,Primary Service,MeridianLink,MeridianLink Mortgage LOS with DocMagic First Lien Loans Tier 15 (30 - 44 Closed Loans/Month) with no implementations,Closed Loans / Mon,MeridianLink Mortgage LOS Module with DocMagic First Lien Liens,N,0.0,MORT-0131,,,133.6,MORT-0146,MORT-0146,MORT-0145,N,4008.0,"Cannot be sold to customer with existing DocMagic relationship. If you create a monthly minimum between levels, you must use the per closed loan fee of the lower level.  
**MeridianLink Mortgage Platform Fee item must be included with ALL new mortgage LOS sales.
",,,,1 AND 2,Constraint,Customer must not have existing DocMagic relationship,Dependent,Must be sold with MeridianLink Mortgage with DocMagic Subordinate Lien,,,,,,Primary Service,,MeridianLink Mortgage LOS with DocMagic First Lien Loans with no implementation,Tier 15,30.0,44.0,Primary Product
Origination - Mortgage,MeridianLink Mortgage,Primary Service,MeridianLink,MeridianLink Mortgage LOS with DocMagic First Lien Loans Tier 16 (15-29 Closed Loans/Month) with 1 implementation,Closed Loans / Mon,MeridianLink Mortgage LOS Module with DocMagic First Lien Liens,N,7950.0,MORT-0131,,,141.8,MORT-0146,MORT-0146,MORT-0145,N,2127.0,"Cannot be sold to customer with existing DocMagic relationship. If you create a monthly minimum between levels, you must use the per closed loan fee of the lower level.  
**MeridianLink Mortgage Platform Fee item must be included with ALL new mortgage LOS sales.
",,,,1 AND 2,Constraint,Customer must not have existing DocMagic relationship,Dependent,Must be sold with MeridianLink Mortgage with DocMagic Subordinate Lien,,,,,,Primary Service,,MeridianLink Mortgage LOS with DocMagic First Lien Loans with 1 implementation,Tier 16,15.0,29.0,Primary Product
Origination - Mortgage,MeridianLink Mortgage,Primary Service,MeridianLink,MeridianLink Mortgage LOS with DocMagic First Lien Loans Tier 16 (15-29 Closed Loans/Month) with 2 implementations,Closed Loans / Mon,MeridianLink Mortgage LOS Module with DocMagic First Lien Liens,N,13200.0,MORT-0131,,,141.8,MORT-0146,MORT-0146,MORT-0145,N,2127.0,"Cannot be sold to customer with existing DocMagic relationship. If you create a monthly minimum between levels, you must use the per closed loan fee of the lower level.  
**MeridianLink Mortgage Platform Fee item must be included with ALL new mortgage LOS sales.
",,,,1 AND 2,Constraint,Customer must not have existing DocMagic relationship,Dependent,Must be sold with MeridianLink Mortgage with DocMagic Subordinate Lien,,,,,,Primary Service,,MeridianLink Mortgage LOS with DocMagic First Lien Loans with 2 implementations,Tier 16,15.0,29.0,Primary Product
Origination - Mortgage,MeridianLink Mortgage,Primary Service,MeridianLink,MeridianLink Mortgage LOS with DocMagic First Lien Loans Tier 16 (15-29 Closed Loans/Month) with 3 implementations,Closed Loans / Mon,MeridianLink Mortgage LOS Module with DocMagic First Lien Liens,N,18425.0,MORT-0131,,,141.8,MORT-0146,MORT-0146,MORT-0145,N,2127.0,"Cannot be sold to customer with existing DocMagic relationship. If you create a monthly minimum between levels, you must use the per closed loan fee of the lower level.  
**MeridianLink Mortgage Platform Fee item must be included with ALL new mortgage LOS sales.
",,,,1 AND 2,Constraint,Customer must not have existing DocMagic relationship,Dependent,Must be sold with MeridianLink Mortgage with DocMagic Subordinate Lien,,,,,,Primary Service,,MeridianLink Mortgage LOS with DocMagic First Lien Loans with 3 implementations,Tier 16,15.0,29.0,Primary Product
Origination - Mortgage,MeridianLink Mortgage,Primary Service,MeridianLink,MeridianLink Mortgage LOS with DocMagic First Lien Loans Tier 16 (15-29 Closed Loans/Month) with no implementations,Closed Loans / Mon,MeridianLink Mortgage LOS Module with DocMagic First Lien Liens,N,0.0,MORT-0131,,,141.8,MORT-0146,MORT-0146,MORT-0145,N,2127.0,"Cannot be sold to customer with existing DocMagic relationship. If you create a monthly minimum between levels, you must use the per closed loan fee of the lower level.  
**MeridianLink Mortgage Platform Fee item must be included with ALL new mortgage LOS sales.
",,,,1 AND 2,Constraint,Customer must not have existing DocMagic relationship,Dependent,Must be sold with MeridianLink Mortgage with DocMagic Subordinate Lien,,,,,,Primary Service,,MeridianLink Mortgage LOS with DocMagic First Lien Loans with no implementation,Tier 16,15.0,29.0,Primary Product
Origination - Mortgage,MeridianLink Mortgage,Primary Service,MeridianLink,MeridianLink Mortgage LOS with DocMagic First Lien Loans Tier 17 (10-14 Closed Loans/Month) with 1 implementation,Closed Loans / Mon,MeridianLink Mortgage LOS Module with DocMagic First Lien Liens,N,7950.0,MORT-0131,,,147.0,MORT-0146,MORT-0146,MORT-0145,N,1470.0,"Cannot be sold to customer with existing DocMagic relationship. If you create a monthly minimum between levels, you must use the per closed loan fee of the lower level.  
**MeridianLink Mortgage Platform Fee item must be included with ALL new mortgage LOS sales.
",,,,1 AND 2,Constraint,Customer must not have existing DocMagic relationship,Dependent,Must be sold with MeridianLink Mortgage with DocMagic Subordinate Lien,,,,,,Primary Service,,MeridianLink Mortgage LOS with DocMagic First Lien Loans with 1 implementation,Tier 17,10.0,14.0,Primary Product
Origination - Mortgage,MeridianLink Mortgage,Primary Service,MeridianLink,MeridianLink Mortgage LOS with DocMagic First Lien Loans Tier 17 (10-14 Closed Loans/Month) with 2 implementations,Closed Loans / Mon,MeridianLink Mortgage LOS Module with DocMagic First Lien Liens,N,13200.0,MORT-0131,,,147.0,MORT-0146,MORT-0146,MORT-0145,N,1470.0,"Cannot be sold to customer with existing DocMagic relationship. If you create a monthly minimum between levels, you must use the per closed loan fee of the lower level.  
**MeridianLink Mortgage Platform Fee item must be included with ALL new mortgage LOS sales.
",,,,1 AND 2,Constraint,Customer must not have existing DocMagic relationship,Dependent,Must be sold with MeridianLink Mortgage with DocMagic Subordinate Lien,,,,,,Primary Service,,MeridianLink Mortgage LOS with DocMagic First Lien Loans with 2 implementations,Tier 17,10.0,14.0,Primary Product
Origination - Mortgage,MeridianLink Mortgage,Primary Service,MeridianLink,MeridianLink Mortgage LOS with DocMagic First Lien Loans Tier 17 (10-14 Closed Loans/Month) with 3 implementations,Closed Loans / Mon,MeridianLink Mortgage LOS Module with DocMagic First Lien Liens,N,18425.0,MORT-0131,,,147.0,MORT-0146,MORT-0146,MORT-0145,N,1470.0,"Cannot be sold to customer with existing DocMagic relationship. If you create a monthly minimum between levels, you must use the per closed loan fee of the lower level.  
**MeridianLink Mortgage Platform Fee item must be included with ALL new mortgage LOS sales.
",,,,1 AND 2,Constraint,Customer must not have existing DocMagic relationship,Dependent,Must be sold with MeridianLink Mortgage with DocMagic Subordinate Lien,,,,,,Primary Service,,MeridianLink Mortgage LOS with DocMagic First Lien Loans with 3 implementations,Tier 17,10.0,14.0,Primary Product
Origination - Mortgage,MeridianLink Mortgage,Primary Service,MeridianLink,MeridianLink Mortgage LOS with DocMagic First Lien Loans Tier 17 (10-14 Closed Loans/Month) with no implementations,Closed Loans / Mon,MeridianLink Mortgage LOS Module with DocMagic First Lien Liens,N,0.0,MORT-0131,,,147.0,MORT-0146,MORT-0146,MORT-0145,N,1470.0,"Cannot be sold to customer with existing DocMagic relationship. If you create a monthly minimum between levels, you must use the per closed loan fee of the lower level.  
**MeridianLink Mortgage Platform Fee item must be included with ALL new mortgage LOS sales.
",,,,1 AND 2,Constraint,Customer must not have existing DocMagic relationship,Dependent,Must be sold with MeridianLink Mortgage with DocMagic Subordinate Lien,,,,,,Primary Service,,MeridianLink Mortgage LOS with DocMagic First Lien Loans with no implementation,Tier 17,10.0,14.0,Primary Product
Origination - Mortgage,MeridianLink Mortgage,Primary Service,MeridianLink,MeridianLink Mortgage LOS with DocMagic First Lien Loans Tier 02 (900 - 1199 Closed Loans/Month) with 1 implementation,Closed Loans / Mon,MeridianLink Mortgage LOS Module with DocMagic First Lien Liens,N,7950.0,MORT-0131,,,100.4,MORT-0146,MORT-0146,MORT-0145,N,90360.0,"Cannot be sold to customer with existing DocMagic relationship. If you create a monthly minimum between levels, you must use the per closed loan fee of the lower level.  
**MeridianLink Mortgage Platform Fee item must be included with ALL new mortgage LOS sales.
",,,,1 AND 2,Constraint,Customer must not have existing DocMagic relationship,Dependent,Must be sold with MeridianLink Mortgage with DocMagic Subordinate Lien,,,,,,Primary Service,,MeridianLink Mortgage LOS with DocMagic First Lien Loans with 1 implementation,Tier 2,900.0,1199.0,Primary Product
Origination - Mortgage,MeridianLink Mortgage,Primary Service,MeridianLink,MeridianLink Mortgage LOS with DocMagic First Lien Loans Tier 02 (900 - 1199 Closed Loans/Month) with 2 implementations,Closed Loans / Mon,MeridianLink Mortgage LOS Module with DocMagic First Lien Liens,N,13200.0,MORT-0131,,,100.4,MORT-0146,MORT-0146,MORT-0145,N,90360.0,"Cannot be sold to customer with existing DocMagic relationship. If you create a monthly minimum between levels, you must use the per closed loan fee of the lower level.  
**MeridianLink Mortgage Platform Fee item must be included with ALL new mortgage LOS sales.
",,,,1 AND 2,Constraint,Customer must not have existing DocMagic relationship,Dependent,Must be sold with MeridianLink Mortgage with DocMagic Subordinate Lien,,,,,,Primary Service,,MeridianLink Mortgage LOS with DocMagic First Lien Loans with 2 implementations,Tier 2,900.0,1199.0,Primary Product
Origination - Mortgage,MeridianLink Mortgage,Primary Service,MeridianLink,MeridianLink Mortgage LOS with DocMagic First Lien Loans Tier 02 (900 - 1199 Closed Loans/Month) with 3 implementations,Closed Loans / Mon,MeridianLink Mortgage LOS Module with DocMagic First Lien Liens,N,18425.0,MORT-0131,,,100.4,MORT-0146,MORT-0146,MORT-0145,N,90360.0,"Cannot be sold to customer with existing DocMagic relationship. If you create a monthly minimum between levels, you must use the per closed loan fee of the lower level.  
**MeridianLink Mortgage Platform Fee item must be included with ALL new mortgage LOS sales.
",,,,1 AND 2,Constraint,Customer must not have existing DocMagic relationship,Dependent,Must be sold with MeridianLink Mortgage with DocMagic Subordinate Lien,,,,,,Primary Service,,MeridianLink Mortgage LOS with DocMagic First Lien Loans with 3 implementations,Tier 2,900.0,1199.0,Primary Product
Origination - Mortgage,MeridianLink Mortgage,Primary Service,MeridianLink,MeridianLink Mortgage LOS with DocMagic First Lien Loans Tier 02 (900 - 1199 Closed Loans/Month) with no implementations,Closed Loans / Mon,MeridianLink Mortgage LOS Module with DocMagic First Lien Liens,N,0.0,MORT-0131,,,100.4,MORT-0146,MORT-0146,MORT-0145,N,90360.0,"Cannot be sold to customer with existing DocMagic relationship. If you create a monthly minimum between levels, you must use the per closed loan fee of the lower level.  
**MeridianLink Mortgage Platform Fee item must be included with ALL new mortgage LOS sales.
",,,,1 AND 2,Constraint,Customer must not have existing DocMagic relationship,Dependent,Must be sold with MeridianLink Mortgage with DocMagic Subordinate Lien,,,,,,Primary Service,,MeridianLink Mortgage LOS with DocMagic First Lien Loans with no implementation,Tier 2,900.0,1199.0,Primary Product
Origination - Mortgage,MeridianLink Mortgage,Primary Service,MeridianLink,MeridianLink Mortgage LOS with DocMagic First Lien Loans Tier 03 (675 - 899 Closed Loans/Month) with 1 implementation,Closed Loans / Mon,MeridianLink Mortgage LOS Module with DocMagic First Lien Liens,N,7950.0,MORT-0131,,,102.8,MORT-0146,MORT-0146,MORT-0145,N,69390.0,"Cannot be sold to customer with existing DocMagic relationship. If you create a monthly minimum between levels, you must use the per closed loan fee of the lower level.  
**MeridianLink Mortgage Platform Fee item must be included with ALL new mortgage LOS sales.
",,,,1 AND 2,Constraint,Customer must not have existing DocMagic relationship,Dependent,Must be sold with MeridianLink Mortgage with DocMagic Subordinate Lien,,,,,,Primary Service,,MeridianLink Mortgage LOS with DocMagic First Lien Loans with 1 implementation,Tier 3,675.0,899.0,Primary Product
Origination - Mortgage,MeridianLink Mortgage,Primary Service,MeridianLink,MeridianLink Mortgage LOS with DocMagic First Lien Loans Tier 03 (675 - 899 Closed Loans/Month) with 2 implementations,Closed Loans / Mon,MeridianLink Mortgage LOS Module with DocMagic First Lien Liens,N,13200.0,MORT-0131,,,102.8,MORT-0146,MORT-0146,MORT-0145,N,69390.0,"Cannot be sold to customer with existing DocMagic relationship. If you create a monthly minimum between levels, you must use the per closed loan fee of the lower level.  
**MeridianLink Mortgage Platform Fee item must be included with ALL new mortgage LOS sales.
",,,,1 AND 2,Constraint,Customer must not have existing DocMagic relationship,Dependent,Must be sold with MeridianLink Mortgage with DocMagic Subordinate Lien,,,,,,Primary Service,,MeridianLink Mortgage LOS with DocMagic First Lien Loans with 2 implementations,Tier 3,675.0,899.0,Primary Product
Origination - Mortgage,MeridianLink Mortgage,Primary Service,MeridianLink,MeridianLink Mortgage LOS with DocMagic First Lien Loans Tier 03 (675 - 899 Closed Loans/Month) with 3 implementations,Closed Loans / Mon,MeridianLink Mortgage LOS Module with DocMagic First Lien Liens,N,18425.0,MORT-0131,,,102.8,MORT-0146,MORT-0146,MORT-0145,N,69390.0,"Cannot be sold to customer with existing DocMagic relationship. If you create a monthly minimum between levels, you must use the per closed loan fee of the lower level.  
**MeridianLink Mortgage Platform Fee item must be included with ALL new mortgage LOS sales.
",,,,1 AND 2,Constraint,Customer must not have existing DocMagic relationship,Dependent,Must be sold with MeridianLink Mortgage with DocMagic Subordinate Lien,,,,,,Primary Service,,MeridianLink Mortgage LOS with DocMagic First Lien Loans with 3 implementations,Tier 3,675.0,899.0,Primary Product
Origination - Mortgage,MeridianLink Mortgage,Primary Service,MeridianLink,MeridianLink Mortgage LOS with DocMagic First Lien Loans Tier 03 (675 - 899 Closed Loans/Month) with no implementations,Closed Loans / Mon,MeridianLink Mortgage LOS Module with DocMagic First Lien Liens,N,0.0,MORT-0131,,,102.8,MORT-0146,MORT-0146,MORT-0145,N,69390.0,"Cannot be sold to customer with existing DocMagic relationship. If you create a monthly minimum between levels, you must use the per closed loan fee of the lower level.  
**MeridianLink Mortgage Platform Fee item must be included with ALL new mortgage LOS sales.
",,,,1 AND 2,Constraint,Customer must not have existing DocMagic relationship,Dependent,Must be sold with MeridianLink Mortgage with DocMagic Subordinate Lien,,,,,,Primary Service,,MeridianLink Mortgage LOS with DocMagic First Lien Loans with no implementation,Tier 3,675.0,899.0,Primary Product
Origination - Mortgage,MeridianLink Mortgage,Primary Service,MeridianLink,MeridianLink Mortgage LOS with DocMagic First Lien Loans Tier 04 (525 - 674 Closed Loans/Month) with 1 implementation,Closed Loans / Mon,MeridianLink Mortgage LOS Module with DocMagic First Lien Liens,N,7950.0,MORT-0131,,,105.0,MORT-0146,MORT-0146,MORT-0145,N,55125.0,"Cannot be sold to customer with existing DocMagic relationship. If you create a monthly minimum between levels, you must use the per closed loan fee of the lower level.  
**MeridianLink Mortgage Platform Fee item must be included with ALL new mortgage LOS sales.
",,,,1 AND 2,Constraint,Customer must not have existing DocMagic relationship,Dependent,Must be sold with MeridianLink Mortgage with DocMagic Subordinate Lien,,,,,,Primary Service,,MeridianLink Mortgage LOS with DocMagic First Lien Loans with 1 implementation,Tier 4,525.0,674.0,Primary Product
Origination - Mortgage,MeridianLink Mortgage,Primary Service,MeridianLink,MeridianLink Mortgage LOS with DocMagic First Lien Loans Tier 04 (525 - 674 Closed Loans/Month) with 2 implementations,Closed Loans / Mon,MeridianLink Mortgage LOS Module with DocMagic First Lien Liens,N,13200.0,MORT-0131,,,105.0,MORT-0146,MORT-0146,MORT-0145,N,55125.0,"Cannot be sold to customer with existing DocMagic relationship. If you create a monthly minimum between levels, you must use the per closed loan fee of the lower level.  
**MeridianLink Mortgage Platform Fee item must be included with ALL new mortgage LOS sales.
",,,,1 AND 2,Constraint,Customer must not have existing DocMagic relationship,Dependent,Must be sold with MeridianLink Mortgage with DocMagic Subordinate Lien,,,,,,Primary Service,,MeridianLink Mortgage LOS with DocMagic First Lien Loans with 2 implementations,Tier 4,525.0,674.0,Primary Product
Origination - Mortgage,MeridianLink Mortgage,Primary Service,MeridianLink,MeridianLink Mortgage LOS with DocMagic First Lien Loans Tier 04 (525 - 674 Closed Loans/Month) with 3 implementations,Closed Loans / Mon,MeridianLink Mortgage LOS Module with DocMagic First Lien Liens,N,18425.0,MORT-0131,,,105.0,MORT-0146,MORT-0146,MORT-0145,N,55125.0,"Cannot be sold to customer with existing DocMagic relationship. If you create a monthly minimum between levels, you must use the per closed loan fee of the lower level.  
**MeridianLink Mortgage Platform Fee item must be included with ALL new mortgage LOS sales.
",,,,1 AND 2,Constraint,Customer must not have existing DocMagic relationship,Dependent,Must be sold with MeridianLink Mortgage with DocMagic Subordinate Lien,,,,,,Primary Service,,MeridianLink Mortgage LOS with DocMagic First Lien Loans with 3 implementations,Tier 4,525.0,674.0,Primary Product
Origination - Mortgage,MeridianLink Mortgage,Primary Service,MeridianLink,MeridianLink Mortgage LOS with DocMagic First Lien Loans Tier 04 (525 - 674 Closed Loans/Month) with no implementations,Closed Loans / Mon,MeridianLink Mortgage LOS Module with DocMagic First Lien Liens,N,0.0,MORT-0131,,,105.0,MORT-0146,MORT-0146,MORT-0145,N,55125.0,"Cannot be sold to customer with existing DocMagic relationship. If you create a monthly minimum between levels, you must use the per closed loan fee of the lower level.  
**MeridianLink Mortgage Platform Fee item must be included with ALL new mortgage LOS sales.
",,,,1 AND 2,Constraint,Customer must not have existing DocMagic relationship,Dependent,Must be sold with MeridianLink Mortgage with DocMagic Subordinate Lien,,,,,,Primary Service,,MeridianLink Mortgage LOS with DocMagic First Lien Loans with no implementation,Tier 4,525.0,674.0,Primary Product
Origination - Mortgage,MeridianLink Mortgage,Primary Service,MeridianLink,MeridianLink Mortgage LOS with DocMagic First Lien Loans Tier 05 (400 - 524 Closed Loans/Month) with 1 implementation,Closed Loans / Mon,MeridianLink Mortgage LOS Module with DocMagic First Lien Liens,N,7950.0,MORT-0131,,,107.2,MORT-0146,MORT-0146,MORT-0145,N,42880.0,"Cannot be sold to customer with existing DocMagic relationship. If you create a monthly minimum between levels, you must use the per closed loan fee of the lower level.  
**MeridianLink Mortgage Platform Fee item must be included with ALL new mortgage LOS sales.
",,,,1 AND 2,Constraint,Customer must not have existing DocMagic relationship,Dependent,Must be sold with MeridianLink Mortgage with DocMagic Subordinate Lien,,,,,,Primary Service,,MeridianLink Mortgage LOS with DocMagic First Lien Loans with 1 implementation,Tier 5,400.0,524.0,Primary Product
Origination - Mortgage,MeridianLink Mortgage,Primary Service,MeridianLink,MeridianLink Mortgage LOS with DocMagic First Lien Loans Tier 05 (400 - 524 Closed Loans/Month) with 2 implementations,Closed Loans / Mon,MeridianLink Mortgage LOS Module with DocMagic First Lien Liens,N,13200.0,MORT-0131,,,107.2,MORT-0146,MORT-0146,MORT-0145,N,42880.0,"Cannot be sold to customer with existing DocMagic relationship. If you create a monthly minimum between levels, you must use the per closed loan fee of the lower level.  
**MeridianLink Mortgage Platform Fee item must be included with ALL new mortgage LOS sales.
",,,,1 AND 2,Constraint,Customer must not have existing DocMagic relationship,Dependent,Must be sold with MeridianLink Mortgage with DocMagic Subordinate Lien,,,,,,Primary Service,,MeridianLink Mortgage LOS with DocMagic First Lien Loans with 2 implementations,Tier 5,400.0,524.0,Primary Product
Origination - Mortgage,MeridianLink Mortgage,Primary Service,MeridianLink,MeridianLink Mortgage LOS with DocMagic First Lien Loans Tier 05 (400 - 524 Closed Loans/Month) with 3 implementations,Closed Loans / Mon,MeridianLink Mortgage LOS Module with DocMagic First Lien Liens,N,18425.0,MORT-0131,,,107.2,MORT-0146,MORT-0146,MORT-0145,N,42880.0,"Cannot be sold to customer with existing DocMagic relationship. If you create a monthly minimum between levels, you must use the per closed loan fee of the lower level.  
**MeridianLink Mortgage Platform Fee item must be included with ALL new mortgage LOS sales.
",,,,1 AND 2,Constraint,Customer must not have existing DocMagic relationship,Dependent,Must be sold with MeridianLink Mortgage with DocMagic Subordinate Lien,,,,,,Primary Service,,MeridianLink Mortgage LOS with DocMagic First Lien Loans with 3 implementations,Tier 5,400.0,524.0,Primary Product
Origination - Mortgage,MeridianLink Mortgage,Primary Service,MeridianLink,MeridianLink Mortgage LOS with DocMagic First Lien Loans Tier 05 (400 - 524 Closed Loans/Month) with no implementations,Closed Loans / Mon,MeridianLink Mortgage LOS Module with DocMagic First Lien Liens,N,0.0,MORT-0131,,,107.2,MORT-0146,MORT-0146,MORT-0145,N,42880.0,"Cannot be sold to customer with existing DocMagic relationship. If you create a monthly minimum between levels, you must use the per closed loan fee of the lower level.  
**MeridianLink Mortgage Platform Fee item must be included with ALL new mortgage LOS sales.
",,,,1 AND 2,Constraint,Customer must not have existing DocMagic relationship,Dependent,Must be sold with MeridianLink Mortgage with DocMagic Subordinate Lien,,,,,,Primary Service,,MeridianLink Mortgage LOS with DocMagic First Lien Loans with no implementation,Tier 5,400.0,524.0,Primary Product
Origination - Mortgage,MeridianLink Mortgage,Primary Service,MeridianLink,MeridianLink Mortgage LOS with DocMagic First Lien Loans Tier 06 (300 - 399 Closed Loans/Month) with 1 implementation,Closed Loans / Mon,MeridianLink Mortgage LOS Module with DocMagic First Lien Liens,N,7950.0,MORT-0131,,,109.8,MORT-0146,MORT-0146,MORT-0145,N,32940.0,"Cannot be sold to customer with existing DocMagic relationship. If you create a monthly minimum between levels, you must use the per closed loan fee of the lower level.  
**MeridianLink Mortgage Platform Fee item must be included with ALL new mortgage LOS sales.
",,,,1 AND 2,Constraint,Customer must not have existing DocMagic relationship,Dependent,Must be sold with MeridianLink Mortgage with DocMagic Subordinate Lien,,,,,,Primary Service,,MeridianLink Mortgage LOS with DocMagic First Lien Loans with 1 implementation,Tier 6,300.0,399.0,Primary Product
Origination - Mortgage,MeridianLink Mortgage,Primary Service,MeridianLink,MeridianLink Mortgage LOS with DocMagic First Lien Loans Tier 06 (300 - 399 Closed Loans/Month) with 2 implentations,Closed Loans / Mon,MeridianLink Mortgage LOS Module with DocMagic First Lien Liens,N,13200.0,MORT-0131,,,109.8,MORT-0146,MORT-0146,MORT-0145,N,32940.0,"Cannot be sold to customer with existing DocMagic relationship. If you create a monthly minimum between levels, you must use the per closed loan fee of the lower level.  
**MeridianLink Mortgage Platform Fee item must be included with ALL new mortgage LOS sales.
",,,,1 AND 2,Constraint,Customer must not have existing DocMagic relationship,Dependent,Must be sold with MeridianLink Mortgage with DocMagic Subordinate Lien,,,,,,Primary Service,,MeridianLink Mortgage LOS with DocMagic First Lien Loans with 2 implementations,Tier 6,300.0,399.0,Primary Product
Origination - Mortgage,MeridianLink Mortgage,Primary Service,MeridianLink,MeridianLink Mortgage LOS with DocMagic First Lien Loans Tier 06 (300 - 399 Closed Loans/Month) with 3 implementations,Closed Loans / Mon,MeridianLink Mortgage LOS Module with DocMagic First Lien Liens,N,18425.0,MORT-0131,,,109.8,MORT-0146,MORT-0146,MORT-0145,N,32940.0,"Cannot be sold to customer with existing DocMagic relationship. If you create a monthly minimum between levels, you must use the per closed loan fee of the lower level.  
**MeridianLink Mortgage Platform Fee item must be included with ALL new mortgage LOS sales.
",,,,1 AND 2,Constraint,Customer must not have existing DocMagic relationship,Dependent,Must be sold with MeridianLink Mortgage with DocMagic Subordinate Lien,,,,,,Primary Service,,MeridianLink Mortgage LOS with DocMagic First Lien Loans with 3 implementations,Tier 6,300.0,399.0,Primary Product
Origination - Mortgage,MeridianLink Mortgage,Primary Service,MeridianLink,MeridianLink Mortgage LOS with DocMagic First Lien Loans Tier 06 (300 - 399 Closed Loans/Month) with no implementations,Closed Loans / Mon,MeridianLink Mortgage LOS Module with DocMagic First Lien Liens,N,0.0,MORT-0131,,,109.8,MORT-0146,MORT-0146,MORT-0145,N,32940.0,"Cannot be sold to customer with existing DocMagic relationship. If you create a monthly minimum between levels, you must use the per closed loan fee of the lower level.  
**MeridianLink Mortgage Platform Fee item must be included with ALL new mortgage LOS sales.
",,,,1 AND 2,Constraint,Customer must not have existing DocMagic relationship,Dependent,Must be sold with MeridianLink Mortgage with DocMagic Subordinate Lien,,,,,,Primary Service,,MeridianLink Mortgage LOS with DocMagic First Lien Loans with no implementation,Tier 6,300.0,399.0,Primary Product
Origination - Mortgage,MeridianLink Mortgage,Primary Service,MeridianLink,MeridianLink Mortgage LOS with DocMagic First Lien Loans Tier 07 (225 - 299 Closed Loans/Month) with 1 implementation,Closed Loans / Mon,MeridianLink Mortgage LOS Module with DocMagic First Lien Liens,N,7950.0,MORT-0131,,,112.6,MORT-0146,MORT-0146,MORT-0145,N,25335.0,"Cannot be sold to customer with existing DocMagic relationship. If you create a monthly minimum between levels, you must use the per closed loan fee of the lower level.  
**MeridianLink Mortgage Platform Fee item must be included with ALL new mortgage LOS sales.
",,,,1 AND 2,Constraint,Customer must not have existing DocMagic relationship,Dependent,Must be sold with MeridianLink Mortgage with DocMagic Subordinate Lien,,,,,,Primary Service,,MeridianLink Mortgage LOS with DocMagic First Lien Loans with 1 implementation,Tier 7,225.0,299.0,Primary Product
Origination - Mortgage,MeridianLink Mortgage,Primary Service,MeridianLink,MeridianLink Mortgage LOS with DocMagic First Lien Loans Tier 07 (225 - 299 Closed Loans/Month) with 2 implementations,Closed Loans / Mon,MeridianLink Mortgage LOS Module with DocMagic First Lien Liens,N,13200.0,MORT-0131,,,112.6,MORT-0146,MORT-0146,MORT-0145,N,25335.0,"Cannot be sold to customer with existing DocMagic relationship. If you create a monthly minimum between levels, you must use the per closed loan fee of the lower level.  
**MeridianLink Mortgage Platform Fee item must be included with ALL new mortgage LOS sales.
",,,,1 AND 2,Constraint,Customer must not have existing DocMagic relationship,Dependent,Must be sold with MeridianLink Mortgage with DocMagic Subordinate Lien,,,,,,Primary Service,,MeridianLink Mortgage LOS with DocMagic First Lien Loans with 2 implementations,Tier 7,225.0,299.0,Primary Product
Origination - Mortgage,MeridianLink Mortgage,Primary Service,MeridianLink,MeridianLink Mortgage LOS with DocMagic First Lien Loans Tier 07 (225 - 299 Closed Loans/Month) with 3 implementations,Closed Loans / Mon,MeridianLink Mortgage LOS Module with DocMagic First Lien Liens,N,18425.0,MORT-0131,,,112.6,MORT-0146,MORT-0146,MORT-0145,N,25335.0,"Cannot be sold to customer with existing DocMagic relationship. If you create a monthly minimum between levels, you must use the per closed loan fee of the lower level.  
**MeridianLink Mortgage Platform Fee item must be included with ALL new mortgage LOS sales.
",,,,1 AND 2,Constraint,Customer must not have existing DocMagic relationship,Dependent,Must be sold with MeridianLink Mortgage with DocMagic Subordinate Lien,,,,,,Primary Service,,MeridianLink Mortgage LOS with DocMagic First Lien Loans with 3 implementations,Tier 7,225.0,299.0,Primary Product
Origination - Mortgage,MeridianLink Mortgage,Primary Service,MeridianLink,MeridianLink Mortgage LOS with DocMagic First Lien Loans Tier 07 (225 - 299 Closed Loans/Month) with no implementations,Closed Loans / Mon,MeridianLink Mortgage LOS Module with DocMagic First Lien Liens,N,0.0,MORT-0131,,,112.6,MORT-0146,MORT-0146,MORT-0145,N,25335.0,"Cannot be sold to customer with existing DocMagic relationship. If you create a monthly minimum between levels, you must use the per closed loan fee of the lower level.  
**MeridianLink Mortgage Platform Fee item must be included with ALL new mortgage LOS sales.
",,,,1 AND 2,Constraint,Customer must not have existing DocMagic relationship,Dependent,Must be sold with MeridianLink Mortgage with DocMagic Subordinate Lien,,,,,,Primary Service,,MeridianLink Mortgage LOS with DocMagic First Lien Loans with no implementation,Tier 7,225.0,299.0,Primary Product
Origination - Mortgage,MeridianLink Mortgage,Primary Service,MeridianLink,MeridianLink Mortgage LOS with DocMagic First Lien Loans Tier 08 (170 - 224 Closed Loans/Month) with 1 implementation,Closed Loans / Mon,MeridianLink Mortgage LOS Module with DocMagic First Lien Liens,N,7950.0,MORT-0131,,,115.2,MORT-0146,MORT-0146,MORT-0145,N,19584.0,"Cannot be sold to customer with existing DocMagic relationship. If you create a monthly minimum between levels, you must use the per closed loan fee of the lower level.  
**MeridianLink Mortgage Platform Fee item must be included with ALL new mortgage LOS sales.
",,,,1 AND 2,Constraint,Customer must not have existing DocMagic relationship,Dependent,Must be sold with MeridianLink Mortgage with DocMagic Subordinate Lien,,,,,,Primary Service,,MeridianLink Mortgage LOS with DocMagic First Lien Loans with 1 implementation,Tier 8,170.0,224.0,Primary Product
Origination - Mortgage,MeridianLink Mortgage,Primary Service,MeridianLink,MeridianLink Mortgage LOS with DocMagic First Lien Loans Tier 08 (170 - 224 Closed Loans/Month) with 2 implementations,Closed Loans / Mon,MeridianLink Mortgage LOS Module with DocMagic First Lien Liens,N,13200.0,MORT-0131,,,115.2,MORT-0146,MORT-0146,MORT-0145,N,19584.0,"Cannot be sold to customer with existing DocMagic relationship. If you create a monthly minimum between levels, you must use the per closed loan fee of the lower level.  
**MeridianLink Mortgage Platform Fee item must be included with ALL new mortgage LOS sales.
",,,,1 AND 2,Constraint,Customer must not have existing DocMagic relationship,Dependent,Must be sold with MeridianLink Mortgage with DocMagic Subordinate Lien,,,,,,Primary Service,,MeridianLink Mortgage LOS with DocMagic First Lien Loans with 2 implementations,Tier 8,170.0,224.0,Primary Product
Origination - Mortgage,MeridianLink Mortgage,Primary Service,MeridianLink,MeridianLink Mortgage LOS with DocMagic First Lien Loans Tier 08 (170 - 224 Closed Loans/Month) with 3 implementations,Closed Loans / Mon,MeridianLink Mortgage LOS Module with DocMagic First Lien Liens,N,18425.0,MORT-0131,,,115.2,MORT-0146,MORT-0146,MORT-0145,N,19584.0,"Cannot be sold to customer with existing DocMagic relationship. If you create a monthly minimum between levels, you must use the per closed loan fee of the lower level.  
**MeridianLink Mortgage Platform Fee item must be included with ALL new mortgage LOS sales.
",,,,1 AND 2,Constraint,Customer must not have existing DocMagic relationship,Dependent,Must be sold with MeridianLink Mortgage with DocMagic Subordinate Lien,,,,,,Primary Service,,MeridianLink Mortgage LOS with DocMagic First Lien Loans with 3 implementations,Tier 8,170.0,224.0,Primary Product
Origination - Mortgage,MeridianLink Mortgage,Primary Service,MeridianLink,MeridianLink Mortgage LOS with DocMagic First Lien Loans Tier 08 (170 - 224 Closed Loans/Month) with no implementations,Closed Loans / Mon,MeridianLink Mortgage LOS Module with DocMagic First Lien Liens,N,0.0,MORT-0131,,,115.2,MORT-0146,MORT-0146,MORT-0145,N,19584.0,"Cannot be sold to customer with existing DocMagic relationship. If you create a monthly minimum between levels, you must use the per closed loan fee of the lower level.  
**MeridianLink Mortgage Platform Fee item must be included with ALL new mortgage LOS sales.
",,,,1 AND 2,Constraint,Customer must not have existing DocMagic relationship,Dependent,Must be sold with MeridianLink Mortgage with DocMagic Subordinate Lien,,,,,,Primary Service,,MeridianLink Mortgage LOS with DocMagic First Lien Loans with no implementation,Tier 8,170.0,224.0,Primary Product
Origination - Mortgage,MeridianLink Mortgage,Primary Service,MeridianLink,MeridianLink Mortgage LOS with DocMagic First Lien Loans Tier 09 (135 - 169 Closed Loans/Month) with 1 implementation,Closed Loans / Mon,MeridianLink Mortgage LOS Module with DocMagic First Lien Liens,N,7950.0,MORT-0131,,,117.4,MORT-0146,MORT-0146,MORT-0145,N,15849.0,"Cannot be sold to customer with existing DocMagic relationship. If you create a monthly minimum between levels, you must use the per closed loan fee of the lower level.  
**MeridianLink Mortgage Platform Fee item must be included with ALL new mortgage LOS sales.
",,,,1 AND 2,Constraint,Customer must not have existing DocMagic relationship,Dependent,Must be sold with MeridianLink Mortgage with DocMagic Subordinate Lien,,,,,,Primary Service,,MeridianLink Mortgage LOS with DocMagic First Lien Loans with 1 implementation,Tier 9,135.0,169.0,Primary Product
Origination - Mortgage,MeridianLink Mortgage,Primary Service,MeridianLink,MeridianLink Mortgage LOS with DocMagic First Lien Loans Tier 09 (135 - 169 Closed Loans/Month) with 2 implementations,Closed Loans / Mon,MeridianLink Mortgage LOS Module with DocMagic First Lien Liens,N,13200.0,MORT-0131,,,117.4,MORT-0146,MORT-0146,MORT-0145,N,15849.0,"Cannot be sold to customer with existing DocMagic relationship. If you create a monthly minimum between levels, you must use the per closed loan fee of the lower level.  
**MeridianLink Mortgage Platform Fee item must be included with ALL new mortgage LOS sales.
",,,,1 AND 2,Constraint,Customer must not have existing DocMagic relationship,Dependent,Must be sold with MeridianLink Mortgage with DocMagic Subordinate Lien,,,,,,Primary Service,,MeridianLink Mortgage LOS with DocMagic First Lien Loans with 2 implementations,Tier 9,135.0,169.0,Primary Product
Origination - Mortgage,MeridianLink Mortgage,Primary Service,MeridianLink,MeridianLink Mortgage LOS with DocMagic First Lien Loans Tier 09 (135 - 169 Closed Loans/Month) with 3 implementations,Closed Loans / Mon,MeridianLink Mortgage LOS Module with DocMagic First Lien Liens,N,18425.0,MORT-0131,,,117.4,MORT-0146,MORT-0146,MORT-0145,N,15849.0,"Cannot be sold to customer with existing DocMagic relationship. If you create a monthly minimum between levels, you must use the per closed loan fee of the lower level.  
**MeridianLink Mortgage Platform Fee item must be included with ALL new mortgage LOS sales.
",,,,1 AND 2,Constraint,Customer must not have existing DocMagic relationship,Dependent,Must be sold with MeridianLink Mortgage with DocMagic Subordinate Lien,,,,,,Primary Service,,MeridianLink Mortgage LOS with DocMagic First Lien Loans with 3 implementations,Tier 9,135.0,169.0,Primary Product
Origination - Mortgage,MeridianLink Mortgage,Primary Service,MeridianLink,MeridianLink Mortgage LOS with DocMagic First Lien Loans Tier 09 (135 - 169 Closed Loans/Month) with no implementations,Closed Loans / Mon,MeridianLink Mortgage LOS Module with DocMagic First Lien Liens,N,0.0,MORT-0131,,,117.4,MORT-0146,MORT-0146,MORT-0145,N,15849.0,"Cannot be sold to customer with existing DocMagic relationship. If you create a monthly minimum between levels, you must use the per closed loan fee of the lower level.  
**MeridianLink Mortgage Platform Fee item must be included with ALL new mortgage LOS sales.
",,,,1 AND 2,Constraint,Customer must not have existing DocMagic relationship,Dependent,Must be sold with MeridianLink Mortgage with DocMagic Subordinate Lien,,,,,,Primary Service,,MeridianLink Mortgage LOS with DocMagic First Lien Loans with no implementation,Tier 9,135.0,169.0,Primary Product
Origination - Mortgage,MeridianLink Mortgage,Primary Service,MeridianLink,MeridianLink Mortgage LOS with DocMagic Subordinate Lien Loans Tier 01 (1200+ Closed Loans/Month),Closed Loans / Mon,MeridianLink Mortgage LOS with DocMagic Subordinate Lien Loans,N,0.0,MORT-0132,,,73.25,MORT-0126 ,MORT-0126 ,MORT-0147,N,87900.0,"Cannot be sold to customers with existing DocMagic relationship.
**MeridianLink Mortgage Platform Fee item must be included with ALL new mortgage LOS sales.",,,,1 AND 2,Constraint,Customer must not have existing DocMagic relationship,Dependent,Must be sold with MeridianLink Mortgage with DocMagic First Lien Loans,,,,,,Primary Service,,MeridianLink Mortgage LOS with DocMagic Subordinate Lien Loans,Tier 1,1200.0,0.0,Primary Product
Origination - Mortgage,MeridianLink Mortgage,Primary Service,MeridianLink,MeridianLink Mortgage LOS with DocMagic Subordinate Lien Loans Tier 10 (110 - 134 Closed Loans/Month),Closed Loans / Mon,MeridianLink Mortgage LOS with DocMagic Subordinate Lien Loans,N,0.0,MORT-0132,,,87.2,MORT-0126 ,MORT-0126 ,MORT-0147,N,9592.0,"Cannot be sold to customers with existing DocMagic relationship.
**MeridianLink Mortgage Platform Fee item must be included with ALL new mortgage LOS sales.",,,,1 AND 2,Constraint,Customer must not have existing DocMagic relationship,Dependent,Must be sold with MeridianLink Mortgage with DocMagic First Lien Loans,,,,,,Primary Service,,MeridianLink Mortgage LOS with DocMagic Subordinate Lien Loans,Tier 10,110.0,134.0,Primary Product
Origination - Mortgage,MeridianLink Mortgage,Primary Service,MeridianLink,MeridianLink Mortgage LOS with DocMagic Subordinate Lien Loans Tier 11 (90 - 109 Closed Loans/Month),Closed Loans / Mon,MeridianLink Mortgage LOS with DocMagic Subordinate Lien Loans,N,0.0,MORT-0132,,,88.4,MORT-0126 ,MORT-0126 ,MORT-0147,N,7956.0,"Cannot be sold to customers with existing DocMagic relationship.
**MeridianLink Mortgage Platform Fee item must be included with ALL new mortgage LOS sales.",,,,1 AND 2,Constraint,Customer must not have existing DocMagic relationship,Dependent,Must be sold with MeridianLink Mortgage with DocMagic First Lien Loans,,,,,,Primary Service,,MeridianLink Mortgage LOS with DocMagic Subordinate Lien Loans,Tier 11,90.0,109.0,Primary Product
Origination - Mortgage,MeridianLink Mortgage,Primary Service,MeridianLink,MeridianLink Mortgage LOS with DocMagic Subordinate Lien Loans Tier 12 (75 - 89 Closed Loans/Month),Closed Loans / Mon,MeridianLink Mortgage LOS with DocMagic Subordinate Lien Loans,N,0.0,MORT-0132,,,89.6,MORT-0126 ,MORT-0126 ,MORT-0147,N,6720.0,"Cannot be sold to customers with existing DocMagic relationship.
**MeridianLink Mortgage Platform Fee item must be included with ALL new mortgage LOS sales.",,,,1 AND 2,Constraint,Customer must not have existing DocMagic relationship,Dependent,Must be sold with MeridianLink Mortgage with DocMagic First Lien Loans,,,,,,Primary Service,,MeridianLink Mortgage LOS with DocMagic Subordinate Lien Loans,Tier 12,75.0,89.0,Primary Product
Origination - Mortgage,MeridianLink Mortgage,Primary Service,MeridianLink,MeridianLink Mortgage LOS with DocMagic Subordinate Lien Loans Tier 13 (60 - 74 Closed Loans/Month),Closed Loans / Mon,MeridianLink Mortgage LOS with DocMagic Subordinate Lien Loans,N,0.0,MORT-0132,,,91.2,MORT-0126 ,MORT-0126 ,MORT-0147,N,5472.0,"Cannot be sold to customers with existing DocMagic relationship.
**MeridianLink Mortgage Platform Fee item must be included with ALL new mortgage LOS sales.",,,,1 AND 2,Constraint,Customer must not have existing DocMagic relationship,Dependent,Must be sold with MeridianLink Mortgage with DocMagic First Lien Loans,,,,,,Primary Service,,MeridianLink Mortgage LOS with DocMagic Subordinate Lien Loans,Tier 13,60.0,74.0,Primary Product
Origination - Mortgage,MeridianLink Mortgage,Primary Service,MeridianLink,MeridianLink Mortgage LOS with DocMagic Subordinate Lien Loans Tier 14 (45 - 59 Closed Loans/Month),Closed Loans / Mon,MeridianLink Mortgage LOS with DocMagic Subordinate Lien Loans,N,0.0,MORT-0132,,,93.2,MORT-0126 ,MORT-0126 ,MORT-0147,N,4194.0,"Cannot be sold to customers with existing DocMagic relationship.
**MeridianLink Mortgage Platform Fee item must be included with ALL new mortgage LOS sales.",,,,1 AND 2,Constraint,Customer must not have existing DocMagic relationship,Dependent,Must be sold with MeridianLink Mortgage with DocMagic First Lien Loans,,,,,,Primary Service,,MeridianLink Mortgage LOS with DocMagic Subordinate Lien Loans,Tier 14,45.0,59.0,Primary Product
Origination - Mortgage,MeridianLink Mortgage,Primary Service,MeridianLink,MeridianLink Mortgage LOS with DocMagic Subordinate Lien Loans Tier 15 (30 - 44 Closed Loans/Month),Closed Loans / Mon,MeridianLink Mortgage LOS with DocMagic Subordinate Lien Loans,N,0.0,MORT-0132,,,96.2,MORT-0126 ,MORT-0126 ,MORT-0147,N,2886.0,"Cannot be sold to customers with existing DocMagic relationship.
**MeridianLink Mortgage Platform Fee item must be included with ALL new mortgage LOS sales.",,,,1 AND 2,Constraint,Customer must not have existing DocMagic relationship,Dependent,Must be sold with MeridianLink Mortgage with DocMagic First Lien Loans,,,,,,Primary Service,,MeridianLink Mortgage LOS with DocMagic Subordinate Lien Loans,Tier 15,30.0,44.0,Primary Product
Origination - Mortgage,MeridianLink Mortgage,Primary Service,MeridianLink,MeridianLink Mortgage LOS with DocMagic Subordinate Lien Loans Tier 16 (15-29 Closed Loans/Month),Closed Loans / Mon,MeridianLink Mortgage LOS with DocMagic Subordinate Lien Loans,N,0.0,MORT-0132,,,101.6,MORT-0126 ,MORT-0126 ,MORT-0147,N,1524.0,"Cannot be sold to customers with existing DocMagic relationship.
**MeridianLink Mortgage Platform Fee item must be included with ALL new mortgage LOS sales.",,,,1 AND 2,Constraint,Customer must not have existing DocMagic relationship,Dependent,Must be sold with MeridianLink Mortgage with DocMagic First Lien Loans,,,,,,Primary Service,,MeridianLink Mortgage LOS with DocMagic Subordinate Lien Loans,Tier 16,15.0,29.0,Primary Product
Origination - Mortgage,MeridianLink Mortgage,Primary Service,MeridianLink,MeridianLink Mortgage LOS with DocMagic Subordinate Lien Loans Tier 17 (10-14 Closed Loans/Month),Closed Loans / Mon,MeridianLink Mortgage LOS with DocMagic Subordinate Lien Loans,N,0.0,MORT-0132,,,105.0,MORT-0126 ,MORT-0126 ,MORT-0147,N,1050.0,"Cannot be sold to customers with existing DocMagic relationship.
**MeridianLink Mortgage Platform Fee item must be included with ALL new mortgage LOS sales.",,,,1 AND 2,Constraint,Customer must not have existing DocMagic relationship,Dependent,Must be sold with MeridianLink Mortgage with DocMagic First Lien Loans,,,,,,Primary Service,,MeridianLink Mortgage LOS with DocMagic Subordinate Lien Loans,Tier 17,10.0,14.0,Primary Product
Origination - Mortgage,MeridianLink Mortgage,Primary Service,MeridianLink,MeridianLink Mortgage LOS with DocMagic Subordinate Lien Loans Tier 02 (900 - 1199 Closed Loans/Month),Closed Loans / Mon,MeridianLink Mortgage LOS with DocMagic Subordinate Lien Loans,N,0.0,MORT-0132,,,74.75,MORT-0126 ,MORT-0126 ,MORT-0147,N,67275.0,"Cannot be sold to customers with existing DocMagic relationship.
**MeridianLink Mortgage Platform Fee item must be included with ALL new mortgage LOS sales.",,,,1 AND 2,Constraint,Customer must not have existing DocMagic relationship,Dependent,Must be sold with MeridianLink Mortgage with DocMagic First Lien Loans,,,,,,Primary Service,,MeridianLink Mortgage LOS with DocMagic Subordinate Lien Loans,Tier 2,900.0,1199.0,Primary Product
Origination - Mortgage,MeridianLink Mortgage,Primary Service,MeridianLink,MeridianLink Mortgage LOS with DocMagic Subordinate Lien Loans Tier 03 (675 - 899 Closed Loans/Month),Closed Loans / Mon,MeridianLink Mortgage LOS with DocMagic Subordinate Lien Loans,N,0.0,MORT-0132,,,76.25,MORT-0126 ,MORT-0126 ,MORT-0147,N,51468.75,"Cannot be sold to customers with existing DocMagic relationship.
**MeridianLink Mortgage Platform Fee item must be included with ALL new mortgage LOS sales.",,,,1 AND 2,Constraint,Customer must not have existing DocMagic relationship,Dependent,Must be sold with MeridianLink Mortgage with DocMagic First Lien Loans,,,,,,Primary Service,,MeridianLink Mortgage LOS with DocMagic Subordinate Lien Loans,Tier 3,675.0,899.0,Primary Product
Origination - Mortgage,MeridianLink Mortgage,Primary Service,MeridianLink,MeridianLink Mortgage LOS with DocMagic Subordinate Lien Loans Tier 04 (525 - 674 Closed Loans/Month),Closed Loans / Mon,MeridianLink Mortgage LOS with DocMagic Subordinate Lien Loans,N,0.0,MORT-0132,,,77.6,MORT-0126 ,MORT-0126 ,MORT-0147,N,40740.0,"Cannot be sold to customers with existing DocMagic relationship.
**MeridianLink Mortgage Platform Fee item must be included with ALL new mortgage LOS sales.",,,,1 AND 2,Constraint,Customer must not have existing DocMagic relationship,Dependent,Must be sold with MeridianLink Mortgage with DocMagic First Lien Loans,,,,,,Primary Service,,MeridianLink Mortgage LOS with DocMagic Subordinate Lien Loans,Tier 4,525.0,674.0,Primary Product
Origination - Mortgage,MeridianLink Mortgage,Primary Service,MeridianLink,MeridianLink Mortgage LOS with DocMagic Subordinate Lien Loans Tier 05 (400 - 524 Closed Loans/Month),Closed Loans / Mon,MeridianLink Mortgage LOS with DocMagic Subordinate Lien Loans,N,0.0,MORT-0132,,,79.0,MORT-0126 ,MORT-0126 ,MORT-0147,N,31600.0,"Cannot be sold to customers with existing DocMagic relationship.
**MeridianLink Mortgage Platform Fee item must be included with ALL new mortgage LOS sales.",,,,1 AND 2,Constraint,Customer must not have existing DocMagic relationship,Dependent,Must be sold with MeridianLink Mortgage with DocMagic First Lien Loans,,,,,,Primary Service,,MeridianLink Mortgage LOS with DocMagic Subordinate Lien Loans,Tier 5,400.0,524.0,Primary Product
Origination - Mortgage,MeridianLink Mortgage,Primary Service,MeridianLink,MeridianLink Mortgage LOS with DocMagic Subordinate Lien Loans Tier 06 (300 - 399 Closed Loans/Month),Closed Loans / Mon,MeridianLink Mortgage LOS with DocMagic Subordinate Lien Loans,N,0.0,MORT-0132,,,80.8,MORT-0126 ,MORT-0126 ,MORT-0147,N,24240.0,"Cannot be sold to customers with existing DocMagic relationship.
**MeridianLink Mortgage Platform Fee item must be included with ALL new mortgage LOS sales.",,,,1 AND 2,Constraint,Customer must not have existing DocMagic relationship,Dependent,Must be sold with MeridianLink Mortgage with DocMagic First Lien Loans,,,,,,Primary Service,,MeridianLink Mortgage LOS with DocMagic Subordinate Lien Loans,Tier 6,300.0,399.0,Primary Product
Origination - Mortgage,MeridianLink Mortgage,Primary Service,MeridianLink,MeridianLink Mortgage LOS with DocMagic Subordinate Lien Loans Tier 07 (225 - 299 Closed Loans/Month),Closed Loans / Mon,MeridianLink Mortgage LOS with DocMagic Subordinate Lien Loans,N,0.0,MORT-0132,,,82.6,MORT-0126 ,MORT-0126 ,MORT-0147,N,18585.0,"Cannot be sold to customers with existing DocMagic relationship.
**MeridianLink Mortgage Platform Fee item must be included with ALL new mortgage LOS sales.",,,,1 AND 2,Constraint,Customer must not have existing DocMagic relationship,Dependent,Must be sold with MeridianLink Mortgage with DocMagic First Lien Loans,,,,,,Primary Service,,MeridianLink Mortgage LOS with DocMagic Subordinate Lien Loans,Tier 7,225.0,299.0,Primary Product
Origination - Mortgage,MeridianLink Mortgage,Primary Service,MeridianLink,MeridianLink Mortgage LOS with DocMagic Subordinate Lien Loans Tier 08 (170 - 224 Closed Loans/Month),Closed Loans / Mon,MeridianLink Mortgage LOS with DocMagic Subordinate Lien Loans,N,0.0,MORT-0132,,,84.4,MORT-0126 ,MORT-0126 ,MORT-0147,N,14348.0,"Cannot be sold to customers with existing DocMagic relationship.
**MeridianLink Mortgage Platform Fee item must be included with ALL new mortgage LOS sales.",,,,1 AND 2,Constraint,Customer must not have existing DocMagic relationship,Dependent,Must be sold with MeridianLink Mortgage with DocMagic First Lien Loans,,,,,,Primary Service,,MeridianLink Mortgage LOS with DocMagic Subordinate Lien Loans,Tier 8,170.0,224.0,Primary Product
Origination - Mortgage,MeridianLink Mortgage,Primary Service,MeridianLink,MeridianLink Mortgage LOS with DocMagic Subordinate Lien Loans Tier 09 (135 - 169 Closed Loans/Month),Closed Loans / Mon,MeridianLink Mortgage LOS with DocMagic Subordinate Lien Loans,N,0.0,MORT-0132,,,85.8,MORT-0126 ,MORT-0126 ,MORT-0147,N,11583.0,"Cannot be sold to customers with existing DocMagic relationship.
**MeridianLink Mortgage Platform Fee item must be included with ALL new mortgage LOS sales.",,,,1 AND 2,Constraint,Customer must not have existing DocMagic relationship,Dependent,Must be sold with MeridianLink Mortgage with DocMagic First Lien Loans,,,,,,Primary Service,,MeridianLink Mortgage LOS with DocMagic Subordinate Lien Loans,Tier 9,135.0,169.0,Primary Product
Origination - Mortgage,MeridianLink Mortgage,Primary Service,MeridianLink,MeridianLink Mortgage LOS with DocMagic Tier 01 (1200+ Closed Loans/Mon) with 1 implementation,Closed Loans / Mon,MeridianLink Mortgage LOS with DocMagic,N,7950.0,MORT-0130,,,98.2,MORT-0139,MORT-0139,MORT-0144,N,117840.0,"Cannot be sold to customers with existing DocMagic relationship.
**MeridianLink Mortgage Platform Fee item must be included with ALL new mortgage LOS sales.",,,,1,Constraint,Customer must not have existing DocMagic relationship,,,,,,,,Primary Service,,MeridianLink Mortgage LOS with DocMagic with 1 implementation,Tier 1,1200.0,0.0,Primary Product
Origination - Mortgage,MeridianLink Mortgage,Primary Service,MeridianLink,MeridianLink Mortgage LOS with DocMagic Tier 01 (1200+ Closed Loans/Mon) with 2 implementations,Closed Loans / Mon,MeridianLink Mortgage LOS with DocMagic,N,13200.0,MORT-0130,,,98.2,MORT-0139,MORT-0139,MORT-0144,N,117840.0,"Cannot be sold to customers with existing DocMagic relationship.
**MeridianLink Mortgage Platform Fee item must be included with ALL new mortgage LOS sales.",,,,1,Constraint,Customer must not have existing DocMagic relationship,,,,,,,,Primary Service,,MeridianLink Mortgage LOS with DocMagic with 2 implementations,Tier 1,1200.0,0.0,Primary Product
Origination - Mortgage,MeridianLink Mortgage,Primary Service,MeridianLink,MeridianLink Mortgage LOS with DocMagic Tier 01 (1200+ Closed Loans/Mon) with 3 implementations,Closed Loans / Mon,MeridianLink Mortgage LOS with DocMagic,N,18425.0,MORT-0130,,,98.2,MORT-0139,MORT-0139,MORT-0144,N,117840.0,"Cannot be sold to customers with existing DocMagic relationship.
**MeridianLink Mortgage Platform Fee item must be included with ALL new mortgage LOS sales.",,,,1,Constraint,Customer must not have existing DocMagic relationship,,,,,,,,Primary Service,,MeridianLink Mortgage LOS with DocMagic with 3 implementations,Tier 1,1200.0,0.0,Primary Product
Origination - Mortgage,MeridianLink Mortgage,Primary Service,MeridianLink,MeridianLink Mortgage LOS with DocMagic Tier 01 (1200+ Closed Loans/Mon) with no implementation,Closed Loans / Mon,MeridianLink Mortgage LOS with DocMagic,N,0.0,MORT-0130,,,98.2,MORT-0139,MORT-0139,MORT-0144,N,117840.0,"Cannot be sold to customers with existing DocMagic relationship.
**MeridianLink Mortgage Platform Fee item must be included with ALL new mortgage LOS sales.",,,,1,Constraint,Customer must not have existing DocMagic relationship,,,,,,,,Primary Service,,MeridianLink Mortgage LOS with DocMagic with no implementation,Tier 1,1200.0,0.0,Primary Product
Origination - Mortgage,MeridianLink Mortgage,Primary Service,MeridianLink,MeridianLink Mortgage LOS with DocMagic Tier 10 (110-134 Closed Loans/Mon) with 1 implementation,Closed Loans / Mon,MeridianLink Mortgage LOS with DocMagic,N,7950.0,MORT-0130,,,119.4,MORT-0139,MORT-0139,MORT-0144,N,13134.0,"Cannot be sold to customers with existing DocMagic relationship.
**MeridianLink Mortgage Platform Fee item must be included with ALL new mortgage LOS sales.",,,,1,Constraint,Customer must not have existing DocMagic relationship,,,,,,,,Primary Service,,MeridianLink Mortgage LOS with DocMagic with 1 implementation,Tier 10,110.0,134.0,Primary Product
Origination - Mortgage,MeridianLink Mortgage,Primary Service,MeridianLink,MeridianLink Mortgage LOS with DocMagic Tier 10 (110-134 Closed Loans/Mon) with 2 implementations,Closed Loans / Mon,MeridianLink Mortgage LOS with DocMagic,N,13200.0,MORT-0130,,,119.4,MORT-0139,MORT-0139,MORT-0144,N,13134.0,"Cannot be sold to customers with existing DocMagic relationship.
**MeridianLink Mortgage Platform Fee item must be included with ALL new mortgage LOS sales.",,,,1,Constraint,Customer must not have existing DocMagic relationship,,,,,,,,Primary Service,,MeridianLink Mortgage LOS with DocMagic with 2 implementations,Tier 10,110.0,134.0,Primary Product
Origination - Mortgage,MeridianLink Mortgage,Primary Service,MeridianLink,MeridianLink Mortgage LOS with DocMagic Tier 10 (110-134 Closed Loans/Mon) with 3 implementations,Closed Loans / Mon,MeridianLink Mortgage LOS with DocMagic,N,18425.0,MORT-0130,,,119.4,MORT-0139,MORT-0139,MORT-0144,N,13134.0,"Cannot be sold to customers with existing DocMagic relationship.
**MeridianLink Mortgage Platform Fee item must be included with ALL new mortgage LOS sales.",,,,1,Constraint,Customer must not have existing DocMagic relationship,,,,,,,,Primary Service,,MeridianLink Mortgage LOS with DocMagic with 3 implementations,Tier 10,110.0,134.0,Primary Product
Origination - Mortgage,MeridianLink Mortgage,Primary Service,MeridianLink,MeridianLink Mortgage LOS with DocMagic Tier 10 (110-134 Closed Loans/Mon) with no implementation,Closed Loans / Mon,MeridianLink Mortgage LOS with DocMagic,N,0.0,MORT-0130,,,119.4,MORT-0139,MORT-0139,MORT-0144,N,13134.0,"Cannot be sold to customers with existing DocMagic relationship.
**MeridianLink Mortgage Platform Fee item must be included with ALL new mortgage LOS sales.",,,,1,Constraint,Customer must not have existing DocMagic relationship,,,,,,,,Primary Service,,MeridianLink Mortgage LOS with DocMagic with no implementation,Tier 10,110.0,134.0,Primary Product
Origination - Mortgage,MeridianLink Mortgage,Primary Service,MeridianLink,MeridianLink Mortgage LOS with DocMagic Tier 11 (90-109 Closed Loans/Mon) with 1 implementation,Closed Loans / Mon,MeridianLink Mortgage LOS with DocMagic,N,7950.0,MORT-0130,,,121.4,MORT-0139,MORT-0139,MORT-0144,N,10926.0,"Cannot be sold to customers with existing DocMagic relationship.
**MeridianLink Mortgage Platform Fee item must be included with ALL new mortgage LOS sales.",,,,1,Constraint,Customer must not have existing DocMagic relationship,,,,,,,,Primary Service,,MeridianLink Mortgage LOS with DocMagic with 1 implementation,Tier 11,90.0,109.0,Primary Product
Origination - Mortgage,MeridianLink Mortgage,Primary Service,MeridianLink,MeridianLink Mortgage LOS with DocMagic Tier 11 (90-109 Closed Loans/Mon) with 2 implementations,Closed Loans / Mon,MeridianLink Mortgage LOS with DocMagic,N,13200.0,MORT-0130,,,121.4,MORT-0139,MORT-0139,MORT-0144,N,10926.0,"Cannot be sold to customers with existing DocMagic relationship.
**MeridianLink Mortgage Platform Fee item must be included with ALL new mortgage LOS sales.",,,,1,Constraint,Customer must not have existing DocMagic relationship,,,,,,,,Primary Service,,MeridianLink Mortgage LOS with DocMagic with 2 implementations,Tier 11,90.0,109.0,Primary Product
Origination - Mortgage,MeridianLink Mortgage,Primary Service,MeridianLink,MeridianLink Mortgage LOS with DocMagic Tier 11 (90-109 Closed Loans/Mon) with 3 implementations,Closed Loans / Mon,MeridianLink Mortgage LOS with DocMagic,N,18425.0,MORT-0130,,,121.4,MORT-0139,MORT-0139,MORT-0144,N,10926.0,"Cannot be sold to customers with existing DocMagic relationship.
**MeridianLink Mortgage Platform Fee item must be included with ALL new mortgage LOS sales.",,,,1,Constraint,Customer must not have existing DocMagic relationship,,,,,,,,Primary Service,,MeridianLink Mortgage LOS with DocMagic with 3 implementations,Tier 11,90.0,109.0,Primary Product
Origination - Mortgage,MeridianLink Mortgage,Primary Service,MeridianLink,MeridianLink Mortgage LOS with DocMagic Tier 11 (90-109 Closed Loans/Mon) with no implementation,Closed Loans / Mon,MeridianLink Mortgage LOS with DocMagic,N,0.0,MORT-0130,,,121.4,MORT-0139,MORT-0139,MORT-0144,N,10926.0,"Cannot be sold to customers with existing DocMagic relationship.
**MeridianLink Mortgage Platform Fee item must be included with ALL new mortgage LOS sales.",,,,1,Constraint,Customer must not have existing DocMagic relationship,,,,,,,,Primary Service,,MeridianLink Mortgage LOS with DocMagic with no implementation,Tier 11,90.0,109.0,Primary Product
Origination - Mortgage,MeridianLink Mortgage,Primary Service,MeridianLink,MeridianLink Mortgage LOS with DocMagic Tier 12 (75-89 Closed Loans/Mon) with  no implementation,Closed Loans / Mon,MeridianLink Mortgage LOS with DocMagic,N,0.0,MORT-0130,,,123.4,MORT-0139,MORT-0139,MORT-0144,N,9255.0,"Cannot be sold to customers with existing DocMagic relationship.
**MeridianLink Mortgage Platform Fee item must be included with ALL new mortgage LOS sales.",,,,1,Constraint,Customer must not have existing DocMagic relationship,,,,,,,,Primary Service,,MeridianLink Mortgage LOS with DocMagic with 1 implementation,Tier 12,75.0,89.0,Primary Product
Origination - Mortgage,MeridianLink Mortgage,Primary Service,MeridianLink,MeridianLink Mortgage LOS with DocMagic Tier 12 (75-89 Closed Loans/Mon) with 1 implementation,Closed Loans / Mon,MeridianLink Mortgage LOS with DocMagic,N,7950.0,MORT-0130,,,123.4,MORT-0139,MORT-0139,MORT-0144,N,9255.0,"Cannot be sold to customers with existing DocMagic relationship.
**MeridianLink Mortgage Platform Fee item must be included with ALL new mortgage LOS sales.",,,,1,Constraint,Customer must not have existing DocMagic relationship,,,,,,,,Primary Service,,MeridianLink Mortgage LOS with DocMagic with 2 implementations,Tier 12,75.0,89.0,Primary Product
Origination - Mortgage,MeridianLink Mortgage,Primary Service,MeridianLink,MeridianLink Mortgage LOS with DocMagic Tier 12 (75-89 Closed Loans/Mon) with 2 implementations,Closed Loans / Mon,MeridianLink Mortgage LOS with DocMagic,N,13200.0,MORT-0130,,,123.4,MORT-0139,MORT-0139,MORT-0144,N,9255.0,"Cannot be sold to customers with existing DocMagic relationship.
**MeridianLink Mortgage Platform Fee item must be included with ALL new mortgage LOS sales.",,,,1,Constraint,Customer must not have existing DocMagic relationship,,,,,,,,Primary Service,,MeridianLink Mortgage LOS with DocMagic with 3 implementations,Tier 12,75.0,89.0,Primary Product
Origination - Mortgage,MeridianLink Mortgage,Primary Service,MeridianLink,MeridianLink Mortgage LOS with DocMagic Tier 12 (75-89 Closed Loans/Mon) with 3 implementations,Closed Loans / Mon,MeridianLink Mortgage LOS with DocMagic,N,18425.0,MORT-0130,,,123.4,MORT-0139,MORT-0139,MORT-0144,N,9255.0,"Cannot be sold to customers with existing DocMagic relationship.
**MeridianLink Mortgage Platform Fee item must be included with ALL new mortgage LOS sales.",,,,1,Constraint,Customer must not have existing DocMagic relationship,,,,,,,,Primary Service,,MeridianLink Mortgage LOS with DocMagic with no implementation,Tier 12,75.0,89.0,Primary Product
Origination - Mortgage,MeridianLink Mortgage,Primary Service,MeridianLink,MeridianLink Mortgage LOS with DocMagic Tier 13 (60-74 Closed Loans/Mon) with 1 implementation,Closed Loans / Mon,MeridianLink Mortgage LOS with DocMagic,N,7950.0,MORT-0130,,,125.8,MORT-0139,MORT-0139,MORT-0144,N,7548.0,"Cannot be sold to customers with existing DocMagic relationship.
**MeridianLink Mortgage Platform Fee item must be included with ALL new mortgage LOS sales.",,,,1,Constraint,Customer must not have existing DocMagic relationship,,,,,,,,Primary Service,,MeridianLink Mortgage LOS with DocMagic with 1 implementation,Tier 13,60.0,74.0,Primary Product
Origination - Mortgage,MeridianLink Mortgage,Primary Service,MeridianLink,MeridianLink Mortgage LOS with DocMagic Tier 13 (60-74 Closed Loans/Mon) with 2 implementations,Closed Loans / Mon,MeridianLink Mortgage LOS with DocMagic,N,13200.0,MORT-0130,,,125.8,MORT-0139,MORT-0139,MORT-0144,N,7548.0,"Cannot be sold to customers with existing DocMagic relationship.
**MeridianLink Mortgage Platform Fee item must be included with ALL new mortgage LOS sales.",,,,1,Constraint,Customer must not have existing DocMagic relationship,,,,,,,,Primary Service,,MeridianLink Mortgage LOS with DocMagic with 2 implementations,Tier 13,60.0,74.0,Primary Product
Origination - Mortgage,MeridianLink Mortgage,Primary Service,MeridianLink,MeridianLink Mortgage LOS with DocMagic Tier 13 (60-74 Closed Loans/Mon) with 3 implementations,Closed Loans / Mon,MeridianLink Mortgage LOS with DocMagic,N,18425.0,MORT-0130,,,125.8,MORT-0139,MORT-0139,MORT-0144,N,7548.0,"Cannot be sold to customers with existing DocMagic relationship.
**MeridianLink Mortgage Platform Fee item must be included with ALL new mortgage LOS sales.",,,,1,Constraint,Customer must not have existing DocMagic relationship,,,,,,,,Primary Service,,MeridianLink Mortgage LOS with DocMagic with 3 implementations,Tier 13,60.0,74.0,Primary Product
Origination - Mortgage,MeridianLink Mortgage,Primary Service,MeridianLink,MeridianLink Mortgage LOS with DocMagic Tier 13 (60-74 Closed Loans/Mon) with no implementation,Closed Loans / Mon,MeridianLink Mortgage LOS with DocMagic,N,0.0,MORT-0130,,,125.8,MORT-0139,MORT-0139,MORT-0144,N,7548.0,"Cannot be sold to customers with existing DocMagic relationship.
**MeridianLink Mortgage Platform Fee item must be included with ALL new mortgage LOS sales.",,,,1,Constraint,Customer must not have existing DocMagic relationship,,,,,,,,Primary Service,,MeridianLink Mortgage LOS with DocMagic with no implementation,Tier 13,60.0,74.0,Primary Product
Origination - Mortgage,MeridianLink Mortgage,Primary Service,MeridianLink,MeridianLink Mortgage LOS with DocMagic Tier 14 (45-59 Closed Loans/Mon) with 1 implementation,Closed Loans / Mon,MeridianLink Mortgage LOS with DocMagic,N,7950.0,MORT-0130,,,128.8,MORT-0139,MORT-0139,MORT-0144,N,5796.0,"Cannot be sold to customers with existing DocMagic relationship.
**MeridianLink Mortgage Platform Fee item must be included with ALL new mortgage LOS sales.",,,,1,Constraint,Customer must not have existing DocMagic relationship,,,,,,,,Primary Service,,MeridianLink Mortgage LOS with DocMagic with 1 implementation,Tier 14,45.0,59.0,Primary Product
Origination - Mortgage,MeridianLink Mortgage,Primary Service,MeridianLink,MeridianLink Mortgage LOS with DocMagic Tier 14 (45-59 Closed Loans/Mon) with 2 implementations,Closed Loans / Mon,MeridianLink Mortgage LOS with DocMagic,N,13200.0,MORT-0130,,,128.8,MORT-0139,MORT-0139,MORT-0144,N,5796.0,"Cannot be sold to customers with existing DocMagic relationship.
**MeridianLink Mortgage Platform Fee item must be included with ALL new mortgage LOS sales.",,,,1,Constraint,Customer must not have existing DocMagic relationship,,,,,,,,Primary Service,,MeridianLink Mortgage LOS with DocMagic with 2 implementations,Tier 14,45.0,59.0,Primary Product
Origination - Mortgage,MeridianLink Mortgage,Primary Service,MeridianLink,MeridianLink Mortgage LOS with DocMagic Tier 14 (45-59 Closed Loans/Mon) with 3 implementations,Closed Loans / Mon,MeridianLink Mortgage LOS with DocMagic,N,18425.0,MORT-0130,,,128.8,MORT-0139,MORT-0139,MORT-0144,N,5796.0,"Cannot be sold to customers with existing DocMagic relationship.
**MeridianLink Mortgage Platform Fee item must be included with ALL new mortgage LOS sales.",,,,1,Constraint,Customer must not have existing DocMagic relationship,,,,,,,,Primary Service,,MeridianLink Mortgage LOS with DocMagic with 3 implementations,Tier 14,45.0,59.0,Primary Product
Origination - Mortgage,MeridianLink Mortgage,Primary Service,MeridianLink,MeridianLink Mortgage LOS with DocMagic Tier 14 (45-59 Closed Loans/Mon) with no implementation,Closed Loans / Mon,MeridianLink Mortgage LOS with DocMagic,N,0.0,MORT-0130,,,128.8,MORT-0139,MORT-0139,MORT-0144,N,5796.0,"Cannot be sold to customers with existing DocMagic relationship.
**MeridianLink Mortgage Platform Fee item must be included with ALL new mortgage LOS sales.",,,,1,Constraint,Customer must not have existing DocMagic relationship,,,,,,,,Primary Service,,MeridianLink Mortgage LOS with DocMagic with no implementation,Tier 14,45.0,59.0,Primary Product
Origination - Mortgage,MeridianLink Mortgage,Primary Service,MeridianLink,MeridianLink Mortgage LOS with DocMagic Tier 15 (30-44 Closed Loans/Mon) with 1 implementation,Closed Loans / Mon,MeridianLink Mortgage LOS with DocMagic,N,7950.0,MORT-0130,,,133.6,MORT-0139,MORT-0139,MORT-0144,N,4008.0,"Cannot be sold to customers with existing DocMagic relationship.
**MeridianLink Mortgage Platform Fee item must be included with ALL new mortgage LOS sales.",,,,1,Constraint,Customer must not have existing DocMagic relationship,,,,,,,,Primary Service,,MeridianLink Mortgage LOS with DocMagic with 1 implementation,Tier 15,30.0,44.0,Primary Product
Origination - Mortgage,MeridianLink Mortgage,Primary Service,MeridianLink,MeridianLink Mortgage LOS with DocMagic Tier 15 (30-44 Closed Loans/Mon) with 2 implementations,Closed Loans / Mon,MeridianLink Mortgage LOS with DocMagic,N,13200.0,MORT-0130,,,133.6,MORT-0139,MORT-0139,MORT-0144,N,4008.0,"Cannot be sold to customers with existing DocMagic relationship.
**MeridianLink Mortgage Platform Fee item must be included with ALL new mortgage LOS sales.",,,,1,Constraint,Customer must not have existing DocMagic relationship,,,,,,,,Primary Service,,MeridianLink Mortgage LOS with DocMagic with 2 implementations,Tier 15,30.0,44.0,Primary Product
Origination - Mortgage,MeridianLink Mortgage,Primary Service,MeridianLink,MeridianLink Mortgage LOS with DocMagic Tier 15 (30-44 Closed Loans/Mon) with 3 implementations,Closed Loans / Mon,MeridianLink Mortgage LOS with DocMagic,N,18425.0,MORT-0130,,,133.6,MORT-0139,MORT-0139,MORT-0144,N,4008.0,"Cannot be sold to customers with existing DocMagic relationship.
**MeridianLink Mortgage Platform Fee item must be included with ALL new mortgage LOS sales.",,,,1,Constraint,Customer must not have existing DocMagic relationship,,,,,,,,Primary Service,,MeridianLink Mortgage LOS with DocMagic with 3 implementations,Tier 15,30.0,44.0,Primary Product
Origination - Mortgage,MeridianLink Mortgage,Primary Service,MeridianLink,MeridianLink Mortgage LOS with DocMagic Tier 15 (30-44 Closed Loans/Mon) with no implementation,Closed Loans / Mon,MeridianLink Mortgage LOS with DocMagic,N,0.0,MORT-0130,,,133.6,MORT-0139,MORT-0139,MORT-0144,N,4008.0,"Cannot be sold to customers with existing DocMagic relationship.
**MeridianLink Mortgage Platform Fee item must be included with ALL new mortgage LOS sales.",,,,1,Constraint,Customer must not have existing DocMagic relationship,,,,,,,,Primary Service,,MeridianLink Mortgage LOS with DocMagic with no implementation,Tier 15,30.0,44.0,Primary Product
Origination - Mortgage,MeridianLink Mortgage,Primary Service,MeridianLink,MeridianLink Mortgage LOS with DocMagic Tier 16 (15-29 Closed Loans/Mon) with 1 implementation,Closed Loans / Mon,MeridianLink Mortgage LOS with DocMagic,N,7950.0,MORT-0130,,,141.8,MORT-0139,MORT-0139,MORT-0144,N,2127.0,"Cannot be sold to customers with existing DocMagic relationship.
**MeridianLink Mortgage Platform Fee item must be included with ALL new mortgage LOS sales.",,,,1,Constraint,Customer must not have existing DocMagic relationship,,,,,,,,Primary Service,,MeridianLink Mortgage LOS with DocMagic with 1 implementation,Tier 16,15.0,29.0,Primary Product
Origination - Mortgage,MeridianLink Mortgage,Primary Service,MeridianLink,MeridianLink Mortgage LOS with DocMagic Tier 16 (15-29 Closed Loans/Mon) with 2 implementations,Closed Loans / Mon,MeridianLink Mortgage LOS with DocMagic,N,13200.0,MORT-0130,,,141.8,MORT-0139,MORT-0139,MORT-0144,N,2127.0,"Cannot be sold to customers with existing DocMagic relationship.
**MeridianLink Mortgage Platform Fee item must be included with ALL new mortgage LOS sales.",,,,1,Constraint,Customer must not have existing DocMagic relationship,,,,,,,,Primary Service,,MeridianLink Mortgage LOS with DocMagic with 2 implementations,Tier 16,15.0,29.0,Primary Product
Origination - Mortgage,MeridianLink Mortgage,Primary Service,MeridianLink,MeridianLink Mortgage LOS with DocMagic Tier 16 (15-29 Closed Loans/Mon) with 3 implementations,Closed Loans / Mon,MeridianLink Mortgage LOS with DocMagic,N,18425.0,MORT-0130,,,141.8,MORT-0139,MORT-0139,MORT-0144,N,2127.0,"Cannot be sold to customers with existing DocMagic relationship.
**MeridianLink Mortgage Platform Fee item must be included with ALL new mortgage LOS sales.",,,,1,Constraint,Customer must not have existing DocMagic relationship,,,,,,,,Primary Service,,MeridianLink Mortgage LOS with DocMagic with 3 implementations,Tier 16,15.0,29.0,Primary Product
Origination - Mortgage,MeridianLink Mortgage,Primary Service,MeridianLink,MeridianLink Mortgage LOS with DocMagic Tier 16 (15-29 Closed Loans/Mon) with no implementation,Closed Loans / Mon,MeridianLink Mortgage LOS with DocMagic,N,0.0,MORT-0130,,,141.8,MORT-0139,MORT-0139,MORT-0144,N,2127.0,"Cannot be sold to customers with existing DocMagic relationship.
**MeridianLink Mortgage Platform Fee item must be included with ALL new mortgage LOS sales.",,,,1,Constraint,Customer must not have existing DocMagic relationship,,,,,,,,Primary Service,,MeridianLink Mortgage LOS with DocMagic with no implementation,Tier 16,15.0,29.0,Primary Product
Origination - Mortgage,MeridianLink Mortgage,Primary Service,MeridianLink,MeridianLink Mortgage LOS with DocMagic Tier 17 (10-14 Closed Loans/Mon) with 1 implementation,Closed Loans / Mon,MeridianLink Mortgage LOS with DocMagic,N,7950.0,MORT-0130,,,147.0,MORT-0139,MORT-0139,MORT-0144,N,1470.0,"Cannot be sold to customers with existing DocMagic relationship.
**MeridianLink Mortgage Platform Fee item must be included with ALL new mortgage LOS sales.",,,,1,Constraint,Customer must not have existing DocMagic relationship,,,,,,,,Primary Service,,MeridianLink Mortgage LOS with DocMagic with 1 implementation,Tier 17,10.0,14.0,Primary Product
Origination - Mortgage,MeridianLink Mortgage,Primary Service,MeridianLink,MeridianLink Mortgage LOS with DocMagic Tier 17 (10-14 Closed Loans/Mon) with 2 implementations,Closed Loans / Mon,MeridianLink Mortgage LOS with DocMagic,N,13200.0,MORT-0130,,,147.0,MORT-0139,MORT-0139,MORT-0144,N,1470.0,"Cannot be sold to customers with existing DocMagic relationship.
**MeridianLink Mortgage Platform Fee item must be included with ALL new mortgage LOS sales.",,,,1,Constraint,Customer must not have existing DocMagic relationship,,,,,,,,Primary Service,,MeridianLink Mortgage LOS with DocMagic with 2 implementations,Tier 17,10.0,14.0,Primary Product
Origination - Mortgage,MeridianLink Mortgage,Primary Service,MeridianLink,MeridianLink Mortgage LOS with DocMagic Tier 17 (10-14 Closed Loans/Mon) with 3 implementations,Closed Loans / Mon,MeridianLink Mortgage LOS with DocMagic,N,18425.0,MORT-0130,,,147.0,MORT-0139,MORT-0139,MORT-0144,N,1470.0,"Cannot be sold to customers with existing DocMagic relationship.
**MeridianLink Mortgage Platform Fee item must be included with ALL new mortgage LOS sales.",,,,1,Constraint,Customer must not have existing DocMagic relationship,,,,,,,,Primary Service,,MeridianLink Mortgage LOS with DocMagic with 3 implementations,Tier 17,10.0,14.0,Primary Product
Origination - Mortgage,MeridianLink Mortgage,Primary Service,MeridianLink,MeridianLink Mortgage LOS with DocMagic Tier 17 (10-14 Closed Loans/Mon) with no implementation,Closed Loans / Mon,MeridianLink Mortgage LOS with DocMagic,N,0.0,MORT-0130,,,147.0,MORT-0139,MORT-0139,MORT-0144,N,1470.0,"Cannot be sold to customers with existing DocMagic relationship.
**MeridianLink Mortgage Platform Fee item must be included with ALL new mortgage LOS sales.",,,,1,Constraint,Customer must not have existing DocMagic relationship,,,,,,,,Primary Service,,MeridianLink Mortgage LOS with DocMagic with no implementation,Tier 17,10.0,14.0,Primary Product
Origination - Mortgage,MeridianLink Mortgage,Primary Service,MeridianLink,MeridianLink Mortgage LOS with DocMagic Tier 02 (900-1199 Closed Loans/Mon) with 1 implementation,Closed Loans / Mon,MeridianLink Mortgage LOS with DocMagic,N,7950.0,MORT-0130,,,100.4,MORT-0139,MORT-0139,MORT-0144,N,90360.0,"Cannot be sold to customers with existing DocMagic relationship.
**MeridianLink Mortgage Platform Fee item must be included with ALL new mortgage LOS sales.",,,,1,Constraint,Customer must not have existing DocMagic relationship,,,,,,,,Primary Service,,MeridianLink Mortgage LOS with DocMagic with 1 implementation,Tier 2,900.0,1199.0,Primary Product
Origination - Mortgage,MeridianLink Mortgage,Primary Service,MeridianLink,MeridianLink Mortgage LOS with DocMagic Tier 02 (900-1199 Closed Loans/Mon) with 2 implementations,Closed Loans / Mon,MeridianLink Mortgage LOS with DocMagic,N,13200.0,MORT-0130,,,100.4,MORT-0139,MORT-0139,MORT-0144,N,90360.0,"Cannot be sold to customers with existing DocMagic relationship.
**MeridianLink Mortgage Platform Fee item must be included with ALL new mortgage LOS sales.",,,,1,Constraint,Customer must not have existing DocMagic relationship,,,,,,,,Primary Service,,MeridianLink Mortgage LOS with DocMagic with 2 implementations,Tier 2,900.0,1199.0,Primary Product
Origination - Mortgage,MeridianLink Mortgage,Primary Service,MeridianLink,MeridianLink Mortgage LOS with DocMagic Tier 02 (900-1199 Closed Loans/Mon) with 3 implementations,Closed Loans / Mon,MeridianLink Mortgage LOS with DocMagic,N,18425.0,MORT-0130,,,100.4,MORT-0139,MORT-0139,MORT-0144,N,90360.0,"Cannot be sold to customers with existing DocMagic relationship.
**MeridianLink Mortgage Platform Fee item must be included with ALL new mortgage LOS sales.",,,,1,Constraint,Customer must not have existing DocMagic relationship,,,,,,,,Primary Service,,MeridianLink Mortgage LOS with DocMagic with 3 implementations,Tier 2,900.0,1199.0,Primary Product
Origination - Mortgage,MeridianLink Mortgage,Primary Service,MeridianLink,MeridianLink Mortgage LOS with DocMagic Tier 02 (900-1199 Closed Loans/Mon) with no implementation,Closed Loans / Mon,MeridianLink Mortgage LOS with DocMagic,N,0.0,MORT-0130,,,100.4,MORT-0139,MORT-0139,MORT-0144,N,90360.0,"Cannot be sold to customers with existing DocMagic relationship.
**MeridianLink Mortgage Platform Fee item must be included with ALL new mortgage LOS sales.",,,,1,Constraint,Customer must not have existing DocMagic relationship,,,,,,,,Primary Service,,MeridianLink Mortgage LOS with DocMagic with no implementation,Tier 2,900.0,1199.0,Primary Product
Origination - Mortgage,MeridianLink Mortgage,Primary Service,MeridianLink,MeridianLink Mortgage LOS with DocMagic Tier 03 (675-899 Closed Loans/Mon) with 1 implementation,Closed Loans / Mon,MeridianLink Mortgage LOS with DocMagic,N,7950.0,MORT-0130,,,102.8,MORT-0139,MORT-0139,MORT-0144,N,69390.0,"Cannot be sold to customers with existing DocMagic relationship.
**MeridianLink Mortgage Platform Fee item must be included with ALL new mortgage LOS sales.",,,,1,Constraint,Customer must not have existing DocMagic relationship,,,,,,,,Primary Service,,MeridianLink Mortgage LOS with DocMagic with 1 implementation,Tier 3,675.0,899.0,Primary Product
Origination - Mortgage,MeridianLink Mortgage,Primary Service,MeridianLink,MeridianLink Mortgage LOS with DocMagic Tier 03 (675-899 Closed Loans/Mon) with 2 implementations,Closed Loans / Mon,MeridianLink Mortgage LOS with DocMagic,N,13200.0,MORT-0130,,,102.8,MORT-0139,MORT-0139,MORT-0144,N,69390.0,"Cannot be sold to customers with existing DocMagic relationship.
**MeridianLink Mortgage Platform Fee item must be included with ALL new mortgage LOS sales.",,,,1,Constraint,Customer must not have existing DocMagic relationship,,,,,,,,Primary Service,,MeridianLink Mortgage LOS with DocMagic with 2 implementations,Tier 3,675.0,899.0,Primary Product
Origination - Mortgage,MeridianLink Mortgage,Primary Service,MeridianLink,MeridianLink Mortgage LOS with DocMagic Tier 03 (675-899 Closed Loans/Mon) with 3 implementations,Closed Loans / Mon,MeridianLink Mortgage LOS with DocMagic,N,18425.0,MORT-0130,,,102.8,MORT-0139,MORT-0139,MORT-0144,N,69390.0,"Cannot be sold to customers with existing DocMagic relationship.
**MeridianLink Mortgage Platform Fee item must be included with ALL new mortgage LOS sales.",,,,1,Constraint,Customer must not have existing DocMagic relationship,,,,,,,,Primary Service,,MeridianLink Mortgage LOS with DocMagic with 3 implementations,Tier 3,675.0,899.0,Primary Product
Origination - Mortgage,MeridianLink Mortgage,Primary Service,MeridianLink,MeridianLink Mortgage LOS with DocMagic Tier 03 (675-899 Closed Loans/Mon) with no implementation,Closed Loans / Mon,MeridianLink Mortgage LOS with DocMagic,N,0.0,MORT-0130,,,102.8,MORT-0139,MORT-0139,MORT-0144,N,69390.0,"Cannot be sold to customers with existing DocMagic relationship.
**MeridianLink Mortgage Platform Fee item must be included with ALL new mortgage LOS sales.",,,,1,Constraint,Customer must not have existing DocMagic relationship,,,,,,,,Primary Service,,MeridianLink Mortgage LOS with DocMagic with no implementation,Tier 3,675.0,899.0,Primary Product
Origination - Mortgage,MeridianLink Mortgage,Primary Service,MeridianLink,MeridianLink Mortgage LOS with DocMagic Tier 04 (525-674 Closed Loans/Mon) with 1 implementation,Closed Loans / Mon,MeridianLink Mortgage LOS with DocMagic,N,7950.0,MORT-0130,,,105.0,MORT-0139,MORT-0139,MORT-0144,N,55125.0,"Cannot be sold to customers with existing DocMagic relationship.
**MeridianLink Mortgage Platform Fee item must be included with ALL new mortgage LOS sales.",,,,1,Constraint,Customer must not have existing DocMagic relationship,,,,,,,,Primary Service,,MeridianLink Mortgage LOS with DocMagic with 1 implementation,Tier 4,525.0,674.0,Primary Product
Origination - Mortgage,MeridianLink Mortgage,Primary Service,MeridianLink,MeridianLink Mortgage LOS with DocMagic Tier 04 (525-674 Closed Loans/Mon) with 2 implementations,Closed Loans / Mon,MeridianLink Mortgage LOS with DocMagic,N,13200.0,MORT-0130,,,105.0,MORT-0139,MORT-0139,MORT-0144,N,55125.0,"Cannot be sold to customers with existing DocMagic relationship.
**MeridianLink Mortgage Platform Fee item must be included with ALL new mortgage LOS sales.",,,,1,Constraint,Customer must not have existing DocMagic relationship,,,,,,,,Primary Service,,MeridianLink Mortgage LOS with DocMagic with 2 implementations,Tier 4,525.0,674.0,Primary Product
Origination - Mortgage,MeridianLink Mortgage,Primary Service,MeridianLink,MeridianLink Mortgage LOS with DocMagic Tier 04 (525-674 Closed Loans/Mon) with 3 implementations,Closed Loans / Mon,MeridianLink Mortgage LOS with DocMagic,N,18425.0,MORT-0130,,,105.0,MORT-0139,MORT-0139,MORT-0144,N,55125.0,"Cannot be sold to customers with existing DocMagic relationship.
**MeridianLink Mortgage Platform Fee item must be included with ALL new mortgage LOS sales.",,,,1,Constraint,Customer must not have existing DocMagic relationship,,,,,,,,Primary Service,,MeridianLink Mortgage LOS with DocMagic with 3 implementations,Tier 4,525.0,674.0,Primary Product
Origination - Mortgage,MeridianLink Mortgage,Primary Service,MeridianLink,MeridianLink Mortgage LOS with DocMagic Tier 04 (525-674 Closed Loans/Mon) with no implementation,Closed Loans / Mon,MeridianLink Mortgage LOS with DocMagic,N,0.0,MORT-0130,,,105.0,MORT-0139,MORT-0139,MORT-0144,N,55125.0,"Cannot be sold to customers with existing DocMagic relationship.
**MeridianLink Mortgage Platform Fee item must be included with ALL new mortgage LOS sales.",,,,1,Constraint,Customer must not have existing DocMagic relationship,,,,,,,,Primary Service,,MeridianLink Mortgage LOS with DocMagic with no implementation,Tier 4,525.0,674.0,Primary Product
Origination - Mortgage,MeridianLink Mortgage,Primary Service,MeridianLink,MeridianLink Mortgage LOS with DocMagic Tier 05 (400-524 Closed Loans/Mon) with 1 implementation,Closed Loans / Mon,MeridianLink Mortgage LOS with DocMagic,N,7950.0,MORT-0130,,,107.2,MORT-0139,MORT-0139,MORT-0144,N,42880.0,"Cannot be sold to customers with existing DocMagic relationship.
**MeridianLink Mortgage Platform Fee item must be included with ALL new mortgage LOS sales.",,,,1,Constraint,Customer must not have existing DocMagic relationship,,,,,,,,Primary Service,,MeridianLink Mortgage LOS with DocMagic with 1 implementation,Tier 5,400.0,524.0,Primary Product
Origination - Mortgage,MeridianLink Mortgage,Primary Service,MeridianLink,MeridianLink Mortgage LOS with DocMagic Tier 05 (400-524 Closed Loans/Mon) with 2 implementations,Closed Loans / Mon,MeridianLink Mortgage LOS with DocMagic,N,13200.0,MORT-0130,,,107.2,MORT-0139,MORT-0139,MORT-0144,N,42880.0,"Cannot be sold to customers with existing DocMagic relationship.
**MeridianLink Mortgage Platform Fee item must be included with ALL new mortgage LOS sales.",,,,1,Constraint,Customer must not have existing DocMagic relationship,,,,,,,,Primary Service,,MeridianLink Mortgage LOS with DocMagic with 2 implementations,Tier 5,400.0,524.0,Primary Product
Origination - Mortgage,MeridianLink Mortgage,Primary Service,MeridianLink,MeridianLink Mortgage LOS with DocMagic Tier 05 (400-524 Closed Loans/Mon) with 3 implementations,Closed Loans / Mon,MeridianLink Mortgage LOS with DocMagic,N,18425.0,MORT-0130,,,107.2,MORT-0139,MORT-0139,MORT-0144,N,42880.0,"Cannot be sold to customers with existing DocMagic relationship.
**MeridianLink Mortgage Platform Fee item must be included with ALL new mortgage LOS sales.",,,,1,Constraint,Customer must not have existing DocMagic relationship,,,,,,,,Primary Service,,MeridianLink Mortgage LOS with DocMagic with 3 implementations,Tier 5,400.0,524.0,Primary Product
Origination - Mortgage,MeridianLink Mortgage,Primary Service,MeridianLink,MeridianLink Mortgage LOS with DocMagic Tier 05 (400-524 Closed Loans/Mon) with no implementation,Closed Loans / Mon,MeridianLink Mortgage LOS with DocMagic,N,0.0,MORT-0130,,,107.2,MORT-0139,MORT-0139,MORT-0144,N,42880.0,"Cannot be sold to customers with existing DocMagic relationship.
**MeridianLink Mortgage Platform Fee item must be included with ALL new mortgage LOS sales.",,,,1,Constraint,Customer must not have existing DocMagic relationship,,,,,,,,Primary Service,,MeridianLink Mortgage LOS with DocMagic with no implementation,Tier 5,400.0,524.0,Primary Product
Origination - Mortgage,MeridianLink Mortgage,Primary Service,MeridianLink,MeridianLink Mortgage LOS with DocMagic Tier 06 (300-399 Closed Loans/Mon) with 1 implementation,Closed Loans / Mon,MeridianLink Mortgage LOS with DocMagic,N,7950.0,MORT-0130,,,109.8,MORT-0139,MORT-0139,MORT-0144,N,32940.0,"Cannot be sold to customers with existing DocMagic relationship.
**MeridianLink Mortgage Platform Fee item must be included with ALL new mortgage LOS sales.",,,,1,Constraint,Customer must not have existing DocMagic relationship,,,,,,,,Primary Service,,MeridianLink Mortgage LOS with DocMagic with 1 implementation,Tier 6,300.0,399.0,Primary Product
Origination - Mortgage,MeridianLink Mortgage,Primary Service,MeridianLink,MeridianLink Mortgage LOS with DocMagic Tier 06 (300-399 Closed Loans/Mon) with 2 implementations,Closed Loans / Mon,MeridianLink Mortgage LOS with DocMagic,N,13200.0,MORT-0130,,,109.8,MORT-0139,MORT-0139,MORT-0144,N,32940.0,"Cannot be sold to customers with existing DocMagic relationship.
**MeridianLink Mortgage Platform Fee item must be included with ALL new mortgage LOS sales.",,,,1,Constraint,Customer must not have existing DocMagic relationship,,,,,,,,Primary Service,,MeridianLink Mortgage LOS with DocMagic with 2 implementations,Tier 6,300.0,399.0,Primary Product
Origination - Mortgage,MeridianLink Mortgage,Primary Service,MeridianLink,MeridianLink Mortgage LOS with DocMagic Tier 06 (300-399 Closed Loans/Mon) with 3 implementations,Closed Loans / Mon,MeridianLink Mortgage LOS with DocMagic,N,18425.0,MORT-0130,,,109.8,MORT-0139,MORT-0139,MORT-0144,N,32940.0,"Cannot be sold to customers with existing DocMagic relationship.
**MeridianLink Mortgage Platform Fee item must be included with ALL new mortgage LOS sales.",,,,1,Constraint,Customer must not have existing DocMagic relationship,,,,,,,,Primary Service,,MeridianLink Mortgage LOS with DocMagic with 3 implementations,Tier 6,300.0,399.0,Primary Product
Origination - Mortgage,MeridianLink Mortgage,Primary Service,MeridianLink,MeridianLink Mortgage LOS with DocMagic Tier 06 (300-399 Closed Loans/Mon) with no implementation,Closed Loans / Mon,MeridianLink Mortgage LOS with DocMagic,N,0.0,MORT-0130,,,109.8,MORT-0139,MORT-0139,MORT-0144,N,32940.0,"Cannot be sold to customers with existing DocMagic relationship.
**MeridianLink Mortgage Platform Fee item must be included with ALL new mortgage LOS sales.",,,,1,Constraint,Customer must not have existing DocMagic relationship,,,,,,,,Primary Service,,MeridianLink Mortgage LOS with DocMagic with no implementation,Tier 6,300.0,399.0,Primary Product
Origination - Mortgage,MeridianLink Mortgage,Primary Service,MeridianLink,MeridianLink Mortgage LOS with DocMagic Tier 07 (225-299 Closed Loans/Mon) with 1 implementation,Closed Loans / Mon,MeridianLink Mortgage LOS with DocMagic,N,7950.0,MORT-0130,,,112.6,MORT-0139,MORT-0139,MORT-0144,N,25335.0,"Cannot be sold to customers with existing DocMagic relationship.
**MeridianLink Mortgage Platform Fee item must be included with ALL new mortgage LOS sales.",,,,1,Constraint,Customer must not have existing DocMagic relationship,,,,,,,,Primary Service,,MeridianLink Mortgage LOS with DocMagic with 1 implementation,Tier 7,225.0,299.0,Primary Product
Origination - Mortgage,MeridianLink Mortgage,Primary Service,MeridianLink,MeridianLink Mortgage LOS with DocMagic Tier 07 (225-299 Closed Loans/Mon) with 2 implementations,Closed Loans / Mon,MeridianLink Mortgage LOS with DocMagic,N,13200.0,MORT-0130,,,112.6,MORT-0139,MORT-0139,MORT-0144,N,25335.0,"Cannot be sold to customers with existing DocMagic relationship.
**MeridianLink Mortgage Platform Fee item must be included with ALL new mortgage LOS sales.",,,,1,Constraint,Customer must not have existing DocMagic relationship,,,,,,,,Primary Service,,MeridianLink Mortgage LOS with DocMagic with 2 implementations,Tier 7,225.0,299.0,Primary Product
Origination - Mortgage,MeridianLink Mortgage,Primary Service,MeridianLink,MeridianLink Mortgage LOS with DocMagic Tier 07 (225-299 Closed Loans/Mon) with 3 implementations,Closed Loans / Mon,MeridianLink Mortgage LOS with DocMagic,N,18425.0,MORT-0130,,,112.6,MORT-0139,MORT-0139,MORT-0144,N,25335.0,"Cannot be sold to customers with existing DocMagic relationship.
**MeridianLink Mortgage Platform Fee item must be included with ALL new mortgage LOS sales.",,,,1,Constraint,Customer must not have existing DocMagic relationship,,,,,,,,Primary Service,,MeridianLink Mortgage LOS with DocMagic with 3 implementations,Tier 7,225.0,299.0,Primary Product
Origination - Mortgage,MeridianLink Mortgage,Primary Service,MeridianLink,MeridianLink Mortgage LOS with DocMagic Tier 07 (225-299 Closed Loans/Mon) with no implementation,Closed Loans / Mon,MeridianLink Mortgage LOS with DocMagic,N,0.0,MORT-0130,,,112.6,MORT-0139,MORT-0139,MORT-0144,N,25335.0,"Cannot be sold to customers with existing DocMagic relationship.
**MeridianLink Mortgage Platform Fee item must be included with ALL new mortgage LOS sales.",,,,1,Constraint,Customer must not have existing DocMagic relationship,,,,,,,,Primary Service,,MeridianLink Mortgage LOS with DocMagic with no implementation,Tier 7,225.0,299.0,Primary Product
Origination - Mortgage,MeridianLink Mortgage,Primary Service,MeridianLink,MeridianLink Mortgage LOS with DocMagic Tier 08 (170-224 Closed Loans/Mon) with 1 implementation,Closed Loans / Mon,MeridianLink Mortgage LOS with DocMagic,N,7950.0,MORT-0130,,,115.2,MORT-0139,MORT-0139,MORT-0144,N,19584.0,"Cannot be sold to customers with existing DocMagic relationship.
**MeridianLink Mortgage Platform Fee item must be included with ALL new mortgage LOS sales.",,,,1,Constraint,Customer must not have existing DocMagic relationship,,,,,,,,Primary Service,,MeridianLink Mortgage LOS with DocMagic with 1 implementation,Tier 8,170.0,224.0,Primary Product
Origination - Mortgage,MeridianLink Mortgage,Primary Service,MeridianLink,MeridianLink Mortgage LOS with DocMagic Tier 08 (170-224 Closed Loans/Mon) with 2 implementations,Closed Loans / Mon,MeridianLink Mortgage LOS with DocMagic,N,13200.0,MORT-0130,,,115.2,MORT-0139,MORT-0139,MORT-0144,N,19584.0,"Cannot be sold to customers with existing DocMagic relationship.
**MeridianLink Mortgage Platform Fee item must be included with ALL new mortgage LOS sales.",,,,1,Constraint,Customer must not have existing DocMagic relationship,,,,,,,,Primary Service,,MeridianLink Mortgage LOS with DocMagic with 2 implementations,Tier 8,170.0,224.0,Primary Product
Origination - Mortgage,MeridianLink Mortgage,Primary Service,MeridianLink,MeridianLink Mortgage LOS with DocMagic Tier 08 (170-224 Closed Loans/Mon) with 3 implementations,Closed Loans / Mon,MeridianLink Mortgage LOS with DocMagic,N,18425.0,MORT-0130,,,115.2,MORT-0139,MORT-0139,MORT-0144,N,19584.0,"Cannot be sold to customers with existing DocMagic relationship.
**MeridianLink Mortgage Platform Fee item must be included with ALL new mortgage LOS sales.",,,,1,Constraint,Customer must not have existing DocMagic relationship,,,,,,,,Primary Service,,MeridianLink Mortgage LOS with DocMagic with 3 implementations,Tier 8,170.0,224.0,Primary Product
Origination - Mortgage,MeridianLink Mortgage,Primary Service,MeridianLink,MeridianLink Mortgage LOS with DocMagic Tier 08 (170-224 Closed Loans/Mon) with no implementation,Closed Loans / Mon,MeridianLink Mortgage LOS with DocMagic,N,0.0,MORT-0130,,,115.2,MORT-0139,MORT-0139,MORT-0144,N,19584.0,"Cannot be sold to customers with existing DocMagic relationship.
**MeridianLink Mortgage Platform Fee item must be included with ALL new mortgage LOS sales.",,,,1,Constraint,Customer must not have existing DocMagic relationship,,,,,,,,Primary Service,,MeridianLink Mortgage LOS with DocMagic with no implementation,Tier 8,170.0,224.0,Primary Product
Origination - Mortgage,MeridianLink Mortgage,Primary Service,MeridianLink,MeridianLink Mortgage LOS with DocMagic Tier 09 (135-169 Closed Loans/Mon) with 1 implementation,Closed Loans / Mon,MeridianLink Mortgage LOS with DocMagic,N,7950.0,MORT-0130,,,117.4,MORT-0139,MORT-0139,MORT-0144,N,15849.0,"Cannot be sold to customers with existing DocMagic relationship.
**MeridianLink Mortgage Platform Fee item must be included with ALL new mortgage LOS sales.",,,,1,Constraint,Customer must not have existing DocMagic relationship,,,,,,,,Primary Service,,MeridianLink Mortgage LOS with DocMagic with 1 implementation,Tier 9,135.0,169.0,Primary Product
Origination - Mortgage,MeridianLink Mortgage,Primary Service,MeridianLink,MeridianLink Mortgage LOS with DocMagic Tier 09 (135-169 Closed Loans/Mon) with 2 implementations,Closed Loans / Mon,MeridianLink Mortgage LOS with DocMagic,N,13200.0,MORT-0130,,,117.4,MORT-0139,MORT-0139,MORT-0144,N,15849.0,"Cannot be sold to customers with existing DocMagic relationship.
**MeridianLink Mortgage Platform Fee item must be included with ALL new mortgage LOS sales.",,,,1,Constraint,Customer must not have existing DocMagic relationship,,,,,,,,Primary Service,,MeridianLink Mortgage LOS with DocMagic with 2 implementations,Tier 9,135.0,169.0,Primary Product
Origination - Mortgage,MeridianLink Mortgage,Primary Service,MeridianLink,MeridianLink Mortgage LOS with DocMagic Tier 09 (135-169 Closed Loans/Mon) with 3 implementations,Closed Loans / Mon,MeridianLink Mortgage LOS with DocMagic,N,18425.0,MORT-0130,,,117.4,MORT-0139,MORT-0139,MORT-0144,N,15849.0,"Cannot be sold to customers with existing DocMagic relationship.
**MeridianLink Mortgage Platform Fee item must be included with ALL new mortgage LOS sales.",,,,1,Constraint,Customer must not have existing DocMagic relationship,,,,,,,,Primary Service,,MeridianLink Mortgage LOS with DocMagic with 3 implementations,Tier 9,135.0,169.0,Primary Product
Origination - Mortgage,MeridianLink Mortgage,Primary Service,MeridianLink,MeridianLink Mortgage LOS with DocMagic Tier 09 (135-169 Closed Loans/Mon) with no implementation,Closed Loans / Mon,MeridianLink Mortgage LOS with DocMagic,N,0.0,MORT-0130,,,117.4,MORT-0139,MORT-0139,MORT-0144,N,15849.0,"Cannot be sold to customers with existing DocMagic relationship.
**MeridianLink Mortgage Platform Fee item must be included with ALL new mortgage LOS sales.",,,,1,Constraint,Customer must not have existing DocMagic relationship,,,,,,,,Primary Service,,MeridianLink Mortgage LOS with DocMagic with no implementation,Tier 9,135.0,169.0,Primary Product
Data Insights & Decisions,MeridianLink Mortgage,Add On - MeridianLink Insight,MeridianLink,MeridianLink Insight For Mortgage Tier 01 (1200+ Closed Loans/Mon),Billable Loans / Mon,MeridianLink Insight For Mortgage,N,5000.0,INSI-0002,97100.0,INSI-0003,,,,,,,"Ensure tier reflects the combined commitment of closed 1st liens, closed 2nd liens, and purchased correspondent loans.",,,,,,,,,,,,,,Data & Reporting,MeridianLink Insight,MeridianLink Insight For Mortgage,Tier 1,1200.0,0.0,Add Ons
Data Insights & Decisions,MeridianLink Mortgage,Add On - MeridianLink Insight,MeridianLink,MeridianLink Insight For Mortgage Tier 02 (900-1199 Closed Loans/Mon),Billable Loans / Mon,MeridianLink Insight For Mortgage,N,5000.0,INSI-0002,75200.0,INSI-0003,,,,,,,"Ensure tier reflects the combined commitment of closed 1st liens, closed 2nd liens, and purchased correspondent loans.",,,,,,,,,,,,,,Data & Reporting,MeridianLink Insight,MeridianLink Insight For Mortgage,Tier 2,900.0,1199.0,Add Ons
Data Insights & Decisions,MeridianLink Mortgage,Add On - MeridianLink Insight,MeridianLink,MeridianLink Insight For Mortgage Tier 03 (675-899 Closed Loans/Mon),Billable Loans / Mon,MeridianLink Insight For Mortgage,N,5000.0,INSI-0002,58200.0,INSI-0003,,,,,,,"Ensure tier reflects the combined commitment of closed 1st liens, closed 2nd liens, and purchased correspondent loans.",,,,,,,,,,,,,,Data & Reporting,MeridianLink Insight,MeridianLink Insight For Mortgage,Tier 3,675.0,899.0,Add Ons
Data Insights & Decisions,MeridianLink Mortgage,Add On - MeridianLink Insight,MeridianLink,MeridianLink Insight For Mortgage Tier 04 (525-674 Closed Loans/Mon),Billable Loans / Mon,MeridianLink Insight For Mortgage,N,5000.0,INSI-0002,46500.0,INSI-0003,,,,,,,"Ensure tier reflects the combined commitment of closed 1st liens, closed 2nd liens, and purchased correspondent loans.",,,,,,,,,,,,,,Data & Reporting,MeridianLink Insight,MeridianLink Insight For Mortgage,Tier 4,525.0,674.0,Add Ons
Data Insights & Decisions,MeridianLink Mortgage,Add On - MeridianLink Insight,MeridianLink,MeridianLink Insight For Mortgage Tier 05 (400-524 Closed Loans/Mon),Billable Loans / Mon,MeridianLink Insight For Mortgage,N,5000.0,INSI-0002,36500.0,INSI-0003,,,,,,,"Ensure tier reflects the combined commitment of closed 1st liens, closed 2nd liens, and purchased correspondent loans.",,,,,,,,,,,,,,Data & Reporting,MeridianLink Insight,MeridianLink Insight For Mortgage,Tier 5,400.0,524.0,Add Ons
Data Insights & Decisions,MeridianLink Mortgage,Add On - MeridianLink Insight,MeridianLink,MeridianLink Insight For Mortgage Tier 06 (300-399 Closed Loans/Mon),Billable Loans / Mon,MeridianLink Insight For Mortgage,N,5000.0,INSI-0002,28300.0,INSI-0003,,,,,,,"Ensure tier reflects the combined commitment of closed 1st liens, closed 2nd liens, and purchased correspondent loans.",,,,,,,,,,,,,,Data & Reporting,MeridianLink Insight,MeridianLink Insight For Mortgage,Tier 6,300.0,399.0,Add Ons
Data Insights & Decisions,MeridianLink Mortgage,Add On - MeridianLink Insight,MeridianLink,MeridianLink Insight For Mortgage Tier 07 (225-299 Closed Loans/Mon),Billable Loans / Mon,MeridianLink Insight For Mortgage,N,5000.0,INSI-0002,21900.0,INSI-0003,,,,,,,"Ensure tier reflects the combined commitment of closed 1st liens, closed 2nd liens, and purchased correspondent loans.",,,,,,,,,,,,,,Data & Reporting,MeridianLink Insight,MeridianLink Insight For Mortgage,Tier 7,225.0,299.0,Add Ons
Data Insights & Decisions,MeridianLink Mortgage,Add On - MeridianLink Insight,MeridianLink,MeridianLink Insight For Mortgage Tier 08 (170-224 Closed Loans/Mon),Billable Loans / Mon,MeridianLink Insight For Mortgage,N,5000.0,INSI-0002,17100.0,INSI-0003,,,,,,,"Ensure tier reflects the combined commitment of closed 1st liens, closed 2nd liens, and purchased correspondent loans.",,,,,,,,,,,,,,Data & Reporting,MeridianLink Insight,MeridianLink Insight For Mortgage,Tier 8,170.0,224.0,Add Ons
Data Insights & Decisions,MeridianLink Mortgage,Add On - MeridianLink Insight,MeridianLink,MeridianLink Insight For Mortgage Tier 09 (135-169 Closed Loans/Mon),Billable Loans / Mon,MeridianLink Insight For Mortgage,N,5000.0,INSI-0002,13900.0,INSI-0003,,,,,,,"Ensure tier reflects the combined commitment of closed 1st liens, closed 2nd liens, and purchased correspondent loans.",,,,,,,,,,,,,,Data & Reporting,MeridianLink Insight,MeridianLink Insight For Mortgage,Tier 9,135.0,169.0,Add Ons
Data Insights & Decisions,MeridianLink Mortgage,Add On - MeridianLink Insight,MeridianLink,MeridianLink Insight For Mortgage Tier 10 (110-134 Closed Loans/Mon),Billable Loans / Mon,MeridianLink Insight For Mortgage,N,5000.0,INSI-0002,11600.0,INSI-0003,,,,,,,"Ensure tier reflects the combined commitment of closed 1st liens, closed 2nd liens, and purchased correspondent loans.",,,,,,,,,,,,,,Data & Reporting,MeridianLink Insight,MeridianLink Insight For Mortgage,Tier 10,110.0,134.0,Add Ons
Data Insights & Decisions,MeridianLink Mortgage,Add On - MeridianLink Insight,MeridianLink,MeridianLink Insight For Mortgage Tier 11 (90-109 Closed Loans/Mon),Billable Loans / Mon,MeridianLink Insight For Mortgage,N,5000.0,INSI-0002,9700.0,INSI-0003,,,,,,,"Ensure tier reflects the combined commitment of closed 1st liens, closed 2nd liens, and purchased correspondent loans.",,,,,,,,,,,,,,Data & Reporting,MeridianLink Insight,MeridianLink Insight For Mortgage,Tier 11,90.0,109.0,Add Ons
Data Insights & Decisions,MeridianLink Mortgage,Add On - MeridianLink Insight,MeridianLink,MeridianLink Insight For Mortgage Tier 12 (75-89 Closed Loans/Mon),Billable Loans / Mon,MeridianLink Insight For Mortgage,N,5000.0,INSI-0002,8300.0,INSI-0003,,,,,,,"Ensure tier reflects the combined commitment of closed 1st liens, closed 2nd liens, and purchased correspondent loans.",,,,,,,,,,,,,,Data & Reporting,MeridianLink Insight,MeridianLink Insight For Mortgage,Tier 12,75.0,89.0,Add Ons
Data Insights & Decisions,MeridianLink Mortgage,Add On - MeridianLink Insight,MeridianLink,MeridianLink Insight For Mortgage Tier 13 (60-74 Closed Loans/Mon),Billable Loans / Mon,MeridianLink Insight For Mortgage,N,5000.0,INSI-0002,6800.0,INSI-0003,,,,,,,"Ensure tier reflects the combined commitment of closed 1st liens, closed 2nd liens, and purchased correspondent loans.",,,,,,,,,,,,,,Data & Reporting,MeridianLink Insight,MeridianLink Insight For Mortgage,Tier 13,60.0,74.0,Add Ons
Data Insights & Decisions,MeridianLink Mortgage,Add On - MeridianLink Insight,MeridianLink,MeridianLink Insight For Mortgage Tier 14 (45-59 Closed Loans/Mon),Billable Loans / Mon,MeridianLink Insight For Mortgage,N,5000.0,INSI-0002,5000.0,INSI-0003,,,,,,,"Ensure tier reflects the combined commitment of closed 1st liens, closed 2nd liens, and purchased correspondent loans.",,,,,,,,,,,,,,Data & Reporting,MeridianLink Insight,MeridianLink Insight For Mortgage,Tier 14,45.0,59.0,Add Ons
Data Insights & Decisions,MeridianLink Mortgage,Add On - MeridianLink Insight,MeridianLink,MeridianLink Insight For Mortgage Tier 15 (30-44 Closed Loans/Mon),Billable Loans / Mon,MeridianLink Insight For Mortgage,N,5000.0,INSI-0002,5000.0,INSI-0003,,,,,,,"Ensure tier reflects the combined commitment of closed 1st liens, closed 2nd liens, and purchased correspondent loans.",,,,,,,,,,,,,,Data & Reporting,MeridianLink Insight,MeridianLink Insight For Mortgage,Tier 15,30.0,44.0,Add Ons
Data Insights & Decisions,MeridianLink Mortgage,Add On - MeridianLink Insight,MeridianLink,MeridianLink Insight For Mortgage Tier 16 (15-29 Closed Loans/Mon),Billable Loans / Mon,MeridianLink Insight For Mortgage,N,5000.0,INSI-0002,5000.0,INSI-0003,,,,,,,"Ensure tier reflects the combined commitment of closed 1st liens, closed 2nd liens, and purchased correspondent loans.",,,,,,,,,,,,,,Data & Reporting,MeridianLink Insight,MeridianLink Insight For Mortgage,Tier 16,15.0,29.0,Add Ons
Data Insights & Decisions,MeridianLink Mortgage,Add On - MeridianLink Insight,MeridianLink,MeridianLink Insight For Mortgage Tier 17 (10-14 Closed Loans/Mon),Billable Loans / Mon,MeridianLink Insight For Mortgage,N,5000.0,INSI-0002,5000.0,INSI-0003,,,,,,,"Ensure tier reflects the combined commitment of closed 1st liens, closed 2nd liens, and purchased correspondent loans.",,,,,,,,,,,,,,Data & Reporting,MeridianLink Insight,MeridianLink Insight For Mortgage,Tier 17,10.0,14.0,Add Ons
SHARED,MeridianLink Mortgage,Add On - Core Conversion,MeridianLink,Core Conversion (Mortgage),Standard,Core Conversion,N,16000.0,SHARED-0035,,,,,,,N,,,,,,,,,,,,,,,,Essential Systems,Core Conversion,Core Conversion (Mortgage),,,,Add Ons
SHARED,MeridianLink Mortgage,Add On - Core Integration,FiServ,Fiserv DNA (Mortgage),Standard,Fiserv DNA,N,16500.0,SHARED-0307,10250.0,SHARED-0252,,,,,N,,https://mlintranet.meridianlink.com/display/LPQ/Major+Core+Features,,,,,,,,,,,,,,Essential Systems,Core Integration,Fiserv DNA (Mortgage),,,,Add Ons
SHARED,MeridianLink Mortgage,Add On - Core Integration,Corelation,Corelation KeyStone (Mortgage),Standard,Corelation KeyStone,N,16500.0,SHARED-0297,10250.0,SHARED-0242,,,,,N,,https://mlintranet.meridianlink.com/display/LPQ/Major+Core+Features,,,,,,,,,,,,,,Essential Systems,Core Integration,Corelation KeyStone (Mortgage),,,,Add Ons
SHARED,MeridianLink Mortgage,Add On - Core Integration,FiServ,Spectrum (Summit) (Mortgage),Standard,Spectrum (Summit),N,16500.0,SHARED-0311,10250.0,SHARED-0256,,,,,N,,https://mlintranet.meridianlink.com/display/LPQ/Major+Core+Features,,,,,,,,,,,,,,Essential Systems,Core Integration,Spectrum (Summit) (Mortgage),,,,Add Ons
SHARED,MeridianLink Mortgage,Add On - Core Integration,FiServ,XP System (XP2) (Mortgage),Standard,XP System (XP2),N,16500.0,SHARED-0305,10250.0,SHARED-0250,,,,,N,,https://mlintranet.meridianlink.com/display/LPQ/Major+Core+Features,,,,,,,,,,,,,,Essential Systems,Core Integration,XP System (XP2) (Mortgage),,,,Add Ons
SHARED,MeridianLink Mortgage,Add On - MeridianLink Consulting,MeridianLink,Admin Pro (Mortgage),Standard,Admin Pro,N,0.0,SHARED-0145,15000.0,SHARED-0198,268.0,SHARED-0371,,,Y,,,,,,,,,,,,,,,,Recurring Consulting Services,MeridianLink Consulting,Admin Pro (Mortgage),,,,Add Ons
SHARED,MeridianLink Mortgage,Add On - Professional Services,MeridianLink,Professional Services Subscription : Monthly (Mortgage),Standard,Professional Services Subscription : Monthly,N,0.0,SHARED-0597,-1234.0,SHARED-0596,-1234.0,SHARED-0595,,,Y,,,,,,,,,,,,,,,,Recurring Consulting Services,Professional Services,Professional Services Subscription : Monthly (Mortgage),,,,Add Ons
SHARED,MeridianLink Mortgage,Add On - Professional Services,MeridianLink,Baseline MeridianLink Mortgage LOS Provisioning ,Standard,Baseline MeridianLink Mortgage LOS Provisioning ,N,1000.0,MORT-0160,,,,,,,,,Mandatory baseline provisioning and tenant creation for MeridianLink Mortgage. This fee covers the internal technical requirements necessary to activate the LOS environment for customers utilizing external implementation services.,,,,,,,,,,,,,,Mortgage Lending,Professional Services,Baseline MeridianLink Mortgage LOS Provisioning ,,,,Add Ons
SHARED,MeridianLink Mortgage,Add On - Misc,MeridianLink,Time & Materials (Mortgage),Hourly,Time & Materials,N,350.0,SHARED-0041,,,,,,,N,,,,,,,,,,,,,,,,Recurring Consulting Services,Misc,Time & Materials (Mortgage),,,,Add Ons
SHARED,MeridianLink Mortgage,Add On - SAE Services,MeridianLink,PriceMyLoan Service Package - Basic (ML Mortgage),Hourly,PriceMyLoan Service Package,N,0.0,SHARED-0471,,,325.0,SHARED-0473,,,Y,,,,,,,,,,,,,,,,Settlement & Real Estate Services,SAE Services,PriceMyLoan Service Package - Basic (ML Mortgage),,,,Add Ons
SHARED,MeridianLink Mortgage,Add On - SAE Services,MeridianLink,PriceMyLoan Service Package - Plus (ML Mortgage),Hourly,PriceMyLoan Service Package,N,0.0,SHARED-0471,9648.0,SHARED-0472,268.0,SHARED-0473,,,Y,,Subject to an annual cap of 36 hours. If annual cap is reached during term of service customer may continue to use service at the hourly rate.,,,,,,,,,,,,,,Settlement & Real Estate Services,SAE Services,PriceMyLoan Service Package - Plus (ML Mortgage),,,,Add Ons
SHARED,MeridianLink Mortgage,Add On - SAE Services,MeridianLink,PriceMyLoan Service Package - Premium (ML Mortgage),Hourly,PriceMyLoan Service Package,N,0.0,SHARED-0471,15624.0,SHARED-0472,217.0,SHARED-0473,,,Y,,Subject to an annual cap of 72 hours. If annual cap is reached during term of service customer may continue to use service at the hourly rate.,,,,,,,,,,,,,,Settlement & Real Estate Services,SAE Services,PriceMyLoan Service Package - Premium (ML Mortgage),,,,Add Ons
SHARED,MeridianLink Mortgage,Add On - SAE Services,MeridianLink,PriceMyLoan Service Package - Standard (ML Mortgage),Hourly,PriceMyLoan Service Package,N,0.0,SHARED-0471,3468.0,SHARED-0472,289.0,SHARED-0473,,,Y,,Subject to an annual cap of 12 hours. If annual cap is reached during term of service customer may continue to use service at the hourly rate.,,,,,,,,,,,,,,Settlement & Real Estate Services,SAE Services,PriceMyLoan Service Package - Standard (ML Mortgage),,,,Add Ons
SHARED,Mortgage Credit Link,Add On - Credit Verification,Equifax,Business Credit Industry (MCL) Report 2.0 (BCIR2) Tier 1 (5000+ Reports),Usage,"Business Credit Industry
Report 2.0 (BCIR2)",N,0.0,SHARED-0089,,,0.52,SHARED-0022,,,N,,"(non-aggregate)
< 2,500: $2.06
2,500 - 4,999: $1.03
>= 5,000: $0.52
No charge if no record is found","Volume Discount
< 2,500: $2.06
2,500 - 4,999: $1.03
>= 5,000: $0.52

No charge if no record is found.",,,,,,,,,,,,,Fraud & Verification,Credit Verification,Business Credit Industry (MCL) Report 2.0 (BCIR2),Tier 1,5000.0,0.0,Add Ons
SHARED,Mortgage Credit Link,Add On - Credit Verification,Equifax,Business Credit Industry (MCL) Report 2.0 (BCIR2) Tier 2 (2500 - 4999 Reports),Usage,"Business Credit Industry
Report 2.0 (BCIR2)",N,0.0,SHARED-0089,,,1.03,SHARED-0022,,,,,,,,,,,,,,,,Add Ons,,,Fraud & Verification,Credit Verification,Business Credit Industry (MCL) Report 2.0 (BCIR2),Tier 2,2500.0,4999.0,Add Ons
SHARED,Mortgage Credit Link,Add On - Credit Verification,Equifax,Business Credit Industry (MCL) Report 2.0 (BCIR2) Tier 3 (up to 2499 Reports),Usage,"Business Credit Industry
Report 2.0 (BCIR2)",N,0.0,SHARED-0089,,,2.06,SHARED-0022,,,,,,,,,,,,,,,,Add Ons,,,Fraud & Verification,Credit Verification,Business Credit Industry (MCL) Report 2.0 (BCIR2),Tier 3,0.0,2499.0,Add Ons
SHARED,Mortgage Credit Link,Add On - Employment/Income/Asset Verification,Equifax TWN,"Verification of Employment (MCL), including Experian Verify connectivity Tier 1 (20,000+ Pulls)",Usage,"Verification of Employment, including Experian Verify connectivity",N,0.0,SHARED-0086,,,0.82,SHARED-0064,,,N,,"(non-aggregate
bundled with
manual VOE)
<= 5,000: $1.03
5,001 - 10,000:
$0.98
10,001 - 15,000:
$0.93
15,001 - 20,000:
$0.88
> 20,000: $0.82

Includes instant and manual volumes. Only billed for completed
orders.","VOE Products have aggregate volume discount
<= 5,000: $1.03
5,001 - 10,000:
$0.98
10,001 - 15,000:
$0.93
15,001 - 20,000:
$0.88
> 20,000: $0.82",,,,,,,,,,,,,Fraud & Verification,Employment/Income/Asset Verification,"Verification of Employment (MCL), including Experian Verify connectivity",Tier 1,20000.0,0.0,Add Ons
SHARED,Mortgage Credit Link,Add On - Employment/Income/Asset Verification,Equifax TWN,"Verification of Employment (MCL), including Experian Verify connectivity Tier 2 (15,000 - 19,999 Pulls)",Usage,"Verification of Employment, including Experian Verify connectivity",N,0.0,SHARED-0086,,,0.88,SHARED-0064,,,,,,,,,,,,,,,,Add Ons,,,Fraud & Verification,Employment/Income/Asset Verification,"Verification of Employment (MCL), including Experian Verify connectivity",Tier 2,15000.0,19999.0,Add Ons
SHARED,Mortgage Credit Link,Add On - Employment/Income/Asset Verification,Equifax TWN,"Verification of Employment (MCL), including Experian Verify connectivity Tier 3 (10,000 - 14,999 Pulls)",Usage,"Verification of Employment, including Experian Verify connectivity",N,0.0,SHARED-0086,,,0.93,SHARED-0064,,,,,,,,,,,,,,,,Add Ons,,,Fraud & Verification,Employment/Income/Asset Verification,"Verification of Employment (MCL), including Experian Verify connectivity",Tier 3,10000.0,14999.0,Add Ons
SHARED,Mortgage Credit Link,Add On - Employment/Income/Asset Verification,Equifax TWN,"Verification of Employment (MCL), including Experian Verify connectivity Tier 4 (5000 - 9999 Pulls)",Usage,"Verification of Employment, including Experian Verify connectivity",N,0.0,SHARED-0086,,,0.98,SHARED-0064,,,,,,,,,,,,,,,,Add Ons,,,Fraud & Verification,Employment/Income/Asset Verification,"Verification of Employment (MCL), including Experian Verify connectivity",Tier 4,5000.0,9999.0,Add Ons
SHARED,Mortgage Credit Link,Add On - Employment/Income/Asset Verification,Equifax TWN,"Verification of Employment (MCL), including Experian Verify connectivity Tier 5 (up to 4999 Pulls)",Usage,"Verification of Employment, including Experian Verify connectivity",N,0.0,SHARED-0086,,,1.03,SHARED-0064,,,,,,,,,,,,,,,,Add Ons,,,Fraud & Verification,Employment/Income/Asset Verification,"Verification of Employment (MCL), including Experian Verify connectivity",Tier 5,0.0,4999.0,Add Ons
SHARED,Mortgage Credit Link,Add On - Property Data,CoreLogic,CoreLogic GeoAVM (MCL),Usage,CoreLogic GeoAVM,N,0.0,SHARED-0094,,,2.06,SHARED-0008,,,N,,,,,,,,,,,,,,,,Settlement & Real Estate Services,Property Data,CoreLogic GeoAVM (MCL),,,,Add Ons
SHARED,Mortgage Credit Link,Add On - Property Data,CoreLogic,CoreLogic Home Value Explorer (HVE) (MCL) Tier 1 (5000+ Pulls),Usage,CoreLogic Home Value Explorer (HVE),N,0.0,SHARED-0076,,,0.52,SHARED-0023,,,N,,"(aggregate)
< 2,500: $2.06
2,500 - 4,999: $1.03
>= 5,000: $0.52","Volume Discount
< 2,500: $2.06
2,500 - 4,999: $1.03
>= 5,000: $0.52",,,,,,,,,,,,,Settlement & Real Estate Services,Property Data,CoreLogic Home Value Explorer (HVE) (MCL),Tier 1,5000.0,0.0,Add Ons
SHARED,Mortgage Credit Link,Add On - Property Data,CoreLogic,CoreLogic Home Value Explorer (HVE) (MCL) Tier 2 (2500 - 4999 Pulls),Usage,CoreLogic Home Value Explorer (HVE),N,0.0,SHARED-0076,,,1.03,SHARED-0023,,,,,,,,,,,,,,,,Add Ons,,,Settlement & Real Estate Services,Property Data,CoreLogic Home Value Explorer (HVE) (MCL),Tier 2,2500.0,4999.0,Add Ons
SHARED,Mortgage Credit Link,Add On - Property Data,CoreLogic,CoreLogic Home Value Explorer (HVE) (MCL) Tier 3 (Up to 2499 Pulls),Usage,CoreLogic Home Value Explorer (HVE),N,0.0,SHARED-0076,,,2.06,SHARED-0023,,,,,,,,,,,,,,,,Add Ons,,,Settlement & Real Estate Services,Property Data,CoreLogic Home Value Explorer (HVE) (MCL),Tier 3,0.0,2499.0,Add Ons
SHARED,Mortgage Credit Link,Add On - Property Data,CoreLogic,CoreLogic IVAL (MCL),Usage,CoreLogic IVAL,N,0.0,SHARED-0095,,,2.06,SHARED-0025,,,N,,,,,,,,,,,,,,,,Settlement & Real Estate Services,Property Data,CoreLogic IVAL (MCL),,,,Add Ons
SHARED,Mortgage Credit Link,Add On - Property Data,CoreLogic,CoreLogic PASS (MCL),Usage,CoreLogic PASS,N,0.0,SHARED-0096,,,2.06,SHARED-0026,,,N,,,,,,,,,,,,,,,,Settlement & Real Estate Services,Property Data,CoreLogic PASS (MCL),,,,Add Ons
SHARED,Mortgage Credit Link,Add On - Property Data,"ServiceLink,
Corelogic,
Wolters
Kluwer,
Lereta",Flood Transaction (MCL) Tier 1 (5000+ Reports),Usage,Flood Transaction,N,0.0,SHARED-0080,,,0.52,SHARED-0028,,,N,,"(aggregate)
< 2,500: $1.03
2,500 - 4,999: $0.77
>= 5,000: $0.52","Volume Discount
< 2,500: $1.03
2,500 - 4,999: $0.77
>= 5,000: $0.52",,,,,,,,,,,,,Settlement & Real Estate Services,Property Data,Flood Transaction (MCL),Tier 1,5000.0,0.0,Add Ons
SHARED,Mortgage Credit Link,Add On - Property Data,"ServiceLink,
Corelogic,
Wolters
Kluwer,
Lereta",Flood Transaction (MCL) Tier 2 (2500 - 4999 Reports),Usage,Flood Transaction,N,0.0,SHARED-0080,,,0.78,SHARED-0028,,,,,,,,,,,,,,,,Add Ons,,,Settlement & Real Estate Services,Property Data,Flood Transaction (MCL),Tier 2,2500.0,4999.0,Add Ons
SHARED,Mortgage Credit Link,Add On - Property Data,"ServiceLink,
Corelogic,
Wolters
Kluwer,
Lereta",Flood Transaction (MCL) Tier 3 (Up to 2499 Reports),Usage,Flood Transaction,N,0.0,SHARED-0080,,,1.03,SHARED-0028,,,,,,,,,,,,,,,,Add Ons,,,Settlement & Real Estate Services,Property Data,Flood Transaction (MCL),Tier 3,0.0,2499.0,Add Ons
SHARED,Mortgage Credit Link,Add On - Property Data,CoreLogic,Flood Zone Determination - Basic (CoreLogic) (MCL),Usage,Flood Zone Determination - Basic,N,0.0,SHARED-0087,,,-1234.0,SHARED-0055,,,N,,Quote pricing.  Price is not actually -$1234.00,,,,,,,,,,,,,,Not Mapped,Property Data,Flood Zone Determination - Basic (CoreLogic) (MCL),,,,Add Ons
SHARED,Mortgage Credit Link,Add On - Property Data,Lereta,Flood Zone Determination - Basic (Lereta) (MCL),Usage,Flood Zone Determination - Basic,N,0.0,SHARED-0090,,,-1234.0,SHARED-0073,,,N,,Quote pricing.  Price is not actually -$1234.00,,,,,,,,,,,,,,Not Mapped,Property Data,Flood Zone Determination - Basic (Lereta) (MCL),,,,Add Ons
SHARED,Mortgage Credit Link,Add On - Property Data,ServiceLink,Flood Zone Determination - Basic (ServiceLink) (MCL),Usage,Flood Zone Determination - Basic,N,0.0,SHARED-0081,,,-1234.0,SHARED-0071,,,N,,Quote pricing.  Price is not actually -$1234.00,,,,,,,,,,,,,,Not Mapped,Property Data,Flood Zone Determination - Basic (ServiceLink) (MCL),,,,Add Ons
SHARED,Mortgage Credit Link,Add On - Property Data,CoreLogic,Flood Zone Determination - Life of Loan (CoreLogic) (MCL),Usage,Flood Zone Determination - Life of Loan,N,0.0,SHARED-0084,,,-1234.0,SHARED-0056,,,N,,Quote pricing.  Price is not actually -$1234.00,,,,,,,,,,,,,,Not Mapped,Property Data,Flood Zone Determination - Life of Loan (CoreLogic) (MCL),,,,Add Ons
SHARED,Mortgage Credit Link,Add On - Property Data,Lereta,Flood Zone Determination - Life of Loan (Lereta) (MCL),Usage,Flood Zone Determination - Life of Loan,N,0.0,SHARED-0083,,,-1234.0,SHARED-0074,,,N,,Quote pricing.  Price is not actually -$1234.00,,,,,,,,,,,,,,Not Mapped,Property Data,Flood Zone Determination - Life of Loan (Lereta) (MCL),,,,Add Ons
SHARED,Mortgage Credit Link,Add On - Property Data,ServiceLink,Flood Zone Determination - Life of Loan (ServiceLink) (MCL),Usage,Flood Zone Determination - Life of Loan,N,0.0,SHARED-0100,,,-1234.0,SHARED-0072,,,N,,Quote pricing.  Price is not actually -$1234.00,,,,,,,,,,,,,,Not Mapped,Property Data,Flood Zone Determination - Life of Loan (ServiceLink) (MCL),,,,Add Ons
SHARED,Mortgage Credit Link,Add On - Property Data,Stewart,PMC (MCL),Usage,PMC,N,0.0,SHARED-0091,,,2.06,SHARED-0027,,,N,,,,,,,,,,,,,,,,Not Mapped,Property Data,PMC (MCL),,,,Add Ons
Verification Data Access,Mortgage Credit Link,Add On - Credit Verification,MeridianLink,Comparison Report,Usage,Comparison Report,N,0.0,CRED-0330,,,1.03,CRED-0039,,,N,,"(aggregate)
<= 249: $1.03
250 - 499: $0.93
500 - 999: $0.82
1,000 - 2,499: $0.62
2,500 - 4,999: $0.41
5,000 - 9,999: $0.31
10,000 - 24,999: $0.25
25,000 - 49,999: $0.21
>= 50,000: $0.18

Free for support-side users to minimize CRA
costs related to CreditXpert and Repository
Updates","Volume discount:
<= 249: $1.03
250 - 499: $0.93
500 - 999: $0.82
1,000 - 2,499: $0.62
2,500 - 4,999: $0.41
5,000 - 9,999: $0.31
10,000 - 24,999: $0.25
25,000 - 49,999: $0.21
>= 50,000: $0.18",,,,,,,,,,,,,Other,Credit Verification,Comparison Report,,,,Add Ons
Verification Data Access,Mortgage Credit Link,Add On - Credit Verification,MeridianLink,Consumer Credit Reports - Method 2,Usage,Consumer Credit Reports,N,0.0,CRED-0332,,,1.03,CRED-0301,,,N,1030.0,**Not preferred. Method 2 - $0.26 per infile (calculated in MCL),"$0.26 per infile

Volume Discount
5,001-10,000: 5%
10,001-20,000: 10%
20,001-30,000: 20%
30,001-50,000: 25%
50,001+: 30%",,,,,,,,,,,,,Fraud & Verification,Credit Verification,Consumer Credit Reports - Method 2,,,,Add Ons
Verification Data Access,Mortgage Credit Link,Add On - Credit Verification,MeridianLink,Consumer Credit Reports - Method 3,Usage,Consumer Credit Reports,N,0.0,CRED-0332,,,1.03,CRED-0301,,,N,1030.0,Method 3 - $1.03 per report.,"$1.03 per report.

Volume Discount
5,001-10,000: 5%
10,001-20,000: 10%
20,001-30,000: 20%
30,001-50,000: 25%
50,001+: 30%",,,,,,,,,,,,,Fraud & Verification,Credit Verification,Consumer Credit Reports - Method 3,,,,Add Ons
Verification Data Access,Mortgage Credit Link,Add On - Credit Verification,MeridianLink,Consumer Credit Reports - Method 4,Usage,Consumer Credit Reports,N,0.0,CRED-0332,,,1.03,CRED-0301,,,N,1030.0,Method 4 - $1.03 for hard inquiry and $0.52 for soft inquiry,"$1.03 for hard inquiry and $0.52 for soft inquiry

Volume Discount
<5k: 5%
5,001-10k: 10%
10,001-20k: 20%
20,001-30k: 25%
30,001-50k: 30%",,,,,,,,,,,,,Fraud & Verification,Credit Verification,Consumer Credit Reports - Method 4,,,,Add Ons
Verification Data Access,Mortgage Credit Link,Add On - Credit Verification,CreditXpert,Credit Assure,Usage,Credit Assure,N,0.0,CRED-0318,,,0.07,CRED-0043,CRED-0043,CRED-0481,N,,"Pricing is per individual per bureau
CreditXpert products collectively have a $200
monthly minimum.","Pricing is per individual per bureau
CreditXpert products collectively have a $200
monthly minimum.",,,,,,,,,,,,,Fraud & Verification,Credit Verification,Credit Assure,,,,Add Ons
Verification Data Access,Mortgage Credit Link,Add On - Credit Verification,ID Analytics,Credit Optics Score,Usage,Credit Optics Score,N,0.0,CRED-0334,,,,CRED-0178,,,N,,"We would charge for this, but there is no
standard price since we haven't signed anyone
up for it yet.",,,,,,,,,,,,,,Not Mapped,Credit Verification,Credit Optics Score,,,,Add Ons
Verification Data Access,Mortgage Credit Link,Add On - Credit Verification,CreditXpert,Credit Radar,Usage,Credit Radar,N,0.0,CRED-0434,,,0.22,CRED-0066,,,N,,"Pricing is per individual per bureau
CreditXpert products collectively have a $200
monthly minimum","Pricing is per individual per bureau
CreditXpert products collectively have a $200
monthly minimum.",,,,,,,,,,,,,Fraud & Verification,Credit Verification,Credit Radar,,,,Add Ons
Verification Data Access,Mortgage Credit Link,Add On - Credit Verification,CIC Reports,Criminal Record Report,Usage,Criminal Record Report,N,0.0,CRED-0336,,,0.52,CRED-0062,,,N,,,,,,,,,,,,,,,,Screening,Credit Verification,Criminal Record Report,,,,Add Ons
Verification Data Access,Mortgage Credit Link,Add On - Credit Verification,CreditXpert,CX Bundle,Usage,CX Bundle,N,0.0,CRED-0337,,,0.61,CRED-0046,CRED-0046,CRED-0482,N,,"CreditXpert products collectively have a $200
monthly minimum","Pricing is per individual per bureau
CreditXpert products collectively have a $200
monthly minimum.",,,,,,,,,,,,,Fraud & Verification,Credit Verification,CX Bundle,,,,Add Ons
Verification Data Access,Mortgage Credit Link,Add On - Credit Verification,CIC Reports,Eviction Report,Usage,Eviction Report,N,0.0,CRED-0344,,,0.52,CRED-0047,,,N,,,,,,,,,,,,,,,,Screening,Credit Verification,Eviction Report,,,,Add Ons
Verification Data Access,Mortgage Credit Link,Add On - Credit Verification,MeridianLink,FAMM,Usage,FAMM,N,0.0,CRED-0347,1236.0,CRED-0050,,,,,N,,Annual fee billed in monthly installments,Annual fee billed in monthly installments,,,,,,,,,,,,,Other,Credit Verification,FAMM,,,,Add Ons
Verification Data Access,Mortgage Credit Link,Add On - Credit Verification,MeridianLink,FAMM Email,Usage,FAMM Email,N,0.0,CRED-0346,,,0.26,CRED-0004,,,N,,"""Charge per successful FAMM email when using
the FAMM auto-email feature. CRA's configure if
""""successful"""" means the email is sent without
error, or if the recipient views the disclosure. 
Units 1-5000: $0.26
Units 5001-10000: $0.21
Units 10001-20000: $0.15
Units 20001+: $0.10""","Charge per successful FAMM email
Units 1-5000: $0.26
Units 5001-10000: $0.21
Units 10001-20000: $0.15
Units 20001+: $0.10",,,,,,,,,,,,,Other,Credit Verification,FAMM Email,,,,Add Ons
Verification Data Access,Mortgage Credit Link,Add On - Credit Verification,LexisNexis,LexisNexis Liens and Judgements,Usage,LexisNexis Liens and Judgements,N,0.0,CRED-0385,,,0.26,CRED-0063,,,N,,Standalone or credit report add-on,,,,,,,,,,,,,,Fraud & Verification,Credit Verification,LexisNexis Liens and Judgements,,,,Add Ons
Verification Data Access,Mortgage Credit Link,Add On - Credit Verification,MeridianLink,MCL Credit Attributes,Usage,MCL Credit Attributes,N,0.0,CRED-0391,,,0.21,CRED-0223,,,N,,"50% rev-share with CRA
with minimum of $0.10 per
individual report and $0.21
per joint report",Transaction fee is 50% of CRA retail price with minimum of $0.10 per individual report and $0.21 per joint report.,,,,,,,,,,,,,Fraud & Verification,Credit Verification,MCL Credit Attributes,,,,Add Ons
Verification Data Access,Mortgage Credit Link,Add On - Credit Verification,MeridianLink,Mortgage Rating,Usage,Mortgage Rating,N,0.0,CRED-0405,,,0.52,CRED-0037,,,N,,12 month mortgage rating,,,,,,,,,,,,,,Other,Credit Verification,Mortgage Rating,,,,Add Ons
Verification Data Access,Mortgage Credit Link,Add On - Credit Verification,PitchPoint,PitchPoint BLJ,Usage,PitchPoint BLJ,N,0.0,CRED-0426,,,0.26,CRED-0064,,,N,,Standalone or credit report add-on,,,,,,,,,,,,,,Fraud & Verification,Credit Verification,PitchPoint BLJ,,,,Add Ons
Verification Data Access,Mortgage Credit Link,Add On - Credit Verification,"Equifax, Experian, TransUnion",Raw Credit Data Reissue,Usage,Raw Credit Data Reissue,N,0.0,CRED-0435,,,0.52,CRED-0222,,,N,,"Do not proactively offer. If moving forward,
requires NDA between ML and integrator",,,,,,,,,,,,,,Other,Credit Verification,Raw Credit Data Reissue,,,,Add Ons
Verification Data Access,Mortgage Credit Link,Add On - Credit Verification,LexisNexis,RiskView Score,Usage,RiskView Score,N,0.0,CRED-0439,,,0.0,CRED-0166,,,N,,"We would charge for this, but there is no
standard price since we haven't signed anyone
up for it yet.",,,,,,,,,,,,,,Not Mapped,Credit Verification,RiskView Score,,,,Add Ons
Verification Data Access,Mortgage Credit Link,Add On - Credit Verification,ScoreNavigator,ScoreNavigator Bundle,Usage,ScoreNavigator Bundle,N,0.0,CRED-0548,,,0.6,CRED-0565,,,N,,,Pricing is per infile,,,1,Dependent,$200 monthly minimum across all ScoreNavigator products,,,,,,,,Fraud & Verification,Credit Verification,ScoreNavigator Bundle,,,,Add Ons
Verification Data Access,Mortgage Credit Link,Add On - Credit Verification,ScoreNavigator,"ScoreNavigator Manual Simulator Tier 1 (20,000+ units)",Usage,ScoreNavigator Manual Simulator,N,0.0,CRED-0547,,,4.48,CRED-0566,,,N,,,Pricing is per infile,,,1,Dependent,$200 monthly minimum across all ScoreNavigator products,,,,,,,,Fraud & Verification,Credit Verification,ScoreNavigator Manual Simulator,Tier 1,20000.0,0.0,Add Ons
Verification Data Access,Mortgage Credit Link,Add On - Credit Verification,ScoreNavigator,"ScoreNavigator Manual Simulator Tier 2 (10,000 - 19,999 units)",Usage,ScoreNavigator Manual Simulator,N,0.0,CRED-0547,,,4.79,CRED-0566,,,N,,,Pricing is per infile,,,1,Dependent,$200 monthly minimum across all ScoreNavigator products,,,,,,,,Fraud & Verification,Credit Verification,ScoreNavigator Manual Simulator,Tier 2,10000.0,19999.0,Add Ons
Verification Data Access,Mortgage Credit Link,Add On - Credit Verification,ScoreNavigator,"ScoreNavigator Manual Simulator Tier 3 (5,000 - 9,999 units)",Usage,ScoreNavigator Manual Simulator,N,0.0,CRED-0547,,,5.05,CRED-0566,,,N,,,Pricing is per infile,,,1,Dependent,$200 monthly minimum across all ScoreNavigator products,,,,,,,,Fraud & Verification,Credit Verification,ScoreNavigator Manual Simulator,Tier 3,5000.0,9999.0,Add Ons
Verification Data Access,Mortgage Credit Link,Add On - Credit Verification,ScoreNavigator,"ScoreNavigator Manual Simulator Tier 4 (1 - 4,999 units)",Standard,ScoreNavigator Manual Simulator,N,0.0,CRED-0547,,,5.3,CRED-0566,,,N,,,Pricing is per infile,,,1,Dependent,$200 monthly minimum across all ScoreNavigator products,,,,,,,,Fraud & Verification,Credit Verification,ScoreNavigator Manual Simulator,Tier 4,1.0,4999.0,Add Ons
Verification Data Access,Mortgage Credit Link,Add On - Credit Verification,ScoreNavigator,"ScoreNavigator Mortgage Action Plan Tier 1 (20,000+ units)",Usage,,N,0.0,CRED-0557,,,4.48,CRED-0567,,,N,,,Pricing is per infile,,,1,Dependent,$200 monthly minimum across all ScoreNavigator products,,,,,,,,Fraud & Verification,Credit Verification,ScoreNavigator Mortgage Action Plan,Tier 1,20000.0,0.0,Add Ons
Verification Data Access,Mortgage Credit Link,Add On - Credit Verification,ScoreNavigator,"ScoreNavigator Mortgage Action Plan Tier 2 (10,000 - 19,999 units)",Standard,ScoreNavigator Mortgage Action Plan,N,0.0,CRED-0557,,,4.79,CRED-0567,,,N,,,Pricing is per infile,,,1,Dependent,$200 monthly minimum across all ScoreNavigator products,,,,,,,,Fraud & Verification,Credit Verification,ScoreNavigator Mortgage Action Plan,Tier 2,10000.0,19999.0,Add Ons
Verification Data Access,Mortgage Credit Link,Add On - Credit Verification,ScoreNavigator,"ScoreNavigator Mortgage Action Plan Tier 3 (5,000 - 9,999 units)",Standard,ScoreNavigator Mortgage Action Plan,N,0.0,CRED-0557,,,5.05,CRED-0567,,,N,,,Pricing is per infile,,,1,Dependent,$200 monthly minimum across all ScoreNavigator products,,,,,,,,Fraud & Verification,Credit Verification,ScoreNavigator Mortgage Action Plan,Tier 3,5000.0,9999.0,Add Ons
Verification Data Access,Mortgage Credit Link,Add On - Credit Verification,ScoreNavigator,"ScoreNavigator Mortgage Action Plan Tier 4 (1 - 4,999 units)",Usage,,N,0.0,CRED-0557,,,5.3,CRED-0567,,,N,,,Pricing is per infile,,,1,Dependent,$200 monthly minimum across all ScoreNavigator products,,,,,,,,Fraud & Verification,Credit Verification,ScoreNavigator Mortgage Action Plan,Tier 4,1.0,4999.0,Add Ons
Verification Data Access,Mortgage Credit Link,Add On - Credit Verification,ScoreNavigator,ScoreNavigator Preview,Usage,ScoreNavigator Preview,N,0.0,CRED-0555,,,0.11,CRED-0564,,,N,,,Pricing is per infile,,,1,Dependent,$200 monthly minimum across all ScoreNavigator products,,,,,,,,Fraud & Verification,Credit Verification,ScoreNavigator Preview,,,,Add Ons
Verification Data Access,Mortgage Credit Link,Add On - Credit Verification,ScoreNavigator,"ScoreNavigator Target & Money Simulator Tier 1 (20,000+ units)",Usage,,N,0.0,CRED-0556,,,3.92,CRED-0568,,,N,,,Pricing is per infile,,,1,Dependent,$200 monthly minimum across all ScoreNavigator products,,,,,,,,Fraud & Verification,Credit Verification,ScoreNavigator Target & Money Simulator,Tier 1,20000.0,0.0,Add Ons
Verification Data Access,Mortgage Credit Link,Add On - Credit Verification,ScoreNavigator,"ScoreNavigator Target & Money Simulator Tier 2 (10,000 - 19,999 units)",Usage,,N,0.0,CRED-0556,,,4.38,CRED-0568,,,N,,,Pricing is per infile,,,1,Dependent,$200 monthly minimum across all ScoreNavigator products,,,,,,,,Fraud & Verification,Credit Verification,ScoreNavigator Target & Money Simulator,Tier 2,10000.0,19999.0,Add Ons
Verification Data Access,Mortgage Credit Link,Add On - Credit Verification,ScoreNavigator,"ScoreNavigator Target & Money Simulator Tier 3 (5,000 - 9,999 units)",Usage,,N,0.0,CRED-0556,,,4.53,CRED-0568,,,N,,,Pricing is per infile,,,1,Dependent,$200 monthly minimum across all ScoreNavigator products,,,,,,,,Fraud & Verification,Credit Verification,ScoreNavigator Target & Money Simulator,Tier 3,5000.0,9999.0,Add Ons
Verification Data Access,Mortgage Credit Link,Add On - Credit Verification,ScoreNavigator,"ScoreNavigator Target & Money Simulator Tier 4 (1 - 4,999 units)",Usage,,N,0.0,CRED-0556,,,4.69,CRED-0568,,,N,,,Pricing is per infile,,,1,Dependent,$200 monthly minimum across all ScoreNavigator products,,,,,,,,Fraud & Verification,Credit Verification,ScoreNavigator Target & Money Simulator,Tier 4,1.0,4999.0,Add Ons
Verification Data Access,Mortgage Credit Link,Add On - Credit Verification,MeridianLink,Smart Select AutoUpgrade(Not Including Shield),Usage,Smart Select AutoUpgrade (Not Including Shield),N,0.0,CRED-0445,,,0.16,CRED-0007,,,N,,"Single Bureau Cascade is free. Billed when
SmartSelect prevents an upgrade.",Billed when SmartSelect stops an upgrade,,,,,,,,,,,,,Other,Credit Verification,Smart Select AutoUpgrade(Not Including Shield),,,,Add Ons
Verification Data Access,Mortgage Credit Link,Add On - Credit Verification,MeridianLink,SmartSelect Shield - Flex ID,Usage,SmartSelect Shield - Flex ID,N,0.0,CRED-0446,,,0.11,CRED-0224,,,N,,Per FlexID Transaction (per individual),Per FlexID Transaction (per individual),,,,,,,,,,,,,Other,Credit Verification,SmartSelect Shield - Flex ID,,,,Add Ons
Verification Data Access,Mortgage Credit Link,Add On - Credit Verification,MeridianLink,SmartSelect Shield - Prequal Tier 1,Usage,SmartSelect Shield - Prequal Tier 1,N,0.0,CRED-0447,,,0.26,CRED-0219,,,N,,"Auto Upgrade % During
Billable Period : Per Order
Amount
90%+ : $0.26
80% to <90% : $0.46
70% to <80%: $0.67
60% to <70%: $0.88
<60%: $1.08

Auto Upgrade % are calculated per customer
configured in MCL","Auto Upgrade % During
Billable Period : Per Order
Amount
90%+ : $0.26
80% to <90% : $0.46
70% to <80%: $0.67
60% to <70%: $0.88
<60%: $1.08

Auto Upgrade % are calculated per customer
configured in MCL",,,,,,,,,,,,,Other,Credit Verification,SmartSelect Shield - Prequal Tier 1,,,,Add Ons
Verification Data Access,Mortgage Credit Link,Add On - Credit Verification,MeridianLink,SmartSelect Shield - Prequal Tier 2,Usage,SmartSelect Shield - Prequal Tier 2,N,0.0,CRED-0447,,,0.46,CRED-0220,,,N,,"Auto Upgrade % During
Billable Period : Per Order
Amount
90%+ : $0.26
80% to <90% : $0.46
70% to <80%: $0.67
60% to <70%: $0.88
<60%: $1.08

Auto Upgrade % are calculated per customer
configured in MCL","Auto Upgrade % During
Billable Period : Per Order
Amount
90%+ : $0.26
80% to <90% : $0.46
70% to <80%: $0.67
60% to <70%: $0.88
<60%: $1.08

Auto Upgrade % are calculated per customer
configured in MCL",,,,,,,,,,,,,Other,Credit Verification,SmartSelect Shield - Prequal Tier 2,,,,Add Ons
Verification Data Access,Mortgage Credit Link,Add On - Credit Verification,MeridianLink,SmartSelect Shield - Prequal Tier 3,Usage,SmartSelect Shield - Prequal Tier 3,N,0.0,CRED-0447,,,0.67,CRED-0238,,,N,,"Auto Upgrade % During
Billable Period : Per Order
Amount
90%+ : $0.26
80% to <90% : $0.46
70% to <80%: $0.67
60% to <70%: $0.88
<60%: $1.08

Auto Upgrade % are calculated per customer
configured in MCL","Auto Upgrade % During
Billable Period : Per Order
Amount
90%+ : $0.26
80% to <90% : $0.46
70% to <80%: $0.67
60% to <70%: $0.88
<60%: $1.08

Auto Upgrade % are calculated per customer
configured in MCL",,,,,,,,,,,,,Other,Credit Verification,SmartSelect Shield - Prequal Tier 3,,,,Add Ons
Verification Data Access,Mortgage Credit Link,Add On - Credit Verification,MeridianLink,SmartSelect Shield - Prequal Tier 4,Usage,SmartSelect Shield - Prequal Tier 4,N,0.0,CRED-0447,,,0.88,CRED-0240,,,N,,"Auto Upgrade % During
Billable Period : Per Order
Amount
90%+ : $0.26
80% to <90% : $0.46
70% to <80%: $0.67
60% to <70%: $0.88
<60%: $1.08

Auto Upgrade % are calculated per customer
configured in MCL","Auto Upgrade % During
Billable Period : Per Order
Amount
90%+ : $0.26
80% to <90% : $0.46
70% to <80%: $0.67
60% to <70%: $0.88
<60%: $1.08

Auto Upgrade % are calculated per customer
configured in MCL",,,,,,,,,,,,,Other,Credit Verification,SmartSelect Shield - Prequal Tier 4,,,,Add Ons
Verification Data Access,Mortgage Credit Link,Add On - Credit Verification,MeridianLink,SmartSelect Shield - Prequal Tier 5,Usage,SmartSelect Shield - Prequal Tier 5,N,0.0,CRED-0447,,,1.08,CRED-0241,,,N,,"Auto Upgrade % During
Billable Period : Per Order
Amount
90%+ : $0.26
80% to <90% : $0.46
70% to <80%: $0.67
60% to <70%: $0.88
<60%: $1.08

Auto Upgrade % are calculated per customer
configured in MCL","Auto Upgrade % During
Billable Period : Per Order
Amount
90%+ : $0.26
80% to <90% : $0.46
70% to <80%: $0.67
60% to <70%: $0.88
<60%: $1.08

Auto Upgrade % are calculated per customer
configured in MCL",,,,,,,,,,,,,Other,Credit Verification,SmartSelect Shield - Prequal Tier 5,,,,Add Ons
Verification Data Access,Mortgage Credit Link,Add On - Credit Verification,MeridianLink,Targeted Lender Consumer Credit Report T1,Usage,Targeted Lender Consumer Credit Report T1,N,0.0,CRED-0506,,,0.26,CRED-0510,,,N,,Per report; Requires Targeted Lender addendum,,,,1,Dependent,Requires Targeted Lender Addendum,,,,,,,,Fraud & Verification,Credit Verification,Targeted Lender Consumer Credit Report T1,,,,Add Ons
Verification Data Access,Mortgage Credit Link,Add On - Credit Verification,MeridianLink,Targeted Lender Consumer Credit Report T2,Usage,Targeted Lender Consumer Credit Report T2,N,0.0,CRED-0506,,,0.34,CRED-0514,,,N,,Per report; Requires Targeted Lender addendum,,,,1,Dependent,Requires Targeted Lender Addendum,,,,,,,,Fraud & Verification,Credit Verification,Targeted Lender Consumer Credit Report T2,,,,Add Ons
Verification Data Access,Mortgage Credit Link,Add On - Credit Verification,MeridianLink,Targeted Lender Consumer Credit Report T3,Usage,Targeted Lender Consumer Credit Report T3,N,0.0,CRED-0506,,,0.42,CRED-0512,,,N,,Per report; Requires Targeted Lender addendum,,,,1,Dependent,Requires Targeted Lender Addendum,,,,,,,,Fraud & Verification,Credit Verification,Targeted Lender Consumer Credit Report T3,,,,Add Ons
Verification Data Access,Mortgage Credit Link,Add On - Credit Verification,MeridianLink,Targeted Lender Credit Attributes T1,Usage,Targeted Lender Credit Attributes T1,N,0.0,CRED-0495,,,0.06,CRED-0489,,,N,,50% rev-share with CRA with minimum of $0.06 per individual report and $0.12 per joint report. Requires Targeted Lender Addendum,Transaction fee is 50% of CRA retail price with minimum of $0.06 per individual report and $0.12 per joint report.,,,1,Dependent,Requires Targeted Lender Addendum,,,,,,,,Fraud & Verification,Credit Verification,Targeted Lender Credit Attributes T1,,,,Add Ons
Verification Data Access,Mortgage Credit Link,Add On - Credit Verification,MeridianLink,Targeted Lender Credit Attributes T2,Usage,Targeted Lender Credit Attributes T2,N,0.0,CRED-0495,,,0.07,CRED-0497,,,N,,50% rev-share with CRA with minimum of $0.06 per individual report and $0.12 per joint report. Requires Targeted Lender Addendum,Transaction fee is 50% of CRA retail price with minimum of $0.06 per individual report and $0.12 per joint report.,,,1,Dependent,Requires Targeted Lender Addendum,,,,,,,,Fraud & Verification,Credit Verification,Targeted Lender Credit Attributes T2,,,,Add Ons
Verification Data Access,Mortgage Credit Link,Add On - Credit Verification,MeridianLink,Targeted Lender Credit Attributes T3,Usage,Targeted Lender Credit Attributes T3,N,0.0,CRED-0495,,,0.08,CRED-0494,,,N,,50% rev-share with CRA with minimum of $0.06 per individual report and $0.12 per joint report. Requires Targeted Lender Addendum,Transaction fee is 50% of CRA retail price with minimum of $0.06 per individual report and $0.12 per joint report.,,,1,Dependent,Requires Targeted Lender Addendum,,,,,,,,Fraud & Verification,Credit Verification,Targeted Lender Credit Attributes T3,,,,Add Ons
Verification Data Access,Mortgage Credit Link,Add On - Credit Verification,LexisNexis,Targeted Lender LexisNexis Liens and Judgements T1,Usage,Targeted Lender LexisNexis Liens and Judgements T1,N,0.0,CRED-0504,,,0.13,CRED-0496,,,N,,Standalone or credit report add-on; Requires Targeted Lender addendum,,,,1,Dependent,Requires Targeted Lender Addendum,,,,,,,,Fraud & Verification,Credit Verification,Targeted Lender LexisNexis Liens and Judgements T1,,,,Add Ons
Verification Data Access,Mortgage Credit Link,Add On - Credit Verification,LexisNexis,Targeted Lender LexisNexis Liens and Judgements T2,Usage,Targeted Lender LexisNexis Liens and Judgements T2,N,0.0,CRED-0504,,,0.16,CRED-0491,,,N,,Standalone or credit report add-on; Requires Targeted Lender addendum,,,,1,Dependent,Requires Targeted Lender Addendum,,,,,,,,Fraud & Verification,Credit Verification,Targeted Lender LexisNexis Liens and Judgements T2,,,,Add Ons
Verification Data Access,Mortgage Credit Link,Add On - Credit Verification,LexisNexis,Targeted Lender LexisNexis Liens and Judgements T3,Usage,Targeted Lender LexisNexis Liens and Judgements T3,N,0.0,CRED-0504,,,0.19,CRED-0508,,,N,,Standalone or credit report add-on; Requires Targeted Lender addendum,,,,1,Dependent,Requires Targeted Lender Addendum,,,,,,,,Fraud & Verification,Credit Verification,Targeted Lender LexisNexis Liens and Judgements T3,,,,Add Ons
Verification Data Access,Mortgage Credit Link,Add On - Credit Verification,PitchPoint,Targeted Lender PitchPoint BLJ T1,Usage,Targeted Lender PitchPoint BLJ T1,N,0.0,CRED-0511,,,0.13,CRED-0492,,,N,,Standalone or credit report add-on; Requires Targeted Lender addendum,,,,1,Dependent,Requires Targeted Lender Addendum,,,,,,,,Fraud & Verification,Credit Verification,Targeted Lender PitchPoint BLJ T1,,,,Add Ons
Verification Data Access,Mortgage Credit Link,Add On - Credit Verification,PitchPoint,Targeted Lender PitchPoint BLJ T2,Usage,Targeted Lender PitchPoint BLJ T2,N,0.0,CRED-0511,,,0.16,CRED-0505,,,N,,Standalone or credit report add-on; Requires Targeted Lender addendum,,,,1,Dependent,Requires Targeted Lender Addendum,,,,,,,,Fraud & Verification,Credit Verification,Targeted Lender PitchPoint BLJ T2,,,,Add Ons
Verification Data Access,Mortgage Credit Link,Add On - Credit Verification,PitchPoint,Targeted Lender PitchPoint BLJ T3,Usage,Targeted Lender PitchPoint BLJ T3,N,0.0,CRED-0511,,,0.19,CRED-0507,,,N,,Standalone or credit report add-on; Requires Targeted Lender addendum,,,,1,Dependent,Requires Targeted Lender Addendum,,,,,,,,Fraud & Verification,Credit Verification,Targeted Lender PitchPoint BLJ T3,,,,Add Ons
Verification Data Access,Mortgage Credit Link,Add On - Credit Verification,CreditXpert,TrendScape,Usage,TrendScape,N,0.0,CRED-0451,,,0.08,CRED-0044,,,N,,"CreditXpert products collectively have a $200
monthly minimum.","Pricing is per individual per bureau
CreditXpert products collectively have a $200
monthly minimum.",,,,,,,,,,,,,Fraud & Verification,Credit Verification,TrendScape,,,,Add Ons
Verification Data Access,Mortgage Credit Link,Add On - Credit Verification,Equifax,UDN - Equifax,Usage,UDN - Equifax,N,1300.0,CRED-0091,,,0.52,CRED-0087,,,N,,,Pricing is per individual,,,,,,,,,,,,,Fraud & Verification,Credit Verification,UDN - Equifax,,,,Add Ons
Verification Data Access,Mortgage Credit Link,Add On - Credit Verification,Experian,UDN - Experian,Usage,UDN - Experian,N,4200.0,CRED-0091,,,0.52,CRED-0087,,,N,,,Pricing is per individual,,,,,,,,,,,,,Fraud & Verification,Credit Verification,UDN - Experian,,,,Add Ons
Verification Data Access,Mortgage Credit Link,Add On - Credit Verification,TransUnion,UDN - TransUnion,Usage,UDN - TransUnion,N,1300.0,CRED-0091,,,0.52,CRED-0087,,,N,,,Pricing is per individual,,,,,,,,,,,,,Fraud & Verification,Credit Verification,UDN - TransUnion,,,,Add Ons
Verification Data Access,Mortgage Credit Link,Add On - Credit Verification,MeridianLink,ZipOverride,Usage,ZipOverride,N,1050.0,CRED-0095,,,,,,,N,,,,,,,,,,,,,,,,Not Mapped,Credit Verification,ZipOverride,,,,Add Ons
Verification Data Access,Mortgage Credit Link,Add On - Credit Verification,FICO,FICO Score Mortgage Simulator,Usage,FICO Score Mortgage Simulator,N,0.0,CRED-0571,,,12.0,CRED-0570,,,N,,,Pricing is per borrower,,,,,,,,,,,,,Fraud & Verification,Credit Verification,FICO Score Mortgage Simulator,,,,Add Ons
Verification Data Access,Mortgage Credit Link,Add On - Credit Verification,Elphi,Elphi - Consumer Credit Reports ,Interface Transactions,Elphi - Consumer Credit Reports ,N,0.0,CRED-0572,,,2.0,CRED-0573,,,N,,,,,,,,,,,,,,,,Fraud & Verification,Credit Verification,Elphi - Consumer Credit Reports ,,,,Add Ons
Verification Data Access,Mortgage Credit Link,Add On - Employment/Income/Asset Verification,Informative Research,AccountChek VOA - 30 Day (Monthly Fee Option),Usage,AccountChek VOA - 30 Day (Monthly Fee Option),N,0.0,CRED-0312,1236.0,CRED-0077,14.45,CRED-0205,,,N,,"Pick all products from either Monthly Minimum, Monthly Fee, or Direct Relationship.

Monthly Fee / Monthly Minimum is upon first successful
AccountChek order.

No charge from ML for Day 1 Certainty as it's provided by the
vendor.",,,,,,,,,,,,,,Fraud & Verification,Employment/Income/Asset Verification,AccountChek VOA - 30 Day (Monthly Fee Option),,,,Add Ons
Verification Data Access,Mortgage Credit Link,Add On - Employment/Income/Asset Verification,Informative Research,AccountChek VOA - 60 Day (Monthly Fee Option),Usage,AccountChek VOA - 60 Day (Monthly Fee Option),N,0.0,CRED-0313,1236.0,CRED-0077,14.45,CRED-0207,,,N,,"Pick all products from either Monthly Minimum, Monthly Fee, or Direct Relationship.

Monthly Fee / Monthly Minimum is upon first successful
AccountChek order.

No charge from ML for Day 1 Certainty as it's provided by the
vendor.",,,,,,,,,,,,,,Fraud & Verification,Employment/Income/Asset Verification,AccountChek VOA - 60 Day (Monthly Fee Option),,,,Add Ons
Verification Data Access,Mortgage Credit Link,Add On - Employment/Income/Asset Verification,Informative Research,AccountChek VOA - 90 Day (Monthly Fee Option),Usage,AccountChek VOA - 90 Day (Monthly Fee Option),N,0.0,CRED-0314,1236.0,CRED-0077,18.55,CRED-0208,,,N,,"Pick all products from either Monthly Minimum, Monthly Fee, or Direct Relationship.

Monthly Fee / Monthly Minimum is upon first successful
AccountChek order.

No charge from ML for Day 1 Certainty as it's provided by the
vendor.",,,,,,,,,,,,,,Fraud & Verification,Employment/Income/Asset Verification,AccountChek VOA - 90 Day (Monthly Fee Option),,,,Add Ons
Verification Data Access,Mortgage Credit Link,Add On - Employment/Income/Asset Verification,Informative Research,AccountChek VOA - Direct Relationship 30 Day,Usage,AccountChek VOA - Direct Relationship 30 Day,N,0.0,CRED-0312,,,1.03,CRED-0205,,,N,,"Pick all products from either Monthly Minimum, Monthly Fee, or Direct Relationship.

Monthly Fee / Monthly Minimum is upon first successful
AccountChek order.

No charge from ML for Day 1 Certainty as it's provided by the
vendor.",,,,,,,,,,,,,,Fraud & Verification,Employment/Income/Asset Verification,AccountChek VOA - Direct Relationship 30 Day,,,,Add Ons
Verification Data Access,Mortgage Credit Link,Add On - Employment/Income/Asset Verification,Informative Research,AccountChek VOA - Direct Relationship 60 Day,Usage,AccountChek VOA - Direct Relationship 60 Day,N,0.0,CRED-0313,,,1.03,CRED-0207,,,N,,"Pick all products from either Monthly Minimum, Monthly Fee, or Direct Relationship.

Monthly Fee / Monthly Minimum is upon first successful
AccountChek order.

No charge from ML for Day 1 Certainty as it's provided by the
vendor.",,,,,,,,,,,,,,Fraud & Verification,Employment/Income/Asset Verification,AccountChek VOA - Direct Relationship 60 Day,,,,Add Ons
Verification Data Access,Mortgage Credit Link,Add On - Employment/Income/Asset Verification,Informative Research,AccountChek VOA - Direct Relationship 90 Day,Usage,AccountChek VOA - Direct Relationship 90 Day,N,0.0,CRED-0314,,,1.03,CRED-0208,,,N,,"Pick all products from either Monthly Minimum, Monthly Fee, or Direct Relationship.

Monthly Fee / Monthly Minimum is upon first successful
AccountChek order.

No charge from ML for Day 1 Certainty as it's provided by the
vendor.",,,,,,,,,,,,,,Fraud & Verification,Employment/Income/Asset Verification,AccountChek VOA - Direct Relationship 90 Day,,,,Add Ons
Verification Data Access,Mortgage Credit Link,Add On - Employment/Income/Asset Verification,Informative Research,AccountChek VOA - Direct Relationship One Time,Usage,AccountChek VOA - Direct Relationship One Time,N,0.0,CRED-0316,,,1.03,CRED-0204,,,N,,"Pick all products from either Monthly Minimum, Monthly Fee, or Direct Relationship.

Monthly Fee / Monthly Minimum is upon first successful
AccountChek order.

No charge from ML for Day 1 Certainty as it's provided by the
vendor.",,,,,,,,,,,,,,Fraud & Verification,Employment/Income/Asset Verification,AccountChek VOA - Direct Relationship One Time,,,,Add Ons
Verification Data Access,Mortgage Credit Link,Add On - Employment/Income/Asset Verification,Informative Research,AccountChek VOA - Monthly Fee (Monthly Fee Option),Standard Monthly,AccountChek VOA - Monthly Fee (Monthly Fee Option),N,0.0,CRED-0315,1236.0,CRED-0077,,,,,N,,"Pick all products from either Monthly Minimum, Monthly Fee, or Direct Relationship.

Monthly Fee / Monthly Minimum is upon first successful
AccountChek order.

No charge from ML for Day 1 Certainty as it's provided by the
vendor.",Invoiced at $100/month,,,,,,,,,,,,,Fraud & Verification,Employment/Income/Asset Verification,AccountChek VOA - Monthly Fee (Monthly Fee Option),,,,Add Ons
Verification Data Access,Mortgage Credit Link,Add On - Employment/Income/Asset Verification,Informative Research,AccountChek VOA - One Time (Monthly Fee Option),Usage,AccountChek VOA - One Time (Monthly Fee Option),N,0.0,CRED-0316,1236.0,CRED-0077,8.25,CRED-0204,,,N,,"Pick all products from either Monthly Minimum, Monthly Fee, or Direct Relationship.

Monthly Fee / Monthly Minimum is upon first successful
AccountChek order.

No charge from ML for Day 1 Certainty as it's provided by the
vendor.",,,,,,,,,,,,,,Fraud & Verification,Employment/Income/Asset Verification,AccountChek VOA - One Time (Monthly Fee Option),,,,Add Ons
Verification Data Access,Mortgage Credit Link,Add On - Employment/Income/Asset Verification,Experian,"Experian Finicity Order Retrieval API Tier 1 (20,000+ Pulls)",Usage,Experian Finicity Order Retrieval API,N,0.0,CRED-0345,,,0.82,CRED-0023,,,N,,"(non-aggregate bundled with manual VOE)
<= 5,000: $1.03
5,001 - 10,000: $0.98
10,001 - 15,000: $0.93
15,001 - 20,000: $0.88
> 20,000: $0.82

Pulls in Experian/Finicity records ordered outside of the MCL system for unified billing inside of MCL.","VOE Products have aggregate volume discount
<= 5,000: $1.03
5,001 - 10,000: $0.98
10,001 - 15,000: $0.93
15,001 - 20,000: $0.88
> 20,000: $0.82",,,,,,,,,,,,,Fraud & Verification,Employment/Income/Asset Verification,Experian Finicity Order Retrieval API,Tier 1,20000.0,0.0,Add Ons
Verification Data Access,Mortgage Credit Link,Add On - Employment/Income/Asset Verification,Experian,"Experian Finicity Order Retrieval API Tier 2 (15,000 - 19,999 Pulls)",Usage,Experian Finicity Order Retrieval API,N,0.0,CRED-0345,,,0.88,CRED-0023,,,,,,,,,,,,,,,,Add Ons,,,Fraud & Verification,Employment/Income/Asset Verification,Experian Finicity Order Retrieval API,Tier 2,15000.0,19999.0,Add Ons
Verification Data Access,Mortgage Credit Link,Add On - Employment/Income/Asset Verification,Experian,"Experian Finicity Order Retrieval API Tier 3 (10,000 - 14,999 Pulls)",Usage,Experian Finicity Order Retrieval API,N,0.0,CRED-0345,,,0.93,CRED-0023,,,,,,,,,,,,,,,,Add Ons,,,Fraud & Verification,Employment/Income/Asset Verification,Experian Finicity Order Retrieval API,Tier 3,10000.0,14999.0,Add Ons
Verification Data Access,Mortgage Credit Link,Add On - Employment/Income/Asset Verification,Experian,Experian Finicity Order Retrieval API Tier 4 (5000 - 9999 Pulls),Usage,Experian Finicity Order Retrieval API,N,0.0,CRED-0345,,,0.98,CRED-0023,,,,,,,,,,,,,,,,Add Ons,,,Fraud & Verification,Employment/Income/Asset Verification,Experian Finicity Order Retrieval API,Tier 4,5000.0,9999.0,Add Ons
Verification Data Access,Mortgage Credit Link,Add On - Employment/Income/Asset Verification,Experian,Experian Finicity Order Retrieval API Tier 5 (Up to 4999 Pulls),Usage,Experian Finicity Order Retrieval API,N,0.0,CRED-0345,,,1.03,CRED-0023,,,,,,,,,,,,,,,,Add Ons,,,Fraud & Verification,Employment/Income/Asset Verification,Experian Finicity Order Retrieval API,Tier 5,0.0,4999.0,Add Ons
Verification Data Access,Mortgage Credit Link,Add On - Employment/Income/Asset Verification,Finicity,"Finicity Reseller Billing API Tier 1 (20,000+ Pulls)",Usage,Finicity Reseller Billing API,N,0.0,CRED-0354,,,0.82,CRED-0546,,,N,,"(non-aggregate bundled with manual VOE)
<= 5,000: $1.03
5,001 - 10,000: $0.98
10,001 - 15,000: $0.93
15,001 - 20,000: $0.88
> 20,000: $0.82

Pulls in Experian/Finicity records ordered outside of the MCL system for unified billing inside of MCL.","VOE Products have aggregate volume discount
<= 5,000: $1.03
5,001 - 10,000: $0.98
10,001 - 15,000: $0.93
15,001 - 20,000: $0.88
> 20,000: $0.82",,,,,,,,,,,,,Fraud & Verification,Employment/Income/Asset Verification,Finicity Reseller Billing API,Tier 1,20000.0,0.0,Add Ons
Verification Data Access,Mortgage Credit Link,Add On - Employment/Income/Asset Verification,Finicity,"Finicity Reseller Billing API Tier 2 (15,000 - 19,999 Pulls)",Usage,Finicity Reseller Billing API,N,0.0,CRED-0354,,,0.88,CRED-0546,,,,,,,,,,,,,,,,Add Ons,,,Fraud & Verification,Employment/Income/Asset Verification,Finicity Reseller Billing API,Tier 2,15000.0,19999.0,Add Ons
Verification Data Access,Mortgage Credit Link,Add On - Employment/Income/Asset Verification,Finicity,"Finicity Reseller Billing API Tier 3 (10,000 - 14,999 Pulls)",Usage,Finicity Reseller Billing API,N,0.0,CRED-0354,,,0.93,CRED-0546,,,,,,,,,,,,,,,,Add Ons,,,Fraud & Verification,Employment/Income/Asset Verification,Finicity Reseller Billing API,Tier 3,10000.0,14999.0,Add Ons
Verification Data Access,Mortgage Credit Link,Add On - Employment/Income/Asset Verification,Finicity,Finicity Reseller Billing API Tier 4 (5000 - 9999 Pulls),Usage,Finicity Reseller Billing API,N,0.0,CRED-0354,,,0.98,CRED-0546,,,,,,,,,,,,,,,,Add Ons,,,Fraud & Verification,Employment/Income/Asset Verification,Finicity Reseller Billing API,Tier 4,5000.0,9999.0,Add Ons
Verification Data Access,Mortgage Credit Link,Add On - Employment/Income/Asset Verification,Finicity,Finicity Reseller Billing API Tier 5 (Up to 4999 Pulls),Usage,Finicity Reseller Billing API,N,0.0,CRED-0354,,,1.03,CRED-0546,,,,,,,,,,,,,,,,Add Ons,,,Fraud & Verification,Employment/Income/Asset Verification,Finicity Reseller Billing API,Tier 5,0.0,4999.0,Add Ons
Verification Data Access,Mortgage Credit Link,Add On - Employment/Income/Asset Verification,Finicity,Finicity VOIE,Usage,Finicity VOIE,N,0.0,CRED-0355,,,,,,,N,,,,,,,,,,,,,,,,Not Mapped,Employment/Income/Asset Verification,Finicity VOIE,,,,Add Ons
Verification Data Access,Mortgage Credit Link,Add On - Employment/Income/Asset Verification,CRA,Manual VOD,Usage,Manual VOD,N,0.0,CRED-0389,,,1.03,CRED-0203,,,N,,Service Request in MCL. Billed upon completion.,,,,,,,,,,,,,,Fraud & Verification,Employment/Income/Asset Verification,Manual VOD,,,,Add Ons
Verification Data Access,Mortgage Credit Link,Add On - Employment/Income/Asset Verification,MeridianLink,Manual VOE (MeridianLink),Usage,Manual VOE ,N,0.0,CRED-0390,,,1.03,CRED-0086,,,N,,"(non-aggregate
bundled with
manual VOE)
<= 5,000: $1.03
5,001 - 10,000:
$0.98
10,001 - 15,000:
$0.93
15,001 - 20,000:
$0.88
> 20,000: $0.82

Only billed for completed orders.
Only billed for completed orders.","VOE Products have aggregate volume discount
<= 5,000: $1.03
5,001 - 10,000:
$0.98
10,001 - 15,000:
$0.93
15,001 - 20,000:
$0.88
> 20,000: $0.82",,,,,,,,,,,,,Fraud & Verification,Employment/Income/Asset Verification,Manual VOE (MeridianLink),,,,Add Ons
Verification Data Access,Mortgage Credit Link,Add On - Employment/Income/Asset Verification,NCS,Manual VOE (NCS),Usage,Manual VOE,N,0.0,CRED-0390,,,1.03,CRED-0003,,,N,,"(non-aggregate
bundled with
manual VOE)
<= 5,000: $1.03
5,001 - 10,000:
$0.98
10,001 - 15,000:
$0.93
15,001 - 20,000:
$0.88
> 20,000: $0.82

Only billed for completed orders.
Only billed for completed orders.","VOE Products have aggregate volume discount
<= 5,000: $1.03
5,001 - 10,000:
$0.98
10,001 - 15,000:
$0.93
15,001 - 20,000:
$0.88
> 20,000: $0.82",,,,,,,,,,,,,Fraud & Verification,Employment/Income/Asset Verification,Manual VOE (NCS),,,,Add Ons
Verification Data Access,Mortgage Credit Link,Add On - Employment/Income/Asset Verification,CRA,Tax Transcript 3rd Party (CRA),Usage,Tax Transcript 3rd Party,N,0.0,CRED-0333,,,0.52,CRED-0019,,,N,,"Supports 1040, W2, 1099, 1120, and 1065. Also applies to CRAs who have their own software.",,,,,,,,,,,,,,Fraud & Verification,Employment/Income/Asset Verification,Tax Transcript 3rd Party (CRA),,,,Add Ons
Verification Data Access,Mortgage Credit Link,Add On - Employment/Income/Asset Verification,Inco-Check,Tax Transcript 3rd Party (Inco-Check),Usage,Tax Transcript 3rd Party,N,0.0,CRED-0367,,,0.52,CRED-0191,,,N,,"Supports 1040, W2, 1099, 1120, and 1065. Also applies to CRAs who have their own software.",,,,,,,,,,,,,,Fraud & Verification,Employment/Income/Asset Verification,Tax Transcript 3rd Party (Inco-Check),,,,Add Ons
Verification Data Access,Mortgage Credit Link,Add On - Employment/Income/Asset Verification,NCS,Tax Transcript 3rd Party (NCS),Usage,Tax Transcript 3rd Party,N,0.0,CRED-0413,,,0.52,CRED-0215,,,N,,"Supports 1040, W2, 1099, 1120, and 1065. Also applies to CRAs who have their own software.",,,,,,,,,,,,,,Fraud & Verification,Employment/Income/Asset Verification,Tax Transcript 3rd Party (NCS),,,,Add Ons
Verification Data Access,Mortgage Credit Link,Add On - Employment/Income/Asset Verification,"TaxReturnV
erifications.
com",Tax Transcript 3rd Party (TaxReturnVerifications.com),Usage,Tax Transcript 3rd Party,N,0.0,CRED-0450,,,0.52,CRED-0042,,,N,,"Supports 1040, W2, 1099, 1120, and 1065. Also applies to CRAs who have their own software.",,,,,,,,,,,,,,Fraud & Verification,Employment/Income/Asset Verification,Tax Transcript 3rd Party (TaxReturnVerifications.com),,,,Add Ons
Verification Data Access,Mortgage Credit Link,Add On - Employment/Income/Asset Verification,Veri-Tax,Tax Transcript 3rd Party (Veri-Tax),Usage,Tax Transcript 3rd Party,N,0.0,CRED-0453,,,0.52,CRED-0193,,,N,,"Supports 1040, W2, 1099, 1120, and 1065. Also applies to CRAs who have their own software.",,,,,,,,,,,,,,Fraud & Verification,Employment/Income/Asset Verification,Tax Transcript 3rd Party (Veri-Tax),,,,Add Ons
Verification Data Access,Mortgage Credit Link,Add On - Employment/Income/Asset Verification,MeridianLink,Tax Transcript MCL,Usage,Tax Transcript MCL,N,0.0,CRED-0449,,,0.78,CRED-0036,,,N,,"Supports 1040, W2, 1099, 1120, and 1065",,,,,,,,,,,,,,Fraud & Verification,Employment/Income/Asset Verification,Tax Transcript MCL,,,,Add Ons
Verification Data Access,Mortgage Credit Link,Add On - Fraud Detection,Blend,Blend Identity Verification,Usage,Blend Identity Verification,N,0.0,CRED-0517,,,0.52,CRED-0202,,,,,,,,,,,,,,,,,,,Not Mapped,Fraud Detection,Blend Identity Verification,,,,Add Ons
Verification Data Access,Mortgage Credit Link,Add On - Fraud Detection,Blue Sage Solutions,Blue Sage Identity Verification,Usage,Blue Sage Identity Verification,N,0.0,CRED-0519,,,0.5,CRED-0022,,,,,,,,,,,,,,,,,,,Fraud & Verification,Fraud Detection,Blue Sage Identity Verification,,,,Add Ons
Verification Data Access,Mortgage Credit Link,Add On - Fraud Detection,Social Security Administration,CBSV Tier 1 (1000+ Verifications),Usage,CBSV,N,4700.0,CRED-0096,,,0.52,CRED-0065,,,N,,"(non-aggregate)
<= 500: $1.03
501 - 1000: $0.77
> 1000: $0.52","Volume Discount
<= 500: $1.03
501 - 1000: $0.77
> 1000: $0.52",,,,,,,,,,,,,Fraud & Verification,Fraud Detection,CBSV,Tier 1,1000.0,0.0,Add Ons
Verification Data Access,Mortgage Credit Link,Add On - Fraud Detection,Social Security Administration,CBSV Tier 2 (500 - 999 Verifications),Usage,CBSV,N,4700.0,CRED-0096,,,0.78,CRED-0065,,,,,,,,,,,,,,,,Add Ons,,,Fraud & Verification,Fraud Detection,CBSV,Tier 2,500.0,999.0,Add Ons
Verification Data Access,Mortgage Credit Link,Add On - Fraud Detection,Social Security Administration,CBSV Tier 3 (Up to 499 Verifications),Usage,CBSV,N,4700.0,CRED-0096,,,1.03,CRED-0065,,,,,,,,,,,,,,,,Add Ons,,,Fraud & Verification,Fraud Detection,CBSV,Tier 3,0.0,499.0,Add Ons
Verification Data Access,Mortgage Credit Link,Add On - Fraud Detection,Various,ID Verification (Credit Reports Not with MeridianLink),Usage,ID Verification (Credit Reports Not with MeridianLink),N,0.0,CRED-0360,,,1.03,CRED-0002,,,N,,,,,,,,,,,,,,,,Fraud & Verification,Fraud Detection,ID Verification (Credit Reports Not with MeridianLink),,,,Add Ons
Verification Data Access,Mortgage Credit Link,Add On - Fraud Detection,Various,ID Verification (Credit Reports with MeridianLink),Usage,ID Verification (Credit Reports with MeridianLink),N,0.0,CRED-0360,,,0.26,CRED-0002,,,N,,,,,,,,,,,,,,,,Fraud & Verification,Fraud Detection,ID Verification (Credit Reports with MeridianLink),,,,Add Ons
Verification Data Access,Mortgage Credit Link,Add On - Fraud Detection,MERS,MERS Report Refresh,Usage,MERS Report Refresh,N,0.0,CRED-0457,,,0.11,CRED-0214,,,N,,"Per report (i.e. borrower, co-borrower, and property address are
separate MERS reports even if on the same file)
Can be ordered on Prequal, Refresh, Standalone, and in
Packaged Reports","Per report (e.g. borrower, co-borrower, property address)",,,,,,,,,,,,,Other,Fraud Detection,MERS Report Refresh,,,,Add Ons
Verification Data Access,Mortgage Credit Link,Add On - Fraud Detection,MERS,MERS Report Regular,Usage,MERS Report Regular,N,0.0,CRED-0458,,,0.11,CRED-0210,,,N,,"Per report (i.e. borrower, co-borrower, and property address are
separate MERS reports even if on the same file)
Can be ordered on Prequal, Refresh, Standalone, and in
Packaged Reports","Per report (e.g. borrower, co-borrower, property address)",,,,,,,,,,,,,Other,Fraud Detection,MERS Report Regular,,,,Add Ons
Verification Data Access,Mortgage Credit Link,Add On - Fraud Detection,Various,Mortgage Participant Verification Tier 1 (1000+ Delinquencies),Usage,"Mortgage Participant
Verification",N,0.0,CRED-0404,,,0.06,CRED-0026,,,N,,"(aggregate)
< 1000: $0.07
>= 1000: $0.06","Volume Discount
< 1000: $0.07
>= 1000: $0.06",,,,,,,,,,,,,Fraud & Verification,Fraud Detection,Mortgage Participant Verification,Tier 1,10000.0,0.0,Add Ons
Verification Data Access,Mortgage Credit Link,Add On - Fraud Detection,Various,Mortgage Participant Verification Tier 2 (up to 999 Delinquencies),Usage,"Mortgage Participant
Verification",N,0.0,CRED-0404,,,0.08,CRED-0026,,,,,,,,,,,,,,,,Add Ons,,,Fraud & Verification,Fraud Detection,Mortgage Participant Verification,Tier 2,0.0,999.0,Add Ons
Verification Data Access,Mortgage Credit Link,Add On - Fraud Detection,Accurint,Packaged Report - Accurint,Usage,Packaged Report - Accurint,N,0.0,CRED-0459,,,0.11,CRED-0189,,,N,,"If sum of charges per report don't hit the minimum, we bill that
instead","Subject to $0.50 per report minimum across all products included in package group (I.e. if sum of charges do not hit the minimum, MeridianLink bills the minimum instead) ",,,,,,,,,,,,,Other,Fraud Detection,Packaged Report - Accurint,,,,Add Ons
Verification Data Access,Mortgage Credit Link,Add On - Fraud Detection,ASC National Registry,Packaged Report - ASC National Registry,Usage,Packaged Report - ASC National Registry,N,0.0,CRED-0460,,,0.11,CRED-0187,,,N,,"If sum of charges per report don't hit the minimum, we bill that
instead","Subject to $0.50 per report minimum across all products included in package group (I.e. if sum of charges do not hit the minimum, MeridianLink bills the minimum instead) ",,,,,,,,,,,,,Other,Fraud Detection,Packaged Report - ASC National Registry,,,,Add Ons
Verification Data Access,Mortgage Credit Link,Add On - Fraud Detection,CoreLogic,Packaged Report - CoreLogic Home Value Explorer (HVE),Usage,Packaged Report - CoreLogic Home Value Explorer (HVE),N,0.0,CRED-0461,,,0.11,CRED-0006,,,N,,"If sum of charges per report don't hit the minimum, we bill that
instead","Subject to $0.50 per report minimum across all products included in package group (I.e. if sum of charges do not hit the minimum, MeridianLink bills the minimum instead) ",,,,,,,,,,,,,Other,Fraud Detection,Packaged Report - CoreLogic Home Value Explorer (HVE),,,,Add Ons
Verification Data Access,Mortgage Credit Link,Add On - Fraud Detection,Equifax,Packaged Report - Equifax Intellireal IPR,Usage,Packaged Report - Equifax Intellireal IPR,N,0.0,CRED-0462,,,0.31,CRED-0181,,,N,,"If sum of charges per report don't hit the minimum, we bill that
instead","Subject to $0.50 per report minimum across all products included in package group (I.e. if sum of charges do not hit the minimum, MeridianLink bills the minimum instead) ",,,,,,,,,,,,,Other,Fraud Detection,Packaged Report - Equifax Intellireal IPR,,,,Add Ons
Verification Data Access,Mortgage Credit Link,Add On - Fraud Detection,Equifax,Packaged Report - Equifax Intellireal Other,Usage,Packaged Report - Equifax Intellireal Other,N,0.0,CRED-0463,,,0.11,CRED-0119,,,N,,"If sum of charges per report don't hit the minimum, we bill that
instead","Subject to $0.50 per report minimum across all products included in package group (I.e. if sum of charges do not hit the minimum, MeridianLink bills the minimum instead) ",,,,,,,,,,,,,Other,Fraud Detection,Packaged Report - Equifax Intellireal Other,,,,Add Ons
Verification Data Access,Mortgage Credit Link,Add On - Fraud Detection,FEMA,Packaged Report - FEMA Disaster List,Usage,Packaged Report - FEMA Disaster List,N,0.0,CRED-0464,,,0.11,CRED-0122,,,N,,"If sum of charges per report don't hit the minimum, we bill that
instead","Subject to $0.50 per report minimum across all products included in package group (I.e. if sum of charges do not hit the minimum, MeridianLink bills the minimum instead) ",,,,,,,,,,,,,Other,Fraud Detection,Packaged Report - FEMA Disaster List,,,,Add Ons
Verification Data Access,Mortgage Credit Link,Add On - Fraud Detection,Freddie Mac,Packaged Report - Freddie Mac,Usage,Packaged Report - Freddie Mac,N,0.0,CRED-0465,,,0.11,CRED-0186,,,N,,"If sum of charges per report don't hit the minimum, we bill that
instead","Subject to $0.50 per report minimum across all products included in package group (I.e. if sum of charges do not hit the minimum, MeridianLink bills the minimum instead) ",,,,,,,,,,,,,Other,Fraud Detection,Packaged Report - Freddie Mac,,,,Add Ons
Verification Data Access,Mortgage Credit Link,Add On - Fraud Detection,LexisNexis,Packaged Report - LexisNexis Bridger,Usage,Packaged Report - LexisNexis Bridger,N,0.0,CRED-0421,,,0.26,CRED-0185,,,N,,"If sum of charges per report don't hit the minimum, we bill that
instead","Subject to $0.50 per report minimum across all products included in package group (I.e. if sum of charges do not hit the minimum, MeridianLink bills the minimum instead) ",,,,,,,,,,,,,Other,Fraud Detection,Packaged Report - LexisNexis Bridger,,,,Add Ons
Verification Data Access,Mortgage Credit Link,Add On - Fraud Detection,LexisNexis,Packaged Report - LexisNexis InstantID,Usage,Packaged Report - LexisNexis InstantID,N,0.0,CRED-0422,,,0.26,CRED-0153,,,N,,"If sum of charges per report don't hit the minimum, we bill that
instead","Subject to $0.50 per report minimum across all products included in package group (I.e. if sum of charges do not hit the minimum, MeridianLink bills the minimum instead) ",,,,,,,,,,,,,Other,Fraud Detection,Packaged Report - LexisNexis InstantID,,,,Add Ons
Verification Data Access,Mortgage Credit Link,Add On - Fraud Detection,LexisNexis,Packaged Report - LexisNexis NOD/Foreclosure Search,Usage,Packaged Report - LexisNexis NOD/Foreclosure Search,N,0.0,CRED-0423,,,0.16,CRED-0010,,,N,,"If sum of charges per report don't hit the minimum, we bill that
instead","Subject to $0.50 per report minimum across all products included in package group (I.e. if sum of charges do not hit the minimum, MeridianLink bills the minimum instead) ",,,,,,,,,,,,,Other,Fraud Detection,Packaged Report - LexisNexis NOD/Foreclosure Search,,,,Add Ons
Verification Data Access,Mortgage Credit Link,Add On - Fraud Detection,LexisNexis,Packaged Report - LexisNexis Property History Search,Usage,Packaged Report - LexisNexis Property History Search,N,0.0,CRED-0424,,,0.16,CRED-0144,,,N,,"If sum of charges per report don't hit the minimum, we bill that
instead","Subject to $0.50 per report minimum across all products included in package group (I.e. if sum of charges do not hit the minimum, MeridianLink bills the minimum instead) ",,,,,,,,,,,,,Settlement & Real Estate Services,Fraud Detection,Packaged Report - LexisNexis Property History Search,,,,Add Ons
Verification Data Access,Mortgage Credit Link,Add On - Fraud Detection,MERS,Packaged Report - MERS People,Usage,Packaged Report - MERS People,N,0.0,CRED-0466,,,0.11,CRED-0120,,,N,,"If sum of charges per report don't hit the minimum, we bill that
instead","Subject to $0.50 per report minimum across all products included in package group (I.e. if sum of charges do not hit the minimum, MeridianLink bills the minimum instead) ",,,,,,,,,,,,,Other,Fraud Detection,Packaged Report - MERS People,,,,Add Ons
Verification Data Access,Mortgage Credit Link,Add On - Fraud Detection,MERS,Packaged Report - MERS Property,Usage,Packaged Report - MERS Property,N,0.0,CRED-0467,,,0.11,CRED-0188,,,N,,"If sum of charges per report don't hit the minimum, we bill that
instead","Subject to $0.50 per report minimum across all products included in package group (I.e. if sum of charges do not hit the minimum, MeridianLink bills the minimum instead) ",,,,,,,,,,,,,Other,Fraud Detection,Packaged Report - MERS Property,,,,Add Ons
Verification Data Access,Mortgage Credit Link,Add On - Fraud Detection,Various,Packaged Report - Other,Usage,Packaged Report - Other,N,0.0,CRED-0425,,,0.11,CRED-0008,,,N,,"If sum of charges per report don't hit the minimum, we bill that
instead","Subject to $0.50 per report minimum across all products included in package group (I.e. if sum of charges do not hit the minimum, MeridianLink bills the minimum instead) ",,,,,,,,,,,,,Other,Fraud Detection,Packaged Report - Other,,,,Add Ons
Verification Data Access,Mortgage Credit Link,Add On - Fraud Detection,PitchPoint,PitchPoint,Usage,PitchPoint,N,0.0,CRED-0427,,,1.03,CRED-0055,,,N,,,,,,,,,,,,,,,,Fraud & Verification,Fraud Detection,PitchPoint,,,,Add Ons
Verification Data Access,Mortgage Credit Link,Add On - Fraud Detection,PitchPoint,SSA89 Tier 1 (1000+ Reports),Usage,SSA89,N,0.0,CRED-0448,,,0.52,CRED-0165,,,N,,"(non-aggregate)
<= 500: $1.03
501 - 1000: $0.77
> 1000: $0.52","Volume Discount
<= 500: $1.03
501 - 1000: $0.77
> 1000: $0.52",,,,,,,,,,,,,Fraud & Verification,Fraud Detection,SSA89,Tier 1,1000.0,0.0,Add Ons
Verification Data Access,Mortgage Credit Link,Add On - Fraud Detection,PitchPoint,SSA89 Tier 2 (500 - 999 Reports),Usage,SSA89,N,0.0,CRED-0448,,,0.78,CRED-0165,,,,,,,,,,,,,,,,Add Ons,,,Fraud & Verification,Fraud Detection,SSA89,Tier 2,500.0,999.0,Add Ons
Verification Data Access,Mortgage Credit Link,Add On - Fraud Detection,PitchPoint,SSA89 Tier 3 (Up to 499 Reports),Usage,SSA89,N,0.0,CRED-0448,,,1.03,CRED-0165,,,,,,,,,,,,,,,,Add Ons,,,Fraud & Verification,Fraud Detection,SSA89,Tier 3,0.0,499.0,Add Ons
Verification Data Access,Mortgage Credit Link,Add On - Fraud Detection,ARMCO,ARMCO - SSA89,Usage,ARMCO - SSA89,N,0.0,CRED-0474,,,0.8,CRED-0242,,,,,,,,,,,,,,,,,,,Fraud & Verification,LOS Interfaces,ARMCO - SSA89,,,,Add Ons
Verification Data Access,Mortgage Credit Link,Add On - Interface,ARMCO,ARMCO - Consumer Credit Reports - 1B,Usage,ARMCO - Consumer Credit Reports - 1B,N,0.0,CRED-0317,,,1.1,CRED-0024,,,N,,Billing is for new transactions only,,,,,,,,,,,,,,Fraud & Verification,Interface,ARMCO - Consumer Credit Reports - 1B,,,,Add Ons
Verification Data Access,Mortgage Credit Link,Add On - Interface,ARMCO,ARMCO - Consumer Credit Reports - 2B,Usage,ARMCO - Consumer Credit Reports - 2B,N,0.0,CRED-0317,,,1.4,CRED-0025,,,N,,Billing is for new transactions only,,,,,,,,,,,,,,Fraud & Verification,Interface,ARMCO - Consumer Credit Reports - 2B,,,,Add Ons
Verification Data Access,Mortgage Credit Link,Add On - Interface,ARMCO,ARMCO - Consumer Credit Reports - 3B,Usage,ARMCO - Consumer Credit Reports - 3B,N,0.0,CRED-0317,,,1.7,CRED-0027,,,N,,Billing is for new transactions only,,,,,,,,,,,,,,Fraud & Verification,Interface,ARMCO - Consumer Credit Reports - 3B,,,,Add Ons
Verification Data Access,Mortgage Credit Link,Add On - Interface,ARMCO,ARMCO - Tax Transcript,Usage,ARMCO - Tax Transcript,N,0.0,CRED-0475         ,,,0.8,CRED-0262,,,N,,Billing is for new transactions only,,,,,,,,,,,,,,Fraud & Verification,Interface,ARMCO - Tax Transcript,,,,Add Ons
Verification Data Access,Mortgage Credit Link,Add On - Interface,ARMCO,ARMCO - VOE,Usage,ARMCO - VOE,N,0.0,CRED-0477         ,,,0.8,CRED-0276,,,N,,Billing is for new transactions only,,,,,,,,,,,,,,Fraud & Verification,Interface,ARMCO - VOE,,,,Add Ons
Verification Data Access,Mortgage Credit Link,Add On - Interface,Avista,Avista - Consumer Credit Reports - 1B,Usage,Avista - Consumer Credit Reports - 1B,N,0.0,CRED-0319,,,0.45,CRED-0130,,,N,,"Both new and reissue transactions
(MCL-181)",,,,,,,,,,,,,,Fraud & Verification,Interface,Avista - Consumer Credit Reports - 1B,,,,Add Ons
Verification Data Access,Mortgage Credit Link,Add On - Interface,Avista,Avista - Consumer Credit Reports - 2B,Usage,Avista - Consumer Credit Reports - 2B,N,0.0,CRED-0320,,,0.7,CRED-0131,,,N,,"Both new and reissue transactions
(MCL-181)",,,,,,,,,,,,,,Fraud & Verification,Interface,Avista - Consumer Credit Reports - 2B,,,,Add Ons
Verification Data Access,Mortgage Credit Link,Add On - Interface,Avista,Avista - Consumer Credit Reports - 3B,Usage,Avista - Consumer Credit Reports - 3B,N,0.0,CRED-0321,,,0.95,CRED-0117,,,N,,"Both new and reissue transactions
(MCL-181)",,,,,,,,,,,,,,Fraud & Verification,Interface,Avista - Consumer Credit Reports - 3B,,,,Add Ons
Verification Data Access,Mortgage Credit Link,Add On - Interface,Beanstalk OpenClose,Beanstalk OpenClose - Consumer Credit Reports - 1B,Usage,Beanstalk OpenClose - Consumer Credit Reports - 1B,N,0.0,CRED-0417,,,0.25,CRED-0132,,,N,,,,,,,,,,,,,,,,Fraud & Verification,Interface,Beanstalk OpenClose - Consumer Credit Reports - 1B,,,,Add Ons
Verification Data Access,Mortgage Credit Link,Add On - Interface,Beanstalk OpenClose,Beanstalk OpenClose - Consumer Credit Reports - 2B,Usage,Beanstalk OpenClose - Consumer Credit Reports - 2B,N,0.0,CRED-0418,,,0.5,CRED-0133,,,N,,,,,,,,,,,,,,,,Fraud & Verification,Interface,Beanstalk OpenClose - Consumer Credit Reports - 2B,,,,Add Ons
Verification Data Access,Mortgage Credit Link,Add On - Interface,Beanstalk OpenClose,Beanstalk OpenClose - Consumer Credit Reports - 3B,Usage,Beanstalk OpenClose - Consumer Credit Reports - 3B,N,0.0,CRED-0419,,,0.75,CRED-0136,,,N,,,,,,,,,,,,,,,,Fraud & Verification,Interface,Beanstalk OpenClose - Consumer Credit Reports - 3B,,,,Add Ons
Verification Data Access,Mortgage Credit Link,Add On - Interface,Blend,Blend - Consumer Credit Reports - 1B,Usage,Blend - Consumer Credit Reports - 1B,N,0.0,CRED-0322,,,0.5,CRED-0017,,,N,,Billing includes new transactions only,,,,,,,,,,,,,,Fraud & Verification,Interface,Blend - Consumer Credit Reports - 1B,,,,Add Ons
Verification Data Access,Mortgage Credit Link,Add On - Interface,Blend,Blend - Consumer Credit Reports - 2B,Usage,Blend - Consumer Credit Reports - 2B,N,0.0,CRED-0323,,,0.5,CRED-0192,,,N,,Billing includes new transactions only,,,,,,,,,,,,,,Fraud & Verification,Interface,Blend - Consumer Credit Reports - 2B,,,,Add Ons
Verification Data Access,Mortgage Credit Link,Add On - Interface,Blend,Blend - Consumer Credit Reports - 3B,Usage,Blend - Consumer Credit Reports - 3B,N,0.0,CRED-0324,,,0.5,CRED-0194,,,N,,Billing includes new transactions only,,,,,,,,,,,,,,Fraud & Verification,Interface,Blend - Consumer Credit Reports - 3B,,,,Add Ons
Verification Data Access,Mortgage Credit Link,Add On - Interface,Blend,Blend - Consumer Credit Reports - Upgrade,Usage,Blend - Consumer Credit Reports - Upgrade,N,0.0,CRED-0325,,,0.5,CRED-0195,,,N,,Billing includes new transactions only,,,,,,,,,,,,,,Fraud & Verification,Interface,Blend - Consumer Credit Reports - Upgrade,,,,Add Ons
Verification Data Access,Mortgage Credit Link,Add On - Interface,Blue Sage Solutions,Blue Sage - 4506-T,Usage,Blue Sage - 4506-T,N,0.0,CRED-0326,,,0.5,CRED-0013,,,N,,Billing is for new transactions only,,,,,,,,,,,,,,Fraud & Verification,Interface,Blue Sage - 4506-T,,,,Add Ons
Verification Data Access,Mortgage Credit Link,Add On - Interface,Blue Sage Solutions,Blue Sage - Consumer Credit Reports,Usage,Blue Sage - Consumer Credit Reports,N,0.0,CRED-0327,,,0.5,CRED-0011,,,N,,Billing is for new transactions only,,,,,,,,,,,,,,Fraud & Verification,Interface,Blue Sage - Consumer Credit Reports,,,,Add Ons
Verification Data Access,Mortgage Credit Link,Add On - Interface,Blue Sage Solutions,Blue Sage - UDN,Usage,Blue Sage - UDN,N,0.0,CRED-0328,,,0.5,CRED-0012,,,N,,Billing is for new transactions only,,,,,,,,,,,,,,Fraud & Verification,Interface,Blue Sage - UDN,,,,Add Ons
Verification Data Access,Mortgage Credit Link,Add On - Interface,Byte Software,BytePro - Consumer Credit Reports,Usage,BytePro - Consumer Credit Reports,N,0.0,CRED-0329,,,,CRED-0247,,,N,,"Byte wants agreements with each CRA
separately",,,,,,,,,,,,,,Not Mapped,Interface,BytePro - Consumer Credit Reports,,,,Add Ons
Verification Data Access,Mortgage Credit Link,Add On - Interface,Calyx,Calyx Integration - 4506C,Usage,Calyx Integration - 4506C,N,0.0,CRED-0553,,,1.0,CRED-0562,,,N,,,,,,,,,,,,,,,,Fraud & Verification,Interface,Calyx Integration - 4506C,,,,Add Ons
Verification Data Access,Mortgage Credit Link,Add On - Interface,Calyx,Calyx Integration - SSA89,Usage,Calyx Integration - SSA89,N,0.0,CRED-0554,,,1.0,CRED-0563,,,N,,,,,,,,,,,,,,,,Fraud & Verification,Interface,Calyx Integration - SSA89,,,,Add Ons
Verification Data Access,Mortgage Credit Link,Add On - Interface,Calyx,Calyx Integration - VOA,Usage,Calyx Integration - VOA,N,0.0,CRED-0552,,,1.0,CRED-0561,,,N,,,,,,,,,,,,,,,,Fraud & Verification,Interface,Calyx Integration - VOA,,,,Add Ons
Verification Data Access,Mortgage Credit Link,Add On - Interface,Calyx,Calyx Integration - VOD,Usage,Calyx Integration - VOD,N,0.0,CRED-0551,,,1.0,CRED-0560,,,N,,,,,,,,,,,,,,,,Fraud & Verification,Interface,Calyx Integration - VOD,,,,Add Ons
Verification Data Access,Mortgage Credit Link,Add On - Interface,Calyx,Calyx Integration - VOE,Usage,Calyx Integration - VOE,N,0.0,CRED-0549,,,1.0,CRED-0558,,,N,,,,,,,,,,,,,,,,Fraud & Verification,Interface,Calyx Integration - VOE,,,,Add Ons
Verification Data Access,Mortgage Credit Link,Add On - Interface,Calyx,Calyx Integration - VOI,Usage,Calyx Integration - VOI,N,0.0,CRED-0550,,,1.0,CRED-0559,,,N,,,,,,,,,,,,,,,,Fraud & Verification,Interface,Calyx Integration - VOI,,,,Add Ons
Verification Data Access,Mortgage Credit Link,Add On - Interface,Wolters Kluwer,ComplianceOne - Consumer Credit Reports,Usage,ComplianceOne - Consumer Credit Reports,N,0.0,CRED-0331,,,1.0,CRED-0052,,CRED-0515,N,," $45 flat rate for
up to 45
transactions.
$1 per
transaction
afterwards "," $45 flat rate for
up to 45
transactions.
$1 per
transaction
afterwards ",,,,,,,,,,,,,Fraud & Verification,Interface,ComplianceOne - Consumer Credit Reports,,,,Add Ons
Verification Data Access,Mortgage Credit Link,Add On - Interface,MeridianLink,Customer API Integration,Standard,Customer API Integration,N,1050.0,CRED-0259,,,,,,,N,,"Integration fee for CRA-sponsored API
integrations",,,,,,,,,,,,,,Fraud & Verification,Interface,Customer API Integration,,,,Add Ons
Verification Data Access,Mortgage Credit Link,Add On - Interface,EMS,EMS - Consumer Credit Reports - New,Usage,EMS - Consumer Credit Reports - New,N,0.0,CRED-0341,,,0.44,CRED-0140,,,N,,"Old interface, do not sign up new
clients on this.",,,,,,,,,,,,,,Fraud & Verification,Interface,EMS - Consumer Credit Reports - New,,,,Add Ons
Verification Data Access,Mortgage Credit Link,Add On - Interface,EMS,EMS - Consumer Credit Reports - Reissue,Usage,EMS - Consumer Credit Reports - Reissue,N,0.0,CRED-0468,,,0.44,CRED-0141,,,N,,"Old interface, do not sign up new
clients on this.",,,,,,,,,,,,,,Fraud & Verification,Interface,EMS - Consumer Credit Reports - Reissue,,,,Add Ons
Verification Data Access,Mortgage Credit Link,Add On - Interface,Ellie Mae,Encompass - 4506-T Gateway,Usage,Encompass - 4506-T,N,0.0,CRED-0342,,,2.32,CRED-0061,,,N,,"CRA entry:
Check with
provider

Billing includes new and reissue transactions; only billed if using MeridianLink gateway through TaxReturnVerifications.com",,,,,,,,,,,,,,Fraud & Verification,Interface,Encompass - 4506-T Gateway,,,,Add Ons
Verification Data Access,Mortgage Credit Link,Add On - Interface,Ellie Mae,Encompass - Consumer Credit Reports,Usage,Encompass - Consumer Credit Reports,N,0.0,CRED-0343,,,2.06,CRED-0041,,,N,,"CRA entry:
Check with
provider

See billing details in MCL-1036",,,,,,,,,,,,,,Fraud & Verification,Interface,Encompass - Consumer Credit Reports,,,,Add Ons
Verification Data Access,Mortgage Credit Link,Add On - Interface,Ellie Mae,Encompass Flood Gateway Integration,Usage,Encompass Flood Gateway Integration,N,4200.0,CRED-0484,,,2.32,CRED-0486,,,N,,Only applicable to CRAs using the MeridianLink entry in the provider dropdown of Encompass (i.e. not a direct relationship between CRA and ICE Mortgage Technology),,,,,,,,,,,,,,Not Mapped,Interface,Encompass Flood Gateway Integration,,,,Add Ons
Verification Data Access,Mortgage Credit Link,Add On - Interface,Ellie Mae,Encompass Partner API Integration,Standard,Encompass Partner API Integration,N,0.0,CRED-0478,1050.0,CRED-0480,0.0,CRED-0479,,,N,,"Applicable to all CRAs who want to use MCL for Encompass Partner API integrations. One fee covers any/all Encompass integrations used by the CRA (VOE, Flood, etc.). CRAs using MeridianLink entry in provider dropdown also need to pay setup and transaction fee for each product integration with Encompass.",,,,,,,,,,,,,,Fraud & Verification,Interface,Encompass Partner API Integration,,,,Add Ons
Verification Data Access,Mortgage Credit Link,Add On - Interface,Ellie Mae,Encompass VOE Gateway Integration,Usage,Encompass VOE Gateway Integration,N,4200.0,CRED-0478,,CRED-0480,2.32,CRED-0479,,,N,,Only applicable to CRAs using the MeridianLink entry in the provider dropdown of Encompass (i.e. not a direct relationship between CRA and ICE Mortgage Technology),,,,,,,,,,,,,,Fraud & Verification,Interface,Encompass VOE Gateway Integration,,,,Add Ons
Verification Data Access,Mortgage Credit Link,Add On - Interface,Fannie Mae,Fannie Mae - Consumer Credit Reports,Usage,Fannie Mae - Consumer Credit Reports,N,0.0,CRED-0348,,,2.53,CRED-0030,,,N,,"Fee becomes $2.78 if invoice is
overdue
Includes: Desktop Underwriter,
Desktop Originator, EarlyCheck?",$2.78 if not current on invoice,,,,,,,,,,,,,Fraud & Verification,Interface,Fannie Mae - Consumer Credit Reports,,,,Add Ons
Verification Data Access,Mortgage Credit Link,Add On - Interface,Fannie Mae,Fannie Mae - Manual VOE/I,Usage,Fannie Mae - Manual VOE/I,N,0.0,CRED-0349,,,0.0,CRED-0257,,,N,,"CRAs must go through their own
vetting process with Fannie Mae",,,,,,,,,,,,,,Not Mapped,Interface,Fannie Mae - Manual VOE/I,,,,Add Ons
Verification Data Access,Mortgage Credit Link,Add On - Interface,Fannie Mae,Fannie Mae - Tax Transcript,Usage,Fannie Mae - Tax Transcript,N,0.0,CRED-0350,,,0.0,CRED-0258,,,N,,"Must use our 4506-T Processing
system or AUS-TRV for eligibility",,,,,,,,,,,,,,Not Mapped,Interface,Fannie Mae - Tax Transcript,,,,Add Ons
Verification Data Access,Mortgage Credit Link,Add On - Interface,Fannie Mae,Fannie Mae Affiliate Fee,Standard,Fannie Mae Affiliate Fee,N,2075.0,CRED-0098,,,,,,,N,,Pass through from Fannie Mae,,,,,,,,,,,,,,Not Mapped,Interface,Fannie Mae Affiliate Fee,,,,Add Ons
Verification Data Access,Mortgage Credit Link,Add On - Interface,Fannie Mae,Fannie Mae Connect Fee,Standard Monthly,Fannie Mae Connect Fee,N,0.0,CRED-0351,4944.0,CRED-0080,,,,,,,Annual fee billed in monthly installments,Annual fee billed in monthly installments,,,,,,,,,,,,,Fraud & Verification,Interface,Fannie Mae Connect Fee,,,,Add Ons
Verification Data Access,Mortgage Credit Link,Add On - Interface,Freddie Mac,FHLMC Direct - Consumer Credit Reports - Direct New,Usage,FHLMC Direct - Consumer Credit Reports - Direct New,N,0.0,CRED-0353,,,2.06,CRED-0147,,,N,,Excludes LQA transactions,,,,,,,,,,,,,,Fraud & Verification,Interface,FHLMC Direct - Consumer Credit Reports - Direct New,,,,Add Ons
Verification Data Access,Mortgage Credit Link,Add On - Interface,Freddie Mac,FHLMC Direct - Consumer Credit Reports - Direct Reissue,Usage,FHLMC Direct - Consumer Credit Reports - Direct Reissue,N,0.0,CRED-0469,,,2.06,CRED-0183,,,N,,Excludes LQA transactions,,,,,,,,,,,,,,Fraud & Verification,Interface,FHLMC Direct - Consumer Credit Reports - Direct Reissue,,,,Add Ons
Verification Data Access,Mortgage Credit Link,Add On - Interface,Creative Thinking,focusagent - Consumer Credit Reports,Usage,focusagent - Consumer Credit Reports,N,0.0,CRED-0356,,,0.0,CRED-0253,,,N,,,,,,,,,,,,,,,,Not Mapped,Interface,focusagent - Consumer Credit Reports,,,,Add Ons
Verification Data Access,Mortgage Credit Link,Add On - Interface,Freddie Mac,Freddie Mac LQA Secondary Use - Individual,Usage,Freddie Mac LQA Secondary Use - Individual,N,0.0,CRED-0357,,,-1234.0,CRED-0225,,,N,,"Make sure we get the CRA to sign LQA agreement. Quote Individual and Joint together.

Freddie Mac covers the cost of LQA
reissues. This includes secondary use.
So, if a reissue occurs with secondary
use in a CRA system, we bill Freddie
Mac for it, and then give the CRA credit
for the reissue here.",,,,,,,,,,,,,,Fraud & Verification,Interface,Freddie Mac LQA Secondary Use - Individual,,,,Add Ons
Verification Data Access,Mortgage Credit Link,Add On - Interface,Freddie Mac,Freddie Mac LQA Secondary Use - Joint,Usage,Freddie Mac LQA Secondary Use - Joint,N,0.0,CRED-0358,,,-1234.0,CRED-0237,,,N,,"Make sure we get the CRA to sign LQA agreement. Quote Individual and Joint together.

Freddie Mac covers the cost of LQA
reissues. This includes secondary use.
So, if a reissue occurs with secondary
use in a CRA system, we bill Freddie
Mac for it, and then give the CRA credit
for the reissue here.",,,,,,,,,,,,,,Fraud & Verification,Interface,Freddie Mac LQA Secondary Use - Joint,,,,Add Ons
Verification Data Access,Mortgage Credit Link,Add On - Interface,Harland,Harland - Consumer Credit Reports,Usage,Harland - Consumer Credit Reports,N,0.0,CRED-0359,,,0.5,CRED-0217,,,N,,,,,,,,,,,,,,,,Fraud & Verification,Interface,Harland - Consumer Credit Reports,,,,Add Ons
Verification Data Access,Mortgage Credit Link,Add On - Interface,Integra Destiny,IntegraDestiny - Consumer Credit Reports - 1B,Usage,IntegraDestiny - Consumer Credit Reports - 1B,N,0.0,CRED-0368,,,0.3,CRED-0138,,,N,,(MCL-181),,,,,,,,,,,,,,Fraud & Verification,Interface,IntegraDestiny - Consumer Credit Reports - 1B,,,,Add Ons
Verification Data Access,Mortgage Credit Link,Add On - Interface,Integra Destiny,IntegraDestiny - Consumer Credit Reports - 2B,Usage,IntegraDestiny - Consumer Credit Reports - 2B,N,0.0,CRED-0369,,,0.4,CRED-0151,,,N,,(MCL-181),,,,,,,,,,,,,,Fraud & Verification,Interface,IntegraDestiny - Consumer Credit Reports - 2B,,,,Add Ons
Verification Data Access,Mortgage Credit Link,Add On - Interface,Integra Destiny,IntegraDestiny - Consumer Credit Reports - 3B,Usage,IntegraDestiny - Consumer Credit Reports - 3B,N,0.0,CRED-0370,,,0.5,CRED-0152,,,N,,(MCL-181),,,,,,,,,,,,,,Fraud & Verification,Interface,IntegraDestiny - Consumer Credit Reports - 3B,,,,Add Ons
Verification Data Access,Mortgage Credit Link,Add On - Interface,Laser Credit,Laser Credit - Consumer Credit Reports - 1B,Usage,Laser Credit - Consumer Credit Reports - 1B,N,0.0,CRED-0371,,,0.75,CRED-0118,,,N,,,,,,,,,,,,,,,,Fraud & Verification,Interface,Laser Credit - Consumer Credit Reports - 1B,,,,Add Ons
Verification Data Access,Mortgage Credit Link,Add On - Interface,Laser Credit,Laser Credit - Consumer Credit Reports - 2B,Usage,Laser Credit - Consumer Credit Reports - 2B,N,0.0,CRED-0372,,,1.0,CRED-0121,,,N,,,,,,,,,,,,,,,,Fraud & Verification,Interface,Laser Credit - Consumer Credit Reports - 2B,,,,Add Ons
Verification Data Access,Mortgage Credit Link,Add On - Interface,Laser Credit,Laser Credit - Consumer Credit Reports - 3B,Usage,Laser Credit - Consumer Credit Reports - 3B,N,0.0,CRED-0373,,,1.25,CRED-0123,,,N,,,,,,,,,,,,,,,,Fraud & Verification,Interface,Laser Credit - Consumer Credit Reports - 3B,,,,Add Ons
Verification Data Access,Mortgage Credit Link,Add On - Interface,"WEI Technology, Inc.",Lending Pad - UDN,Usage,Lending Pad - UDN,N,0.0,CRED-0377,,,1.5,CRED-0078,,,N,,Billing is for new transactions only,,,,,,,,,,,,,,Fraud & Verification,Interface,Lending Pad - UDN,,,,Add Ons
Verification Data Access,Mortgage Credit Link,Add On - Interface,"WEI Technology, Inc.",Lending Pad - VOA,Usage,Lending Pad - VOA,N,0.0,MORT-0065,,,1.5,CRED-0029,,,N,,Billing is for new transactions only,,,,,,,,,,,,,,Fraud & Verification,Interface,Lending Pad - VOA,,,,Add Ons
Verification Data Access,Mortgage Credit Link,Add On - Interface,"WEI Technology, Inc.",Lending Pad - VOD,Usage,Lending Pad - VOD,N,0.0,CRED-0378,,,1.5,CRED-0076,,,N,,Billing is for new transactions only,,,,,,,,,,,,,,Fraud & Verification,Interface,Lending Pad - VOD,,,,Add Ons
Verification Data Access,Mortgage Credit Link,Add On - Interface,"WEI Technology, Inc.",LendingPad - 4506-T,Usage,LendingPad - 4506-T,N,0.0,CRED-0379,,,1.5,CRED-0073,,,N,,Billing is for new transactions only,,,,,,,,,,,,,,Fraud & Verification,Interface,LendingPad - 4506-T,,,,Add Ons
Verification Data Access,Mortgage Credit Link,Add On - Interface,"WEI Technology, Inc.",LendingPad - Consumer Credit Reports,Usage,LendingPad - Consumer Credit Reports,N,0.0,CRED-0380,,,1.5,CRED-0184,,,N,,Billing is for new transactions only,,,,,,,,,,,,,,Fraud & Verification,Interface,LendingPad - Consumer Credit Reports,,,,Add Ons
Verification Data Access,Mortgage Credit Link,Add On - Interface,"WEI Technology, Inc.",LendingPad - Flood,Usage,LendingPad - Flood,N,0.0,CRED-0381,,,1.5,CRED-0075,,,N,,Billing is for new transactions only,,,,,,,,,,,,,,Fraud & Verification,Interface,LendingPad - Flood,,,,Add Ons
Verification Data Access,Mortgage Credit Link,Add On - Interface,"WEI Technology, Inc.",LendingPad - IDV,Usage,LendingPad - IDV,N,0.0,CRED-0382,,,1.5,CRED-0079,,,N,,Billing is for new transactions only,,,,,,,,,,,,,,Fraud & Verification,Interface,LendingPad - IDV,,,,Add Ons
Verification Data Access,Mortgage Credit Link,Add On - Interface,"WEI Technology, Inc.",LendingPad - VOE,Usage,LendingPad - VOE,N,0.0,CRED-0383,,,1.5,CRED-0072,,,N,,Billing is for new transactions only,,,,,,,,,,,,,,Fraud & Verification,Interface,LendingPad - VOE,,,,Add Ons
Verification Data Access,Mortgage Credit Link,Add On - Interface,"WEI Technology, Inc.",LendingPad - VOI,Usage,LendingPad - VOI,N,0.0,CRED-0470,,,1.5,CRED-0053,,,N,,Billing is for new transactions only,,,,,,,,,,,,,,Fraud & Verification,Interface,LendingPad - VOI,,,,Add Ons
Verification Data Access,Mortgage Credit Link,Add On - Interface,Wizni,Lendwize - Consumer Credit Reports,Usage,Lendwize - Consumer Credit Reports,N,0.0,CRED-0384,,,,CRED-0250,,,N,,,,,,,,,,,,,,,,Not Mapped,Interface,Lendwize - Consumer Credit Reports,,,,Add Ons
Verification Data Access,Mortgage Credit Link,Add On - Interface,Mortgage Builder,Mortage Builder - Consumer Credit Reports - 1B,Usage,Mortage Builder - Consumer Credit Reports - 1B,N,0.0,CRED-0393,,,0.33,CRED-0155,,,N,,"Only transactions for new credit (MCL-
181)",,,,,,,,,,,,,,Fraud & Verification,Interface,Mortage Builder - Consumer Credit Reports - 1B,,,,Add Ons
Verification Data Access,Mortgage Credit Link,Add On - Interface,Mortgage Builder,Mortage Builder - Consumer Credit Reports - 2B,Usage,Mortage Builder - Consumer Credit Reports - 2B,N,0.0,CRED-0394,,,0.66,CRED-0134,,,N,,"Only transactions for new credit (MCL-
181)",,,,,,,,,,,,,,Fraud & Verification,Interface,Mortage Builder - Consumer Credit Reports - 2B,,,,Add Ons
Verification Data Access,Mortgage Credit Link,Add On - Interface,Mortgage Builder,Mortage Builder - Consumer Credit Reports - 3B,Usage,Mortage Builder - Consumer Credit Reports - 3B,N,0.0,CRED-0395,,,1.0,CRED-0157,,,N,,"Only transactions for new credit (MCL-
181)",,,,,,,,,,,,,,Fraud & Verification,Interface,Mortage Builder - Consumer Credit Reports - 3B,,,,Add Ons
Verification Data Access,Mortgage Credit Link,Add On - Interface,Mortgage Cadence,Mortgage Cadence - Consumer Credit Reports - 1B,Usage,Mortgage Cadence - Consumer Credit Reports - 1B,N,0.0,CRED-0396,,,0.2,CRED-0158,,,N,,,,,,,,,,,,,,,,Fraud & Verification,Interface,Mortgage Cadence - Consumer Credit Reports - 1B,,,,Add Ons
Verification Data Access,Mortgage Credit Link,Add On - Interface,Mortgage Cadence,Mortgage Cadence - Consumer Credit Reports - 2B,Usage,Mortgage Cadence - Consumer Credit Reports - 2B,N,0.0,CRED-0397,,,0.35,CRED-0109,,,N,,,,,,,,,,,,,,,,Fraud & Verification,Interface,Mortgage Cadence - Consumer Credit Reports - 2B,,,,Add Ons
Verification Data Access,Mortgage Credit Link,Add On - Interface,Mortgage Cadence,Mortgage Cadence - Consumer Credit Reports - 3B,Usage,Mortgage Cadence - Consumer Credit Reports - 3B,N,0.0,CRED-0398,,,0.5,CRED-0113,,,N,,,,,,,,,,,,,,,,Fraud & Verification,Interface,Mortgage Cadence - Consumer Credit Reports - 3B,,,,Add Ons
Verification Data Access,Mortgage Credit Link,Add On - Interface,Fiserv,Mortgage Director (fka PCLender) - 1B,Usage,Mortgage Director (fka PCLender) - 1B,N,0.0,CRED-0400,,,0.25,CRED-0243,,,N,,Pricing effective 3/1/2021,,,,,,,,,,,,,,Fraud & Verification,Interface,Mortgage Director (fka PCLender) - 1B,,,,Add Ons
Verification Data Access,Mortgage Credit Link,Add On - Interface,Fiserv,Mortgage Director (fka PCLender) - 2B,Usage,Mortgage Director (fka PCLender) - 2B,N,0.0,CRED-0401,,,0.5,CRED-0244,,,N,,Pricing effective 3/1/2021,,,,,,,,,,,,,,Fraud & Verification,Interface,Mortgage Director (fka PCLender) - 2B,,,,Add Ons
Verification Data Access,Mortgage Credit Link,Add On - Interface,Fiserv,Mortgage Director (fka PCLender) - 3B,Usage,Mortgage Director (fka PCLender) - 3B,N,0.0,CRED-0402,,,1.0,CRED-0221,,,N,,Pricing effective 3/1/2021,,,,,,,,,,,,,,Fraud & Verification,Interface,Mortgage Director (fka PCLender) - 3B,,,,Add Ons
Verification Data Access,Mortgage Credit Link,Add On - Interface,Mortgage Flex,Mortgage Flex - Consumer Credit Reports - 1B,Usage,Mortgage Flex - Consumer Credit Reports - 1B,N,0.0,CRED-0399,,,0.4,CRED-0150,,,N,,"Only transactions for new credit (MCL-
181)",,,,,,,,,,,,,,Fraud & Verification,Interface,Mortgage Flex - Consumer Credit Reports - 1B,,,,Add Ons
Verification Data Access,Mortgage Credit Link,Add On - Interface,Mortgage Flex,Mortgage Flex - Consumer Credit Reports - 2B,Usage,Mortgage Flex - Consumer Credit Reports - 2B,N,0.0,CRED-0471,,,0.4,CRED-0161,,,N,,"Only transactions for new credit (MCL-
181)",,,,,,,,,,,,,,Fraud & Verification,Interface,Mortgage Flex - Consumer Credit Reports - 2B,,,,Add Ons
Verification Data Access,Mortgage Credit Link,Add On - Interface,Mortgage Flex,Mortgage Flex - Consumer Credit Reports - 3B,Usage,Mortgage Flex - Consumer Credit Reports - 3B,N,0.0,CRED-0472,,,0.4,CRED-0162,,,N,,"Only transactions for new credit (MCL-
181)",,,,,,,,,,,,,,Fraud & Verification,Interface,Mortgage Flex - Consumer Credit Reports - 3B,,,,Add Ons
Verification Data Access,Mortgage Credit Link,Add On - Interface,Mortgage Panda,Mortgage Panda - Consumer Credit Reports,Usage,Mortgage Panda - Consumer Credit Reports,N,0.0,CRED-0403,,,,CRED-0249,,,N,,,,,,,,,,,,,,,,Not Mapped,Interface,Mortgage Panda - Consumer Credit Reports,,,,Add Ons
Verification Data Access,Mortgage Credit Link,Add On - Interface,MortgageBot,MortgageBot - Consumer Credit Reports - 1B,Usage,MortgageBot - Consumer Credit Reports - 1B,N,0.0,CRED-0406,,,0.5,CRED-0159,,,N,,(MCL-181),,,,,,,,,,,,,,Fraud & Verification,Interface,MortgageBot - Consumer Credit Reports - 1B,,,,Add Ons
Verification Data Access,Mortgage Credit Link,Add On - Interface,MortgageBot,MortgageBot - Consumer Credit Reports - 2B,Usage,MortgageBot - Consumer Credit Reports - 2B,N,0.0,CRED-0407,,,0.65,CRED-0160,,,N,,(MCL-181),,,,,,,,,,,,,,Fraud & Verification,Interface,MortgageBot - Consumer Credit Reports - 2B,,,,Add Ons
Verification Data Access,Mortgage Credit Link,Add On - Interface,MortgageBot,MortgageBot - Consumer Credit Reports - 3B,Usage,MortgageBot - Consumer Credit Reports - 3B,N,0.0,CRED-0408,,,0.75,CRED-0100,,,N,,(MCL-181),,,,,,,,,,,,,,Fraud & Verification,Interface,MortgageBot - Consumer Credit Reports - 3B,,,,Add Ons
Verification Data Access,Mortgage Credit Link,Add On - Interface,Calyx,Point - Consumer Credit Reports - DirectConnect,Usage,Point - Consumer Credit Reports - DirectConnect,N,0.0,CRED-0428,,,1.15,CRED-0038,,,N,,"We only bill if ""MeridianLink"" is
selected as the credit provider in Point.
If a user selects a CRA's entry, Calyx
will bill the CRA directly. Both new and
reissue transactions. For
DirectConnect only transactions from
DEMO are included. (MCL-181). For
WebConnect, unsure if same
transaction filtering logic is same as
Point DirectConnect.",,,,,,,,,,,,,,Fraud & Verification,Interface,Point - Consumer Credit Reports - DirectConnect,,,,Add Ons
Verification Data Access,Mortgage Credit Link,Add On - Interface,Calyx,Point - Consumer Credit Reports - WebConnect,Usage,Point - Consumer Credit Reports - WebConnect,N,0.0,CRED-0429,,,1.73,CRED-0056,,,N,,"We only bill if ""MeridianLink"" is
selected as the credit provider in Point.
If a user selects a CRA's entry, Calyx
will bill the CRA directly. Both new and
reissue transactions. For
DirectConnect only transactions from
DEMO are included. (MCL-181). For
WebConnect, unsure if same
transaction filtering logic is same as
Point DirectConnect.",,,,,,,,,,,,,,Fraud & Verification,Interface,Point - Consumer Credit Reports - WebConnect,,,,Add Ons
Verification Data Access,Mortgage Credit Link,Add On - Interface,PreApp,PreApp - Consumer Credit Reports,Usage,PreApp - Consumer Credit Reports,N,0.0,CRED-0431,,,1.0,CRED-0054,,,N,,"Both new and reissue transactions
(MCL-181)",,,,,,,,,,,,,,Fraud & Verification,Interface,PreApp - Consumer Credit Reports,,,,Add Ons
Verification Data Access,Mortgage Credit Link,Add On - Interface,PrudentCo,PrudentCo - Consumer Credit Reports,Usage,PrudentCo - Consumer Credit Reports,N,0.0,CRED-0433,,,,CRED-0252,,,N,,FrameLogic dba PrudentCo,,,,,,,,,,,,,,Not Mapped,Interface,PrudentCo - Consumer Credit Reports,,,,Add Ons
Verification Data Access,Mortgage Credit Link,Add On - Interface,ReverseVision,ReverseVision - Consumer Credit Reports - 1B,Usage,ReverseVision - Consumer Credit Reports - 1B,N,0.0,CRED-0436,,,0.25,CRED-0125,,,N,,"Both new and reissue transactions
(MCL-181)",,,,,,,,,,,,,,Fraud & Verification,Interface,ReverseVision - Consumer Credit Reports - 1B,,,,Add Ons
Verification Data Access,Mortgage Credit Link,Add On - Interface,ReverseVision,ReverseVision - Consumer Credit Reports - 2B,Usage,ReverseVision - Consumer Credit Reports - 2B,N,0.0,CRED-0437,,,0.35,CRED-0127,,,N,,"Both new and reissue transactions
(MCL-181)",,,,,,,,,,,,,,Fraud & Verification,Interface,ReverseVision - Consumer Credit Reports - 2B,,,,Add Ons
Verification Data Access,Mortgage Credit Link,Add On - Interface,ReverseVision,ReverseVision - Consumer Credit Reports - 3B,Usage,ReverseVision - Consumer Credit Reports - 3B,N,0.0,CRED-0438,,,0.5,CRED-0129,,,N,,"Both new and reissue transactions
(MCL-181)",,,,,,,,,,,,,,Fraud & Verification,Interface,ReverseVision - Consumer Credit Reports - 3B,,,,Add Ons
Verification Data Access,Mortgage Credit Link,Add On - Interface,Shape Software,Shape Software - Consumer Credit Reports,Usage,Shape Software - Consumer Credit Reports,N,0.0,CRED-0442,,,0.0,CRED-0248,,,N,,,,,,,,,,,,,,,,Not Mapped,Interface,Shape Software - Consumer Credit Reports,,,,Add Ons
Verification Data Access,Mortgage Credit Link,Add On - Interface,Fannie Mae,Targeted Lender Fannie Mae T1,Usage,Targeted Lender Fannie Mae T1,N,0.0,CRED-0488,,,2.32,CRED-0500,,,N,,"Fee becomes $2.78 if invoice is overdue. Includes: Desktop Underwriter, Desktop Originator, EarlyCheck. Requires Targeted Lender addendum.",,,,1,Dependent,Requires Targeted Lender Addendum,,,,,,,,Fraud & Verification,Interface,Targeted Lender Fannie Mae T1,,,,Add Ons
Verification Data Access,Mortgage Credit Link,Add On - Interface,Fannie Mae,Targeted Lender Fannie Mae T2,Usage,Targeted Lender Fannie Mae T2,N,0.0,CRED-0488,,,2.42,CRED-0503,,,N,,"Fee becomes $2.78 if invoice is overdue. Includes: Desktop Underwriter, Desktop Originator, EarlyCheck. Requires Targeted Lender addendum.",,,,1,Dependent,Requires Targeted Lender Addendum,,,,,,,,Fraud & Verification,Interface,Targeted Lender Fannie Mae T2,,,,Add Ons
Verification Data Access,Mortgage Credit Link,Add On - Interface,Fannie Mae,Targeted Lender Fannie Mae T3,Usage,Targeted Lender Fannie Mae T3,N,0.0,CRED-0488,,,2.53,CRED-0513,,,N,,"Fee becomes $2.78 if invoice is overdue. Includes: Desktop Underwriter, Desktop Originator, EarlyCheck. Requires Targeted Lender addendum.",,,,1,Dependent,Requires Targeted Lender Addendum,,,,,,,,Fraud & Verification,Interface,Targeted Lender Fannie Mae T3,,,,Add Ons
Verification Data Access,Mortgage Credit Link,Add On - Interface,Freddie Mac,Targeted Lender FHLMC Direct - Consumer Credit Reports - Direct New T1,Usage,Targeted Lender FHLMC Direct - Consumer Credit Reports - Direct New T1,N,0.0,CRED-0509,,,1.03,CRED-0487,,,N,,Excludes LQA transactions; Requires Targeted Lender addendum,,,,1,Dependent,Requires Targeted Lender Addendum,,,,,,,,Fraud & Verification,Interface,Targeted Lender FHLMC Direct - Consumer Credit Reports - Direct New T1,,,,Add Ons
Verification Data Access,Mortgage Credit Link,Add On - Interface,Freddie Mac,Targeted Lender FHLMC Direct - Consumer Credit Reports - Direct New T2,Usage,Targeted Lender FHLMC Direct - Consumer Credit Reports - Direct New T2,N,0.0,CRED-0509,,,1.24,CRED-0490,,,N,,Excludes LQA transactions; Requires Targeted Lender addendum,,,,1,Dependent,Requires Targeted Lender Addendum,,,,,,,,Fraud & Verification,Interface,Targeted Lender FHLMC Direct - Consumer Credit Reports - Direct New T2,,,,Add Ons
Verification Data Access,Mortgage Credit Link,Add On - Interface,Freddie Mac,Targeted Lender FHLMC Direct - Consumer Credit Reports - Direct New T3,Usage,Targeted Lender FHLMC Direct - Consumer Credit Reports - Direct New T3,N,0.0,CRED-0509,,,1.45,CRED-0498,,,N,,Excludes LQA transactions; Requires Targeted Lender addendum,,,,1,Dependent,Requires Targeted Lender Addendum,,,,,,,,Fraud & Verification,Interface,Targeted Lender FHLMC Direct - Consumer Credit Reports - Direct New T3,,,,Add Ons
Verification Data Access,Mortgage Credit Link,Add On - Interface,Freddie Mac,Targeted Lender FHLMC Direct - Consumer Credit Reports - Direct Reissue T1,Usage,Targeted Lender FHLMC Direct - Consumer Credit Reports - Direct Reissue T1,N,0.0,CRED-0493,,,1.03,CRED-0502,,,N,,Excludes LQA transactions; Requires Targeted Lender addendum,,,,1,Dependent,Requires Targeted Lender Addendum,,,,,,,,Fraud & Verification,Interface,Targeted Lender FHLMC Direct - Consumer Credit Reports - Direct Reissue T1,,,,Add Ons
Verification Data Access,Mortgage Credit Link,Add On - Interface,Freddie Mac,Targeted Lender FHLMC Direct - Consumer Credit Reports - Direct Reissue T2,Usage,Targeted Lender FHLMC Direct - Consumer Credit Reports - Direct Reissue T2,N,0.0,CRED-0493,,,1.24,CRED-0501,,,N,,Excludes LQA transactions; Requires Targeted Lender addendum,,,,1,Dependent,Requires Targeted Lender Addendum,,,,,,,,Fraud & Verification,Interface,Targeted Lender FHLMC Direct - Consumer Credit Reports - Direct Reissue T2,,,,Add Ons
Verification Data Access,Mortgage Credit Link,Add On - Interface,Freddie Mac,Targeted Lender FHLMC Direct - Consumer Credit Reports - Direct Reissue T3,Usage,Targeted Lender FHLMC Direct - Consumer Credit Reports - Direct Reissue T3,N,0.0,CRED-0493,,,1.45,CRED-0499,,,N,,Excludes LQA transactions; Requires Targeted Lender addendum,,,,1,Dependent,Requires Targeted Lender Addendum,,,,,,,,Fraud & Verification,Interface,Targeted Lender FHLMC Direct - Consumer Credit Reports - Direct Reissue T3,,,,Add Ons
Verification Data Access,Mortgage Credit Link,Add On - Interface,wemlo,wemlo - Consumer Credit Reports,Usage,wemlo - Consumer Credit Reports,N,0.0,CRED-0456,,,0.0,CRED-0251,,,N,,,,,,,,,,,,,,,,Not Mapped,Interface,wemlo - Consumer Credit Reports,,,,Add Ons
Verification Data Access,Mortgage Credit Link,Add On - Miscellaneous,MeridianLink,CRA Office,Standard,CRA Office,N,1050.0,CRED-0256,1050.0,CRED-0255,,,,,N,,Initial MCL setup fee includes one office,,,,,,,,,,,,,,Other,Miscellaneous,CRA Office,,,,Add Ons
Verification Data Access,Mortgage Credit Link,Add On - Miscellaneous,MeridianLink,Faxes Tier 1 (651+ Faxes),Usage,Faxes,N,0.0,CRED-0352,,,0.11,CRED-0085,,,N,,"(non-aggregate)
<= 650: $0.11 per
fax
> 650: $0.00","Billed per fax transmission
Units 1-650: $0.11 per
fax
Units 650+: $0.00",,,,,,,,,,,,,Essential Services,Miscellaneous,Faxes Tier 1 (651+ Faxes),,,,Add Ons
Verification Data Access,Mortgage Credit Link,Add On - Miscellaneous,MeridianLink,Faxes Tier 2 (Up to 650 Faxes),Usage,Faxes,N,0.0,CRED-0352,,,0.11,CRED-0085,,,,,,,,,,,,,,,,Add Ons,,,Essential Services,Miscellaneous,Faxes Tier 2 (Up to 650 Faxes),,,,Add Ons
Verification Data Access,Mortgage Credit Link,Add On - Miscellaneous,Okta,Okta Single Sign On,Standard,Okta Single Sign On,N,1050.0,CRED-0485,,,,,,,N,,"The setup process requires the CRA to create a product in the Okta Integration Network, configure it to use MCL’s SSO integration with Okta, and get approval from Okta directly to be promoted to production. MCL Support and Engineering will work with the CRA throughout the process.",,,,1,Dependent,Client must have their own MCL instance,,,,,,,,Other,Miscellaneous,Okta Single Sign On,,,,Add Ons
Verification Data Access,Mortgage Credit Link,Add On - Miscellaneous,Various,Postback Service API,Usage,Postback Service API,N,0.0,CRED-0430,,,0.06,CRED-0048,,,N,,"Calculated in MCL this represents a % of what the CRA charges their customer Per Transaction

<= $5000: 5% of
retail price collected
$5001 - $15000:
3.5% of retail price
collected
> $15000: 2.5% of
retail price collected","<= $5000: 5% of retail price collected 
$5001 - $15000: 3.5% of retail price collected 
> $15000: 2.5% of retail price collected
$0.06 minimum per transaction",,,,,,,,,,,,,Other,Miscellaneous,Postback Service API,,,,Add Ons
Verification Data Access,Mortgage Credit Link,Add On - Miscellaneous,MeridianLink,Premium Dashboard Benchmarks,Standard,Premium Dashboard Benchmarks,N,0.0,CRED-0432,1550.0,CRED-0045,,,,,N,,,,,,,,,,,,,,,,Data & Reporting,Miscellaneous,Premium Dashboard Benchmarks,,,,Add Ons
Verification Data Access,Mortgage Credit Link,Add On - Miscellaneous,MeridianLink,SFTP Server,Standard,SFTP Server,N,0.0,CRED-0441,624.0,CRED-0093,,,,,N,,Annual fee billed in monthly installments /Per coordinator account,Annual fee billed in monthly installments/per coordinator account,,,,,,,,,,,,,Other,Miscellaneous,SFTP Server,,,,Add Ons
Verification Data Access,Mortgage Credit Link,Add On - Miscellaneous,MeridianLink,Web Hosting,Standard,Web Hosting,N,0.0,CRED-0455,4944.0,CRED-0051,,,,,N,,Annual fee billed in monthly installments,Annual fee billed in monthly installments,,,,,,,,,,,,,Other,Miscellaneous,Web Hosting,,,,Add Ons
Verification Data Access,Mortgage Credit Link,Add On - Property Verification,Blend,Blend Automated Valuation Model,Usage,Blend Automated Valuation Model,N,0.0,CRED-0521,,,0.5,CRED-0199,,,,,,,,,,,,,,,,,,,Not Mapped,Property Verification,Blend Automated Valuation Model,,,,Add Ons
Verification Data Access,Mortgage Credit Link,Add On - Property Verification,Blend,Blend Flood,Usage,Blend Flood,N,0.0,CRED-0520,,,0.5,CRED-0198,,,,,,,,,,,,,,,,,,,Not Mapped,Property Verification,Blend Flood,,,,Add Ons
Verification Data Access,Mortgage Credit Link,Add On - Property Verification,Blue Sage Solutions,Blue Sage Automated Valuation Model,Usage,Blue Sage Automated Valuation Model,N,0.0,CRED-0518,,,0.5,CRED-0021,,,,,,,,,,,,,,,,,,,Fraud & Verification,Property Verification,Blue Sage Automated Valuation Model,,,,Add Ons
Verification Data Access,Mortgage Credit Link,Add On - Property Verification,Blue Sage Solutions,Blue Sage Flood,Usage,Blue Sage Flood,N,0.0,CRED-0516,,,0.5,CRED-0020,,,,,,,,,,,,,,,,,,,Fraud & Verification,Property Verification,Blue Sage Flood,,,,Add Ons
Verification Data Access,Mortgage Credit Link,Add On - Property Verification,ServiceLink,ServiceLink Flood Postback Tier 1 (5000+ Reports),Usage,"ServiceLink Flood
Postback",N,0.0,CRED-0440,,,0.52,CRED-0190,,,N,,"(aggregate)
< 2,500: $1.03
2,500 - 4,999: $0.77
>= 5,000: $0.52","Volume Discount
< 2,500: $1.03
2,500 - 4,999: $0.77
>= 5,000: $0.52",,,,,,,,,,,,,Settlement & Real Estate Services,Property Verification,ServiceLink Flood Postback,Tier 1,5000.0,0.0,Add Ons
Verification Data Access,Mortgage Credit Link,Add On - Property Verification,ServiceLink,ServiceLink Flood Postback Tier 2 (2500 - 4999 Reports),Usage,"ServiceLink Flood
Postback",N,0.0,CRED-0440,,,0.78,CRED-0190,,,,,,,,,,,,,,,,Add Ons,,,Settlement & Real Estate Services,Property Verification,ServiceLink Flood Postback,Tier 2,2500.0,4999.0,Add Ons
Verification Data Access,Mortgage Credit Link,Add On - Property Verification,ServiceLink,ServiceLink Flood Postback Tier 3 (Up to 2499 Reports),Usage,"ServiceLink Flood
Postback",N,0.0,CRED-0440,,,1.03,CRED-0190,,,,,,,,,,,,,,,,Add Ons,,,Settlement & Real Estate Services,Property Verification,ServiceLink Flood Postback,Tier 3,0.0,2499.0,Add Ons
Verification Data Access,Mortgage Credit Link,Primary Service,MeridianLink,Mortgage Credit Link Platform,Standard,Mortgage Credit Link Platform,N,9500.0,CRED-0035,,,,,,,N,,,,,,,,,,,,,,,,Primary Service,,Mortgage Credit Link Platform,,,,Primary Product
Data Insights & Decisions,Reward,Add On - Monthly Enrolled Accounts,MeridianLink,"Reward - Relationship360 Tier 1 (>80,000 Accounts)",Per Enrolled Account,Reward - Relationship360 Enrolled Accounts,N,0.0,DATA-0025,,,0.47,DATA-0007,,,N,,60/40 Split with JHA where JHA gets 60% and ML gets 40%,,Jack Henry Hosted Instance of Reward (Relationship360) for dynamic product and pricing programs ,,,,,,,,,,,,Primary Service,Monthly Enrolled Accounts,Reward - Relationship360,Tier 1,80000.0,0.0,Primary Product
Data Insights & Decisions,Reward,Add On - Monthly Enrolled Accounts,MeridianLink,"Reward - Relationship360 Tier 2 (70,000-79,999 Accounts)",Per Enrolled Account,Reward - Relationship360 Enrolled Accounts,N,0.0,DATA-0025,,,0.49,DATA-0007,,,N,,60/40 Split with JHA where JHA gets 60% and ML gets 40%,,Jack Henry Hosted Instance of Reward (Relationship360) for dynamic product and pricing programs ,,,,,,,,,,,,Primary Service,Monthly Enrolled Accounts,Reward - Relationship360,Tier 2,70000.0,79999.0,Primary Product
Data Insights & Decisions,Reward,Add On - Monthly Enrolled Accounts,MeridianLink,"Reward - Relationship360 Tier 3 (60,000-69,999 Accounts)",Per Enrolled Account,Reward - Relationship360 Enrolled Accounts,N,0.0,DATA-0025,,,0.51,DATA-0007,,,N,,60/40 Split with JHA where JHA gets 60% and ML gets 40%,,Jack Henry Hosted Instance of Reward (Relationship360) for dynamic product and pricing programs ,,,,,,,,,,,,Primary Service,Monthly Enrolled Accounts,Reward - Relationship360,Tier 3,60000.0,69999.0,Primary Product
Data Insights & Decisions,Reward,Add On - Monthly Enrolled Accounts,MeridianLink,"Reward - Relationship360 Tier 4 (50,000-59,9999 Accounts)",Per Enrolled Account,Reward - Relationship360 Enrolled Accounts,N,0.0,DATA-0025,,,0.53,DATA-0007,,,N,,60/40 Split with JHA where JHA gets 60% and ML gets 40%,,Jack Henry Hosted Instance of Reward (Relationship360) for dynamic product and pricing programs ,,,,,,,,,,,,Primary Service,Monthly Enrolled Accounts,Reward - Relationship360,Tier 4,50000.0,59999.0,Primary Product
Data Insights & Decisions,Reward,Add On - Monthly Enrolled Accounts,MeridianLink,"Reward - Relationship360 Tier 5 (40,000-49,999 Accounts)",Per Enrolled Account,Reward - Relationship360 Enrolled Accounts,N,0.0,DATA-0025,,,0.55,DATA-0007,,,N,,60/40 Split with JHA where JHA gets 60% and ML gets 40%,,Jack Henry Hosted Instance of Reward (Relationship360) for dynamic product and pricing programs ,,,,,,,,,,,,Primary Service,Monthly Enrolled Accounts,Reward - Relationship360,Tier 5,40000.0,49999.0,Primary Product
Data Insights & Decisions,Reward,Add On - Monthly Enrolled Accounts,MeridianLink,"Reward - Relationship360 Tier 6 (30,000-39,999 Accounts)",Per Enrolled Account,Reward - Relationship360 Enrolled Accounts,N,0.0,DATA-0025,,,0.57,DATA-0007,,,N,,60/40 Split with JHA where JHA gets 60% and ML gets 40%,,Jack Henry Hosted Instance of Reward (Relationship360) for dynamic product and pricing programs ,,,,,,,,,,,,Primary Service,Monthly Enrolled Accounts,Reward - Relationship360,Tier 6,30000.0,39999.0,Primary Product
Data Insights & Decisions,Reward,Add On - Monthly Enrolled Accounts,MeridianLink,"Reward - Relationship360 Tier 7 (20,000-29,999 Accounts)",Per Enrolled Account,Reward - Relationship360 Enrolled Accounts,N,0.0,DATA-0025,,,0.59,DATA-0007,,,N,,60/40 Split with JHA where JHA gets 60% and ML gets 40%,,Jack Henry Hosted Instance of Reward (Relationship360) for dynamic product and pricing programs ,,,,,,,,,,,,Primary Service,Monthly Enrolled Accounts,Reward - Relationship360,Tier 7,20000.0,29999.0,Primary Product
Data Insights & Decisions,Reward,Add On - Monthly Enrolled Accounts,MeridianLink,"Reward - Relationship360 Tier 8 (10,000-19,9999 Accounts)",Per Enrolled Account,Reward - Relationship360 Enrolled Accounts,N,0.0,DATA-0025,,,0.61,DATA-0007,,,N,,60/40 Split with JHA where JHA gets 60% and ML gets 40%,,Jack Henry Hosted Instance of Reward (Relationship360) for dynamic product and pricing programs ,,,,,,,,,,,,Primary Service,Monthly Enrolled Accounts,Reward - Relationship360,Tier 8,10000.0,19999.0,Primary Product
Data Insights & Decisions,Reward,Add On - Monthly Enrolled Accounts,MeridianLink,"Reward - Relationship360 Tier 9 (5,000-9,999 Accounts)",Per Enrolled Account,Reward - Relationship360 Enrolled Accounts,N,0.0,DATA-0025,,,0.63,DATA-0007,,,N,,60/40 Split with JHA where JHA gets 60% and ML gets 40%,,Jack Henry Hosted Instance of Reward (Relationship360) for dynamic product and pricing programs ,,,,,,,,,,,,Primary Service,Monthly Enrolled Accounts,Reward - Relationship360,Tier 9,5000.0,9999.0,Primary Product
Data Insights & Decisions,Reward,Add On - Monthly Enrolled Accounts,MeridianLink,"Reward - Relationship360 Tier10 (<5,000 Accounts)",Per Enrolled Account,Reward - Relationship360 Enrolled Accounts,N,0.0,DATA-0025,,,0.65,DATA-0007,,,N,,60/40 Split with JHA where JHA gets 60% and ML gets 40%,,Jack Henry Hosted Instance of Reward (Relationship360) for dynamic product and pricing programs ,,,,,,,,,,,,Primary Service,Monthly Enrolled Accounts,Reward - Relationship360,Tier 10,0.0,5000.0,Primary Product
Data Insights & Decisions,Reward,Add On - Reward Data Services,MeridianLink,Reward - Data Services,Hourly,Professional Services,N,0.0,DATA-0011,,,150.0,DATA-0028,,,Y,,,,Ad Hoc Professional Services or Custom Reporting ,,1,Dependent ,Need to have Reward Relationship360 Primary Service,,,,,,,,Not Mapped,Reward Data Services,Reward - Data Services,,,,Add Ons
Data Insights & Decisions,Reward,Primary Service,MeridianLink,Reward - Relationship360 Tier 1 (>10B AUM),Standard,Reward - Relationship360,N,5000.0,DATA-0109,,,,,,,N,5750.0,60/40 Split with JHA where JHA gets 60% and ML gets 40%,,Jack Henry Hosted Instance of Reward (Relationship360) for dynamic product and pricing programs ,,,,,,,,,,,,Primary Service,,Reward - Relationship360,Tier 1,10000000000.0,0.0,Primary Product
Data Insights & Decisions,Reward,Primary Service,MeridianLink,Reward - Relationship360 Tier 2 ($5B-$10B AUM),Standard,Reward - Relationship360,N,3500.0,DATA-0109,,,,,,,N,3750.0,60/40 Split with JHA where JHA gets 60% and ML gets 40%,,Jack Henry Hosted Instance of Reward (Relationship360) for dynamic product and pricing programs ,,,,,,,,,,,,Primary Service,,Reward - Relationship360,Tier 2,5000000000.0,9999999999.0,Primary Product
Data Insights & Decisions,Reward,Primary Service,MeridianLink,Reward - Relationship360 Tier 3 ($1B-$5B AUM),Standard,Reward - Relationship360,N,2500.0,DATA-0109,,,,,,,N,1875.0,60/40 Split with JHA where JHA gets 60% and ML gets 40%,,Jack Henry Hosted Instance of Reward (Relationship360) for dynamic product and pricing programs ,,,,,,,,,,,,Primary Service,,Reward - Relationship360,Tier 3,1000000000.0,4999999999.0,Primary Product
Data Insights & Decisions,Reward,Primary Service,MeridianLink,Reward - Relationship360 Tier 4 ($500M-$1B AUM),Standard,Reward - Relationship360,N,1500.0,DATA-0109,,,,,,,N,750.0,60/40 Split with JHA where JHA gets 60% and ML gets 40%,,Jack Henry Hosted Instance of Reward (Relationship360) for dynamic product and pricing programs ,,,,,,,,,,,,Primary Service,,Reward - Relationship360,Tier 4,500000000.0,999999999.0,Primary Product
Data Insights & Decisions,Reward,Primary Service,MeridianLink,Reward - Relationship360 Tier 5 ($250M-$500M AUM),Standard,Reward - Relationship360,N,750.0,DATA-0109,,,,,,,N,575.0,60/40 Split with JHA where JHA gets 60% and ML gets 40%,,Jack Henry Hosted Instance of Reward (Relationship360) for dynamic product and pricing programs ,,,,,,,,,,,,Primary Service,,Reward - Relationship360,Tier 5,250000000.0,499999999.0,Primary Product
Data Insights & Decisions,Reward,Primary Service,MeridianLink,Reward - Relationship360 Tier 6 (<250 AUM),Standard,Reward - Relationship360,N,500.0,DATA-0109,,,,,,,N,400.0,60/40 Split with JHA where JHA gets 60% and ML gets 40%,,Jack Henry Hosted Instance of Reward (Relationship360) for dynamic product and pricing programs ,,,,,,,,,,,,Primary Service,,Reward - Relationship360,Tier 6,0.0,249999999.0,Primary Product
SHARED,Reward,Add On - MeridianLink Consulting,MeridianLink,Marketing Pro- Reward,Standard,Marketing Pro- Reward,N,0.0,SHARED-0380,16200.0,SHARED-0379,,,,,Y,,,,,,1,Dependent,Must have Reward Product,,,,,,,,Not Mapped,MeridianLink Consulting,Marketing Pro- Reward,,,,Add Ons
Verification Data Access,TazCloud,Add On - Ancillary Service,MeridianLink,Attachments over 5 MB,Usage,Attachments over 5 MB,N,0.0,TAZ-0050,,,0.32,TAZ-0048,,,N,,,,Fee per attachments over 5 MB in TazWorks software.,,1 OR 2,Dependent,TazWorks Software Platform - Professional,Dependent,TazWorks Software Platform - Enterprise,,,,,,Not Mapped,Ancillary Service,Attachments over 5 MB,,,,Add Ons
Verification Data Access,TazCloud,Add On - Ancillary Service,MeridianLink,BackgroundConnect per Transaction,Usage,BackgroundConnect per Transaction,N,0.0,TAZ-0037,,,3.55,TAZ-0040,,,N,,,,Per transaction fee for BackgroundConnect.,,1 OR 2,Dependent,TazWorks Software Platform - Professional,Dependent,TazWorks Software Platform - Enterprise,,,,,,Not Mapped,Ancillary Service,BackgroundConnect per Transaction,,,,Add Ons
Verification Data Access,TazCloud,Add On - Ancillary Service,MeridianLink,Consent Identity Verification (CIV) - Fail,Usage,Consent Identity Verification (CIV) - Fail,N,0.0,TAZ-0044,,,1.24,TAZ-0047,,,N,,,,Transaction fee for failed completion of Customer Identification Verification (CIV).,,1 OR 2,Dependent,TazWorks Software Platform - Professional,Dependent,TazWorks Software Platform - Enterprise,,,,,,Screening,Ancillary Service,Consent Identity Verification (CIV) - Fail,,,,Add Ons
Verification Data Access,TazCloud,Add On - Ancillary Service,MeridianLink,Consent Identity Verification (CIV) - Success,Usage,Consent Identity Verification (CIV) - Success,N,0.0,TAZ-0045,,,6.2,TAZ-0049,,,N,,,,Transaction fee for successful completion of Customer Identification Verification (CIV).,,1 OR 2,Dependent,TazWorks Software Platform - Professional,Dependent,TazWorks Software Platform - Enterprise,,,,,,Screening,Ancillary Service,Consent Identity Verification (CIV) - Success,,,,Add Ons
Verification Data Access,TazCloud,Add On - Ancillary Service,MeridianLink,Credit Report,Usage,Credit Report,N,0.0,TAZ-0052,,,0.14,TAZ-0046,,,N,,,,Transaction fee for accessing Credit Reports using TazWorks software.,,1 OR 2,Dependent,TazWorks Software Platform - Professional,Dependent,TazWorks Software Platform - Enterprise,,,,,,Not Mapped,Ancillary Service,Credit Report,,,,Add Ons
Verification Data Access,TazCloud,Add On - Ancillary Service,MeridianLink,CreditConnect per Transaction,Usage,CreditConnect per Transaction,N,0.0,TAZ-0036,,,2.37,TAZ-0039,,,N,,,,Per transaction fee for CreditConnect.,,1 OR 2,Dependent,TazWorks Software Platform - Professional,Dependent,TazWorks Software Platform - Enterprise,,,,,,Not Mapped,Ancillary Service,CreditConnect per Transaction,,,,Add Ons
Verification Data Access,TazCloud,Add On - Ancillary Service,MeridianLink,Form I-9 Verification,Usage,Form I-9 Verification,N,0.0,TAZ-0054,,,0.32,TAZ-0053,,,N,,,,Transaction fee for accessing Verification of Form I-9 service using TazWorks software.,,1 OR 2,Dependent,TazWorks Software Platform - Professional,Dependent,TazWorks Software Platform - Enterprise,,,,,,Not Mapped,Ancillary Service,Form I-9 Verification,,,,Add Ons
Verification Data Access,TazCloud,Add On - Insights,MeridianLink,Insights Activation Fee,Standard,TazWorks Insights,N,125.0,TAZ-0051,,,,,,,N,,,,Activation fee for Tazworks CRA business intelligence and analytics tool.,,1 OR 2,Dependent,TazWorks Software Platform - Professional,Dependent,TazWorks Software Platform - Enterprise,,,,,,Not Mapped,Insights,Insights Activation Fee,,,,Add Ons
Verification Data Access,TazCloud,Add On - Insights,MeridianLink,Insights Monthly Fee Large Tier 1:  + 15 years,Monthly,TazWorks Insights,N,0.0,TAZ-0032,15000.0,TAZ-0008,,,,,N,,Billed monthly. Rate shown is annualized rate.,Billed monthly,Subscription fee for Tazworks CRA business intelligence and analytics tool.,,3 AND (1 OR 2),Dependent,TazWorks Software Platform - Professional,Dependent,TazWorks Software Platform - Enterprise,Dependent,"Must have ""Insights Activation Fee"" first",,,X,Screening,Insights,Insights Monthly Fee Large Tier 1:  + 15 years,,,,Add Ons
Verification Data Access,TazCloud,Add On - Insights,MeridianLink,Insights Monthly Fee Large Tier 10: + 6 years,Monthly,TazWorks Insights,N,0.0,TAZ-0032,8844.0,TAZ-0008,,,,,N,,Billed monthly. Rate shown is annualized rate.,Billed monthly,Subscription fee for Tazworks CRA business intelligence and analytics tool.,,3 AND (1 OR 2),Dependent,TazWorks Software Platform - Professional,Dependent,TazWorks Software Platform - Enterprise,Dependent,"Must have ""Insights Activation Fee"" first",,,X,Screening,Insights,Insights Monthly Fee Large Tier 10: + 6 years,,,,Add Ons
Verification Data Access,TazCloud,Add On - Insights,MeridianLink,Insights Monthly Fee Large Tier 11: + 5 years,Monthly,TazWorks Insights,N,0.0,TAZ-0032,8160.0,TAZ-0008,,,,,N,,Billed monthly. Rate shown is annualized rate.,Billed monthly,Subscription fee for Tazworks CRA business intelligence and analytics tool.,,3 AND (1 OR 2),Dependent,TazWorks Software Platform - Professional,Dependent,TazWorks Software Platform - Enterprise,Dependent,"Must have ""Insights Activation Fee"" first",,,X,Screening,Insights,Insights Monthly Fee Large Tier 11: + 5 years,,,,Add Ons
Verification Data Access,TazCloud,Add On - Insights,MeridianLink,Insights Monthly Fee Large Tier 12: + 4 years,Monthly,TazWorks Insights,N,0.0,TAZ-0032,7476.0,TAZ-0008,,,,,N,,Billed monthly. Rate shown is annualized rate.,Billed monthly,Subscription fee for Tazworks CRA business intelligence and analytics tool.,,3 AND (1 OR 2),Dependent,TazWorks Software Platform - Professional,Dependent,TazWorks Software Platform - Enterprise,Dependent,"Must have ""Insights Activation Fee"" first",,,X,Screening,Insights,Insights Monthly Fee Large Tier 12: + 4 years,,,,Add Ons
Verification Data Access,TazCloud,Add On - Insights,MeridianLink,Insights Monthly Fee Large Tier 13: + 3 years,Monthly,TazWorks Insights,N,0.0,TAZ-0032,6792.0,TAZ-0008,,,,,N,,Billed monthly. Rate shown is annualized rate.,Billed monthly,Subscription fee for Tazworks CRA business intelligence and analytics tool.,,3 AND (1 OR 2),Dependent,TazWorks Software Platform - Professional,Dependent,TazWorks Software Platform - Enterprise,Dependent,"Must have ""Insights Activation Fee"" first",,,X,Screening,Insights,Insights Monthly Fee Large Tier 13: + 3 years,,,,Add Ons
Verification Data Access,TazCloud,Add On - Insights,MeridianLink,Insights Monthly Fee Large Tier 14: + 2 years,Monthly,TazWorks Insights,N,0.0,TAZ-0032,6108.0,TAZ-0008,,,,,N,,Billed monthly. Rate shown is annualized rate.,Billed monthly,Subscription fee for Tazworks CRA business intelligence and analytics tool.,,3 AND (1 OR 2),Dependent,TazWorks Software Platform - Professional,Dependent,TazWorks Software Platform - Enterprise,Dependent,"Must have ""Insights Activation Fee"" first",,,X,Screening,Insights,Insights Monthly Fee Large Tier 14: + 2 years,,,,Add Ons
Verification Data Access,TazCloud,Add On - Insights,MeridianLink,Insights Monthly Fee Large Tier 15: + 1 year,Monthly,TazWorks Insights,N,0.0,TAZ-0032,5424.0,TAZ-0008,,,,,N,,Billed monthly. Rate shown is annualized rate.,Billed monthly,Subscription fee for Tazworks CRA business intelligence and analytics tool.,,3 AND (1 OR 2),Dependent,TazWorks Software Platform - Professional,Dependent,TazWorks Software Platform - Enterprise,Dependent,"Must have ""Insights Activation Fee"" first",,,X,Screening,Insights,Insights Monthly Fee Large Tier 15: + 1 year,,,,Add Ons
Verification Data Access,TazCloud,Add On - Insights,MeridianLink,Insights Monthly Fee Large Tier 2: + 14 years,Monthly,TazWorks Insights,N,0.0,TAZ-0032,14316.0,TAZ-0008,,,,,N,,Billed monthly. Rate shown is annualized rate.,Billed monthly,Subscription fee for Tazworks CRA business intelligence and analytics tool.,,3 AND (1 OR 2),Dependent,TazWorks Software Platform - Professional,Dependent,TazWorks Software Platform - Enterprise,Dependent,"Must have ""Insights Activation Fee"" first",,,X,Screening,Insights,Insights Monthly Fee Large Tier 2: + 14 years,,,,Add Ons
Verification Data Access,TazCloud,Add On - Insights,MeridianLink,Insights Monthly Fee Large Tier 3: + 13 years,Monthly,TazWorks Insights,N,0.0,TAZ-0032,13632.0,TAZ-0008,,,,,N,,Billed monthly. Rate shown is annualized rate.,Billed monthly,Subscription fee for Tazworks CRA business intelligence and analytics tool.,,3 AND (1 OR 2),Dependent,TazWorks Software Platform - Professional,Dependent,TazWorks Software Platform - Enterprise,Dependent,"Must have ""Insights Activation Fee"" first",,,X,Screening,Insights,Insights Monthly Fee Large Tier 3: + 13 years,,,,Add Ons
Verification Data Access,TazCloud,Add On - Insights,MeridianLink,Insights Monthly Fee Large Tier 4: + 12 years,Monthly,TazWorks Insights,N,0.0,TAZ-0032,12948.0,TAZ-0008,,,,,N,,Billed monthly. Rate shown is annualized rate.,Billed monthly,Subscription fee for Tazworks CRA business intelligence and analytics tool.,,3 AND (1 OR 2),Dependent,TazWorks Software Platform - Professional,Dependent,TazWorks Software Platform - Enterprise,Dependent,"Must have ""Insights Activation Fee"" first",,,X,Screening,Insights,Insights Monthly Fee Large Tier 4: + 12 years,,,,Add Ons
Verification Data Access,TazCloud,Add On - Insights,MeridianLink,Insights Monthly Fee Large Tier 5: + 11 years,Monthly,TazWorks Insights,N,0.0,TAZ-0032,12264.0,TAZ-0008,,,,,N,,Billed monthly. Rate shown is annualized rate.,Billed monthly,Subscription fee for Tazworks CRA business intelligence and analytics tool.,,3 AND (1 OR 2),Dependent,TazWorks Software Platform - Professional,Dependent,TazWorks Software Platform - Enterprise,Dependent,"Must have ""Insights Activation Fee"" first",,,X,Screening,Insights,Insights Monthly Fee Large Tier 5: + 11 years,,,,Add Ons
Verification Data Access,TazCloud,Add On - Insights,MeridianLink,Insights Monthly Fee Large Tier 6: + 10 years,Monthly,TazWorks Insights,N,0.0,TAZ-0032,11580.0,TAZ-0008,,,,,N,,Billed monthly. Rate shown is annualized rate.,Billed monthly,Subscription fee for Tazworks CRA business intelligence and analytics tool.,,3 AND (1 OR 2),Dependent,TazWorks Software Platform - Professional,Dependent,TazWorks Software Platform - Enterprise,Dependent,"Must have ""Insights Activation Fee"" first",,,X,Screening,Insights,Insights Monthly Fee Large Tier 6: + 10 years,,,,Add Ons
Verification Data Access,TazCloud,Add On - Insights,MeridianLink,Insights Monthly Fee Large Tier 7: + 9 years,Monthly,TazWorks Insights,N,0.0,TAZ-0032,10896.0,TAZ-0008,,,,,N,,Billed monthly. Rate shown is annualized rate.,Billed monthly,Subscription fee for Tazworks CRA business intelligence and analytics tool.,,3 AND (1 OR 2),Dependent,TazWorks Software Platform - Professional,Dependent,TazWorks Software Platform - Enterprise,Dependent,"Must have ""Insights Activation Fee"" first",,,X,Screening,Insights,Insights Monthly Fee Large Tier 7: + 9 years,,,,Add Ons
Verification Data Access,TazCloud,Add On - Insights,MeridianLink,Insights Monthly Fee Large Tier 8: + 8 years,Monthly,TazWorks Insights,N,0.0,TAZ-0032,10212.0,TAZ-0008,,,,,N,,Billed monthly. Rate shown is annualized rate.,Billed monthly,Subscription fee for Tazworks CRA business intelligence and analytics tool.,,3 AND (1 OR 2),Dependent,TazWorks Software Platform - Professional,Dependent,TazWorks Software Platform - Enterprise,Dependent,"Must have ""Insights Activation Fee"" first",,,X,Screening,Insights,Insights Monthly Fee Large Tier 8: + 8 years,,,,Add Ons
Verification Data Access,TazCloud,Add On - Insights,MeridianLink,Insights Monthly Fee Large Tier 9: + 7 years,Monthly,TazWorks Insights,N,0.0,TAZ-0032,9528.0,TAZ-0008,,,,,N,,Billed monthly. Rate shown is annualized rate.,Billed monthly,Subscription fee for Tazworks CRA business intelligence and analytics tool.,,3 AND (1 OR 2),Dependent,TazWorks Software Platform - Professional,Dependent,TazWorks Software Platform - Enterprise,Dependent,"Must have ""Insights Activation Fee"" first",,,X,Screening,Insights,Insights Monthly Fee Large Tier 9: + 7 years,,,,Add Ons
Verification Data Access,TazCloud,Add On - Insights,MeridianLink,Insights Monthly Fee Medium Tier 1: 15 years,Monthly,TazWorks Insights,N,0.0,TAZ-0032,12276.0,TAZ-0008,,,,,N,,Billed monthly. Rate shown is annualized rate.,Billed monthly,Subscription fee for Tazworks CRA business intelligence and analytics tool.,,3 AND (1 OR 2),Dependent,TazWorks Software Platform - Professional,Dependent,TazWorks Software Platform - Enterprise,Dependent,"Must have ""Insights Activation Fee"" first",,,X,Screening,Insights,Insights Monthly Fee Medium Tier 1: 15 years,,,,Add Ons
Verification Data Access,TazCloud,Add On - Insights,MeridianLink,Insights Monthly Fee Medium Tier 10: + 6 years,Monthly,TazWorks Insights,N,0.0,TAZ-0032,6120.0,TAZ-0008,,,,,N,,Billed monthly. Rate shown is annualized rate.,Billed monthly,Subscription fee for Tazworks CRA business intelligence and analytics tool.,,3 AND (1 OR 2),Dependent,TazWorks Software Platform - Professional,Dependent,TazWorks Software Platform - Enterprise,Dependent,"Must have ""Insights Activation Fee"" first",,,X,Screening,Insights,Insights Monthly Fee Medium Tier 10: + 6 years,,,,Add Ons
Verification Data Access,TazCloud,Add On - Insights,MeridianLink,Insights Monthly Fee Medium Tier 11:+ 5 years,Monthly,TazWorks Insights,N,0.0,TAZ-0032,5436.0,TAZ-0008,,,,,N,,Billed monthly. Rate shown is annualized rate.,Billed monthly,Subscription fee for Tazworks CRA business intelligence and analytics tool.,,3 AND (1 OR 2),Dependent,TazWorks Software Platform - Professional,Dependent,TazWorks Software Platform - Enterprise,Dependent,"Must have ""Insights Activation Fee"" first",,,X,Screening,Insights,Insights Monthly Fee Medium Tier 11:+ 5 years,,,,Add Ons
Verification Data Access,TazCloud,Add On - Insights,MeridianLink,Insights Monthly Fee Medium Tier 12: + 4 years,Monthly,TazWorks Insights,N,0.0,TAZ-0032,4752.0,TAZ-0008,,,,,N,,Billed monthly. Rate shown is annualized rate.,Billed monthly,Subscription fee for Tazworks CRA business intelligence and analytics tool.,,3 AND (1 OR 2),Dependent,TazWorks Software Platform - Professional,Dependent,TazWorks Software Platform - Enterprise,Dependent,"Must have ""Insights Activation Fee"" first",,,X,Screening,Insights,Insights Monthly Fee Medium Tier 12: + 4 years,,,,Add Ons
Verification Data Access,TazCloud,Add On - Insights,MeridianLink,Insights Monthly Fee Medium Tier 13: + 3 years,Monthly,TazWorks Insights,N,0.0,TAZ-0032,4068.0,TAZ-0008,,,,,N,,Billed monthly. Rate shown is annualized rate.,Billed monthly,Subscription fee for Tazworks CRA business intelligence and analytics tool.,,3 AND (1 OR 2),Dependent,TazWorks Software Platform - Professional,Dependent,TazWorks Software Platform - Enterprise,Dependent,"Must have ""Insights Activation Fee"" first",,,X,Screening,Insights,Insights Monthly Fee Medium Tier 13: + 3 years,,,,Add Ons
Verification Data Access,TazCloud,Add On - Insights,MeridianLink,Insights Monthly Fee Medium Tier 14: + 2 years,Monthly,TazWorks Insights,N,0.0,TAZ-0032,3384.0,TAZ-0008,,,,,N,,Billed monthly. Rate shown is annualized rate.,Billed monthly,Subscription fee for Tazworks CRA business intelligence and analytics tool.,,3 AND (1 OR 2),Dependent,TazWorks Software Platform - Professional,Dependent,TazWorks Software Platform - Enterprise,Dependent,"Must have ""Insights Activation Fee"" first",,,X,Screening,Insights,Insights Monthly Fee Medium Tier 14: + 2 years,,,,Add Ons
Verification Data Access,TazCloud,Add On - Insights,MeridianLink,Insights Monthly Fee Medium Tier 15: + 1 year,Monthly,TazWorks Insights,N,0.0,TAZ-0032,2700.0,TAZ-0008,,,,,N,,Billed monthly. Rate shown is annualized rate.,Billed monthly,Subscription fee for Tazworks CRA business intelligence and analytics tool.,,3 AND (1 OR 2),Dependent,TazWorks Software Platform - Professional,Dependent,TazWorks Software Platform - Enterprise,Dependent,"Must have ""Insights Activation Fee"" first",,,X,Screening,Insights,Insights Monthly Fee Medium Tier 15: + 1 year,,,,Add Ons
Verification Data Access,TazCloud,Add On - Insights,MeridianLink,Insights Monthly Fee Medium Tier 2: + 14 years,Monthly,TazWorks Insights,N,0.0,TAZ-0032,11592.0,TAZ-0008,,,,,N,,Billed monthly. Rate shown is annualized rate.,Billed monthly,Subscription fee for Tazworks CRA business intelligence and analytics tool.,,3 AND (1 OR 2),Dependent,TazWorks Software Platform - Professional,Dependent,TazWorks Software Platform - Enterprise,Dependent,"Must have ""Insights Activation Fee"" first",,,X,Screening,Insights,Insights Monthly Fee Medium Tier 2: + 14 years,,,,Add Ons
Verification Data Access,TazCloud,Add On - Insights,MeridianLink,Insights Monthly Fee Medium Tier 3: + 13 years,Monthly,TazWorks Insights,N,0.0,TAZ-0032,10908.0,TAZ-0008,,,,,N,,Billed monthly. Rate shown is annualized rate.,Billed monthly,Subscription fee for Tazworks CRA business intelligence and analytics tool.,,3 AND (1 OR 2),Dependent,TazWorks Software Platform - Professional,Dependent,TazWorks Software Platform - Enterprise,Dependent,"Must have ""Insights Activation Fee"" first",,,X,Screening,Insights,Insights Monthly Fee Medium Tier 3: + 13 years,,,,Add Ons
Verification Data Access,TazCloud,Add On - Insights,MeridianLink,Insights Monthly Fee Medium Tier 4: + 12 years,Monthly,TazWorks Insights,N,0.0,TAZ-0032,10224.0,TAZ-0008,,,,,N,,Billed monthly. Rate shown is annualized rate.,Billed monthly,Subscription fee for Tazworks CRA business intelligence and analytics tool.,,3 AND (1 OR 2),Dependent,TazWorks Software Platform - Professional,Dependent,TazWorks Software Platform - Enterprise,Dependent,"Must have ""Insights Activation Fee"" first",,,X,Screening,Insights,Insights Monthly Fee Medium Tier 4: + 12 years,,,,Add Ons
Verification Data Access,TazCloud,Add On - Insights,MeridianLink,Insights Monthly Fee Medium Tier 5: + 11 years,Monthly,TazWorks Insights,N,0.0,TAZ-0032,9540.0,TAZ-0008,,,,,N,,Billed monthly. Rate shown is annualized rate.,Billed monthly,Subscription fee for Tazworks CRA business intelligence and analytics tool.,,3 AND (1 OR 2),Dependent,TazWorks Software Platform - Professional,Dependent,TazWorks Software Platform - Enterprise,Dependent,"Must have ""Insights Activation Fee"" first",,,X,Screening,Insights,Insights Monthly Fee Medium Tier 5: + 11 years,,,,Add Ons
Verification Data Access,TazCloud,Add On - Insights,MeridianLink,Insights Monthly Fee Medium Tier 6: + 10 years,Monthly,TazWorks Insights,N,0.0,TAZ-0032,8856.0,TAZ-0008,,,,,N,,Billed monthly. Rate shown is annualized rate.,Billed monthly,Subscription fee for Tazworks CRA business intelligence and analytics tool.,,3 AND (1 OR 2),Dependent,TazWorks Software Platform - Professional,Dependent,TazWorks Software Platform - Enterprise,Dependent,"Must have ""Insights Activation Fee"" first",,,X,Screening,Insights,Insights Monthly Fee Medium Tier 6: + 10 years,,,,Add Ons
Verification Data Access,TazCloud,Add On - Insights,MeridianLink,Insights Monthly Fee Medium Tier 7: + 9 years,Monthly,TazWorks Insights,N,0.0,TAZ-0032,8172.0,TAZ-0008,,,,,N,,Billed monthly. Rate shown is annualized rate.,Billed monthly,Subscription fee for Tazworks CRA business intelligence and analytics tool.,,3 AND (1 OR 2),Dependent,TazWorks Software Platform - Professional,Dependent,TazWorks Software Platform - Enterprise,Dependent,"Must have ""Insights Activation Fee"" first",,,X,Screening,Insights,Insights Monthly Fee Medium Tier 7: + 9 years,,,,Add Ons
Verification Data Access,TazCloud,Add On - Insights,MeridianLink,Insights Monthly Fee Medium Tier 8: + 8 years,Monthly,TazWorks Insights,N,0.0,TAZ-0032,7488.0,TAZ-0008,,,,,N,,Billed monthly. Rate shown is annualized rate.,Billed monthly,Subscription fee for Tazworks CRA business intelligence and analytics tool.,,3 AND (1 OR 2),Dependent,TazWorks Software Platform - Professional,Dependent,TazWorks Software Platform - Enterprise,Dependent,"Must have ""Insights Activation Fee"" first",,,X,Screening,Insights,Insights Monthly Fee Medium Tier 8: + 8 years,,,,Add Ons
Verification Data Access,TazCloud,Add On - Insights,MeridianLink,Insights Monthly Fee Medium Tier 9: + 7 years,Monthly,TazWorks Insights,N,0.0,TAZ-0032,6804.0,TAZ-0008,,,,,N,,Billed monthly. Rate shown is annualized rate.,Billed monthly,Subscription fee for Tazworks CRA business intelligence and analytics tool.,,3 AND (1 OR 2),Dependent,TazWorks Software Platform - Professional,Dependent,TazWorks Software Platform - Enterprise,Dependent,"Must have ""Insights Activation Fee"" first",,,X,Screening,Insights,Insights Monthly Fee Medium Tier 9: + 7 years,,,,Add Ons
Verification Data Access,TazCloud,Add On - Insights,MeridianLink,Insights Monthly Fee Small Tier 1: + 15 years,Monthly,TazWorks Insights,N,0.0,TAZ-0032,11616.0,TAZ-0008,,,,,N,,Billed monthly. Rate shown is annualized rate.,Billed monthly,Subscription fee for Tazworks CRA business intelligence and analytics tool.,,3 AND (1 OR 2),Dependent,TazWorks Software Platform - Professional,Dependent,TazWorks Software Platform - Enterprise,Dependent,"Must have ""Insights Activation Fee"" first",,,X,Screening,Insights,Insights Monthly Fee Small Tier 1: + 15 years,,,,Add Ons
Verification Data Access,TazCloud,Add On - Insights,MeridianLink,Insights Monthly Fee Small Tier 10: + 6 years,Monthly,TazWorks Insights,N,0.0,TAZ-0032,5460.0,TAZ-0008,,,,,N,,Billed monthly. Rate shown is annualized rate.,Billed monthly,Subscription fee for Tazworks CRA business intelligence and analytics tool.,,3 AND (1 OR 2),Dependent,TazWorks Software Platform - Professional,Dependent,TazWorks Software Platform - Enterprise,Dependent,"Must have ""Insights Activation Fee"" first",,,X,Screening,Insights,Insights Monthly Fee Small Tier 10: + 6 years,,,,Add Ons
Verification Data Access,TazCloud,Add On - Insights,MeridianLink,Insights Monthly Fee Small Tier 11: + 5 years,Monthly,TazWorks Insights,N,0.0,TAZ-0032,4776.0,TAZ-0008,,,,,N,,Billed monthly. Rate shown is annualized rate.,Billed monthly,Subscription fee for Tazworks CRA business intelligence and analytics tool.,,3 AND (1 OR 2),Dependent,TazWorks Software Platform - Professional,Dependent,TazWorks Software Platform - Enterprise,Dependent,"Must have ""Insights Activation Fee"" first",,,X,Screening,Insights,Insights Monthly Fee Small Tier 11: + 5 years,,,,Add Ons
Verification Data Access,TazCloud,Add On - Insights,MeridianLink,Insights Monthly Fee Small Tier 12: + 4 years,Monthly,TazWorks Insights,N,0.0,TAZ-0032,4092.0,TAZ-0008,,,,,N,,Billed monthly. Rate shown is annualized rate.,Billed monthly,Subscription fee for Tazworks CRA business intelligence and analytics tool.,,3 AND (1 OR 2),Dependent,TazWorks Software Platform - Professional,Dependent,TazWorks Software Platform - Enterprise,Dependent,"Must have ""Insights Activation Fee"" first",,,X,Screening,Insights,Insights Monthly Fee Small Tier 12: + 4 years,,,,Add Ons
Verification Data Access,TazCloud,Add On - Insights,MeridianLink,Insights Monthly Fee Small Tier 13: + 3 years,Monthly,TazWorks Insights,N,0.0,TAZ-0032,3408.0,TAZ-0008,,,,,N,,Billed monthly. Rate shown is annualized rate.,Billed monthly,Subscription fee for Tazworks CRA business intelligence and analytics tool.,,3 AND (1 OR 2),Dependent,TazWorks Software Platform - Professional,Dependent,TazWorks Software Platform - Enterprise,Dependent,"Must have ""Insights Activation Fee"" first",,,X,Screening,Insights,Insights Monthly Fee Small Tier 13: + 3 years,,,,Add Ons
Verification Data Access,TazCloud,Add On - Insights,MeridianLink,Insights Monthly Fee Small Tier 14: + 2 years,Monthly,TazWorks Insights,N,0.0,TAZ-0032,2724.0,TAZ-0008,,,,,N,,Billed monthly. Rate shown is annualized rate.,Billed monthly,Subscription fee for Tazworks CRA business intelligence and analytics tool.,,3 AND (1 OR 2),Dependent,TazWorks Software Platform - Professional,Dependent,TazWorks Software Platform - Enterprise,Dependent,"Must have ""Insights Activation Fee"" first",,,X,Screening,Insights,Insights Monthly Fee Small Tier 14: + 2 years,,,,Add Ons
Verification Data Access,TazCloud,Add On - Insights,MeridianLink,Insights Monthly Fee Small Tier 15: + 1 year,Monthly,TazWorks Insights,N,0.0,TAZ-0032,2040.0,TAZ-0008,,,,,N,,Billed monthly. Rate shown is annualized rate.,Billed monthly,Subscription fee for Tazworks CRA business intelligence and analytics tool.,,3 AND (1 OR 2),Dependent,TazWorks Software Platform - Professional,Dependent,TazWorks Software Platform - Enterprise,Dependent,"Must have ""Insights Activation Fee"" first",,,X,Screening,Insights,Insights Monthly Fee Small Tier 15: + 1 year,,,,Add Ons
Verification Data Access,TazCloud,Add On - Insights,MeridianLink,Insights Monthly Fee Small Tier 2: + 14 years,Monthly,TazWorks Insights,N,0.0,TAZ-0032,10932.0,TAZ-0008,,,,,N,,Billed monthly. Rate shown is annualized rate.,Billed monthly,Subscription fee for Tazworks CRA business intelligence and analytics tool.,,3 AND (1 OR 2),Dependent,TazWorks Software Platform - Professional,Dependent,TazWorks Software Platform - Enterprise,Dependent,"Must have ""Insights Activation Fee"" first",,,X,Screening,Insights,Insights Monthly Fee Small Tier 2: + 14 years,,,,Add Ons
Verification Data Access,TazCloud,Add On - Insights,MeridianLink,Insights Monthly Fee Small Tier 3: + 13 years,Monthly,TazWorks Insights,N,0.0,TAZ-0032,10248.0,TAZ-0008,,,,,N,,Billed monthly. Rate shown is annualized rate.,Billed monthly,Subscription fee for Tazworks CRA business intelligence and analytics tool.,,3 AND (1 OR 2),Dependent,TazWorks Software Platform - Professional,Dependent,TazWorks Software Platform - Enterprise,Dependent,"Must have ""Insights Activation Fee"" first",,,X,Screening,Insights,Insights Monthly Fee Small Tier 3: + 13 years,,,,Add Ons
Verification Data Access,TazCloud,Add On - Insights,MeridianLink,Insights Monthly Fee Small Tier 4: + 12 years,Monthly,TazWorks Insights,N,0.0,TAZ-0032,9564.0,TAZ-0008,,,,,N,,Billed monthly. Rate shown is annualized rate.,Billed monthly,Subscription fee for Tazworks CRA business intelligence and analytics tool.,,3 AND (1 OR 2),Dependent,TazWorks Software Platform - Professional,Dependent,TazWorks Software Platform - Enterprise,Dependent,"Must have ""Insights Activation Fee"" first",,,X,Screening,Insights,Insights Monthly Fee Small Tier 4: + 12 years,,,,Add Ons
Verification Data Access,TazCloud,Add On - Insights,MeridianLink,Insights Monthly Fee Small Tier 5: + 11 years,Monthly,TazWorks Insights,N,0.0,TAZ-0032,8880.0,TAZ-0008,,,,,N,,Billed monthly. Rate shown is annualized rate.,Billed monthly,Subscription fee for Tazworks CRA business intelligence and analytics tool.,,3 AND (1 OR 2),Dependent,TazWorks Software Platform - Professional,Dependent,TazWorks Software Platform - Enterprise,Dependent,"Must have ""Insights Activation Fee"" first",,,X,Screening,Insights,Insights Monthly Fee Small Tier 5: + 11 years,,,,Add Ons
Verification Data Access,TazCloud,Add On - Insights,MeridianLink,Insights Monthly Fee Small Tier 6: + 10 years,Monthly,TazWorks Insights,N,0.0,TAZ-0032,8196.0,TAZ-0008,,,,,N,,Billed monthly. Rate shown is annualized rate.,Billed monthly,Subscription fee for Tazworks CRA business intelligence and analytics tool.,,3 AND (1 OR 2),Dependent,TazWorks Software Platform - Professional,Dependent,TazWorks Software Platform - Enterprise,Dependent,"Must have ""Insights Activation Fee"" first",,,X,Screening,Insights,Insights Monthly Fee Small Tier 6: + 10 years,,,,Add Ons
Verification Data Access,TazCloud,Add On - Insights,MeridianLink,Insights Monthly Fee Small Tier 7: + 9 years,Monthly,TazWorks Insights,N,0.0,TAZ-0032,7512.0,TAZ-0008,,,,,N,,Billed monthly. Rate shown is annualized rate.,Billed monthly,Subscription fee for Tazworks CRA business intelligence and analytics tool.,,3 AND (1 OR 2),Dependent,TazWorks Software Platform - Professional,Dependent,TazWorks Software Platform - Enterprise,Dependent,"Must have ""Insights Activation Fee"" first",,,X,Screening,Insights,Insights Monthly Fee Small Tier 7: + 9 years,,,,Add Ons
Verification Data Access,TazCloud,Add On - Insights,MeridianLink,Insights Monthly Fee Small Tier 8: + 8 years,Monthly,TazWorks Insights,N,0.0,TAZ-0032,6828.0,TAZ-0008,,,,,N,,Billed monthly. Rate shown is annualized rate.,Billed monthly,Subscription fee for Tazworks CRA business intelligence and analytics tool.,,3 AND (1 OR 2),Dependent,TazWorks Software Platform - Professional,Dependent,TazWorks Software Platform - Enterprise,Dependent,"Must have ""Insights Activation Fee"" first",,,X,Screening,Insights,Insights Monthly Fee Small Tier 8: + 8 years,,,,Add Ons
Verification Data Access,TazCloud,Add On - Insights,MeridianLink,Insights Monthly Fee Small Tier 9: + 7 years,Monthly,TazWorks Insights,N,0.0,TAZ-0032,6144.0,TAZ-0008,,,,,N,,Billed monthly. Rate shown is annualized rate.,Billed monthly,Subscription fee for Tazworks CRA business intelligence and analytics tool.,,3 AND (1 OR 2),Dependent,TazWorks Software Platform - Professional,Dependent,TazWorks Software Platform - Enterprise,Dependent,"Must have ""Insights Activation Fee"" first",,,X,Screening,Insights,Insights Monthly Fee Small Tier 9: + 7 years,,,,Add Ons
Verification Data Access,TazCloud,Add On - Insights,MeridianLink,TazData Connector,Monthly,TazData Connector,N,6000.0,TAZ-0031,-1234.0,TAZ-0062,,,,,N,,Quote Pricing.  Price is not actually -$1234.00.  Pricing is $720.00 for each year of data billed monthly (Max 7 years). ,,"Extract, Transform, and Load (ETL) tool for accessing TazWorks software data.",,1 OR 2,Dependent,TazWorks Software Platform - Professional,Dependent,TazWorks Software Platform - Enterprise,,,,,X,Not Mapped,Insights,TazData Connector,,,,Add Ons
Verification Data Access,TazCloud,Add On - Interface,Bullhorn,Bullhorn Access Fee,Standard,Bullhorn Access Fee,N,1150.0,TAZ-0002,,,,,,,N,,,,"CRA integration setup fee for Bullhorn ATS, collected by TazWorks and passed through to Bullhorn.",,1 OR 2,Dependent,TazWorks Software Platform - Professional,Dependent,TazWorks Software Platform - Enterprise,,,,,,Not Mapped,Interface,Bullhorn Access Fee,,,,Add Ons
Verification Data Access,TazCloud,Add On - Interface,Bullhorn,Bullhorn Searches,Transaction Bundle,Bullhorn Searches,N,2900.0,TAZ-0003,,,,,,,N,,,"$0.50 per report, purchased in $2,500 blocks. Prepaid searches expire every 12 months.","Prepaid search fees for Bullhorn ATS, collected by TazWorks and passed through to Bullhorn.",,1 OR 2,Dependent,TazWorks Software Platform - Professional,Dependent,TazWorks Software Platform - Enterprise,,,,,,Not Mapped,Interface,Bullhorn Searches,,,,Add Ons
Verification Data Access,TazCloud,Add On - Interface,ClearCompany,Client Implementation on ClearCompany Integration,Standard,Client Implementation on ClearCompany Integration,N,300.0,TAZ-0004,,,,,,,N,,,,One-time fee to configure new ClearCompany integration for a CRA end-user.,,1 OR 2,Dependent,TazWorks Software Platform - Professional,Dependent,TazWorks Software Platform - Enterprise,,,,,,Not Mapped,Interface,Client Implementation on ClearCompany Integration,,,,Add Ons
Verification Data Access,TazCloud,Add On - Interface,Mercer,Integration with Workday from Mercer using Bronze Package,Standard,Integration with Workday using Bronze Package,N,11000.0,TAZ-0011,,,,,,,N,,,,"One-time fee collected for Mercer to integrate with Workday, using their Bronze package.",,1 OR 2,Dependent,TazWorks Software Platform - Professional,Dependent,TazWorks Software Platform - Enterprise,,,,,,Not Mapped,Interface,Integration with Workday from Mercer using Bronze Package,,,,Add Ons
Verification Data Access,TazCloud,Add On - Interface,Mercer,Integration with Workday from Mercer using Silver Package,Standard,Integration with Workday using Silver Package,N,12500.0,TAZ-0012,,,,,,,N,,,,"One-time fee collected for Mercer to integrate with Workday, using their Silver package.",,1 OR 2,Dependent,TazWorks Software Platform - Professional,Dependent,TazWorks Software Platform - Enterprise,,,,,,Not Mapped,Interface,Integration with Workday from Mercer using Silver Package,,,,Add Ons
Verification Data Access,TazCloud,Add On - Professional Services,MeridianLink,TazWorks Technical Configuration Time & Materials,Hourly,TazWorks Technical Configuration Time & Materials,N,300.0,TAZ-0030,,,,,,,N,,Approval required from TazWorks professional services team,,,,,,,,,,,,,,Screening,Professional Services,TazWorks Technical Configuration Time & Materials,,,,Add Ons
Verification Data Access,TazCloud,Add On - Professional Services,MeridianLink,1 Professional Services Hours,Hours Bundle,1 Professional Services Hours,N,300.0,TAZ-0057,,,,,,,N,,,,,,,,,,,,,,,,Not Mapped,Professional Services,1 Professional Services Hours,,,,Add Ons
Verification Data Access,TazCloud,Add On - Professional Services,MeridianLink,2 Professional Services Hours,Hours Bundle,2 Professional Services Hours,N,600.0,TAZ-0057,,,,,,,N,,,,,,,,,,,,,,,,Not Mapped,Professional Services,2 Professional Services Hours,,,,Add Ons
Verification Data Access,TazCloud,Add On - Professional Services,MeridianLink,5 Professional Services Hours,Hours Bundle,5 Professional Services Hours,N,1500.0,TAZ-0057,,,,,,,N,,,,,,,,,,,,,,,,Not Mapped,Professional Services,5 Professional Services Hours,,,,Add Ons
Verification Data Access,TazCloud,Add On - Professional Services,MeridianLink,10 Professional Services Hours,Hours Bundle,10 Professional Services Hours,N,2700.0,TAZ-0057,,,,,,,N,,10% discount on the hourly rate,,,,,,,,,,,,,,Not Mapped,Professional Services,10 Professional Services Hours,,,,Add Ons
Verification Data Access,TazCloud,Add On - Professional Services,MeridianLink,15 Professional Services Hours,Hours Bundle,15 Professional Services Hours,N,3800.0,TAZ-0057,,,,,,,N,,15% discount on the hourly rate,"15 Professional Services hours, a 15% discount",,,,,,,,,,,,,Not Mapped,Professional Services,15 Professional Services Hours,,,,Add Ons
Verification Data Access,TazCloud,Add On - Professional Services,MeridianLink,25 Professional Services Hours,Hours Bundle,25 Professional Services Hours,N,6000.0,TAZ-0057,,,,,,,N,,20% discount on the hourly rate,,,,,,,,,,,,,,Not Mapped,Professional Services,25 Professional Services Hours,,,,Add Ons
Verification Data Access,TazCloud,Add On - QuickLease Pro,MeridianLink,QuickLease Pro Per Applicant - Lease Plan,Usage,QuickLease Pro Per Applicant - Lease Plan,N,0.0,TAZ-0035,,,1.73,TAZ-0023,,,N,,Subject to a $1000 monthly minimum,Per Applicant transactions are subject to $1000 monthly minimum for QuickLease Pro.,Per applicant transaction fee for QuickLease Pro software under the Lease plan.,,1,Dependent,QuickLease Pro Setup Fee,,,,,,,,Screening,QuickLease Pro,QuickLease Pro Per Applicant - Lease Plan,,,,Add Ons
Verification Data Access,TazCloud,Add On - QuickLease Pro,MeridianLink,QuickLease Pro Per Applicant - Standard Plan,Usage,QuickLease Pro Per Applicant - Standard Plan,N,0.0,TAZ-0033,,,0.77,TAZ-0021,,,N,,Subject to a $1000 monthly minimum,Per Applicant transactions are subject to $1000 monthly minimum for QuickLease Pro.,Per applicant transaction fee for QuickLease Pro software under the Standard plan.,,1,Dependent,QuickLease Pro Setup Fee,,,,,,,,Screening,QuickLease Pro,QuickLease Pro Per Applicant - Standard Plan,,,,Add Ons
Verification Data Access,TazCloud,Add On - QuickLease Pro,MeridianLink,QuickLease Pro Per Applicant - Upload Plan,Usage,QuickLease Pro Per Applicant - Upload Plan,N,0.0,TAZ-0034,,,1.15,TAZ-0022,,,N,,Subject to a $1000 monthly minimum,Per Applicant transactions are subject to $1000 monthly minimum for QuickLease Pro.,Per applicant transaction fee for QuickLease Pro software under the Upload plan.,,1,Dependent,QuickLease Pro Setup Fee,,,,,,,,Screening,QuickLease Pro,QuickLease Pro Per Applicant - Upload Plan,,,,Add Ons
Verification Data Access,TazCloud,Add On - QuickLease Pro,MeridianLink,QuickLease Pro Setup Fee,Standard,QuickLease Pro Setup Fee,N,1150.0,TAZ-0028,,,,,,,N,,,,Setup fee for new CRAs on QuickLease Pro.,,1 OR 2,Dependent,TazWorks Software Platform - Professional,Dependent,TazWorks Software Platform - Enterprise,,,,,,Not Mapped,QuickLease Pro,QuickLease Pro Setup Fee,,,,Add Ons
Verification Data Access,TazCloud,Add On - QuickLease Pro,MeridianLink,QuickLease Pro Vanity URL Annual Fee,Standard,QuickLease Pro Vanity URL Annual Fee,N,0.0,TAZ-0042,875.0,TAZ-0016,,,,,N,,,,Custom URL for CRAs using QuickLease Pro.,,1,Dependent,QuickLease Pro Setup Fee,,,,,,,,Not Mapped,QuickLease Pro,QuickLease Pro Vanity URL Annual Fee,,,,Add Ons
Verification Data Access,TazCloud,Add On - Professional Services,MeridianLink,Vanity URL,Standard,Vanity URL,N,675.0,TAZ-0041,,,,,,,N,,,,Custom URL per instance for TazWorks software.,,1 OR 2,Dependent,TazWorks Software Platform - Professional,Dependent,TazWorks Software Platform - Enterprise,,,,,,Not Mapped,Professional Services,Vanity URL,,,,Add Ons
Verification Data Access,TazCloud,Add On - Ancillary Service,Cerebrum,Cerebrum Synapse Bot Tier 6: Basic (1 Bot),Bot Count,Cerebrum Synapse Bot Tier 6: Basic ,N,0.0,TAZ-0058,,,500.0,,,TAZ-0060,N,500.0,500 decisions per bot,,,,1,Dependent,Needs to have Primary Taz Service,,,,,,,,Screening,Ancillary Service,Cerebrum Synapse Bot Tier 6: Basic ,,,,Add Ons
Verification Data Access,TazCloud,Add On - Ancillary Service,Cerebrum,Cerebrum Synapse Bot Tier 6: Basic (Overage),Transactions,Cerebrum Synapse Bot Tier 6: Basic (Overage),N,,,,,1.2,,TAZ-0059,,N,,,,,,1,Dependent,Must be sold with aligned Cerebrum Synapse Bot Commitment Tier,,,,,,,,Screening,Ancillary Service,Cerebrum Synapse Bot Tier 6: Basic (Overage),,,,Add Ons
Verification Data Access,TazCloud,Add On - Ancillary Service,Cerebrum,Cerebrum Synapse Bot Tier 5: Professional (2-5 Bots),Bot Count,Cerebrum Synapse Bot Tier 5: Professional,N,0.0,TAZ-0058,,,490.0,,,TAZ-0060,N,980.0,500 decisions per bot,,,,1,Dependent,Needs to have Primary Taz Service,,,,,,,,Screening,Ancillary Service,Cerebrum Synapse Bot. Tier 5: Professional,,,,Add Ons
Verification Data Access,TazCloud,Add On - Ancillary Service,Cerebrum,Cerebrum Synapse Bot Tier 5: Professional (Overage),Transactions,Cerebrum Synapse Bot Tier 5: Professional (Overage),N,,,,,1.18,,TAZ-0059,,N,,,,,,1,Dependent,Must be sold with aligned Cerebrum Synapse Bot Commitment Tier,,,,,,,,Screening,Ancillary Service,Cerebrum Synapse Bot. Tier 5: Professional (Overage),,,,Add Ons
Verification Data Access,TazCloud,Add On - Ancillary Service,Cerebrum,Cerebrum Synapse Bot Tier 4: Professional Plus (6-10 Bots),Bot Count,Cerebrum Synapse Bot Tier 4: Professional Plus,N,0.0,TAZ-0058,,,480.0,,,TAZ-0060,N,2880.0,500 decisions per bot,,,,1,Dependent,Needs to have Primary Taz Service,,,,,,,,Screening,Ancillary Service,Cerebrum Synapse Bot. Tier 4: Professional Plus,,,,Add Ons
Verification Data Access,TazCloud,Add On - Ancillary Service,Cerebrum,Cerebrum Synapse Bot Tier 4: Professional Plus (Overage),Transactions,Cerebrum Synapse Bot Tier 4: Professional Plus (Overage),N,,,,,1.16,,TAZ-0059,,N,,,,,,1,Dependent,Must be sold with aligned Cerebrum Synapse Bot Commitment Tier,,,,,,,,Screening,Ancillary Service,Cerebrum Synapse Bot. Tier 4: Professional Plus (Overage),,,,Add Ons
Verification Data Access,TazCloud,Add On - Ancillary Service,Cerebrum,Cerebrum Synapse Bot Tier 3: Premium (11-20 Bots),Bot Count,Cerebrum Synapse Bot Tier 3: Premium,N,0.0,TAZ-0058,,,450.0,,,TAZ-0060,N,4950.0,500 decisions per bot,,,,1,Dependent,Needs to have Primary Taz Service,,,,,,,,Screening,Ancillary Service,Cerebrum Synapse Bot. Tier 3: Premium,,,,Add Ons
Verification Data Access,TazCloud,Add On - Ancillary Service,Cerebrum,Cerebrum Synapse Bot Tier 3: Premium (Overage),Transactions,Cerebrum Synapse Bot Tier 3: Premium (Overage),N,,,,,1.08,,TAZ-0059,,N,,,,,,1,Dependent,Must be sold with aligned Cerebrum Synapse Bot Commitment Tier,,,,,,,,Screening,Ancillary Service,Cerebrum Synapse Bot. Tier 3: Premium (Overage),,,,Add Ons
Verification Data Access,TazCloud,Add On - Ancillary Service,Cerebrum,Cerebrum Synapse Bot Tier 2: Enterprise (21-30 Bots),Bot Count,Cerebrum Synapse Bot Tier 2: Enterprise,N,0.0,TAZ-0058,,,430.0,,,TAZ-0060,N,9030.0,500 decisions per bot,,,,1,Dependent,Needs to have Primary Taz Service,,,,,,,,Screening,Ancillary Service,Cerebrum Synapse Bot. Tier 2: Enterprise,,,,Add Ons
Verification Data Access,TazCloud,Add On - Ancillary Service,Cerebrum,Cerebrum Synapse Bot Tier 2: Enterprise (Overage),Transactions,Cerebrum Synapse Bot Tier 2: Enterprise (Overage),N,,,,,1.04,,TAZ-0059,,N,,,,,,1,Dependent,Must be sold with aligned Cerebrum Synapse Bot Commitment Tier,,,,,,,,Screening,Ancillary Service,Cerebrum Synapse Bot. Tier 2: Enterprise (Overage),,,,Add Ons
Verification Data Access,TazCloud,Add On - Ancillary Service,Cerebrum,Cerebrum Synapse Bot Tier 1: Enterprise Plus (31-40 Bots),Bot Count,Cerebrum Synapse Bot Tier 1: Enterprise Plus,N,0.0,TAZ-0058,,,390.0,,,TAZ-0060,N,12090.0,500 decisions per bot,,,,1,Dependent,Needs to have Primary Taz Service,,,,,,,,Screening,Ancillary Service,Cerebrum Synapse Bot. Tier 1: Enterprise Plus,,,,Add Ons
Verification Data Access,TazCloud,Add On - Ancillary Service,Cerebrum,Cerebrum Synapse Bot Tier 1: Enterprise Plus (Overage),Transactions,Cerebrum Synapse Bot Tier 1: Enterprise Plus (Overage),N,,,,,0.94,,TAZ-0059,,N,,,,,,1,Dependent,Must be sold with aligned Cerebrum Synapse Bot Commitment Tier,,,,,,,,Screening,Ancillary Service,Cerebrum Synapse Bot. Tier 1: Enterprise Plus (Overage),,,,Add Ons
Verification Data Access,TazCloud,Add On - Ancillary Service,Cerebrum,Cerebrum Synapse Bot Custom (41+ Bots),Bot Count,Cerebrum Synapse Bot Custom,N,0.0,TAZ-0058,,,-1234.0,,,TAZ-0060,N,-1234.0,500 decisions per bot,,,,1,Dependent,Needs to have Primary Taz Service,,,,,,,,Screening,Ancillary Service,Cerebrum Synapse Bot Custom,,,,Add Ons
Verification Data Access,TazCloud,Add On - Ancillary Service,Cerebrum,Cerebrum Synapse Bot Custom (Overage),Transactions,Cerebrum Synapse Bot Custom (Overage),N,,,,,-1234.0,,,,N,,,,,,1,Dependent,Must be sold with aligned Cerebrum Synapse Bot Commitment Tier,,,,,,,,Screening,Ancillary Service,Cerebrum Synapse Bot Custom (Overage),,,,Add Ons
Verification Data Access,TazCloud,Add On - Ancillary Service,Cerebrum,Cerebrum Professional Services Hour (Optional),Hours,Cerebrum Professional Services Hour (Optional),N,300.0,TAZ-0061,,,,,,,,,Optional item,"Additional Hours of Cerebrum Professional Services, should the CRA's configuration needs exceed the hours provided with the Bots",,,,,,,,,,,,,Screening,Ancillary Service,Cerebrum Professional Services Hour (Optional),,,,Add Ons
Verification Data Access,TazCloud,Primary Service,MeridianLink,TazWorks Software Platform Tier 1: Enterprise Plus,Standard,TazWorks Software Platform - Enterprise Plus,N,9500.0,TAZ-0017,,,0.28,TAZ-0009,TAZ-0009,TAZ-0038,N,12500.0,non-aggregate volume tiers,"Volume discounts are evaluated on a billing period by billing period basis and shall be applied solely to the searches run within the ranges during a particular billing period. A billing period is a calendar month.
20,000 - 39,999 searches: Standard Software Fees Less 20%
40,000 - 59,999 searches: Standard Software Fees Less 25%
60,000 - 79,999 searches: Standard Software Fees Less 30%
80,000 - 99,999 searches: Standard Software Fees Less 35%
100,000 - 149,999 searches: Standard Software Fees Less 40%
150,000 - 199,999 searches: Standard Software Fees Less 45%
200,000 - 249,999 searches: Standard Software Fees Less 50%
250,000+ searches: Standard Software Fees Less 55%",Transaction fees per search on TazWorks software.,,,,,,,,,,,,Primary Service,,TazWorks Software Platform Tier 1: Enterprise Plus,,,,Primary Product
Verification Data Access,TazCloud,Primary Service,MeridianLink,TazWorks Software Platform Tier 2: Enterprise,Standard,TazWorks Software Platform - Enterprise,N,7000.0,TAZ-0017,,,0.3,TAZ-0009,TAZ-0009,TAZ-0038,N,9250.0,non-aggregate volume tiers,"Volume discounts are evaluated on a billing period by billing period basis and shall be applied solely to the searches run within the ranges during a particular billing period. A billing period is a calendar month.
20,000 - 39,999 searches: Standard Software Fees Less 20%
40,000 - 59,999 searches: Standard Software Fees Less 25%
60,000 - 79,999 searches: Standard Software Fees Less 30%
80,000 - 99,999 searches: Standard Software Fees Less 35%
100,000 - 149,999 searches: Standard Software Fees Less 40%
150,000 - 199,999 searches: Standard Software Fees Less 45%
200,000 - 249,999 searches: Standard Software Fees Less 50%
250,000+ searches: Standard Software Fees Less 55%",Transaction fees per search on TazWorks software.,,,,,,,,,,,,Primary Service,,TazWorks Software Platform Tier 2: Enterprise,,,,Primary Product
Verification Data Access,TazCloud,Primary Service,MeridianLink,TazWorks Software Platform Tier 3: Premium,Standard,TazWorks Software Platform - Premium,N,4700.0,TAZ-0017,,,0.32,TAZ-0009,TAZ-0009,TAZ-0038,N,6250.0,non-aggregate volume tiers,"Volume discounts are evaluated on a billing period by billing period basis and shall be applied solely to the searches run within the ranges during a particular billing period. A billing period is a calendar month.
10,000 - 19,999 searches: Standard Software Fees Less 10%
20,000 - 29,999 searches: Standard Software Fees Less 15%
30,000 - 39,999 searches: Standard Software Fees Less 20%
40,000 - 49,999 searches: Standard Software Fees Less 25%
50,000 - 74,999 searches: Standard Software Fees Less 30%
75,000 - 99,999 searches: Standard Software Fees Less 35%
100,000 - 149,999 searches: Standard Software Fees Less 40%
150,000+ searches: Standard Software Fees Less 45%",Transaction fees per search on TazWorks software.,,,,,,,,,,,,Primary Service,,TazWorks Software Platform Tier 3: Premium,,,,Primary Product
Verification Data Access,TazCloud,Primary Service,MeridianLink,TazWorks Software Platform Tier 4: Professional Plus,Standard,TazWorks Software Platform - Professional Plus,N,3100.0,TAZ-0017,,,0.37,TAZ-0009,TAZ-0009,TAZ-0038,N,3100.0,non-aggregate volume tiers,"Volume discounts are evaluated on a billing period by billing period basis and shall be applied solely to the searches run within the ranges during a particular billing period. A billing period is a calendar month.
10,000 - 19,999 searches: Standard Software Fees Less 10%
20,000 - 29,999 searches: Standard Software Fees Less 15%
30,000 - 39,999 searches: Standard Software Fees Less 20%
40,000 - 49,999 searches: Standard Software Fees Less 25%
50,000 - 74,999 searches: Standard Software Fees Less 30%
75,000 - 99,999 searches: Standard Software Fees Less 35%
100,000 - 149,999 searches: Standard Software Fees Less 40%
150,000+ searches: Standard Software Fees Less 45%",Transaction fees per search on TazWorks software.,,,,,,,,,,,,Primary Service,,TazWorks Software Platform Tier 4: Professional Plus,,,,Primary Product
Verification Data Access,TazCloud,Primary Service,MeridianLink,TazWorks Software Platform Tier 5: Professional,Standard,TazWorks Software Platform - Professional,N,3100.0,TAZ-0017,,,0.4,TAZ-0009,TAZ-0009,TAZ-0038,N,1225.0,non-aggregate volume tiers,"Volume discounts are evaluated on a billing period by billing period basis and shall be applied solely to the searches run within the ranges during a particular billing period. A billing period is a calendar month.
10,000 - 19,999 searches: Standard Software Fees Less 10%
20,000 - 29,999 searches: Standard Software Fees Less 15%
30,000 - 39,999 searches: Standard Software Fees Less 20%
40,000 - 49,999 searches: Standard Software Fees Less 25%
50,000 - 74,999 searches: Standard Software Fees Less 30%
75,000 - 99,999 searches: Standard Software Fees Less 35%
100,000 - 149,999 searches: Standard Software Fees Less 40%
150,000+ searches: Standard Software Fees Less 45%",Transaction fees per search on TazWorks software.,,,,,,,,,,,,Primary Service,,TazWorks Software Platform Tier 5: Professional,,,,Primary Product
Verification Data Access,TazCloud,Primary Service,MeridianLink,TazWorks Software Platform Tier 6: Basic,Standard,TazWorks Software Platform - Basic,N,2995.0,TAZ-0017,,,0.42,TAZ-0009,TAZ-0009,TAZ-0038,N,565.0,non-aggregate volume tiers,"Volume discounts are evaluated on a billing period by billing period basis and shall be applied solely to the searches run within the ranges during a particular billing period. A billing period is a calendar month.
10,000 - 19,999 searches: Standard Software Fees Less 10%
20,000 - 29,999 searches: Standard Software Fees Less 15%
30,000 - 39,999 searches: Standard Software Fees Less 20%
40,000 - 49,999 searches: Standard Software Fees Less 25%
50,000 - 74,999 searches: Standard Software Fees Less 30%
75,000 - 99,999 searches: Standard Software Fees Less 35%
100,000 - 149,999 searches: Standard Software Fees Less 40%
150,000+ searches: Standard Software Fees Less 45%",Transaction fees per search on TazWorks software.,,,,,,,,,,,,Primary Service,,TazWorks Software Platform Tier 6: Basic,,,,Primary Product
Verification Data Access,Trade House Data,Add On - Ancillary Service,MeridianLink,Add Criminal Monitoring Service (1-year) from DataDivers,Usage,Add Criminal Monitoring Service (1-year),N,0.0,THD-0054,,,7.15,THD-0027,,,N,,,,Add-on product that continuously runs updates on previously run national criminal database searches and notifies of any updates to files within the year of the initial order.,,3 AND (1 OR 2),Dependent,TazWorks Software Platform - Professional,Dependent,TazWorks Software Platform - Enterprise,Dependent,Must be a Trade House Data customer,,,,Screening,Ancillary Service,Add Criminal Monitoring Service (1-year) from DataDivers,,,,Add Ons
Verification Data Access,Trade House Data,Add On - Ancillary Service,Data Divers,"Annual Criminal Monitoring Service from DataDivers (1-year, 1 update) Tier 1 (10,000+ Monthly Searches)",Usage,"Annual Criminal Monitoring Service from DataDivers (1-year, 1 update) Tier 1 (10,000+ Monthly Searches)",N,0.0,THD-0104,,,0.49,THD-0105,,,N,,Applies to THD Global Minimum,,Add-on product that runs 1 annual update on previously run national criminal database searches and notifies of any updates to files within the year of the initial order.,,3 AND (1 OR 2),Dependent,TazWorks Software Platform - Professional,Dependent,TazWorks Software Platform - Enterprise,Dependent,Must be a Trade House Data customer,,,,Screening,Ancillary Service,"Annual Criminal Monitoring Service from DataDivers (1-year, 1 update) Tier 1 (10,000+ Monthly Searches)",,,,Add Ons
Verification Data Access,Trade House Data,Add On - Ancillary Service,Data Divers,"Annual Criminal Monitoring Service from DataDivers (1-year, 1 update) Tier 2 (5000-999 Monthly Searches)",Usage,"Annual Criminal Monitoring Service from DataDivers (1-year, 1 update) Tier 2 (5000-999 Monthly Searches)",N,0.0,THD-0104,,,0.65,THD-0105,,,N,,Applies to THD Global Minimum,,Add-on product that runs 1 annual update on previously run national criminal database searches and notifies of any updates to files within the year of the initial order.,,3 AND (1 OR 2),Dependent,TazWorks Software Platform - Professional,Dependent,TazWorks Software Platform - Enterprise,Dependent,Must be a Trade House Data customer,,,,Screening,Ancillary Service,"Annual Criminal Monitoring Service from DataDivers (1-year, 1 update) Tier 2 (5000-999 Monthly Searches)",,,,Add Ons
Verification Data Access,Trade House Data,Add On - Ancillary Service,Data Divers,"Annual Criminal Monitoring Service from DataDivers (1-year, 1 update) Tier 3 (1000-4999 Monthly Searches)",Usage,"Annual Criminal Monitoring Service from DataDivers (1-year, 1 update) Tier 3 (1000-4999 Monthly Searches)",N,0.0,THD-0104,,,0.82,THD-0105,,,N,,Applies to THD Global Minimum,,Add-on product that runs 1 annual update on previously run national criminal database searches and notifies of any updates to files within the year of the initial order.,,3 AND (1 OR 2),Dependent,TazWorks Software Platform - Professional,Dependent,TazWorks Software Platform - Enterprise,Dependent,Must be a Trade House Data customer,,,,Screening,Ancillary Service,"Annual Criminal Monitoring Service from DataDivers (1-year, 1 update) Tier 3 (1000-4999 Monthly Searches)",,,,Add Ons
Verification Data Access,Trade House Data,Add On - Ancillary Service,Data Divers,"Annual Criminal Monitoring Service from DataDivers (1-year, 1 update) Tier 4 (500-999 Monthly Searches)",Usage,"Annual Criminal Monitoring Service from DataDivers (1-year, 1 update) Tier 4 (500-999 Monthly Searches)",N,0.0,THD-0104,,,0.98,THD-0105,,,N,,Applies to THD Global Minimum,,Add-on product that runs 1 annual update on previously run national criminal database searches and notifies of any updates to files within the year of the initial order.,,3 AND (1 OR 2),Dependent,TazWorks Software Platform - Professional,Dependent,TazWorks Software Platform - Enterprise,Dependent,Must be a Trade House Data customer,,,,Screening,Ancillary Service,"Annual Criminal Monitoring Service from DataDivers (1-year, 1 update) Tier 4 (500-999 Monthly Searches)",,,,Add Ons
Verification Data Access,Trade House Data,Add On - Ancillary Service,Data Divers,"Annual Criminal Monitoring Service from DataDivers (1-year, 1 update) Tier 5 (0-499 Monthly Searches)",Usage,"Annual Criminal Monitoring Service from DataDivers (1-year, 1 update) Tier 5 (0-499 Monthly Searches)",N,0.0,THD-0104,,,1.3,THD-0105,,,N,,Applies to THD Global Minimum,,Add-on product that runs 1 annual update on previously run national criminal database searches and notifies of any updates to files within the year of the initial order.,,3 AND (1 OR 2),Dependent,TazWorks Software Platform - Professional,Dependent,TazWorks Software Platform - Enterprise,Dependent,Must be a Trade House Data customer,,,,Screening,Ancillary Service,"Annual Criminal Monitoring Service from DataDivers (1-year, 1 update) Tier 5 (0-499 Monthly Searches)",,,,Add Ons
Verification Data Access,Trade House Data,Add On - Ancillary Service,Data Divers,"Annual Criminal Monitoring Service from DataDivers (1-year, 1 update) Tier 6",Usage,"Annual Criminal Monitoring Service from DataDivers (1-year, 1 update)",N,0.0,THD-0104,,,1.63,THD-0105,,,N,,Applies to THD Global Minimum,,Add-on product that runs 1 annual update on previously run national criminal database searches and notifies of any updates to files within the year of the initial order.,,3 AND (1 OR 2),Dependent,TazWorks Software Platform - Professional,Dependent,TazWorks Software Platform - Enterprise,Dependent,Must be a Trade House Data customer,,,,Screening,Ancillary Service,"Annual Criminal Monitoring Service from DataDivers (1-year, 1 update) Tier 6",,,,Add Ons
Verification Data Access,Trade House Data,Add On - Ancillary Service,MeridianLink,Colorado State Fee for State-Level Criminal Records Lead Generator,Usage,Colorado State Fee for State-Level Criminal Records Lead Generator,N,0.0,THD-0069,,,6.3,THD-0091,,,N,,,,Surcharge for Colorado Statewide access for Criminal Records,THD-0020,3 AND (1 OR 2) AND 4,Dependent,TazWorks Software Platform - Professional,Dependent,TazWorks Software Platform - Enterprise,Dependent,Must be a Trade House Data customer,Dependent,"Must have ""State-Level Criminal Records Lead Generator from Source 3 (TazCloud User)""",,Screening,Ancillary Service,Colorado State Fee for State-Level Criminal Records Lead Generator,,,,Add Ons
Verification Data Access,Trade House Data,Add On - Ancillary Service,MeridianLink,Colorado State Fee for Statewide Criminal Search,Usage,Colorado State Fee for Statewide Criminal Search,N,0.0,THD-0070,,,6.3,THD-0089,,,N,,,,Surcharge for Colorado Statewide access for Criminal Records,"THD-0037, THD-0064",3 AND (1 OR 2) AND 4,Dependent,TazWorks Software Platform - Professional,Dependent,TazWorks Software Platform - Enterprise,Dependent,Must be a Trade House Data customer,Dependent,"Must have ""Statewide Criminal Search from Source 3 (TazCloud User)""",,Screening,Ancillary Service,Colorado State Fee for Statewide Criminal Search,,,,Add Ons
Verification Data Access,Trade House Data,Add On - Ancillary Service,MeridianLink,Court Access Fee(s),Usage,Court Access Fee(s),N,0.0,THD-0074,,,-1234.0,THD-0002,,,N,,Quote pricing.  Price is not actually -$1234.00,**Assessed as incurred from data sources to fulfill requested services,Fees passed from court or government agencies to access their data. These fees are additional from search fees.,,3 AND (1 OR 2),Dependent,TazWorks Software Platform - Professional,Dependent,TazWorks Software Platform - Enterprise,Dependent,Must be a Trade House Data customer,,,,Screening,Ancillary Service,Court Access Fee(s),,,,Add Ons
Verification Data Access,Trade House Data,Add On - Ancillary Service,MeridianLink,Denver County Fee for State-Level Criminal Records Lead Generator,Usage,Denver County Fee for State-Level Criminal Records Lead Generator,N,0.0,THD-0071,,,4.78,THD-0093,,,N,,,,Surcharge for Denver County access for Criminal Records,THD-0020,3 AND (1 OR 2) AND 4,Dependent,TazWorks Software Platform - Professional,Dependent,TazWorks Software Platform - Enterprise,Dependent,Must be a Trade House Data customer,Dependent,"Must have ""State-Level Criminal Records Lead Generator from Source 3 (TazCloud User)""",,Screening,Ancillary Service,Denver County Fee for State-Level Criminal Records Lead Generator,,,,Add Ons
Verification Data Access,Trade House Data,Add On - Ancillary Service,MeridianLink,Denver County Fee for Statewide Criminal Search,Usage,Denver County Fee for Statewide Criminal Search,N,0.0,THD-0072,,,4.78,THD-0097,,,N,,,,Surcharge for Denver County access for Criminal Records,"THD-0037, THD-0064",3 AND (1 OR 2) AND 4,Dependent,TazWorks Software Platform - Professional,Dependent,TazWorks Software Platform - Enterprise,Dependent,Must be a Trade House Data customer,Dependent,"Must have ""Statewide Criminal Search from Source 3 (TazCloud User)""",,Screening,Ancillary Service,Denver County Fee for Statewide Criminal Search,,,,Add Ons
Verification Data Access,Trade House Data,Add On - Ancillary Service,MeridianLink,Global Security Watch List,Usage,Global Security Watch List,N,0.0,THD-0076,,,0.77,THD-0021,,,N,,,,"Transaction fee for a global search that identifies foreign terrorist organizations, terrorists on the terrorist watch list, and any individual or organizations that are on watch status by U.S. and international government agencies.","THD-0046, THD-0022,THD-0132,THD-0131,THD-0130,THD-0129,THD-0128,THD-0127,THD-0126,THD-0125",3 AND (1 OR 2),Dependent,TazWorks Software Platform - Professional,Dependent,TazWorks Software Platform - Enterprise,Dependent,Must be a Trade House Data customer,,,,Screening,Ancillary Service,Global Security Watch List,,,,Add Ons
Verification Data Access,Trade House Data,Add On - Ancillary Service,MeridianLink,Healthcare Compliance Search (Basic),Usage,Healthcare Compliance Search (Basic),N,0.0,THD-0047,,,1.53,THD-0094,,,N,,,,Transaction fee for a search for adverse actions against individuals or entities sanctioned in the healthcare field.,"THD-0078, THD-0023, THD-0050, THD-0095, THD-0077, THD-0024",3 AND (1 OR 2),Dependent,TazWorks Software Platform - Professional,Dependent,TazWorks Software Platform - Enterprise,Dependent,Must be a Trade House Data customer,,,,Screening,Ancillary Service,Healthcare Compliance Search (Basic),,,,Add Ons
Verification Data Access,Trade House Data,Add On - Ancillary Service,MeridianLink,Healthcare Compliance Search (Premium),Usage,Healthcare Compliance Search (Premium),N,0.0,THD-0048,,,3.56,THD-0090,,,N,,,,Transaction fee for a search for adverse actions against individuals or entities sanctioned in the healthcare field.,"THD-0078, THD-0023, THD-0051, THD-0088, THD-0077, THD-0024",3 AND (1 OR 2),Dependent,TazWorks Software Platform - Professional,Dependent,TazWorks Software Platform - Enterprise,Dependent,Must be a Trade House Data customer,,,,Screening,Ancillary Service,Healthcare Compliance Search (Premium),,,,Add Ons
Verification Data Access,Trade House Data,Add On - Ancillary Service,MeridianLink,Healthcare Compliance Search (Standard),Usage,Healthcare Compliance Search (Standard),N,0.0,THD-0049,,,2.54,THD-0092,,,N,,,,Transaction fee for a search for adverse actions against individuals or entities sanctioned in the healthcare field.,"THD-0078, THD-0023, THD-0052, THD-0096, THD-0077, THD-0024",3 AND (1 OR 2),Dependent,TazWorks Software Platform - Professional,Dependent,TazWorks Software Platform - Enterprise,Dependent,Must be a Trade House Data customer,,,,Screening,Ancillary Service,Healthcare Compliance Search (Standard),,,,Add Ons
Verification Data Access,Trade House Data,Add On - Ancillary Service,MeridianLink,International Canadian Criminal Records Search,Usage,International Canadian Criminal Records Search,N,0.0,THD-0079,,,22.85,THD-0025,,,N,,,,Transaction fee for a Canadian criminal records search.,THD-0053,3 AND (1 OR 2),Dependent,TazWorks Software Platform - Professional,Dependent,TazWorks Software Platform - Enterprise,Dependent,Must be a Trade House Data customer,,,,Screening,Ancillary Service,International Canadian Criminal Records Search,,,,Add Ons
Verification Data Access,Trade House Data,Add On - Ancillary Service,Data Divers,"Monthly Criminal Monitoring Service from DataDivers (1-year, 12 updates) Tier 1 (10,000+ Monthly Searches)",Usage,"Monthly Criminal Monitoring Service from DataDivers (1-year, 12 updates) Tier 1 (10,000+ Monthly Searches)",N,0.0,THD-0102,,,2.44,THD-0107,,,N,,Applies to THD Global Minimum,,Add-on product that runs monthly updates (12 total) on previously run national criminal database searches and notifies of any updates to files within the year of the initial order.,,3 AND (1 OR 2),Dependent,TazWorks Software Platform - Professional,Dependent,TazWorks Software Platform - Enterprise,Dependent,Must be a Trade House Data customer,,,,Screening,Ancillary Service,"Monthly Criminal Monitoring Service from DataDivers (1-year, 12 updates) Tier 1 (10,000+ Monthly Searches)",,,,Add Ons
Verification Data Access,Trade House Data,Add On - Ancillary Service,Data Divers,"Monthly Criminal Monitoring Service from DataDivers (1-year, 12 updates) Tier 2 (5000-999 Monthly Searches)",Usage,"Monthly Criminal Monitoring Service from DataDivers (1-year, 12 updates) Tier 2 (5000-999 Monthly Searches)",N,0.0,THD-0102,,,3.25,THD-0107,,,N,,Applies to THD Global Minimum,,Add-on product that runs monthly updates (12 total) on previously run national criminal database searches and notifies of any updates to files within the year of the initial order.,,3 AND (1 OR 2),Dependent,TazWorks Software Platform - Professional,Dependent,TazWorks Software Platform - Enterprise,Dependent,Must be a Trade House Data customer,,,,Screening,Ancillary Service,"Monthly Criminal Monitoring Service from DataDivers (1-year, 12 updates) Tier 2 (5000-999 Monthly Searches)",,,,Add Ons
Verification Data Access,Trade House Data,Add On - Ancillary Service,Data Divers,"Monthly Criminal Monitoring Service from DataDivers (1-year, 12 updates) Tier 3 (1000-4999 Monthly Searches)",Usage,"Monthly Criminal Monitoring Service from DataDivers (1-year, 12 updates) Tier 3 (1000-4999 Monthly Searches)",N,0.0,THD-0102,,,4.06,THD-0107,,,N,,Applies to THD Global Minimum,,Add-on product that runs monthly updates (12 total) on previously run national criminal database searches and notifies of any updates to files within the year of the initial order.,,3 AND (1 OR 2),Dependent,TazWorks Software Platform - Professional,Dependent,TazWorks Software Platform - Enterprise,Dependent,Must be a Trade House Data customer,,,,Screening,Ancillary Service,"Monthly Criminal Monitoring Service from DataDivers (1-year, 12 updates) Tier 3 (1000-4999 Monthly Searches)",,,,Add Ons
Verification Data Access,Trade House Data,Add On - Ancillary Service,Data Divers,"Monthly Criminal Monitoring Service from DataDivers (1-year, 12 updates) Tier 4 (500-999 Monthly Searches)",Usage,"Monthly Criminal Monitoring Service from DataDivers (1-year, 12 updates) Tier 4 (500-999 Monthly Searches)",N,0.0,THD-0102,,,4.88,THD-0107,,,N,,Applies to THD Global Minimum,,Add-on product that runs monthly updates (12 total) on previously run national criminal database searches and notifies of any updates to files within the year of the initial order.,,3 AND (1 OR 2),Dependent,TazWorks Software Platform - Professional,Dependent,TazWorks Software Platform - Enterprise,Dependent,Must be a Trade House Data customer,,,,Screening,Ancillary Service,"Monthly Criminal Monitoring Service from DataDivers (1-year, 12 updates) Tier 4 (500-999 Monthly Searches)",,,,Add Ons
Verification Data Access,Trade House Data,Add On - Ancillary Service,Data Divers,"Monthly Criminal Monitoring Service from DataDivers (1-year, 12 updates) Tier 5 (0-499 Monthly Searches)",Usage,"Monthly Criminal Monitoring Service from DataDivers (1-year, 12 updates) Tier 5 (0-499 Monthly Searches)",N,0.0,THD-0102,,,6.5,THD-0107,,,N,,Applies to THD Global Minimum,,Add-on product that runs monthly updates (12 total) on previously run national criminal database searches and notifies of any updates to files within the year of the initial order.,,3 AND (1 OR 2),Dependent,TazWorks Software Platform - Professional,Dependent,TazWorks Software Platform - Enterprise,Dependent,Must be a Trade House Data customer,,,,Screening,Ancillary Service,"Monthly Criminal Monitoring Service from DataDivers (1-year, 12 updates) Tier 5 (0-499 Monthly Searches)",,,,Add Ons
Verification Data Access,Trade House Data,Add On - Ancillary Service,Data Divers,"Monthly Criminal Monitoring Service from DataDivers (1-year, 12 updates) Tier 6",Usage,"Monthly Criminal Monitoring Service from DataDivers (1-year, 12 updates)",N,0.0,THD-0102,,,8.15,THD-0107,,,N,,Applies to THD Global Minimum,,Add-on product that runs monthly updates (12 total) on previously run national criminal database searches and notifies of any updates to files within the year of the initial order.,,3 AND (1 OR 2),Dependent,TazWorks Software Platform - Professional,Dependent,TazWorks Software Platform - Enterprise,Dependent,Must be a Trade House Data customer,,,,Screening,Ancillary Service,"Monthly Criminal Monitoring Service from DataDivers (1-year, 12 updates) Tier 6",,,,Add Ons
Verification Data Access,Trade House Data,Add On - Ancillary Service,MeridianLink,National-Level Criminal Records Alias Lead Generator Tier 1: 10000+ monthly searches ,Usage,National-Level Criminal Records Alias Lead Generator ,N,0.0,THD-0067,,,1.02,THD-0040,,,N,,,,"Transaction fee for a multi-jurisdictional search of hundreds of millions of state and county criminal records. This database is compiled from county courthouses, Department of Corrections (DOC), and Administration of the Court (AOC), and is bundled with our Global Security Watch List and Sex Offender Records database sources. This search is an effective tool for discovering additional jurisdictions where criminal offenses may have occurred outside of an applicant’s indicated residential and employment address history.","THD-0082,THD-0004,THD-0081,THD-0005, THD-0080,THD-0006, THD-0112,THD-0120,THD-0132,THD-0131,THD-0130,THD-0129,THD-0128,THD-0127,THD-0126,THD-0125",1 AND 3,Dependent,TazWorks Software Platform (any tier),,,,Must be a Trade House Data customer,,,,Screening,Ancillary Service,National-Level Criminal Records Alias Lead Generator Tier 1: 10000+ monthly searches ,,,,Add Ons
Verification Data Access,Trade House Data,Add On - Ancillary Service,MeridianLink,National-Level Criminal Records Alias Lead Generator  Tier 2: 5000-9999 monthly searches ,Usage,National-Level Criminal Records Alias Lead Generator ,N,0.0,THD-0067,,,1.27,THD-0040,,,N,,,,"Transaction fee for a multi-jurisdictional search of hundreds of millions of state and county criminal records. This database is compiled from county courthouses, Department of Corrections (DOC), and Administration of the Court (AOC), and is bundled with our Global Security Watch List and Sex Offender Records database sources. This search is an effective tool for discovering additional jurisdictions where criminal offenses may have occurred outside of an applicant’s indicated residential and employment address history.","THD-0082,THD-0004,THD-0081,THD-0005, THD-0080,THD-0006, THD-0112,THD-0120,THD-0132,THD-0131,THD-0130,THD-0129,THD-0128,THD-0127,THD-0126,THD-0125",1 AND 3,Dependent,TazWorks Software Platform (any tier),,,,Must be a Trade House Data customer,,,,Screening,Ancillary Service,National-Level Criminal Records Alias Lead Generator  Tier 2: 5000-9999 monthly searches ,,,,Add Ons
Verification Data Access,Trade House Data,Add On - Ancillary Service,MeridianLink,National-Level Criminal Records Alias Lead Generator Tier 3: 1000-4999 monthly searches,Usage,National-Level Criminal Records Alias Lead Generator ,N,0.0,THD-0067,,,1.78,THD-0040,,,N,,Must not be using THD for National-Level Criminal Records Alias Lead Generator,,"Transaction fee for a multi-jurisdictional search of hundreds of millions of state and county criminal records. This database is compiled from county courthouses, Department of Corrections (DOC), and Administration of the Court (AOC), and is bundled with our Global Security Watch List and Sex Offender Records database sources. This search is an effective tool for discovering additional jurisdictions where criminal offenses may have occurred outside of an applicant’s indicated residential and employment address history.","THD-0082,THD-0004,THD-0081,THD-0005, THD-0080,THD-0006, THD-0112,THD-0120,THD-0132,THD-0131,THD-0130,THD-0129,THD-0128,THD-0127,THD-0126,THD-0125",1 AND 3,Dependent,TazWorks Software Platform (any tier),,,,Must be a Trade House Data customer,,,,Screening,Ancillary Service,National-Level Criminal Records Alias Lead Generator Tier 3: 1000-4999 monthly searches,,,,Add Ons
Verification Data Access,Trade House Data,Add On - Ancillary Service,MeridianLink,National-Level Criminal Records Alias Lead Generator Tier 4: 500-999 monthly searches,Usage,National-Level Criminal Records Alias Lead Generator ,N,0.0,THD-0067,,,2.03,THD-0040,,,N,,Must not be using THD for National-Level Criminal Records Alias Lead Generator and doing 500+ searches per month of National-Level Criminal Records Alias Lead Generator,,"Transaction fee for a multi-jurisdictional search of hundreds of millions of state and county criminal records. This database is compiled from county courthouses, Department of Corrections (DOC), and Administration of the Court (AOC), and is bundled with our Global Security Watch List and Sex Offender Records database sources. This search is an effective tool for discovering additional jurisdictions where criminal offenses may have occurred outside of an applicant’s indicated residential and employment address history.","THD-0082,THD-0004,THD-0081,THD-0005, THD-0080,THD-0006, THD-0112,THD-0120,THD-0132,THD-0131,THD-0130,THD-0129,THD-0128,THD-0127,THD-0126,THD-0125",1 AND 3,Dependent,TazWorks Software Platform (any tier),,,,Must be a Trade House Data customer,,,,Screening,Ancillary Service,National-Level Criminal Records Alias Lead Generator Tier 4: 500-999 monthly searches,,,,Add Ons
Verification Data Access,Trade House Data,Add On - Ancillary Service,MeridianLink,National-Level Criminal Records Alias Lead Generator Tier 5: 0-499 monthly searches,Usage,National-Level Criminal Records Alias Lead Generator ,N,0.0,THD-0067,,,2.54,THD-0040,,,N,,Must not be using THD for National-Level Criminal Records Alias Lead Generator and doing 1000+ searches per month of National-Level Criminal Records Alias Lead Generator,,"Transaction fee for a multi-jurisdictional search of hundreds of millions of state and county criminal records. This database is compiled from county courthouses, Department of Corrections (DOC), and Administration of the Court (AOC), and is bundled with our Global Security Watch List and Sex Offender Records database sources. This search is an effective tool for discovering additional jurisdictions where criminal offenses may have occurred outside of an applicant’s indicated residential and employment address history.","THD-0082,THD-0004,THD-0081,THD-0005, THD-0080,THD-0006, THD-0112,THD-0120,THD-0132,THD-0131,THD-0130,THD-0129,THD-0128,THD-0127,THD-0126,THD-0125",1 AND 3,Dependent,TazWorks Software Platform (any tier),,,,Must be a Trade House Data customer,,,,Screening,Ancillary Service,National-Level Criminal Records Alias Lead Generator Tier 5: 0-499 monthly searches,,,,Add Ons
Verification Data Access,Trade House Data,Add On - Ancillary Service,MeridianLink,National-Level Criminal Records Alias Lead Generator Tier 6: (no discount),Usage,National-Level Criminal Records Alias Lead Generator ,N,0.0,THD-0067,,,3.05,THD-0040,,,N,,,Subject to $500 monthly minimum for Trade House Data,"Transaction fee for a multi-jurisdictional search of hundreds of millions of state and county criminal records. This database is compiled from county courthouses, Department of Corrections (DOC), and Administration of the Court (AOC), and is bundled with our Global Security Watch List and Sex Offender Records database sources. This search is an effective tool for discovering additional jurisdictions where criminal offenses may have occurred outside of an applicant’s indicated residential and employment address history.","THD-0082,THD-0004,THD-0081,THD-0005, THD-0080,THD-0006, THD-0112,THD-0120,THD-0132,THD-0131,THD-0130,THD-0129,THD-0128,THD-0127,THD-0126,THD-0125",1,Dependent,Must be a Trade House Data customer,,,,,,,,Screening,Ancillary Service,National-Level Criminal Records Alias Lead Generator Tier 6: (no discount),,,,Add Ons
Verification Data Access,Trade House Data,Add On - Ancillary Service,MeridianLink Wholesale Data,National-Level Criminal Records Lead Generator Tier 1: 10000+ monthly searches ,Usage,National-Level Criminal Records Lead Generator,N,0.0,THD-0066,,,0.77,THD-0039,,,N,,Must not be using THD for National-Level Criminal Records Lead Generator,,"Transaction fee for a multi-jurisdictional search of hundreds of millions of state and county criminal records. This database is compiled from county courthouses, Department of Corrections (DOC), and Administration of the Court (AOC), and is bundled with our Global Security Watch List and Sex Offender Records database sources. This search is an effective tool for discovering additional jurisdictions where criminal offenses may have occurred outside of an applicant’s indicated residential and employment address history.","THD-0085,THD-0011,THD-0059,THD-0012,THD-0114,THD-0111,THD-0132,THD-0131,THD-0130,THD-0129,THD-0128,THD-0127,THD-0126,THD-0125",1 AND 3,Dependent,TazWorks Software Platform (any tier),,,,Must be a Trade House Data customer,,,,Screening,Ancillary Service,National-Level Criminal Records Lead Generator Tier 1: 10000+ monthly searches ,,,,Add Ons
Verification Data Access,Trade House Data,Add On - Ancillary Service,MeridianLink Wholesale Data,National-Level Criminal Records Lead Generator Tier 2: 5000-9999 monthly searches,Usage,National-Level Criminal Records Lead Generator,N,0.0,THD-0066,,,1.02,THD-0039,,,N,,Must not be using THD for National-Level Criminal Records Lead Generator,,"Transaction fee for a multi-jurisdictional search of hundreds of millions of state and county criminal records. This database is compiled from county courthouses, Department of Corrections (DOC), and Administration of the Court (AOC), and is bundled with our Global Security Watch List and Sex Offender Records database sources. This search is an effective tool for discovering additional jurisdictions where criminal offenses may have occurred outside of an applicant’s indicated residential and employment address history.","THD-0085,THD-0011,THD-0059,THD-0012,THD-0114,THD-0111,THD-0132,THD-0131,THD-0130,THD-0129,THD-0128,THD-0127,THD-0126,THD-0125",1 AND 3,Dependent,TazWorks Software Platform (any tier),,,,Must be a Trade House Data customer,,,,Screening,Ancillary Service,National-Level Criminal Records Lead Generator Tier 2: 5000-9999 monthly searches,,,,Add Ons
Verification Data Access,Trade House Data,Add On - Ancillary Service,MeridianLink Wholesale Data,National-Level Criminal Records Lead Generator Tier 3: 1000-4999 monthly searches,Usage,National-Level Criminal Records Lead Generator,N,0.0,THD-0066,,,1.27,THD-0039,,,N,,Must not be using THD for National-Level Criminal Records Lead Generator,,"Transaction fee for a multi-jurisdictional search of hundreds of millions of state and county criminal records. This database is compiled from county courthouses, Department of Corrections (DOC), and Administration of the Court (AOC), and is bundled with our Global Security Watch List and Sex Offender Records database sources. This search is an effective tool for discovering additional jurisdictions where criminal offenses may have occurred outside of an applicant’s indicated residential and employment address history.","THD-0085,THD-0011,THD-0059,THD-0012,THD-0114,THD-0111,THD-0132,THD-0131,THD-0130,THD-0129,THD-0128,THD-0127,THD-0126,THD-0125",1 AND 3,Dependent,TazWorks Software Platform (any tier),,,,Must be a Trade House Data customer,,,,Screening,Ancillary Service,National-Level Criminal Records Lead Generator Tier 3: 1000-4999 monthly searches,,,,Add Ons
Verification Data Access,Trade House Data,Add On - Ancillary Service,MeridianLink Wholesale Data,National-Level Criminal Records Lead Generator Tier 4: 500-999 monthly searches,Usage,National-Level Criminal Records Lead Generator,N,0.0,THD-0066,,,1.53,THD-0039,,,N,,Must not be using THD for National-Level Criminal Records Lead Generator and doing 500+ searches per month of National-Level Criminal Records Lead Generator,,"Transaction fee for a multi-jurisdictional search of hundreds of millions of state and county criminal records. This database is compiled from county courthouses, Department of Corrections (DOC), and Administration of the Court (AOC), and is bundled with our Global Security Watch List and Sex Offender Records database sources. This search is an effective tool for discovering additional jurisdictions where criminal offenses may have occurred outside of an applicant’s indicated residential and employment address history.","THD-0085,THD-0011,THD-0059,THD-0012,THD-0114,THD-0111,THD-0132,THD-0131,THD-0130,THD-0129,THD-0128,THD-0127,THD-0126,THD-0125",1 AND 3,Dependent,TazWorks Software Platform (any tier),,,,Must be a Trade House Data customer,,,,Screening,Ancillary Service,National-Level Criminal Records Lead Generator Tier 4: 500-999 monthly searches,,,,Add Ons
Verification Data Access,Trade House Data,Add On - Ancillary Service,MeridianLink Wholesale Data,National-Level Criminal Records Lead Generator Tier 5: 0-499 monthly searches,Usage,National-Level Criminal Records Lead Generator,N,0.0,THD-0066,,,2.03,THD-0039,,,N,,Must not be using THD for National-Level Criminal Records Lead Generator and doing 2000+ searches per month of National-Level Criminal Records Lead Generator,,"Transaction fee for a multi-jurisdictional search of hundreds of millions of state and county criminal records. This database is compiled from county courthouses, Department of Corrections (DOC), and Administration of the Court (AOC), and is bundled with our Global Security Watch List and Sex Offender Records database sources. This search is an effective tool for discovering additional jurisdictions where criminal offenses may have occurred outside of an applicant’s indicated residential and employment address history.","THD-0085,THD-0011,THD-0059,THD-0012,THD-0114,THD-0111,THD-0132,THD-0131,THD-0130,THD-0129,THD-0128,THD-0127,THD-0126,THD-0125",1 AND 3,Dependent,TazWorks Software Platform (any tier),,,,Must be a Trade House Data customer,,,,Screening,Ancillary Service,National-Level Criminal Records Lead Generator Tier 5: 0-499 monthly searches,,,,Add Ons
Verification Data Access,Trade House Data,Add On - Ancillary Service,MeridianLink Wholesale Data,National-Level Criminal Records Lead Generator: Tier 6 (no discount),Usage,National-Level Criminal Records Lead Generator,N,0.0,THD-0066,,,2.54,THD-0039,,,N,,,,"Transaction fee for a multi-jurisdictional search of hundreds of millions of state and county criminal records. This database is compiled from county courthouses, Department of Corrections (DOC), and Administration of the Court (AOC), and is bundled with our Global Security Watch List and Sex Offender Records database sources. This search is an effective tool for discovering additional jurisdictions where criminal offenses may have occurred outside of an applicant’s indicated residential and employment address history.","THD-0085,THD-0011,THD-0059,THD-0012,THD-0114,THD-0111,THD-0132,THD-0131,THD-0130,THD-0129,THD-0128,THD-0127,THD-0126,THD-0125",1 AND 3,Dependent,TazWorks Software Platform (any tier),,,,Must be a Trade House Data customer,,,,Screening,Ancillary Service,National-Level Criminal Records Lead Generator: Tier 6 (no discount),,,,Add Ons
Verification Data Access,Trade House Data,Add On - Ancillary Service,MeridianLink,Rental Records Lead Generator for State-Level Search,Usage,Rental Records Lead Generator for State-Level Search,N,0.0,THD-0056,,,1.53,THD-0029,,,N,,,,"Transaction fee for the State Rental Records Search that combines the power of an SSN trace with Trade House Data’s national evictions database. By using the full name and address history associated with the applicant’s SSN, deceptive applicant practices, such as omitting an address with an eviction, are prevented. This comprehensive search tool uses sophisticated algorithms to accurately match the applicant’s address and name history, essentially eliminating false positives. This single, powerful tool saves your processors time and ensures that you get the most complete and accurate results possible. State level only search.",,3 AND (1 OR 2),Dependent,TazWorks Software Platform - Professional,Dependent,TazWorks Software Platform - Enterprise,Dependent,Must be a Trade House Data customer,,,,Screening,Ancillary Service,Rental Records Lead Generator for State-Level Search,,,,Add Ons
Verification Data Access,Trade House Data,Add On - Ancillary Service,MeridianLink,Rental Records Lead Generator National-Level Search,Usage,Rental Records Lead Generator National-Level Search,N,0.0,THD-0055,,,3.05,THD-0028,,,N,,,,"Transaction fee for the National Rental Records Search that combines the power of an SSN trace with Trade House Data’s national evictions database. By using the full name and address history associated with the applicant’s SSN, deceptive applicant practices, such as omitting an address with an eviction, are prevented. This comprehensive search tool uses sophisticated algorithms to accurately match the applicant’s address and name history, essentially eliminating false positives. This single, powerful tool saves your processors time and ensures that you get the most complete and accurate results possible.",,3 AND (1 OR 2),Dependent,TazWorks Software Platform - Professional,Dependent,TazWorks Software Platform - Enterprise,Dependent,Must be a Trade House Data customer,,,,Screening,Ancillary Service,Rental Records Lead Generator National-Level Search,,,,Add Ons
Verification Data Access,Trade House Data,Add On - Ancillary Service,MeridianLink,Rental Records Premium Lead Generator National-Level Search,Usage,Rental Records Premium Lead Generator National-Level Search,N,0.0,THD-0109,,,3.66,THD-0110,,,N,,,,,,,,,,,,,,,,Screening,Ancillary Service,Rental Records Premium Lead Generator National-Level Search,,,,Add Ons
Verification Data Access,Trade House Data,Add On - Ancillary Service,Data Divers,"Semi-Annual Criminal Monitoring Service from DataDivers (1-year, 2 updates) Tier 1 (10,000+ Monthly Searches)",Usage,"Semi-Annual Criminal Monitoring Service from DataDivers (1-year, 2 updates)",N,0.0,THD-0101,,,0.67,THD-0106,,,N,,Applies to THD Global Minimum,,Add-on product that runs semi-annual updates (2 total) on previously run national criminal database searches and notifies of any updates to files within the year of the initial order.,,3 AND (1 OR 2),Dependent,TazWorks Software Platform - Professional,Dependent,TazWorks Software Platform - Enterprise,Dependent,Must be a Trade House Data customer,,,,Screening,Ancillary Service,"Semi-Annual Criminal Monitoring Service from DataDivers (1-year, 2 updates) Tier 1 (10,000+ Monthly Searches)",,,,Add Ons
Verification Data Access,Trade House Data,Add On - Ancillary Service,Data Divers,"Semi-Annual Criminal Monitoring Service from DataDivers (1-year, 2 updates) Tier 2 (5000-9999 Monthly Searches)",Usage,"Semi-Annual Criminal Monitoring Service from DataDivers (1-year, 2 updates)",N,0.0,THD-0101,,,0.9,THD-0106,,,N,,Applies to THD Global Minimum,,Add-on product that runs semi-annual updates (2 total) on previously run national criminal database searches and notifies of any updates to files within the year of the initial order.,,3 AND (1 OR 2),Dependent,TazWorks Software Platform - Professional,Dependent,TazWorks Software Platform - Enterprise,Dependent,Must be a Trade House Data customer,,,,Screening,Ancillary Service,"Semi-Annual Criminal Monitoring Service from DataDivers (1-year, 2 updates) Tier 2 (5000-9999 Monthly Searches)",,,,Add Ons
Verification Data Access,Trade House Data,Add On - Ancillary Service,Data Divers,"Semi-Annual Criminal Monitoring Service from DataDivers (1-year, 2 updates) Tier 3 (1000-4999 Monthly Searches)",Usage,"Semi-Annual Criminal Monitoring Service from DataDivers (1-year, 2 updates)",N,0.0,THD-0101,,,1.12,THD-0106,,,N,,Applies to THD Global Minimum,,Add-on product that runs semi-annual updates (2 total) on previously run national criminal database searches and notifies of any updates to files within the year of the initial order.,,3 AND (1 OR 2),Dependent,TazWorks Software Platform - Professional,Dependent,TazWorks Software Platform - Enterprise,Dependent,Must be a Trade House Data customer,,,,Screening,Ancillary Service,"Semi-Annual Criminal Monitoring Service from DataDivers (1-year, 2 updates) Tier 3 (1000-4999 Monthly Searches)",,,,Add Ons
Verification Data Access,Trade House Data,Add On - Ancillary Service,Data Divers,"Semi-Annual Criminal Monitoring Service from DataDivers (1-year, 2 updates) Tier 4 (500-999 Monthly Searches)",Usage,"Semi-Annual Criminal Monitoring Service from DataDivers (1-year, 2 updates)",N,0.0,THD-0101,,,1.34,THD-0106,,,N,,Applies to THD Global Minimum,,Add-on product that runs semi-annual updates (2 total) on previously run national criminal database searches and notifies of any updates to files within the year of the initial order.,,3 AND (1 OR 2),Dependent,TazWorks Software Platform - Professional,Dependent,TazWorks Software Platform - Enterprise,Dependent,Must be a Trade House Data customer,,,,Screening,Ancillary Service,"Semi-Annual Criminal Monitoring Service from DataDivers (1-year, 2 updates) Tier 4 (500-999 Monthly Searches)",,,,Add Ons
Verification Data Access,Trade House Data,Add On - Ancillary Service,Data Divers,"Semi-Annual Criminal Monitoring Service from DataDivers (1-year, 2 updates) Tier 5 (0-499 Monthly Searches)",Usage,"Semi-Annual Criminal Monitoring Service from DataDivers (1-year, 2 updates)",N,0.0,THD-0101,,,1.79,THD-0106,,,N,,Applies to THD Global Minimum,,Add-on product that runs semi-annual updates (2 total) on previously run national criminal database searches and notifies of any updates to files within the year of the initial order.,,3 AND (1 OR 2),Dependent,TazWorks Software Platform - Professional,Dependent,TazWorks Software Platform - Enterprise,Dependent,Must be a Trade House Data customer,,,,Screening,Ancillary Service,"Semi-Annual Criminal Monitoring Service from DataDivers (1-year, 2 updates) Tier 5 (0-499 Monthly Searches)",,,,Add Ons
Verification Data Access,Trade House Data,Add On - Ancillary Service,Data Divers,"Semi-Annual Criminal Monitoring Service from DataDivers (1-year, 2 updates) Tier 6",Usage,"Semi-Annual Criminal Monitoring Service from DataDivers (1-year, 2 updates)",N,0.0,THD-0101,,,2.24,THD-0106,,,N,,Applies to THD Global Minimum,,Add-on product that runs semi-annual updates (2 total) on previously run national criminal database searches and notifies of any updates to files within the year of the initial order.,,3 AND (1 OR 2),Dependent,TazWorks Software Platform - Professional,Dependent,TazWorks Software Platform - Enterprise,Dependent,Must be a Trade House Data customer,,,,Screening,Ancillary Service,"Semi-Annual Criminal Monitoring Service from DataDivers (1-year, 2 updates) Tier 6",,,,Add Ons
Verification Data Access,Trade House Data,Add On - Ancillary Service,MeridianLink,Sex Offender Records Search,Usage,Sex Offender Records Search,N,0.0,THD-0058,,,1.53,THD-0032,,,N,,,,Transaction fee for a stand-alone search of national records and specific state’s repository of sex offender records.,"THD-0057,THD-0031,THD-0117,THD-0122,THD-0132,THD-0131,THD-0130,THD-0129,THD-0128,THD-0127,THD-0126,THD-0125",3 AND (1 OR 2),Dependent,TazWorks Software Platform - Professional,Dependent,TazWorks Software Platform - Enterprise,Dependent,Must be a Trade House Data customer,,,,Screening,Ancillary Service,Sex Offender Records Search,,,,Add Ons
Verification Data Access,Trade House Data,Add On - Ancillary Service,MeridianLink,State-Level Criminal Records Lead Generator  Tier 1: 500+ monthly searches,Usage,State-Level Criminal Records Lead Generator ,N,0.0,THD-0068,,,1.02,THD-0041,,,N,,Must not be using THD for State-Level Criminal Records Lead Generator and doing 500+ searches per month of State-Level Criminal Records Lead Generator,,"Transaction fee for a statewide search that may yield information from multiple counties in a given state that report into repository, useful for discovering crimes outside of the immediate area in which the subject lives or works. Not all counties in every state report to statewide repositories and some counties are inconsistent in their reporting.","THD-0043,THD-0016, THD-0078, THD-0017, THD-0045, THD-0020, THD-0115, THD-0119",1 AND 3,Dependent,TazWorks Software Platform (any tier),,,,Must be a Trade House Data customer,,,,Screening,Ancillary Service,State-Level Criminal Records Lead Generator  Tier 1: 500+ monthly searches,,,,Add Ons
Verification Data Access,Trade House Data,Add On - Ancillary Service,MeridianLink,State-Level Criminal Records Lead Generator  Tier 2: 100-499 monthly searches,Usage,State-Level Criminal Records Lead Generator ,N,0.0,THD-0068,,,1.27,THD-0041,,,N,,Must not be using THD for State-Level Criminal Records Lead Generator and doing 100+ searches per month of State-Level Criminal Records Lead Generator,,"Transaction fee for a statewide search that may yield information from multiple counties in a given state that report into repository, useful for discovering crimes outside of the immediate area in which the subject lives or works. Not all counties in every state report to statewide repositories and some counties are inconsistent in their reporting.","THD-0043,THD-0016, THD-0078, THD-0017, THD-0045, THD-0020, THD-0115, THD-0119",1 AND 3,Dependent,TazWorks Software Platform (any tier),,,,Must be a Trade House Data customer,,,,Screening,Ancillary Service,State-Level Criminal Records Lead Generator  Tier 2: 100-499 monthly searches,,,,Add Ons
Verification Data Access,Trade House Data,Add On - Ancillary Service,MeridianLink,State-Level Criminal Records Lead Generator Tier 3: Up to 99 monthly searches,Usage,State-Level Criminal Records Lead Generator ,N,0.0,THD-0068,,,1.53,THD-0041,,,N,,Must not be using THD for State-Level Criminal Records Lead Generator,,"Transaction fee for a statewide search that may yield information from multiple counties in a given state that report into repository, useful for discovering crimes outside of the immediate area in which the subject lives or works. Not all counties in every state report to statewide repositories and some counties are inconsistent in their reporting.","THD-0043,THD-0016, THD-0078, THD-0017, THD-0045, THD-0020, THD-0115, THD-0119",1 AND 3,Dependent,TazWorks Software Platform (any tier),,,,Must be a Trade House Data customer,,,,Screening,Ancillary Service,State-Level Criminal Records Lead Generator Tier 3: Up to 99 monthly searches,,,,Add Ons
Verification Data Access,Trade House Data,Add On - Ancillary Service,MeridianLink,State-Level Criminal Records Lead Generator  Tier 4 (no discount),Usage,State-Level Criminal Records Lead Generator ,N,0.0,THD-0068,,,1.78,THD-0041,,,N,,,,"Transaction fee for a statewide search that may yield information from multiple counties in a given state that report into repository, useful for discovering crimes outside of the immediate area in which the subject lives or works. Not all counties in every state report to statewide repositories and some counties are inconsistent in their reporting.","THD-0043,THD-0016, THD-0078, THD-0017, THD-0045, THD-0020, THD-0115, THD-0119",1 AND 3,Dependent,TazWorks Software Platform (any tier),,,,Must be a Trade House Data customer,,,,Screening,Ancillary Service,State-Level Criminal Records Lead Generator  Tier 4 (no discount),,,,Add Ons
Verification Data Access,Trade House Data,Add On - Ancillary Service,MeridianLink,Statewide Criminal Search,Usage,Statewide Criminal Search,N,0.0,THD-0062,,,1.78,THD-0035,,,N,,,,"Transaction fee for a statewide search that may yield information from multiple counties in a given state that report into repository, useful for discovering crimes outside of the immediate area in which the subject lives or works. Not all counties in every state report to statewide repositories and some counties are inconsistent in their reporting.","THD-0063, THD-0036, THD-0064, THD-0037 ",3 AND (1 OR 2),Dependent,TazWorks Software Platform - Professional,Dependent,TazWorks Software Platform - Enterprise,Dependent,Must be a Trade House Data customer,,,,Screening,Ancillary Service,Statewide Criminal Search,,,,Add Ons
Verification Data Access,Trade House Data,Add On - Ancillary Service,Equifax,"Trade House Data Person Search Premium Tier 1 (20,000+ per month)",Usage,Trade House Data Person Search Premium,N,0.0,THD-0098,,,0.57,THD-0099,,,N,,Volume tiers for quotes based on combined person search & person search premium volume,,,,3 AND (1 OR 2),Dependent,TazWorks Software Platform - Professional,Dependent,TazWorks Software Platform - Enterprise,Dependent,Must be a Trade House Data customer,,,,Screening,Ancillary Service,"Trade House Data Person Search Premium Tier 1 (20,000+ per month)",,,,Add Ons
Verification Data Access,Trade House Data,Add On - Ancillary Service,Equifax,"Trade House Data Person Search Premium Tier 2 (7,500-19,999 per month)",Usage,Trade House Data Person Search Premium,N,0.0,THD-0098,,,0.66,THD-0099,,,N,,Volume tiers for quotes based on combined person search & person search premium volume,,,,3 AND (1 OR 2),Dependent,TazWorks Software Platform - Professional,Dependent,TazWorks Software Platform - Enterprise,Dependent,Must be a Trade House Data customer,,,,Screening,Ancillary Service,"Trade House Data Person Search Premium Tier 2 (7,500-19,999 per month)",,,,Add Ons
Verification Data Access,Trade House Data,Add On - Ancillary Service,Equifax,"Trade House Data Person Search Premium Tier 3 (5,000-7,499 per month)",Usage,Trade House Data Person Search Premium,N,0.0,THD-0098,,,0.77,THD-0099,,,N,,Volume tiers for quotes based on combined person search & person search premium volume,,,,3 AND (1 OR 2),Dependent,TazWorks Software Platform - Professional,Dependent,TazWorks Software Platform - Enterprise,Dependent,Must be a Trade House Data customer,,,,Screening,Ancillary Service,"Trade House Data Person Search Premium Tier 3 (5,000-7,499 per month)",,,,Add Ons
Verification Data Access,Trade House Data,Add On - Ancillary Service,Equifax,"Trade House Data Person Search Premium Tier 4 (1,000-4,999 per month)",Usage,Trade House Data Person Search Premium,N,0.0,THD-0098,,,0.87,THD-0099,,,N,,Volume tiers for quotes based on combined person search & person search premium volume,,,,3 AND (1 OR 2),Dependent,TazWorks Software Platform - Professional,Dependent,TazWorks Software Platform - Enterprise,Dependent,Must be a Trade House Data customer,,,,Screening,Ancillary Service,"Trade House Data Person Search Premium Tier 4 (1,000-4,999 per month)",,,,Add Ons
Verification Data Access,Trade House Data,Add On - Ancillary Service,Equifax,"Trade House Data Person Search Premium Tier 5 (<1,000 per month)",Usage,Trade House Data Person Search Premium,N,0.0,THD-0098,,,1.02,THD-0099,,,N,,Volume tiers for quotes based on combined person search & person search premium volume,,,,3 AND (1 OR 2),Dependent,TazWorks Software Platform - Professional,Dependent,TazWorks Software Platform - Enterprise,Dependent,Must be a Trade House Data customer,,,,Screening,Ancillary Service,"Trade House Data Person Search Premium Tier 5 (<1,000 per month)",,,,Add Ons
Verification Data Access,Trade House Data,Add On - Ancillary Service,MeridianLink,"Trade House Data Person Search Tier 1 (20,000+ per month)",Usage,Trade House Data Person Search,N,0.0,THD-0065,,,0.21,THD-0038,,,N,,,,"Transaction fee for a tool, powered by non Fair Credit Reporting Act data, that may help users decide what additional jurisdictions and names to run on an applicant.","THD-0124,THD-0123,THD-0113 THD-0018",3 AND (1 OR 2),Dependent,TazWorks Software Platform - Professional,Dependent,TazWorks Software Platform - Enterprise,Dependent,Must be a Trade House Data customer,,,,Screening,Ancillary Service,"Trade House Data Person Search Tier 1 (20,000+ per month)",,,,Add Ons
Verification Data Access,Trade House Data,Add On - Ancillary Service,MeridianLink,"Trade House Data Person Search Tier 2 (7,500-19,999 per month)",Usage,Trade House Data Person Search,N,0.0,THD-0065,,,0.26,THD-0038,,,N,,,,"Transaction fee for a tool, powered by non Fair Credit Reporting Act data, that may help users decide what additional jurisdictions and names to run on an applicant.","THD-0124,THD-0123,THD-0113 THD-0018",3 AND (1 OR 2),Dependent,TazWorks Software Platform - Professional,Dependent,TazWorks Software Platform - Enterprise,Dependent,Must be a Trade House Data customer,,,,Screening,Ancillary Service,"Trade House Data Person Search Tier 2 (7,500-19,999 per month)",,,,Add Ons
Verification Data Access,Trade House Data,Add On - Ancillary Service,MeridianLink,"Trade House Data Person Search Tier 3 (5,000-7,499 per month)",Usage,Trade House Data Person Search,N,0.0,THD-0065,,,0.31,THD-0038,,,N,,,,"Transaction fee for a tool, powered by non Fair Credit Reporting Act data, that may help users decide what additional jurisdictions and names to run on an applicant.","THD-0124,THD-0123,THD-0113 THD-0018",3 AND (1 OR 2),Dependent,TazWorks Software Platform - Professional,Dependent,TazWorks Software Platform - Enterprise,Dependent,Must be a Trade House Data customer,,,,Screening,Ancillary Service,"Trade House Data Person Search Tier 3 (5,000-7,499 per month)",,,,Add Ons
Verification Data Access,Trade House Data,Add On - Ancillary Service,MeridianLink,"Trade House Data Person Search Tier 4 (1,000-4,999 per month)",Usage,Trade House Data Person Search,N,0.0,THD-0065,,,0.41,THD-0038,,,N,,,,"Transaction fee for a tool, powered by non Fair Credit Reporting Act data, that may help users decide what additional jurisdictions and names to run on an applicant.","THD-0124,THD-0123,THD-0113 THD-0018",3 AND (1 OR 2),Dependent,TazWorks Software Platform - Professional,Dependent,TazWorks Software Platform - Enterprise,Dependent,Must be a Trade House Data customer,,,,Screening,Ancillary Service,"Trade House Data Person Search Tier 4 (1,000-4,999 per month)",,,,Add Ons
Verification Data Access,Trade House Data,Add On - Ancillary Service,MeridianLink,"Trade House Data Person Search Tier 5 (<1,000 per month)",Usage,Trade House Data Person Search,N,0.0,THD-0065,,,0.51,THD-0038,,,N,,,,"Transaction fee for a tool, powered by non Fair Credit Reporting Act data, that may help users decide what additional jurisdictions and names to run on an applicant.","THD-0124,THD-0123,THD-0113 THD-0018",3 AND (1 OR 2),Dependent,TazWorks Software Platform - Professional,Dependent,TazWorks Software Platform - Enterprise,Dependent,Must be a Trade House Data customer,,,,Screening,Ancillary Service,"Trade House Data Person Search Tier 5 (<1,000 per month)",,,,Add Ons
Verification Data Access,Trade House Data,Add On - Ancillary Service,Data Divers,"Weekly Criminal Monitoring Service from DataDivers (1-year, 52 updates) Tier 1 (10,000+ Monthly Searches)",Usage,"Weekly Criminal Monitoring Service from DataDivers (1-year, 52 updates) Tier 1 (10,000+ Monthly Searches)",N,0.0,THD-0108,,,9.45,THD-0103,,,N,,Applies to THD Global Minimum,,Add-on product that runs a weekly update (52 total) on previously run national criminal database searches and notifies of any updates to files within the year of the initial order.,,3 AND (1 OR 2),Dependent,TazWorks Software Platform - Professional,Dependent,TazWorks Software Platform - Enterprise,Dependent,Must be a Trade House Data customer,,,,Screening,Ancillary Service,"Weekly Criminal Monitoring Service from DataDivers (1-year, 52 updates) Tier 1 (10,000+ Monthly Searches)",,,,Add Ons
Verification Data Access,Trade House Data,Add On - Ancillary Service,Data Divers,"Weekly Criminal Monitoring Service from DataDivers (1-year, 52 updates) Tier 2 (5000-9999 Monthly Searches)",Usage,"Weekly Criminal Monitoring Service from DataDivers (1-year, 52 updates) Tier 2 (5000-9999 Monthly Searches)",N,0.0,THD-0108,,,12.6,THD-0103,,,N,,Applies to THD Global Minimum,,Add-on product that runs a weekly update (52 total) on previously run national criminal database searches and notifies of any updates to files within the year of the initial order.,,3 AND (1 OR 2),Dependent,TazWorks Software Platform - Professional,Dependent,TazWorks Software Platform - Enterprise,Dependent,Must be a Trade House Data customer,,,,Screening,Ancillary Service,"Weekly Criminal Monitoring Service from DataDivers (1-year, 52 updates) Tier 2 (5000-9999 Monthly Searches)",,,,Add Ons
Verification Data Access,Trade House Data,Add On - Ancillary Service,Data Divers,"Weekly Criminal Monitoring Service from DataDivers (1-year, 52 updates) Tier 3 (1000-4999 Monthly Searches)",Usage,"Weekly Criminal Monitoring Service from DataDivers (1-year, 52 updates) Tier 3 (1000-4999 Monthly Searches)",N,0.0,THD-0108,,,15.75,THD-0103,,,N,,Applies to THD Global Minimum,,Add-on product that runs a weekly update (52 total) on previously run national criminal database searches and notifies of any updates to files within the year of the initial order.,,3 AND (1 OR 2),Dependent,TazWorks Software Platform - Professional,Dependent,TazWorks Software Platform - Enterprise,Dependent,Must be a Trade House Data customer,,,,Screening,Ancillary Service,"Weekly Criminal Monitoring Service from DataDivers (1-year, 52 updates) Tier 3 (1000-4999 Monthly Searches)",,,,Add Ons
Verification Data Access,Trade House Data,Add On - Ancillary Service,Data Divers,"Weekly Criminal Monitoring Service from DataDivers (1-year, 52 updates) Tier 4 (500-999 Monthly Searches)",Usage,"Weekly Criminal Monitoring Service from DataDivers (1-year, 52 updates) Tier 4 (500-999 Monthly Searches)",N,0.0,THD-0108,,,18.9,THD-0103,,,N,,Applies to THD Global Minimum,,Add-on product that runs a weekly update (52 total) on previously run national criminal database searches and notifies of any updates to files within the year of the initial order.,,3 AND (1 OR 2),Dependent,TazWorks Software Platform - Professional,Dependent,TazWorks Software Platform - Enterprise,Dependent,Must be a Trade House Data customer,,,,Screening,Ancillary Service,"Weekly Criminal Monitoring Service from DataDivers (1-year, 52 updates) Tier 4 (500-999 Monthly Searches)",,,,Add Ons
Verification Data Access,Trade House Data,Add On - Ancillary Service,Data Divers,"Weekly Criminal Monitoring Service from DataDivers (1-year, 52 updates) Tier 5 (0-499 Monthly Searches)",Usage,"Weekly Criminal Monitoring Service from DataDivers (1-year, 52 updates) Tier 5 (0-499 Monthly Searches)",N,0.0,THD-0108,,,25.2,THD-0103,,,N,,Applies to THD Global Minimum,,Add-on product that runs a weekly update (52 total) on previously run national criminal database searches and notifies of any updates to files within the year of the initial order.,,3 AND (1 OR 2),Dependent,TazWorks Software Platform - Professional,Dependent,TazWorks Software Platform - Enterprise,Dependent,Must be a Trade House Data customer,,,,Screening,Ancillary Service,"Weekly Criminal Monitoring Service from DataDivers (1-year, 52 updates) Tier 5 (0-499 Monthly Searches)",,,,Add Ons
Verification Data Access,Trade House Data,Add On - Ancillary Service,Data Divers,"Weekly Criminal Monitoring Service from DataDivers (1-year, 52 updates) Tier 6",Usage,"Weekly Criminal Monitoring Service from DataDivers (1-year, 52 updates) Tier 6",N,0.0,THD-0108,,,31.5,THD-0103,,,N,,Applies to THD Global Minimum,,Add-on product that runs a weekly update (52 total) on previously run national criminal database searches and notifies of any updates to files within the year of the initial order.,,3 AND (1 OR 2),Dependent,TazWorks Software Platform - Professional,Dependent,TazWorks Software Platform - Enterprise,Dependent,Must be a Trade House Data customer,,,,Screening,Ancillary Service,"Weekly Criminal Monitoring Service from DataDivers (1-year, 52 updates) Tier 6",,,,Add Ons
Verification Data Access,Trade House Data,Primary Service,MeridianLink,Trade House Data Setup Fee,Standard,Trade House Data Setup Fee,N,275.0,THD-0030,,,,,,,N,,,,Setup fee for new Trade House Data customer,,,,,,,,,,,,Primary Service,,Trade House Data Setup Fee,,,,Primary Product
