Internal Product Name,Product Of (Primary Service),Unnamed: 2,Internal Product Name.1,Product Of (Primary Service).1,Unnamed: 5,Product Of (Primary Service).2,Unnamed: 7,Unnamed: 8,Add-On Search Dynamic Array B24,Add-On Search Dynamic Array B25,Add-On Search Dynamic Array B26,Add-On Search Dynamic Array B27,Add-On Search Dynamic Array B28,Add-On Search Dynamic Array B29,Add-On Search Dynamic Array B30,Add-On Search Dynamic Array B31,Add-On Search Dynamic Array B32,Add-On Search Dynamic Array B33,Add-On Search Dynamic Array B34,Add-On Search Dynamic Array B35,Add-On Search Dynamic Array B36,Add-On Search Dynamic Array B37,Add-On Search Dynamic Array B38,Add-On Search Dynamic Array B39,Add-On Search Dynamic Array B40,Add-On Search Dynamic Array B41,Add-On Search Dynamic Array B42,Add-On Search Dynamic Array B43,Add-On Search Dynamic Array B44,Add-On Search Dynamic Array B45,Add-On Search Dynamic Array B46,Add-On Search Dynamic Array B47,Add-On Search Dynamic Array B48,Add-On Search Dynamic Array B49,Add-On Search Dynamic Array B50,Add-On Search Dynamic Array B51,Add-On Search Dynamic Array B52,Add-On Search Dynamic Array B53,Add-On Search Dynamic Array B54,Add-On Search Dynamic Array B55,Add-On Search Dynamic Array B56,Add-On Search Dynamic Array B57,Add-On Search Dynamic Array B58
MeridianLink Mortgage LOS First Lien Loans Tier 01 (1200+ Closed Loans/Month) with 1 implementation,MeridianLink Mortgage,,Admin Pro (Mortgage),MeridianLink Mortgage,,,,,MeridianLink Mortgage Access Tier 14 (45-59 Closed Loans/Month),Admin Pro (Mortgage),Admin Pro (Mortgage),Admin Pro (Mortgage),Admin Pro (Mortgage),Admin Pro (Mortgage),Admin Pro (Mortgage),Admin Pro (Mortgage),Admin Pro (Mortgage),Admin Pro (Mortgage),Admin Pro (Mortgage),Admin Pro (Mortgage),Admin Pro (Mortgage),Admin Pro (Mortgage),Admin Pro (Mortgage),Admin Pro (Mortgage),Admin Pro (Mortgage),Admin Pro (Mortgage),Admin Pro (Mortgage),Admin Pro (Mortgage),Admin Pro (Mortgage),Admin Pro (Mortgage),Admin Pro (Mortgage),Admin Pro (Mortgage),Admin Pro (Mortgage),Admin Pro (Mortgage),Admin Pro (Mortgage),Admin Pro (Mortgage),Admin Pro (Mortgage),Admin Pro (Mortgage),Admin Pro (Mortgage),Admin Pro (Mortgage),Admin Pro (Mortgage),Admin Pro (Mortgage),Admin Pro (Mortgage)
MeridianLink Mortgage LOS First Lien Loans Tier 01 (1200+ Closed Loans/Month) with 2 implementations,MeridianLink Mortgage,,"Alpharank T1: $10B+ AUM, Each Additional Service (Mortgage)",MeridianLink Mortgage,,DecisionLender4,,,MeridianLink Mortgage Access Tier 14 (45-59 Closed Loans/Month) without setup,"Alpharank T1: $10B+ AUM, Each Additional Service (Mortgage)","Alpharank T1: $10B+ AUM, Each Additional Service (Mortgage)","Alpharank T1: $10B+ AUM, Each Additional Service (Mortgage)","Alpharank T1: $10B+ AUM, Each Additional Service (Mortgage)","Alpharank T1: $10B+ AUM, Each Additional Service (Mortgage)","Alpharank T1: $10B+ AUM, Each Additional Service (Mortgage)","Alpharank T1: $10B+ AUM, Each Additional Service (Mortgage)","Alpharank T1: $10B+ AUM, Each Additional Service (Mortgage)","Alpharank T1: $10B+ AUM, Each Additional Service (Mortgage)","Alpharank T1: $10B+ AUM, Each Additional Service (Mortgage)","Alpharank T1: $10B+ AUM, Each Additional Service (Mortgage)","Alpharank T1: $10B+ AUM, Each Additional Service (Mortgage)","Alpharank T1: $10B+ AUM, Each Additional Service (Mortgage)","Alpharank T1: $10B+ AUM, Each Additional Service (Mortgage)","Alpharank T1: $10B+ AUM, Each Additional Service (Mortgage)","Alpharank T1: $10B+ AUM, Each Additional Service (Mortgage)","Alpharank T1: $10B+ AUM, Each Additional Service (Mortgage)","Alpharank T1: $10B+ AUM, Each Additional Service (Mortgage)","Alpharank T1: $10B+ AUM, Each Additional Service (Mortgage)","Alpharank T1: $10B+ AUM, Each Additional Service (Mortgage)","Alpharank T1: $10B+ AUM, Each Additional Service (Mortgage)","Alpharank T1: $10B+ AUM, Each Additional Service (Mortgage)","Alpharank T1: $10B+ AUM, Each Additional Service (Mortgage)","Alpharank T1: $10B+ AUM, Each Additional Service (Mortgage)","Alpharank T1: $10B+ AUM, Each Additional Service (Mortgage)","Alpharank T1: $10B+ AUM, Each Additional Service (Mortgage)","Alpharank T1: $10B+ AUM, Each Additional Service (Mortgage)","Alpharank T1: $10B+ AUM, Each Additional Service (Mortgage)","Alpharank T1: $10B+ AUM, Each Additional Service (Mortgage)","Alpharank T1: $10B+ AUM, Each Additional Service (Mortgage)","Alpharank T1: $10B+ AUM, Each Additional Service (Mortgage)","Alpharank T1: $10B+ AUM, Each Additional Service (Mortgage)","Alpharank T1: $10B+ AUM, Each Additional Service (Mortgage)","Alpharank T1: $10B+ AUM, Each Additional Service (Mortgage)"
MeridianLink Mortgage LOS First Lien Loans Tier 01 (1200+ Closed Loans/Month) with 3 implementations,MeridianLink Mortgage,,"Alpharank T1: $10B+ AUM, Initial Service (Mortgage)",MeridianLink Mortgage,,Engage,,LineSelected,,"Alpharank T1: $10B+ AUM, Initial Service (Mortgage)","Alpharank T1: $10B+ AUM, Initial Service (Mortgage)","Alpharank T1: $10B+ AUM, Initial Service (Mortgage)","Alpharank T1: $10B+ AUM, Initial Service (Mortgage)","Alpharank T1: $10B+ AUM, Initial Service (Mortgage)","Alpharank T1: $10B+ AUM, Initial Service (Mortgage)","Alpharank T1: $10B+ AUM, Initial Service (Mortgage)","Alpharank T1: $10B+ AUM, Initial Service (Mortgage)","Alpharank T1: $10B+ AUM, Initial Service (Mortgage)","Alpharank T1: $10B+ AUM, Initial Service (Mortgage)","Alpharank T1: $10B+ AUM, Initial Service (Mortgage)","Alpharank T1: $10B+ AUM, Initial Service (Mortgage)","Alpharank T1: $10B+ AUM, Initial Service (Mortgage)","Alpharank T1: $10B+ AUM, Initial Service (Mortgage)","Alpharank T1: $10B+ AUM, Initial Service (Mortgage)","Alpharank T1: $10B+ AUM, Initial Service (Mortgage)","Alpharank T1: $10B+ AUM, Initial Service (Mortgage)","Alpharank T1: $10B+ AUM, Initial Service (Mortgage)","Alpharank T1: $10B+ AUM, Initial Service (Mortgage)","Alpharank T1: $10B+ AUM, Initial Service (Mortgage)","Alpharank T1: $10B+ AUM, Initial Service (Mortgage)","Alpharank T1: $10B+ AUM, Initial Service (Mortgage)","Alpharank T1: $10B+ AUM, Initial Service (Mortgage)","Alpharank T1: $10B+ AUM, Initial Service (Mortgage)","Alpharank T1: $10B+ AUM, Initial Service (Mortgage)","Alpharank T1: $10B+ AUM, Initial Service (Mortgage)","Alpharank T1: $10B+ AUM, Initial Service (Mortgage)","Alpharank T1: $10B+ AUM, Initial Service (Mortgage)","Alpharank T1: $10B+ AUM, Initial Service (Mortgage)","Alpharank T1: $10B+ AUM, Initial Service (Mortgage)","Alpharank T1: $10B+ AUM, Initial Service (Mortgage)","Alpharank T1: $10B+ AUM, Initial Service (Mortgage)","Alpharank T1: $10B+ AUM, Initial Service (Mortgage)","Alpharank T1: $10B+ AUM, Initial Service (Mortgage)"
MeridianLink Mortgage LOS First Lien Loans Tier 01 (1200+ Closed Loans/Month) with no implementation,MeridianLink Mortgage,,"Alpharank T2: $2B-$10B AUM, Each Additional Service (Mortgage)",MeridianLink Mortgage,,Explore,,MeridianLink Mortgage,,"Alpharank T2: $2B-$10B AUM, Each Additional Service (Mortgage)","Alpharank T2: $2B-$10B AUM, Each Additional Service (Mortgage)","Alpharank T2: $2B-$10B AUM, Each Additional Service (Mortgage)","Alpharank T2: $2B-$10B AUM, Each Additional Service (Mortgage)","Alpharank T2: $2B-$10B AUM, Each Additional Service (Mortgage)","Alpharank T2: $2B-$10B AUM, Each Additional Service (Mortgage)","Alpharank T2: $2B-$10B AUM, Each Additional Service (Mortgage)","Alpharank T2: $2B-$10B AUM, Each Additional Service (Mortgage)","Alpharank T2: $2B-$10B AUM, Each Additional Service (Mortgage)","Alpharank T2: $2B-$10B AUM, Each Additional Service (Mortgage)","Alpharank T2: $2B-$10B AUM, Each Additional Service (Mortgage)","Alpharank T2: $2B-$10B AUM, Each Additional Service (Mortgage)","Alpharank T2: $2B-$10B AUM, Each Additional Service (Mortgage)","Alpharank T2: $2B-$10B AUM, Each Additional Service (Mortgage)","Alpharank T2: $2B-$10B AUM, Each Additional Service (Mortgage)","Alpharank T2: $2B-$10B AUM, Each Additional Service (Mortgage)","Alpharank T2: $2B-$10B AUM, Each Additional Service (Mortgage)","Alpharank T2: $2B-$10B AUM, Each Additional Service (Mortgage)","Alpharank T2: $2B-$10B AUM, Each Additional Service (Mortgage)","Alpharank T2: $2B-$10B AUM, Each Additional Service (Mortgage)","Alpharank T2: $2B-$10B AUM, Each Additional Service (Mortgage)","Alpharank T2: $2B-$10B AUM, Each Additional Service (Mortgage)","Alpharank T2: $2B-$10B AUM, Each Additional Service (Mortgage)","Alpharank T2: $2B-$10B AUM, Each Additional Service (Mortgage)","Alpharank T2: $2B-$10B AUM, Each Additional Service (Mortgage)","Alpharank T2: $2B-$10B AUM, Each Additional Service (Mortgage)","Alpharank T2: $2B-$10B AUM, Each Additional Service (Mortgage)","Alpharank T2: $2B-$10B AUM, Each Additional Service (Mortgage)","Alpharank T2: $2B-$10B AUM, Each Additional Service (Mortgage)","Alpharank T2: $2B-$10B AUM, Each Additional Service (Mortgage)","Alpharank T2: $2B-$10B AUM, Each Additional Service (Mortgage)","Alpharank T2: $2B-$10B AUM, Each Additional Service (Mortgage)","Alpharank T2: $2B-$10B AUM, Each Additional Service (Mortgage)","Alpharank T2: $2B-$10B AUM, Each Additional Service (Mortgage)"
MeridianLink Mortgage LOS First Lien Loans Tier 02 (900 - 1199 Closed Loans/Month) with 1 implementation,MeridianLink Mortgage,,"Alpharank T2: $2B-$10B AUM, Initial Service (Mortgage)",MeridianLink Mortgage,,LDAP,,,,"Alpharank T2: $2B-$10B AUM, Initial Service (Mortgage)","Alpharank T2: $2B-$10B AUM, Initial Service (Mortgage)","Alpharank T2: $2B-$10B AUM, Initial Service (Mortgage)","Alpharank T2: $2B-$10B AUM, Initial Service (Mortgage)","Alpharank T2: $2B-$10B AUM, Initial Service (Mortgage)","Alpharank T2: $2B-$10B AUM, Initial Service (Mortgage)","Alpharank T2: $2B-$10B AUM, Initial Service (Mortgage)","Alpharank T2: $2B-$10B AUM, Initial Service (Mortgage)","Alpharank T2: $2B-$10B AUM, Initial Service (Mortgage)","Alpharank T2: $2B-$10B AUM, Initial Service (Mortgage)","Alpharank T2: $2B-$10B AUM, Initial Service (Mortgage)","Alpharank T2: $2B-$10B AUM, Initial Service (Mortgage)","Alpharank T2: $2B-$10B AUM, Initial Service (Mortgage)","Alpharank T2: $2B-$10B AUM, Initial Service (Mortgage)","Alpharank T2: $2B-$10B AUM, Initial Service (Mortgage)","Alpharank T2: $2B-$10B AUM, Initial Service (Mortgage)","Alpharank T2: $2B-$10B AUM, Initial Service (Mortgage)","Alpharank T2: $2B-$10B AUM, Initial Service (Mortgage)","Alpharank T2: $2B-$10B AUM, Initial Service (Mortgage)","Alpharank T2: $2B-$10B AUM, Initial Service (Mortgage)","Alpharank T2: $2B-$10B AUM, Initial Service (Mortgage)","Alpharank T2: $2B-$10B AUM, Initial Service (Mortgage)","Alpharank T2: $2B-$10B AUM, Initial Service (Mortgage)","Alpharank T2: $2B-$10B AUM, Initial Service (Mortgage)","Alpharank T2: $2B-$10B AUM, Initial Service (Mortgage)","Alpharank T2: $2B-$10B AUM, Initial Service (Mortgage)","Alpharank T2: $2B-$10B AUM, Initial Service (Mortgage)","Alpharank T2: $2B-$10B AUM, Initial Service (Mortgage)","Alpharank T2: $2B-$10B AUM, Initial Service (Mortgage)","Alpharank T2: $2B-$10B AUM, Initial Service (Mortgage)","Alpharank T2: $2B-$10B AUM, Initial Service (Mortgage)","Alpharank T2: $2B-$10B AUM, Initial Service (Mortgage)","Alpharank T2: $2B-$10B AUM, Initial Service (Mortgage)","Alpharank T2: $2B-$10B AUM, Initial Service (Mortgage)"
MeridianLink Mortgage LOS First Lien Loans Tier 02 (900 - 1199 Closed Loans/Month) with 2 implementations,MeridianLink Mortgage,,"Alpharank T3: $500M-$2B AUM, Each Additional Service (Mortgage)",MeridianLink Mortgage,,MeridianLink Collect,,,,"Alpharank T3: $500M-$2B AUM, Each Additional Service (Mortgage)","Alpharank T3: $500M-$2B AUM, Each Additional Service (Mortgage)","Alpharank T3: $500M-$2B AUM, Each Additional Service (Mortgage)","Alpharank T3: $500M-$2B AUM, Each Additional Service (Mortgage)","Alpharank T3: $500M-$2B AUM, Each Additional Service (Mortgage)","Alpharank T3: $500M-$2B AUM, Each Additional Service (Mortgage)","Alpharank T3: $500M-$2B AUM, Each Additional Service (Mortgage)","Alpharank T3: $500M-$2B AUM, Each Additional Service (Mortgage)","Alpharank T3: $500M-$2B AUM, Each Additional Service (Mortgage)","Alpharank T3: $500M-$2B AUM, Each Additional Service (Mortgage)","Alpharank T3: $500M-$2B AUM, Each Additional Service (Mortgage)","Alpharank T3: $500M-$2B AUM, Each Additional Service (Mortgage)","Alpharank T3: $500M-$2B AUM, Each Additional Service (Mortgage)","Alpharank T3: $500M-$2B AUM, Each Additional Service (Mortgage)","Alpharank T3: $500M-$2B AUM, Each Additional Service (Mortgage)","Alpharank T3: $500M-$2B AUM, Each Additional Service (Mortgage)","Alpharank T3: $500M-$2B AUM, Each Additional Service (Mortgage)","Alpharank T3: $500M-$2B AUM, Each Additional Service (Mortgage)","Alpharank T3: $500M-$2B AUM, Each Additional Service (Mortgage)","Alpharank T3: $500M-$2B AUM, Each Additional Service (Mortgage)","Alpharank T3: $500M-$2B AUM, Each Additional Service (Mortgage)","Alpharank T3: $500M-$2B AUM, Each Additional Service (Mortgage)","Alpharank T3: $500M-$2B AUM, Each Additional Service (Mortgage)","Alpharank T3: $500M-$2B AUM, Each Additional Service (Mortgage)","Alpharank T3: $500M-$2B AUM, Each Additional Service (Mortgage)","Alpharank T3: $500M-$2B AUM, Each Additional Service (Mortgage)","Alpharank T3: $500M-$2B AUM, Each Additional Service (Mortgage)","Alpharank T3: $500M-$2B AUM, Each Additional Service (Mortgage)","Alpharank T3: $500M-$2B AUM, Each Additional Service (Mortgage)","Alpharank T3: $500M-$2B AUM, Each Additional Service (Mortgage)","Alpharank T3: $500M-$2B AUM, Each Additional Service (Mortgage)","Alpharank T3: $500M-$2B AUM, Each Additional Service (Mortgage)","Alpharank T3: $500M-$2B AUM, Each Additional Service (Mortgage)","Alpharank T3: $500M-$2B AUM, Each Additional Service (Mortgage)"
MeridianLink Mortgage LOS First Lien Loans Tier 02 (900 - 1199 Closed Loans/Month) with 3 implementations,MeridianLink Mortgage,,"Alpharank T3: $500M-$2B AUM, Initial Service (Mortgage)",MeridianLink Mortgage,,MeridianLink Consumer/Opening,,,,"Alpharank T3: $500M-$2B AUM, Initial Service (Mortgage)","Alpharank T3: $500M-$2B AUM, Initial Service (Mortgage)","Alpharank T3: $500M-$2B AUM, Initial Service (Mortgage)","Alpharank T3: $500M-$2B AUM, Initial Service (Mortgage)","Alpharank T3: $500M-$2B AUM, Initial Service (Mortgage)","Alpharank T3: $500M-$2B AUM, Initial Service (Mortgage)","Alpharank T3: $500M-$2B AUM, Initial Service (Mortgage)","Alpharank T3: $500M-$2B AUM, Initial Service (Mortgage)","Alpharank T3: $500M-$2B AUM, Initial Service (Mortgage)","Alpharank T3: $500M-$2B AUM, Initial Service (Mortgage)","Alpharank T3: $500M-$2B AUM, Initial Service (Mortgage)","Alpharank T3: $500M-$2B AUM, Initial Service (Mortgage)","Alpharank T3: $500M-$2B AUM, Initial Service (Mortgage)","Alpharank T3: $500M-$2B AUM, Initial Service (Mortgage)","Alpharank T3: $500M-$2B AUM, Initial Service (Mortgage)","Alpharank T3: $500M-$2B AUM, Initial Service (Mortgage)","Alpharank T3: $500M-$2B AUM, Initial Service (Mortgage)","Alpharank T3: $500M-$2B AUM, Initial Service (Mortgage)","Alpharank T3: $500M-$2B AUM, Initial Service (Mortgage)","Alpharank T3: $500M-$2B AUM, Initial Service (Mortgage)","Alpharank T3: $500M-$2B AUM, Initial Service (Mortgage)","Alpharank T3: $500M-$2B AUM, Initial Service (Mortgage)","Alpharank T3: $500M-$2B AUM, Initial Service (Mortgage)","Alpharank T3: $500M-$2B AUM, Initial Service (Mortgage)","Alpharank T3: $500M-$2B AUM, Initial Service (Mortgage)","Alpharank T3: $500M-$2B AUM, Initial Service (Mortgage)","Alpharank T3: $500M-$2B AUM, Initial Service (Mortgage)","Alpharank T3: $500M-$2B AUM, Initial Service (Mortgage)","Alpharank T3: $500M-$2B AUM, Initial Service (Mortgage)","Alpharank T3: $500M-$2B AUM, Initial Service (Mortgage)","Alpharank T3: $500M-$2B AUM, Initial Service (Mortgage)","Alpharank T3: $500M-$2B AUM, Initial Service (Mortgage)","Alpharank T3: $500M-$2B AUM, Initial Service (Mortgage)","Alpharank T3: $500M-$2B AUM, Initial Service (Mortgage)"
MeridianLink Mortgage LOS First Lien Loans Tier 02 (900 - 1199 Closed Loans/Month) with no implementations,MeridianLink Mortgage,,"Alpharank T4: <$500M AUM, Each Additional Service (Mortgage)",MeridianLink Mortgage,,MeridianLink CreditAPI,,,,"Alpharank T4: <$500M AUM, Each Additional Service (Mortgage)","Alpharank T4: <$500M AUM, Each Additional Service (Mortgage)","Alpharank T4: <$500M AUM, Each Additional Service (Mortgage)","Alpharank T4: <$500M AUM, Each Additional Service (Mortgage)","Alpharank T4: <$500M AUM, Each Additional Service (Mortgage)","Alpharank T4: <$500M AUM, Each Additional Service (Mortgage)","Alpharank T4: <$500M AUM, Each Additional Service (Mortgage)","Alpharank T4: <$500M AUM, Each Additional Service (Mortgage)","Alpharank T4: <$500M AUM, Each Additional Service (Mortgage)","Alpharank T4: <$500M AUM, Each Additional Service (Mortgage)","Alpharank T4: <$500M AUM, Each Additional Service (Mortgage)","Alpharank T4: <$500M AUM, Each Additional Service (Mortgage)","Alpharank T4: <$500M AUM, Each Additional Service (Mortgage)","Alpharank T4: <$500M AUM, Each Additional Service (Mortgage)","Alpharank T4: <$500M AUM, Each Additional Service (Mortgage)","Alpharank T4: <$500M AUM, Each Additional Service (Mortgage)","Alpharank T4: <$500M AUM, Each Additional Service (Mortgage)","Alpharank T4: <$500M AUM, Each Additional Service (Mortgage)","Alpharank T4: <$500M AUM, Each Additional Service (Mortgage)","Alpharank T4: <$500M AUM, Each Additional Service (Mortgage)","Alpharank T4: <$500M AUM, Each Additional Service (Mortgage)","Alpharank T4: <$500M AUM, Each Additional Service (Mortgage)","Alpharank T4: <$500M AUM, Each Additional Service (Mortgage)","Alpharank T4: <$500M AUM, Each Additional Service (Mortgage)","Alpharank T4: <$500M AUM, Each Additional Service (Mortgage)","Alpharank T4: <$500M AUM, Each Additional Service (Mortgage)","Alpharank T4: <$500M AUM, Each Additional Service (Mortgage)","Alpharank T4: <$500M AUM, Each Additional Service (Mortgage)","Alpharank T4: <$500M AUM, Each Additional Service (Mortgage)","Alpharank T4: <$500M AUM, Each Additional Service (Mortgage)","Alpharank T4: <$500M AUM, Each Additional Service (Mortgage)","Alpharank T4: <$500M AUM, Each Additional Service (Mortgage)","Alpharank T4: <$500M AUM, Each Additional Service (Mortgage)","Alpharank T4: <$500M AUM, Each Additional Service (Mortgage)"
MeridianLink Mortgage LOS First Lien Loans Tier 03 (675 - 899 Closed Loans/Month) with 1 implementation,MeridianLink Mortgage,,"Alpharank T4: <$500M AUM, Initial Service (Mortgage)",MeridianLink Mortgage,,MeridianLink Mortgage,,,,"Alpharank T4: <$500M AUM, Initial Service (Mortgage)","Alpharank T4: <$500M AUM, Initial Service (Mortgage)","Alpharank T4: <$500M AUM, Initial Service (Mortgage)","Alpharank T4: <$500M AUM, Initial Service (Mortgage)","Alpharank T4: <$500M AUM, Initial Service (Mortgage)","Alpharank T4: <$500M AUM, Initial Service (Mortgage)","Alpharank T4: <$500M AUM, Initial Service (Mortgage)","Alpharank T4: <$500M AUM, Initial Service (Mortgage)","Alpharank T4: <$500M AUM, Initial Service (Mortgage)","Alpharank T4: <$500M AUM, Initial Service (Mortgage)","Alpharank T4: <$500M AUM, Initial Service (Mortgage)","Alpharank T4: <$500M AUM, Initial Service (Mortgage)","Alpharank T4: <$500M AUM, Initial Service (Mortgage)","Alpharank T4: <$500M AUM, Initial Service (Mortgage)","Alpharank T4: <$500M AUM, Initial Service (Mortgage)","Alpharank T4: <$500M AUM, Initial Service (Mortgage)","Alpharank T4: <$500M AUM, Initial Service (Mortgage)","Alpharank T4: <$500M AUM, Initial Service (Mortgage)","Alpharank T4: <$500M AUM, Initial Service (Mortgage)","Alpharank T4: <$500M AUM, Initial Service (Mortgage)","Alpharank T4: <$500M AUM, Initial Service (Mortgage)","Alpharank T4: <$500M AUM, Initial Service (Mortgage)","Alpharank T4: <$500M AUM, Initial Service (Mortgage)","Alpharank T4: <$500M AUM, Initial Service (Mortgage)","Alpharank T4: <$500M AUM, Initial Service (Mortgage)","Alpharank T4: <$500M AUM, Initial Service (Mortgage)","Alpharank T4: <$500M AUM, Initial Service (Mortgage)","Alpharank T4: <$500M AUM, Initial Service (Mortgage)","Alpharank T4: <$500M AUM, Initial Service (Mortgage)","Alpharank T4: <$500M AUM, Initial Service (Mortgage)","Alpharank T4: <$500M AUM, Initial Service (Mortgage)","Alpharank T4: <$500M AUM, Initial Service (Mortgage)","Alpharank T4: <$500M AUM, Initial Service (Mortgage)","Alpharank T4: <$500M AUM, Initial Service (Mortgage)"
MeridianLink Mortgage LOS First Lien Loans Tier 03 (675 - 899 Closed Loans/Month) with 2 implementations,MeridianLink Mortgage,,Baseline MeridianLink Mortgage LOS Provisioning ,MeridianLink Mortgage,,Mortgage Credit Link,,,,Baseline MeridianLink Mortgage LOS Provisioning ,Baseline MeridianLink Mortgage LOS Provisioning ,Baseline MeridianLink Mortgage LOS Provisioning ,Baseline MeridianLink Mortgage LOS Provisioning ,Baseline MeridianLink Mortgage LOS Provisioning ,Baseline MeridianLink Mortgage LOS Provisioning ,Baseline MeridianLink Mortgage LOS Provisioning ,Baseline MeridianLink Mortgage LOS Provisioning ,Baseline MeridianLink Mortgage LOS Provisioning ,Baseline MeridianLink Mortgage LOS Provisioning ,Baseline MeridianLink Mortgage LOS Provisioning ,Baseline MeridianLink Mortgage LOS Provisioning ,Baseline MeridianLink Mortgage LOS Provisioning ,Baseline MeridianLink Mortgage LOS Provisioning ,Baseline MeridianLink Mortgage LOS Provisioning ,Baseline MeridianLink Mortgage LOS Provisioning ,Baseline MeridianLink Mortgage LOS Provisioning ,Baseline MeridianLink Mortgage LOS Provisioning ,Baseline MeridianLink Mortgage LOS Provisioning ,Baseline MeridianLink Mortgage LOS Provisioning ,Baseline MeridianLink Mortgage LOS Provisioning ,Baseline MeridianLink Mortgage LOS Provisioning ,Baseline MeridianLink Mortgage LOS Provisioning ,Baseline MeridianLink Mortgage LOS Provisioning ,Baseline MeridianLink Mortgage LOS Provisioning ,Baseline MeridianLink Mortgage LOS Provisioning ,Baseline MeridianLink Mortgage LOS Provisioning ,Baseline MeridianLink Mortgage LOS Provisioning ,Baseline MeridianLink Mortgage LOS Provisioning ,Baseline MeridianLink Mortgage LOS Provisioning ,Baseline MeridianLink Mortgage LOS Provisioning ,Baseline MeridianLink Mortgage LOS Provisioning ,Baseline MeridianLink Mortgage LOS Provisioning ,Baseline MeridianLink Mortgage LOS Provisioning 
MeridianLink Mortgage LOS First Lien Loans Tier 03 (675 - 899 Closed Loans/Month) with 3 implementations,MeridianLink Mortgage,,Batch Field Update Service,MeridianLink Mortgage,,Reward,,,,Batch Field Update Service,Batch Field Update Service,Batch Field Update Service,Batch Field Update Service,Batch Field Update Service,Batch Field Update Service,Batch Field Update Service,Batch Field Update Service,Batch Field Update Service,Batch Field Update Service,Batch Field Update Service,Batch Field Update Service,Batch Field Update Service,Batch Field Update Service,Batch Field Update Service,Batch Field Update Service,Batch Field Update Service,Batch Field Update Service,Batch Field Update Service,Batch Field Update Service,Batch Field Update Service,Batch Field Update Service,Batch Field Update Service,Batch Field Update Service,Batch Field Update Service,Batch Field Update Service,Batch Field Update Service,Batch Field Update Service,Batch Field Update Service,Batch Field Update Service,Batch Field Update Service,Batch Field Update Service,Batch Field Update Service,Batch Field Update Service
MeridianLink Mortgage LOS First Lien Loans Tier 03 (675 - 899 Closed Loans/Month) with no implementations,MeridianLink Mortgage,,Core Conversion (Mortgage),MeridianLink Mortgage,,TazCloud,,,,Core Conversion (Mortgage),Core Conversion (Mortgage),Core Conversion (Mortgage),Core Conversion (Mortgage),Core Conversion (Mortgage),Core Conversion (Mortgage),Core Conversion (Mortgage),Core Conversion (Mortgage),Core Conversion (Mortgage),Core Conversion (Mortgage),Core Conversion (Mortgage),Core Conversion (Mortgage),Core Conversion (Mortgage),Core Conversion (Mortgage),Core Conversion (Mortgage),Core Conversion (Mortgage),Core Conversion (Mortgage),Core Conversion (Mortgage),Core Conversion (Mortgage),Core Conversion (Mortgage),Core Conversion (Mortgage),Core Conversion (Mortgage),Core Conversion (Mortgage),Core Conversion (Mortgage),Core Conversion (Mortgage),Core Conversion (Mortgage),Core Conversion (Mortgage),Core Conversion (Mortgage),Core Conversion (Mortgage),Core Conversion (Mortgage),Core Conversion (Mortgage),Core Conversion (Mortgage),Core Conversion (Mortgage),Core Conversion (Mortgage)
MeridianLink Mortgage LOS First Lien Loans Tier 04 (525 - 674 Closed Loans/Month) with 1 implementation,MeridianLink Mortgage,,Corelation KeyStone (Mortgage),MeridianLink Mortgage,,Trade House Data,,,,Corelation KeyStone (Mortgage),Corelation KeyStone (Mortgage),Corelation KeyStone (Mortgage),Corelation KeyStone (Mortgage),Corelation KeyStone (Mortgage),Corelation KeyStone (Mortgage),Corelation KeyStone (Mortgage),Corelation KeyStone (Mortgage),Corelation KeyStone (Mortgage),Corelation KeyStone (Mortgage),Corelation KeyStone (Mortgage),Corelation KeyStone (Mortgage),Corelation KeyStone (Mortgage),Corelation KeyStone (Mortgage),Corelation KeyStone (Mortgage),Corelation KeyStone (Mortgage),Corelation KeyStone (Mortgage),Corelation KeyStone (Mortgage),Corelation KeyStone (Mortgage),Corelation KeyStone (Mortgage),Corelation KeyStone (Mortgage),Corelation KeyStone (Mortgage),Corelation KeyStone (Mortgage),Corelation KeyStone (Mortgage),Corelation KeyStone (Mortgage),Corelation KeyStone (Mortgage),Corelation KeyStone (Mortgage),Corelation KeyStone (Mortgage),Corelation KeyStone (Mortgage),Corelation KeyStone (Mortgage),Corelation KeyStone (Mortgage),Corelation KeyStone (Mortgage),Corelation KeyStone (Mortgage),Corelation KeyStone (Mortgage)
MeridianLink Mortgage LOS First Lien Loans Tier 04 (525 - 674 Closed Loans/Month) with 2 implementations,MeridianLink Mortgage,,Data Storage - Mortgage (Inactive ML Mortgage clients),MeridianLink Mortgage,,,,,,Data Storage - Mortgage (Inactive ML Mortgage clients),Data Storage - Mortgage (Inactive ML Mortgage clients),Data Storage - Mortgage (Inactive ML Mortgage clients),Data Storage - Mortgage (Inactive ML Mortgage clients),Data Storage - Mortgage (Inactive ML Mortgage clients),Data Storage - Mortgage (Inactive ML Mortgage clients),Data Storage - Mortgage (Inactive ML Mortgage clients),Data Storage - Mortgage (Inactive ML Mortgage clients),Data Storage - Mortgage (Inactive ML Mortgage clients),Data Storage - Mortgage (Inactive ML Mortgage clients),Data Storage - Mortgage (Inactive ML Mortgage clients),Data Storage - Mortgage (Inactive ML Mortgage clients),Data Storage - Mortgage (Inactive ML Mortgage clients),Data Storage - Mortgage (Inactive ML Mortgage clients),Data Storage - Mortgage (Inactive ML Mortgage clients),Data Storage - Mortgage (Inactive ML Mortgage clients),Data Storage - Mortgage (Inactive ML Mortgage clients),Data Storage - Mortgage (Inactive ML Mortgage clients),Data Storage - Mortgage (Inactive ML Mortgage clients),Data Storage - Mortgage (Inactive ML Mortgage clients),Data Storage - Mortgage (Inactive ML Mortgage clients),Data Storage - Mortgage (Inactive ML Mortgage clients),Data Storage - Mortgage (Inactive ML Mortgage clients),Data Storage - Mortgage (Inactive ML Mortgage clients),Data Storage - Mortgage (Inactive ML Mortgage clients),Data Storage - Mortgage (Inactive ML Mortgage clients),Data Storage - Mortgage (Inactive ML Mortgage clients),Data Storage - Mortgage (Inactive ML Mortgage clients),Data Storage - Mortgage (Inactive ML Mortgage clients),Data Storage - Mortgage (Inactive ML Mortgage clients),Data Storage - Mortgage (Inactive ML Mortgage clients),Data Storage - Mortgage (Inactive ML Mortgage clients),Data Storage - Mortgage (Inactive ML Mortgage clients),Data Storage - Mortgage (Inactive ML Mortgage clients)
MeridianLink Mortgage LOS First Lien Loans Tier 04 (525 - 674 Closed Loans/Month) with 3 implementations,MeridianLink Mortgage,,Data Storage - OpenClose,MeridianLink Mortgage,,,,,,Data Storage - OpenClose,Data Storage - OpenClose,Data Storage - OpenClose,Data Storage - OpenClose,Data Storage - OpenClose,Data Storage - OpenClose,Data Storage - OpenClose,Data Storage - OpenClose,Data Storage - OpenClose,Data Storage - OpenClose,Data Storage - OpenClose,Data Storage - OpenClose,Data Storage - OpenClose,Data Storage - OpenClose,Data Storage - OpenClose,Data Storage - OpenClose,Data Storage - OpenClose,Data Storage - OpenClose,Data Storage - OpenClose,Data Storage - OpenClose,Data Storage - OpenClose,Data Storage - OpenClose,Data Storage - OpenClose,Data Storage - OpenClose,Data Storage - OpenClose,Data Storage - OpenClose,Data Storage - OpenClose,Data Storage - OpenClose,Data Storage - OpenClose,Data Storage - OpenClose,Data Storage - OpenClose,Data Storage - OpenClose,Data Storage - OpenClose,Data Storage - OpenClose
MeridianLink Mortgage LOS First Lien Loans Tier 04 (525 - 674 Closed Loans/Month) with no implementations,MeridianLink Mortgage,,Debt Optimization & Cross-Sell,MeridianLink Mortgage,,,,,,Debt Optimization & Cross-Sell,Debt Optimization & Cross-Sell,Debt Optimization & Cross-Sell,Debt Optimization & Cross-Sell,Debt Optimization & Cross-Sell,Debt Optimization & Cross-Sell,Debt Optimization & Cross-Sell,Debt Optimization & Cross-Sell,Debt Optimization & Cross-Sell,Debt Optimization & Cross-Sell,Debt Optimization & Cross-Sell,Debt Optimization & Cross-Sell,Debt Optimization & Cross-Sell,Debt Optimization & Cross-Sell,Debt Optimization & Cross-Sell,Debt Optimization & Cross-Sell,Debt Optimization & Cross-Sell,Debt Optimization & Cross-Sell,Debt Optimization & Cross-Sell,Debt Optimization & Cross-Sell,Debt Optimization & Cross-Sell,Debt Optimization & Cross-Sell,Debt Optimization & Cross-Sell,Debt Optimization & Cross-Sell,Debt Optimization & Cross-Sell,Debt Optimization & Cross-Sell,Debt Optimization & Cross-Sell,Debt Optimization & Cross-Sell,Debt Optimization & Cross-Sell,Debt Optimization & Cross-Sell,Debt Optimization & Cross-Sell,Debt Optimization & Cross-Sell,Debt Optimization & Cross-Sell,Debt Optimization & Cross-Sell
MeridianLink Mortgage LOS First Lien Loans Tier 05 (400 - 524 Closed Loans/Month) with 1 implementation,MeridianLink Mortgage,,DocMagic Doc Service Add On,MeridianLink Mortgage,,,,,,DocMagic Doc Service Add On,DocMagic Doc Service Add On,DocMagic Doc Service Add On,DocMagic Doc Service Add On,DocMagic Doc Service Add On,DocMagic Doc Service Add On,DocMagic Doc Service Add On,DocMagic Doc Service Add On,DocMagic Doc Service Add On,DocMagic Doc Service Add On,DocMagic Doc Service Add On,DocMagic Doc Service Add On,DocMagic Doc Service Add On,DocMagic Doc Service Add On,DocMagic Doc Service Add On,DocMagic Doc Service Add On,DocMagic Doc Service Add On,DocMagic Doc Service Add On,DocMagic Doc Service Add On,DocMagic Doc Service Add On,DocMagic Doc Service Add On,DocMagic Doc Service Add On,DocMagic Doc Service Add On,DocMagic Doc Service Add On,DocMagic Doc Service Add On,DocMagic Doc Service Add On,DocMagic Doc Service Add On,DocMagic Doc Service Add On,DocMagic Doc Service Add On,DocMagic Doc Service Add On,DocMagic Doc Service Add On,DocMagic Doc Service Add On,DocMagic Doc Service Add On,DocMagic Doc Service Add On
MeridianLink Mortgage LOS First Lien Loans Tier 05 (400 - 524 Closed Loans/Month) with 2 implementations,MeridianLink Mortgage,,Fiserv DNA (Mortgage),MeridianLink Mortgage,,,,,,Fiserv DNA (Mortgage),Fiserv DNA (Mortgage),Fiserv DNA (Mortgage),Fiserv DNA (Mortgage),Fiserv DNA (Mortgage),Fiserv DNA (Mortgage),Fiserv DNA (Mortgage),Fiserv DNA (Mortgage),Fiserv DNA (Mortgage),Fiserv DNA (Mortgage),Fiserv DNA (Mortgage),Fiserv DNA (Mortgage),Fiserv DNA (Mortgage),Fiserv DNA (Mortgage),Fiserv DNA (Mortgage),Fiserv DNA (Mortgage),Fiserv DNA (Mortgage),Fiserv DNA (Mortgage),Fiserv DNA (Mortgage),Fiserv DNA (Mortgage),Fiserv DNA (Mortgage),Fiserv DNA (Mortgage),Fiserv DNA (Mortgage),Fiserv DNA (Mortgage),Fiserv DNA (Mortgage),Fiserv DNA (Mortgage),Fiserv DNA (Mortgage),Fiserv DNA (Mortgage),Fiserv DNA (Mortgage),Fiserv DNA (Mortgage),Fiserv DNA (Mortgage),Fiserv DNA (Mortgage),Fiserv DNA (Mortgage),Fiserv DNA (Mortgage)
MeridianLink Mortgage LOS First Lien Loans Tier 05 (400 - 524 Closed Loans/Month) with 3 implementations,MeridianLink Mortgage,,MeridianLink Insight For Mortgage Tier 01 (1200+ Closed Loans/Mon),MeridianLink Mortgage,,,,,,MeridianLink Insight For Mortgage Tier 01 (1200+ Closed Loans/Mon),MeridianLink Insight For Mortgage Tier 01 (1200+ Closed Loans/Mon),MeridianLink Insight For Mortgage Tier 01 (1200+ Closed Loans/Mon),MeridianLink Insight For Mortgage Tier 01 (1200+ Closed Loans/Mon),MeridianLink Insight For Mortgage Tier 01 (1200+ Closed Loans/Mon),MeridianLink Insight For Mortgage Tier 01 (1200+ Closed Loans/Mon),MeridianLink Insight For Mortgage Tier 01 (1200+ Closed Loans/Mon),MeridianLink Insight For Mortgage Tier 01 (1200+ Closed Loans/Mon),MeridianLink Insight For Mortgage Tier 01 (1200+ Closed Loans/Mon),MeridianLink Insight For Mortgage Tier 01 (1200+ Closed Loans/Mon),MeridianLink Insight For Mortgage Tier 01 (1200+ Closed Loans/Mon),MeridianLink Insight For Mortgage Tier 01 (1200+ Closed Loans/Mon),MeridianLink Insight For Mortgage Tier 01 (1200+ Closed Loans/Mon),MeridianLink Insight For Mortgage Tier 01 (1200+ Closed Loans/Mon),MeridianLink Insight For Mortgage Tier 01 (1200+ Closed Loans/Mon),MeridianLink Insight For Mortgage Tier 01 (1200+ Closed Loans/Mon),MeridianLink Insight For Mortgage Tier 01 (1200+ Closed Loans/Mon),MeridianLink Insight For Mortgage Tier 01 (1200+ Closed Loans/Mon),MeridianLink Insight For Mortgage Tier 01 (1200+ Closed Loans/Mon),MeridianLink Insight For Mortgage Tier 01 (1200+ Closed Loans/Mon),MeridianLink Insight For Mortgage Tier 01 (1200+ Closed Loans/Mon),MeridianLink Insight For Mortgage Tier 01 (1200+ Closed Loans/Mon),MeridianLink Insight For Mortgage Tier 01 (1200+ Closed Loans/Mon),MeridianLink Insight For Mortgage Tier 01 (1200+ Closed Loans/Mon),MeridianLink Insight For Mortgage Tier 01 (1200+ Closed Loans/Mon),MeridianLink Insight For Mortgage Tier 01 (1200+ Closed Loans/Mon),MeridianLink Insight For Mortgage Tier 01 (1200+ Closed Loans/Mon),MeridianLink Insight For Mortgage Tier 01 (1200+ Closed Loans/Mon),MeridianLink Insight For Mortgage Tier 01 (1200+ Closed Loans/Mon),MeridianLink Insight For Mortgage Tier 01 (1200+ Closed Loans/Mon),MeridianLink Insight For Mortgage Tier 01 (1200+ Closed Loans/Mon),MeridianLink Insight For Mortgage Tier 01 (1200+ Closed Loans/Mon),MeridianLink Insight For Mortgage Tier 01 (1200+ Closed Loans/Mon),MeridianLink Insight For Mortgage Tier 01 (1200+ Closed Loans/Mon)
MeridianLink Mortgage LOS First Lien Loans Tier 05 (400 - 524 Closed Loans/Month) with no implementations,MeridianLink Mortgage,,MeridianLink Insight For Mortgage Tier 02 (900-1199 Closed Loans/Mon),MeridianLink Mortgage,,,,,,MeridianLink Insight For Mortgage Tier 02 (900-1199 Closed Loans/Mon),MeridianLink Insight For Mortgage Tier 02 (900-1199 Closed Loans/Mon),MeridianLink Insight For Mortgage Tier 02 (900-1199 Closed Loans/Mon),MeridianLink Insight For Mortgage Tier 02 (900-1199 Closed Loans/Mon),MeridianLink Insight For Mortgage Tier 02 (900-1199 Closed Loans/Mon),MeridianLink Insight For Mortgage Tier 02 (900-1199 Closed Loans/Mon),MeridianLink Insight For Mortgage Tier 02 (900-1199 Closed Loans/Mon),MeridianLink Insight For Mortgage Tier 02 (900-1199 Closed Loans/Mon),MeridianLink Insight For Mortgage Tier 02 (900-1199 Closed Loans/Mon),MeridianLink Insight For Mortgage Tier 02 (900-1199 Closed Loans/Mon),MeridianLink Insight For Mortgage Tier 02 (900-1199 Closed Loans/Mon),MeridianLink Insight For Mortgage Tier 02 (900-1199 Closed Loans/Mon),MeridianLink Insight For Mortgage Tier 02 (900-1199 Closed Loans/Mon),MeridianLink Insight For Mortgage Tier 02 (900-1199 Closed Loans/Mon),MeridianLink Insight For Mortgage Tier 02 (900-1199 Closed Loans/Mon),MeridianLink Insight For Mortgage Tier 02 (900-1199 Closed Loans/Mon),MeridianLink Insight For Mortgage Tier 02 (900-1199 Closed Loans/Mon),MeridianLink Insight For Mortgage Tier 02 (900-1199 Closed Loans/Mon),MeridianLink Insight For Mortgage Tier 02 (900-1199 Closed Loans/Mon),MeridianLink Insight For Mortgage Tier 02 (900-1199 Closed Loans/Mon),MeridianLink Insight For Mortgage Tier 02 (900-1199 Closed Loans/Mon),MeridianLink Insight For Mortgage Tier 02 (900-1199 Closed Loans/Mon),MeridianLink Insight For Mortgage Tier 02 (900-1199 Closed Loans/Mon),MeridianLink Insight For Mortgage Tier 02 (900-1199 Closed Loans/Mon),MeridianLink Insight For Mortgage Tier 02 (900-1199 Closed Loans/Mon),MeridianLink Insight For Mortgage Tier 02 (900-1199 Closed Loans/Mon),MeridianLink Insight For Mortgage Tier 02 (900-1199 Closed Loans/Mon),MeridianLink Insight For Mortgage Tier 02 (900-1199 Closed Loans/Mon),MeridianLink Insight For Mortgage Tier 02 (900-1199 Closed Loans/Mon),MeridianLink Insight For Mortgage Tier 02 (900-1199 Closed Loans/Mon),MeridianLink Insight For Mortgage Tier 02 (900-1199 Closed Loans/Mon),MeridianLink Insight For Mortgage Tier 02 (900-1199 Closed Loans/Mon),MeridianLink Insight For Mortgage Tier 02 (900-1199 Closed Loans/Mon),MeridianLink Insight For Mortgage Tier 02 (900-1199 Closed Loans/Mon)
MeridianLink Mortgage LOS First Lien Loans Tier 06 (300 - 399 Closed Loans/Month) with 1 implementation,MeridianLink Mortgage,,MeridianLink Insight For Mortgage Tier 03 (675-899 Closed Loans/Mon),MeridianLink Mortgage,,,,,,MeridianLink Insight For Mortgage Tier 03 (675-899 Closed Loans/Mon),MeridianLink Insight For Mortgage Tier 03 (675-899 Closed Loans/Mon),MeridianLink Insight For Mortgage Tier 03 (675-899 Closed Loans/Mon),MeridianLink Insight For Mortgage Tier 03 (675-899 Closed Loans/Mon),MeridianLink Insight For Mortgage Tier 03 (675-899 Closed Loans/Mon),MeridianLink Insight For Mortgage Tier 03 (675-899 Closed Loans/Mon),MeridianLink Insight For Mortgage Tier 03 (675-899 Closed Loans/Mon),MeridianLink Insight For Mortgage Tier 03 (675-899 Closed Loans/Mon),MeridianLink Insight For Mortgage Tier 03 (675-899 Closed Loans/Mon),MeridianLink Insight For Mortgage Tier 03 (675-899 Closed Loans/Mon),MeridianLink Insight For Mortgage Tier 03 (675-899 Closed Loans/Mon),MeridianLink Insight For Mortgage Tier 03 (675-899 Closed Loans/Mon),MeridianLink Insight For Mortgage Tier 03 (675-899 Closed Loans/Mon),MeridianLink Insight For Mortgage Tier 03 (675-899 Closed Loans/Mon),MeridianLink Insight For Mortgage Tier 03 (675-899 Closed Loans/Mon),MeridianLink Insight For Mortgage Tier 03 (675-899 Closed Loans/Mon),MeridianLink Insight For Mortgage Tier 03 (675-899 Closed Loans/Mon),MeridianLink Insight For Mortgage Tier 03 (675-899 Closed Loans/Mon),MeridianLink Insight For Mortgage Tier 03 (675-899 Closed Loans/Mon),MeridianLink Insight For Mortgage Tier 03 (675-899 Closed Loans/Mon),MeridianLink Insight For Mortgage Tier 03 (675-899 Closed Loans/Mon),MeridianLink Insight For Mortgage Tier 03 (675-899 Closed Loans/Mon),MeridianLink Insight For Mortgage Tier 03 (675-899 Closed Loans/Mon),MeridianLink Insight For Mortgage Tier 03 (675-899 Closed Loans/Mon),MeridianLink Insight For Mortgage Tier 03 (675-899 Closed Loans/Mon),MeridianLink Insight For Mortgage Tier 03 (675-899 Closed Loans/Mon),MeridianLink Insight For Mortgage Tier 03 (675-899 Closed Loans/Mon),MeridianLink Insight For Mortgage Tier 03 (675-899 Closed Loans/Mon),MeridianLink Insight For Mortgage Tier 03 (675-899 Closed Loans/Mon),MeridianLink Insight For Mortgage Tier 03 (675-899 Closed Loans/Mon),MeridianLink Insight For Mortgage Tier 03 (675-899 Closed Loans/Mon),MeridianLink Insight For Mortgage Tier 03 (675-899 Closed Loans/Mon),MeridianLink Insight For Mortgage Tier 03 (675-899 Closed Loans/Mon),MeridianLink Insight For Mortgage Tier 03 (675-899 Closed Loans/Mon)
MeridianLink Mortgage LOS First Lien Loans Tier 06 (300 - 399 Closed Loans/Month) with 2 implentations,MeridianLink Mortgage,,MeridianLink Insight For Mortgage Tier 04 (525-674 Closed Loans/Mon),MeridianLink Mortgage,,,,,,MeridianLink Insight For Mortgage Tier 04 (525-674 Closed Loans/Mon),MeridianLink Insight For Mortgage Tier 04 (525-674 Closed Loans/Mon),MeridianLink Insight For Mortgage Tier 04 (525-674 Closed Loans/Mon),MeridianLink Insight For Mortgage Tier 04 (525-674 Closed Loans/Mon),MeridianLink Insight For Mortgage Tier 04 (525-674 Closed Loans/Mon),MeridianLink Insight For Mortgage Tier 04 (525-674 Closed Loans/Mon),MeridianLink Insight For Mortgage Tier 04 (525-674 Closed Loans/Mon),MeridianLink Insight For Mortgage Tier 04 (525-674 Closed Loans/Mon),MeridianLink Insight For Mortgage Tier 04 (525-674 Closed Loans/Mon),MeridianLink Insight For Mortgage Tier 04 (525-674 Closed Loans/Mon),MeridianLink Insight For Mortgage Tier 04 (525-674 Closed Loans/Mon),MeridianLink Insight For Mortgage Tier 04 (525-674 Closed Loans/Mon),MeridianLink Insight For Mortgage Tier 04 (525-674 Closed Loans/Mon),MeridianLink Insight For Mortgage Tier 04 (525-674 Closed Loans/Mon),MeridianLink Insight For Mortgage Tier 04 (525-674 Closed Loans/Mon),MeridianLink Insight For Mortgage Tier 04 (525-674 Closed Loans/Mon),MeridianLink Insight For Mortgage Tier 04 (525-674 Closed Loans/Mon),MeridianLink Insight For Mortgage Tier 04 (525-674 Closed Loans/Mon),MeridianLink Insight For Mortgage Tier 04 (525-674 Closed Loans/Mon),MeridianLink Insight For Mortgage Tier 04 (525-674 Closed Loans/Mon),MeridianLink Insight For Mortgage Tier 04 (525-674 Closed Loans/Mon),MeridianLink Insight For Mortgage Tier 04 (525-674 Closed Loans/Mon),MeridianLink Insight For Mortgage Tier 04 (525-674 Closed Loans/Mon),MeridianLink Insight For Mortgage Tier 04 (525-674 Closed Loans/Mon),MeridianLink Insight For Mortgage Tier 04 (525-674 Closed Loans/Mon),MeridianLink Insight For Mortgage Tier 04 (525-674 Closed Loans/Mon),MeridianLink Insight For Mortgage Tier 04 (525-674 Closed Loans/Mon),MeridianLink Insight For Mortgage Tier 04 (525-674 Closed Loans/Mon),MeridianLink Insight For Mortgage Tier 04 (525-674 Closed Loans/Mon),MeridianLink Insight For Mortgage Tier 04 (525-674 Closed Loans/Mon),MeridianLink Insight For Mortgage Tier 04 (525-674 Closed Loans/Mon),MeridianLink Insight For Mortgage Tier 04 (525-674 Closed Loans/Mon),MeridianLink Insight For Mortgage Tier 04 (525-674 Closed Loans/Mon),MeridianLink Insight For Mortgage Tier 04 (525-674 Closed Loans/Mon)
MeridianLink Mortgage LOS First Lien Loans Tier 06 (300 - 399 Closed Loans/Month) with 3 implementations,MeridianLink Mortgage,,MeridianLink Insight For Mortgage Tier 05 (400-524 Closed Loans/Mon),MeridianLink Mortgage,,,,,,MeridianLink Insight For Mortgage Tier 05 (400-524 Closed Loans/Mon),MeridianLink Insight For Mortgage Tier 05 (400-524 Closed Loans/Mon),MeridianLink Insight For Mortgage Tier 05 (400-524 Closed Loans/Mon),MeridianLink Insight For Mortgage Tier 05 (400-524 Closed Loans/Mon),MeridianLink Insight For Mortgage Tier 05 (400-524 Closed Loans/Mon),MeridianLink Insight For Mortgage Tier 05 (400-524 Closed Loans/Mon),MeridianLink Insight For Mortgage Tier 05 (400-524 Closed Loans/Mon),MeridianLink Insight For Mortgage Tier 05 (400-524 Closed Loans/Mon),MeridianLink Insight For Mortgage Tier 05 (400-524 Closed Loans/Mon),MeridianLink Insight For Mortgage Tier 05 (400-524 Closed Loans/Mon),MeridianLink Insight For Mortgage Tier 05 (400-524 Closed Loans/Mon),MeridianLink Insight For Mortgage Tier 05 (400-524 Closed Loans/Mon),MeridianLink Insight For Mortgage Tier 05 (400-524 Closed Loans/Mon),MeridianLink Insight For Mortgage Tier 05 (400-524 Closed Loans/Mon),MeridianLink Insight For Mortgage Tier 05 (400-524 Closed Loans/Mon),MeridianLink Insight For Mortgage Tier 05 (400-524 Closed Loans/Mon),MeridianLink Insight For Mortgage Tier 05 (400-524 Closed Loans/Mon),MeridianLink Insight For Mortgage Tier 05 (400-524 Closed Loans/Mon),MeridianLink Insight For Mortgage Tier 05 (400-524 Closed Loans/Mon),MeridianLink Insight For Mortgage Tier 05 (400-524 Closed Loans/Mon),MeridianLink Insight For Mortgage Tier 05 (400-524 Closed Loans/Mon),MeridianLink Insight For Mortgage Tier 05 (400-524 Closed Loans/Mon),MeridianLink Insight For Mortgage Tier 05 (400-524 Closed Loans/Mon),MeridianLink Insight For Mortgage Tier 05 (400-524 Closed Loans/Mon),MeridianLink Insight For Mortgage Tier 05 (400-524 Closed Loans/Mon),MeridianLink Insight For Mortgage Tier 05 (400-524 Closed Loans/Mon),MeridianLink Insight For Mortgage Tier 05 (400-524 Closed Loans/Mon),MeridianLink Insight For Mortgage Tier 05 (400-524 Closed Loans/Mon),MeridianLink Insight For Mortgage Tier 05 (400-524 Closed Loans/Mon),MeridianLink Insight For Mortgage Tier 05 (400-524 Closed Loans/Mon),MeridianLink Insight For Mortgage Tier 05 (400-524 Closed Loans/Mon),MeridianLink Insight For Mortgage Tier 05 (400-524 Closed Loans/Mon),MeridianLink Insight For Mortgage Tier 05 (400-524 Closed Loans/Mon),MeridianLink Insight For Mortgage Tier 05 (400-524 Closed Loans/Mon)
MeridianLink Mortgage LOS First Lien Loans Tier 06 (300 - 399 Closed Loans/Month) with no implementations,MeridianLink Mortgage,,MeridianLink Insight For Mortgage Tier 06 (300-399 Closed Loans/Mon),MeridianLink Mortgage,,,,,,MeridianLink Insight For Mortgage Tier 06 (300-399 Closed Loans/Mon),MeridianLink Insight For Mortgage Tier 06 (300-399 Closed Loans/Mon),MeridianLink Insight For Mortgage Tier 06 (300-399 Closed Loans/Mon),MeridianLink Insight For Mortgage Tier 06 (300-399 Closed Loans/Mon),MeridianLink Insight For Mortgage Tier 06 (300-399 Closed Loans/Mon),MeridianLink Insight For Mortgage Tier 06 (300-399 Closed Loans/Mon),MeridianLink Insight For Mortgage Tier 06 (300-399 Closed Loans/Mon),MeridianLink Insight For Mortgage Tier 06 (300-399 Closed Loans/Mon),MeridianLink Insight For Mortgage Tier 06 (300-399 Closed Loans/Mon),MeridianLink Insight For Mortgage Tier 06 (300-399 Closed Loans/Mon),MeridianLink Insight For Mortgage Tier 06 (300-399 Closed Loans/Mon),MeridianLink Insight For Mortgage Tier 06 (300-399 Closed Loans/Mon),MeridianLink Insight For Mortgage Tier 06 (300-399 Closed Loans/Mon),MeridianLink Insight For Mortgage Tier 06 (300-399 Closed Loans/Mon),MeridianLink Insight For Mortgage Tier 06 (300-399 Closed Loans/Mon),MeridianLink Insight For Mortgage Tier 06 (300-399 Closed Loans/Mon),MeridianLink Insight For Mortgage Tier 06 (300-399 Closed Loans/Mon),MeridianLink Insight For Mortgage Tier 06 (300-399 Closed Loans/Mon),MeridianLink Insight For Mortgage Tier 06 (300-399 Closed Loans/Mon),MeridianLink Insight For Mortgage Tier 06 (300-399 Closed Loans/Mon),MeridianLink Insight For Mortgage Tier 06 (300-399 Closed Loans/Mon),MeridianLink Insight For Mortgage Tier 06 (300-399 Closed Loans/Mon),MeridianLink Insight For Mortgage Tier 06 (300-399 Closed Loans/Mon),MeridianLink Insight For Mortgage Tier 06 (300-399 Closed Loans/Mon),MeridianLink Insight For Mortgage Tier 06 (300-399 Closed Loans/Mon),MeridianLink Insight For Mortgage Tier 06 (300-399 Closed Loans/Mon),MeridianLink Insight For Mortgage Tier 06 (300-399 Closed Loans/Mon),MeridianLink Insight For Mortgage Tier 06 (300-399 Closed Loans/Mon),MeridianLink Insight For Mortgage Tier 06 (300-399 Closed Loans/Mon),MeridianLink Insight For Mortgage Tier 06 (300-399 Closed Loans/Mon),MeridianLink Insight For Mortgage Tier 06 (300-399 Closed Loans/Mon),MeridianLink Insight For Mortgage Tier 06 (300-399 Closed Loans/Mon),MeridianLink Insight For Mortgage Tier 06 (300-399 Closed Loans/Mon),MeridianLink Insight For Mortgage Tier 06 (300-399 Closed Loans/Mon)
MeridianLink Mortgage LOS First Lien Loans Tier 07 (225 - 299 Closed Loans/Month) with 1 implementation,MeridianLink Mortgage,,MeridianLink Insight For Mortgage Tier 07 (225-299 Closed Loans/Mon),MeridianLink Mortgage,,,,,,MeridianLink Insight For Mortgage Tier 07 (225-299 Closed Loans/Mon),MeridianLink Insight For Mortgage Tier 07 (225-299 Closed Loans/Mon),MeridianLink Insight For Mortgage Tier 07 (225-299 Closed Loans/Mon),MeridianLink Insight For Mortgage Tier 07 (225-299 Closed Loans/Mon),MeridianLink Insight For Mortgage Tier 07 (225-299 Closed Loans/Mon),MeridianLink Insight For Mortgage Tier 07 (225-299 Closed Loans/Mon),MeridianLink Insight For Mortgage Tier 07 (225-299 Closed Loans/Mon),MeridianLink Insight For Mortgage Tier 07 (225-299 Closed Loans/Mon),MeridianLink Insight For Mortgage Tier 07 (225-299 Closed Loans/Mon),MeridianLink Insight For Mortgage Tier 07 (225-299 Closed Loans/Mon),MeridianLink Insight For Mortgage Tier 07 (225-299 Closed Loans/Mon),MeridianLink Insight For Mortgage Tier 07 (225-299 Closed Loans/Mon),MeridianLink Insight For Mortgage Tier 07 (225-299 Closed Loans/Mon),MeridianLink Insight For Mortgage Tier 07 (225-299 Closed Loans/Mon),MeridianLink Insight For Mortgage Tier 07 (225-299 Closed Loans/Mon),MeridianLink Insight For Mortgage Tier 07 (225-299 Closed Loans/Mon),MeridianLink Insight For Mortgage Tier 07 (225-299 Closed Loans/Mon),MeridianLink Insight For Mortgage Tier 07 (225-299 Closed Loans/Mon),MeridianLink Insight For Mortgage Tier 07 (225-299 Closed Loans/Mon),MeridianLink Insight For Mortgage Tier 07 (225-299 Closed Loans/Mon),MeridianLink Insight For Mortgage Tier 07 (225-299 Closed Loans/Mon),MeridianLink Insight For Mortgage Tier 07 (225-299 Closed Loans/Mon),MeridianLink Insight For Mortgage Tier 07 (225-299 Closed Loans/Mon),MeridianLink Insight For Mortgage Tier 07 (225-299 Closed Loans/Mon),MeridianLink Insight For Mortgage Tier 07 (225-299 Closed Loans/Mon),MeridianLink Insight For Mortgage Tier 07 (225-299 Closed Loans/Mon),MeridianLink Insight For Mortgage Tier 07 (225-299 Closed Loans/Mon),MeridianLink Insight For Mortgage Tier 07 (225-299 Closed Loans/Mon),MeridianLink Insight For Mortgage Tier 07 (225-299 Closed Loans/Mon),MeridianLink Insight For Mortgage Tier 07 (225-299 Closed Loans/Mon),MeridianLink Insight For Mortgage Tier 07 (225-299 Closed Loans/Mon),MeridianLink Insight For Mortgage Tier 07 (225-299 Closed Loans/Mon),MeridianLink Insight For Mortgage Tier 07 (225-299 Closed Loans/Mon),MeridianLink Insight For Mortgage Tier 07 (225-299 Closed Loans/Mon)
MeridianLink Mortgage LOS First Lien Loans Tier 07 (225 - 299 Closed Loans/Month) with 2 implementations,MeridianLink Mortgage,,MeridianLink Insight For Mortgage Tier 08 (170-224 Closed Loans/Mon),MeridianLink Mortgage,,,,,,MeridianLink Insight For Mortgage Tier 08 (170-224 Closed Loans/Mon),MeridianLink Insight For Mortgage Tier 08 (170-224 Closed Loans/Mon),MeridianLink Insight For Mortgage Tier 08 (170-224 Closed Loans/Mon),MeridianLink Insight For Mortgage Tier 08 (170-224 Closed Loans/Mon),MeridianLink Insight For Mortgage Tier 08 (170-224 Closed Loans/Mon),MeridianLink Insight For Mortgage Tier 08 (170-224 Closed Loans/Mon),MeridianLink Insight For Mortgage Tier 08 (170-224 Closed Loans/Mon),MeridianLink Insight For Mortgage Tier 08 (170-224 Closed Loans/Mon),MeridianLink Insight For Mortgage Tier 08 (170-224 Closed Loans/Mon),MeridianLink Insight For Mortgage Tier 08 (170-224 Closed Loans/Mon),MeridianLink Insight For Mortgage Tier 08 (170-224 Closed Loans/Mon),MeridianLink Insight For Mortgage Tier 08 (170-224 Closed Loans/Mon),MeridianLink Insight For Mortgage Tier 08 (170-224 Closed Loans/Mon),MeridianLink Insight For Mortgage Tier 08 (170-224 Closed Loans/Mon),MeridianLink Insight For Mortgage Tier 08 (170-224 Closed Loans/Mon),MeridianLink Insight For Mortgage Tier 08 (170-224 Closed Loans/Mon),MeridianLink Insight For Mortgage Tier 08 (170-224 Closed Loans/Mon),MeridianLink Insight For Mortgage Tier 08 (170-224 Closed Loans/Mon),MeridianLink Insight For Mortgage Tier 08 (170-224 Closed Loans/Mon),MeridianLink Insight For Mortgage Tier 08 (170-224 Closed Loans/Mon),MeridianLink Insight For Mortgage Tier 08 (170-224 Closed Loans/Mon),MeridianLink Insight For Mortgage Tier 08 (170-224 Closed Loans/Mon),MeridianLink Insight For Mortgage Tier 08 (170-224 Closed Loans/Mon),MeridianLink Insight For Mortgage Tier 08 (170-224 Closed Loans/Mon),MeridianLink Insight For Mortgage Tier 08 (170-224 Closed Loans/Mon),MeridianLink Insight For Mortgage Tier 08 (170-224 Closed Loans/Mon),MeridianLink Insight For Mortgage Tier 08 (170-224 Closed Loans/Mon),MeridianLink Insight For Mortgage Tier 08 (170-224 Closed Loans/Mon),MeridianLink Insight For Mortgage Tier 08 (170-224 Closed Loans/Mon),MeridianLink Insight For Mortgage Tier 08 (170-224 Closed Loans/Mon),MeridianLink Insight For Mortgage Tier 08 (170-224 Closed Loans/Mon),MeridianLink Insight For Mortgage Tier 08 (170-224 Closed Loans/Mon),MeridianLink Insight For Mortgage Tier 08 (170-224 Closed Loans/Mon),MeridianLink Insight For Mortgage Tier 08 (170-224 Closed Loans/Mon)
MeridianLink Mortgage LOS First Lien Loans Tier 07 (225 - 299 Closed Loans/Month) with 3 implementations,MeridianLink Mortgage,,MeridianLink Insight For Mortgage Tier 09 (135-169 Closed Loans/Mon),MeridianLink Mortgage,,,,,,MeridianLink Insight For Mortgage Tier 09 (135-169 Closed Loans/Mon),MeridianLink Insight For Mortgage Tier 09 (135-169 Closed Loans/Mon),MeridianLink Insight For Mortgage Tier 09 (135-169 Closed Loans/Mon),MeridianLink Insight For Mortgage Tier 09 (135-169 Closed Loans/Mon),MeridianLink Insight For Mortgage Tier 09 (135-169 Closed Loans/Mon),MeridianLink Insight For Mortgage Tier 09 (135-169 Closed Loans/Mon),MeridianLink Insight For Mortgage Tier 09 (135-169 Closed Loans/Mon),MeridianLink Insight For Mortgage Tier 09 (135-169 Closed Loans/Mon),MeridianLink Insight For Mortgage Tier 09 (135-169 Closed Loans/Mon),MeridianLink Insight For Mortgage Tier 09 (135-169 Closed Loans/Mon),MeridianLink Insight For Mortgage Tier 09 (135-169 Closed Loans/Mon),MeridianLink Insight For Mortgage Tier 09 (135-169 Closed Loans/Mon),MeridianLink Insight For Mortgage Tier 09 (135-169 Closed Loans/Mon),MeridianLink Insight For Mortgage Tier 09 (135-169 Closed Loans/Mon),MeridianLink Insight For Mortgage Tier 09 (135-169 Closed Loans/Mon),MeridianLink Insight For Mortgage Tier 09 (135-169 Closed Loans/Mon),MeridianLink Insight For Mortgage Tier 09 (135-169 Closed Loans/Mon),MeridianLink Insight For Mortgage Tier 09 (135-169 Closed Loans/Mon),MeridianLink Insight For Mortgage Tier 09 (135-169 Closed Loans/Mon),MeridianLink Insight For Mortgage Tier 09 (135-169 Closed Loans/Mon),MeridianLink Insight For Mortgage Tier 09 (135-169 Closed Loans/Mon),MeridianLink Insight For Mortgage Tier 09 (135-169 Closed Loans/Mon),MeridianLink Insight For Mortgage Tier 09 (135-169 Closed Loans/Mon),MeridianLink Insight For Mortgage Tier 09 (135-169 Closed Loans/Mon),MeridianLink Insight For Mortgage Tier 09 (135-169 Closed Loans/Mon),MeridianLink Insight For Mortgage Tier 09 (135-169 Closed Loans/Mon),MeridianLink Insight For Mortgage Tier 09 (135-169 Closed Loans/Mon),MeridianLink Insight For Mortgage Tier 09 (135-169 Closed Loans/Mon),MeridianLink Insight For Mortgage Tier 09 (135-169 Closed Loans/Mon),MeridianLink Insight For Mortgage Tier 09 (135-169 Closed Loans/Mon),MeridianLink Insight For Mortgage Tier 09 (135-169 Closed Loans/Mon),MeridianLink Insight For Mortgage Tier 09 (135-169 Closed Loans/Mon),MeridianLink Insight For Mortgage Tier 09 (135-169 Closed Loans/Mon),MeridianLink Insight For Mortgage Tier 09 (135-169 Closed Loans/Mon)
MeridianLink Mortgage LOS First Lien Loans Tier 07 (225 - 299 Closed Loans/Month) with no implementations,MeridianLink Mortgage,,MeridianLink Insight For Mortgage Tier 10 (110-134 Closed Loans/Mon),MeridianLink Mortgage,,,,,,MeridianLink Insight For Mortgage Tier 10 (110-134 Closed Loans/Mon),MeridianLink Insight For Mortgage Tier 10 (110-134 Closed Loans/Mon),MeridianLink Insight For Mortgage Tier 10 (110-134 Closed Loans/Mon),MeridianLink Insight For Mortgage Tier 10 (110-134 Closed Loans/Mon),MeridianLink Insight For Mortgage Tier 10 (110-134 Closed Loans/Mon),MeridianLink Insight For Mortgage Tier 10 (110-134 Closed Loans/Mon),MeridianLink Insight For Mortgage Tier 10 (110-134 Closed Loans/Mon),MeridianLink Insight For Mortgage Tier 10 (110-134 Closed Loans/Mon),MeridianLink Insight For Mortgage Tier 10 (110-134 Closed Loans/Mon),MeridianLink Insight For Mortgage Tier 10 (110-134 Closed Loans/Mon),MeridianLink Insight For Mortgage Tier 10 (110-134 Closed Loans/Mon),MeridianLink Insight For Mortgage Tier 10 (110-134 Closed Loans/Mon),MeridianLink Insight For Mortgage Tier 10 (110-134 Closed Loans/Mon),MeridianLink Insight For Mortgage Tier 10 (110-134 Closed Loans/Mon),MeridianLink Insight For Mortgage Tier 10 (110-134 Closed Loans/Mon),MeridianLink Insight For Mortgage Tier 10 (110-134 Closed Loans/Mon),MeridianLink Insight For Mortgage Tier 10 (110-134 Closed Loans/Mon),MeridianLink Insight For Mortgage Tier 10 (110-134 Closed Loans/Mon),MeridianLink Insight For Mortgage Tier 10 (110-134 Closed Loans/Mon),MeridianLink Insight For Mortgage Tier 10 (110-134 Closed Loans/Mon),MeridianLink Insight For Mortgage Tier 10 (110-134 Closed Loans/Mon),MeridianLink Insight For Mortgage Tier 10 (110-134 Closed Loans/Mon),MeridianLink Insight For Mortgage Tier 10 (110-134 Closed Loans/Mon),MeridianLink Insight For Mortgage Tier 10 (110-134 Closed Loans/Mon),MeridianLink Insight For Mortgage Tier 10 (110-134 Closed Loans/Mon),MeridianLink Insight For Mortgage Tier 10 (110-134 Closed Loans/Mon),MeridianLink Insight For Mortgage Tier 10 (110-134 Closed Loans/Mon),MeridianLink Insight For Mortgage Tier 10 (110-134 Closed Loans/Mon),MeridianLink Insight For Mortgage Tier 10 (110-134 Closed Loans/Mon),MeridianLink Insight For Mortgage Tier 10 (110-134 Closed Loans/Mon),MeridianLink Insight For Mortgage Tier 10 (110-134 Closed Loans/Mon),MeridianLink Insight For Mortgage Tier 10 (110-134 Closed Loans/Mon),MeridianLink Insight For Mortgage Tier 10 (110-134 Closed Loans/Mon),MeridianLink Insight For Mortgage Tier 10 (110-134 Closed Loans/Mon)
MeridianLink Mortgage LOS First Lien Loans Tier 08 (170 - 224 Closed Loans/Month) with 1 implementation,MeridianLink Mortgage,,MeridianLink Insight For Mortgage Tier 11 (90-109 Closed Loans/Mon),MeridianLink Mortgage,,,,,,MeridianLink Insight For Mortgage Tier 11 (90-109 Closed Loans/Mon),MeridianLink Insight For Mortgage Tier 11 (90-109 Closed Loans/Mon),MeridianLink Insight For Mortgage Tier 11 (90-109 Closed Loans/Mon),MeridianLink Insight For Mortgage Tier 11 (90-109 Closed Loans/Mon),MeridianLink Insight For Mortgage Tier 11 (90-109 Closed Loans/Mon),MeridianLink Insight For Mortgage Tier 11 (90-109 Closed Loans/Mon),MeridianLink Insight For Mortgage Tier 11 (90-109 Closed Loans/Mon),MeridianLink Insight For Mortgage Tier 11 (90-109 Closed Loans/Mon),MeridianLink Insight For Mortgage Tier 11 (90-109 Closed Loans/Mon),MeridianLink Insight For Mortgage Tier 11 (90-109 Closed Loans/Mon),MeridianLink Insight For Mortgage Tier 11 (90-109 Closed Loans/Mon),MeridianLink Insight For Mortgage Tier 11 (90-109 Closed Loans/Mon),MeridianLink Insight For Mortgage Tier 11 (90-109 Closed Loans/Mon),MeridianLink Insight For Mortgage Tier 11 (90-109 Closed Loans/Mon),MeridianLink Insight For Mortgage Tier 11 (90-109 Closed Loans/Mon),MeridianLink Insight For Mortgage Tier 11 (90-109 Closed Loans/Mon),MeridianLink Insight For Mortgage Tier 11 (90-109 Closed Loans/Mon),MeridianLink Insight For Mortgage Tier 11 (90-109 Closed Loans/Mon),MeridianLink Insight For Mortgage Tier 11 (90-109 Closed Loans/Mon),MeridianLink Insight For Mortgage Tier 11 (90-109 Closed Loans/Mon),MeridianLink Insight For Mortgage Tier 11 (90-109 Closed Loans/Mon),MeridianLink Insight For Mortgage Tier 11 (90-109 Closed Loans/Mon),MeridianLink Insight For Mortgage Tier 11 (90-109 Closed Loans/Mon),MeridianLink Insight For Mortgage Tier 11 (90-109 Closed Loans/Mon),MeridianLink Insight For Mortgage Tier 11 (90-109 Closed Loans/Mon),MeridianLink Insight For Mortgage Tier 11 (90-109 Closed Loans/Mon),MeridianLink Insight For Mortgage Tier 11 (90-109 Closed Loans/Mon),MeridianLink Insight For Mortgage Tier 11 (90-109 Closed Loans/Mon),MeridianLink Insight For Mortgage Tier 11 (90-109 Closed Loans/Mon),MeridianLink Insight For Mortgage Tier 11 (90-109 Closed Loans/Mon),MeridianLink Insight For Mortgage Tier 11 (90-109 Closed Loans/Mon),MeridianLink Insight For Mortgage Tier 11 (90-109 Closed Loans/Mon),MeridianLink Insight For Mortgage Tier 11 (90-109 Closed Loans/Mon),MeridianLink Insight For Mortgage Tier 11 (90-109 Closed Loans/Mon)
MeridianLink Mortgage LOS First Lien Loans Tier 08 (170 - 224 Closed Loans/Month) with 2 implementations,MeridianLink Mortgage,,MeridianLink Insight For Mortgage Tier 12 (75-89 Closed Loans/Mon),MeridianLink Mortgage,,,,,,MeridianLink Insight For Mortgage Tier 12 (75-89 Closed Loans/Mon),MeridianLink Insight For Mortgage Tier 12 (75-89 Closed Loans/Mon),MeridianLink Insight For Mortgage Tier 12 (75-89 Closed Loans/Mon),MeridianLink Insight For Mortgage Tier 12 (75-89 Closed Loans/Mon),MeridianLink Insight For Mortgage Tier 12 (75-89 Closed Loans/Mon),MeridianLink Insight For Mortgage Tier 12 (75-89 Closed Loans/Mon),MeridianLink Insight For Mortgage Tier 12 (75-89 Closed Loans/Mon),MeridianLink Insight For Mortgage Tier 12 (75-89 Closed Loans/Mon),MeridianLink Insight For Mortgage Tier 12 (75-89 Closed Loans/Mon),MeridianLink Insight For Mortgage Tier 12 (75-89 Closed Loans/Mon),MeridianLink Insight For Mortgage Tier 12 (75-89 Closed Loans/Mon),MeridianLink Insight For Mortgage Tier 12 (75-89 Closed Loans/Mon),MeridianLink Insight For Mortgage Tier 12 (75-89 Closed Loans/Mon),MeridianLink Insight For Mortgage Tier 12 (75-89 Closed Loans/Mon),MeridianLink Insight For Mortgage Tier 12 (75-89 Closed Loans/Mon),MeridianLink Insight For Mortgage Tier 12 (75-89 Closed Loans/Mon),MeridianLink Insight For Mortgage Tier 12 (75-89 Closed Loans/Mon),MeridianLink Insight For Mortgage Tier 12 (75-89 Closed Loans/Mon),MeridianLink Insight For Mortgage Tier 12 (75-89 Closed Loans/Mon),MeridianLink Insight For Mortgage Tier 12 (75-89 Closed Loans/Mon),MeridianLink Insight For Mortgage Tier 12 (75-89 Closed Loans/Mon),MeridianLink Insight For Mortgage Tier 12 (75-89 Closed Loans/Mon),MeridianLink Insight For Mortgage Tier 12 (75-89 Closed Loans/Mon),MeridianLink Insight For Mortgage Tier 12 (75-89 Closed Loans/Mon),MeridianLink Insight For Mortgage Tier 12 (75-89 Closed Loans/Mon),MeridianLink Insight For Mortgage Tier 12 (75-89 Closed Loans/Mon),MeridianLink Insight For Mortgage Tier 12 (75-89 Closed Loans/Mon),MeridianLink Insight For Mortgage Tier 12 (75-89 Closed Loans/Mon),MeridianLink Insight For Mortgage Tier 12 (75-89 Closed Loans/Mon),MeridianLink Insight For Mortgage Tier 12 (75-89 Closed Loans/Mon),MeridianLink Insight For Mortgage Tier 12 (75-89 Closed Loans/Mon),MeridianLink Insight For Mortgage Tier 12 (75-89 Closed Loans/Mon),MeridianLink Insight For Mortgage Tier 12 (75-89 Closed Loans/Mon),MeridianLink Insight For Mortgage Tier 12 (75-89 Closed Loans/Mon)
MeridianLink Mortgage LOS First Lien Loans Tier 08 (170 - 224 Closed Loans/Month) with 3 implementations,MeridianLink Mortgage,,MeridianLink Insight For Mortgage Tier 13 (60-74 Closed Loans/Mon),MeridianLink Mortgage,,,,,,MeridianLink Insight For Mortgage Tier 13 (60-74 Closed Loans/Mon),MeridianLink Insight For Mortgage Tier 13 (60-74 Closed Loans/Mon),MeridianLink Insight For Mortgage Tier 13 (60-74 Closed Loans/Mon),MeridianLink Insight For Mortgage Tier 13 (60-74 Closed Loans/Mon),MeridianLink Insight For Mortgage Tier 13 (60-74 Closed Loans/Mon),MeridianLink Insight For Mortgage Tier 13 (60-74 Closed Loans/Mon),MeridianLink Insight For Mortgage Tier 13 (60-74 Closed Loans/Mon),MeridianLink Insight For Mortgage Tier 13 (60-74 Closed Loans/Mon),MeridianLink Insight For Mortgage Tier 13 (60-74 Closed Loans/Mon),MeridianLink Insight For Mortgage Tier 13 (60-74 Closed Loans/Mon),MeridianLink Insight For Mortgage Tier 13 (60-74 Closed Loans/Mon),MeridianLink Insight For Mortgage Tier 13 (60-74 Closed Loans/Mon),MeridianLink Insight For Mortgage Tier 13 (60-74 Closed Loans/Mon),MeridianLink Insight For Mortgage Tier 13 (60-74 Closed Loans/Mon),MeridianLink Insight For Mortgage Tier 13 (60-74 Closed Loans/Mon),MeridianLink Insight For Mortgage Tier 13 (60-74 Closed Loans/Mon),MeridianLink Insight For Mortgage Tier 13 (60-74 Closed Loans/Mon),MeridianLink Insight For Mortgage Tier 13 (60-74 Closed Loans/Mon),MeridianLink Insight For Mortgage Tier 13 (60-74 Closed Loans/Mon),MeridianLink Insight For Mortgage Tier 13 (60-74 Closed Loans/Mon),MeridianLink Insight For Mortgage Tier 13 (60-74 Closed Loans/Mon),MeridianLink Insight For Mortgage Tier 13 (60-74 Closed Loans/Mon),MeridianLink Insight For Mortgage Tier 13 (60-74 Closed Loans/Mon),MeridianLink Insight For Mortgage Tier 13 (60-74 Closed Loans/Mon),MeridianLink Insight For Mortgage Tier 13 (60-74 Closed Loans/Mon),MeridianLink Insight For Mortgage Tier 13 (60-74 Closed Loans/Mon),MeridianLink Insight For Mortgage Tier 13 (60-74 Closed Loans/Mon),MeridianLink Insight For Mortgage Tier 13 (60-74 Closed Loans/Mon),MeridianLink Insight For Mortgage Tier 13 (60-74 Closed Loans/Mon),MeridianLink Insight For Mortgage Tier 13 (60-74 Closed Loans/Mon),MeridianLink Insight For Mortgage Tier 13 (60-74 Closed Loans/Mon),MeridianLink Insight For Mortgage Tier 13 (60-74 Closed Loans/Mon),MeridianLink Insight For Mortgage Tier 13 (60-74 Closed Loans/Mon),MeridianLink Insight For Mortgage Tier 13 (60-74 Closed Loans/Mon)
MeridianLink Mortgage LOS First Lien Loans Tier 08 (170 - 224 Closed Loans/Month) with no implementations,MeridianLink Mortgage,,MeridianLink Insight For Mortgage Tier 14 (45-59 Closed Loans/Mon),MeridianLink Mortgage,,,,,,MeridianLink Insight For Mortgage Tier 14 (45-59 Closed Loans/Mon),MeridianLink Insight For Mortgage Tier 14 (45-59 Closed Loans/Mon),MeridianLink Insight For Mortgage Tier 14 (45-59 Closed Loans/Mon),MeridianLink Insight For Mortgage Tier 14 (45-59 Closed Loans/Mon),MeridianLink Insight For Mortgage Tier 14 (45-59 Closed Loans/Mon),MeridianLink Insight For Mortgage Tier 14 (45-59 Closed Loans/Mon),MeridianLink Insight For Mortgage Tier 14 (45-59 Closed Loans/Mon),MeridianLink Insight For Mortgage Tier 14 (45-59 Closed Loans/Mon),MeridianLink Insight For Mortgage Tier 14 (45-59 Closed Loans/Mon),MeridianLink Insight For Mortgage Tier 14 (45-59 Closed Loans/Mon),MeridianLink Insight For Mortgage Tier 14 (45-59 Closed Loans/Mon),MeridianLink Insight For Mortgage Tier 14 (45-59 Closed Loans/Mon),MeridianLink Insight For Mortgage Tier 14 (45-59 Closed Loans/Mon),MeridianLink Insight For Mortgage Tier 14 (45-59 Closed Loans/Mon),MeridianLink Insight For Mortgage Tier 14 (45-59 Closed Loans/Mon),MeridianLink Insight For Mortgage Tier 14 (45-59 Closed Loans/Mon),MeridianLink Insight For Mortgage Tier 14 (45-59 Closed Loans/Mon),MeridianLink Insight For Mortgage Tier 14 (45-59 Closed Loans/Mon),MeridianLink Insight For Mortgage Tier 14 (45-59 Closed Loans/Mon),MeridianLink Insight For Mortgage Tier 14 (45-59 Closed Loans/Mon),MeridianLink Insight For Mortgage Tier 14 (45-59 Closed Loans/Mon),MeridianLink Insight For Mortgage Tier 14 (45-59 Closed Loans/Mon),MeridianLink Insight For Mortgage Tier 14 (45-59 Closed Loans/Mon),MeridianLink Insight For Mortgage Tier 14 (45-59 Closed Loans/Mon),MeridianLink Insight For Mortgage Tier 14 (45-59 Closed Loans/Mon),MeridianLink Insight For Mortgage Tier 14 (45-59 Closed Loans/Mon),MeridianLink Insight For Mortgage Tier 14 (45-59 Closed Loans/Mon),MeridianLink Insight For Mortgage Tier 14 (45-59 Closed Loans/Mon),MeridianLink Insight For Mortgage Tier 14 (45-59 Closed Loans/Mon),MeridianLink Insight For Mortgage Tier 14 (45-59 Closed Loans/Mon),MeridianLink Insight For Mortgage Tier 14 (45-59 Closed Loans/Mon),MeridianLink Insight For Mortgage Tier 14 (45-59 Closed Loans/Mon),MeridianLink Insight For Mortgage Tier 14 (45-59 Closed Loans/Mon),MeridianLink Insight For Mortgage Tier 14 (45-59 Closed Loans/Mon)
MeridianLink Mortgage LOS First Lien Loans Tier 09 (135 - 169 Closed Loans/Month) with 1 implementation,MeridianLink Mortgage,,MeridianLink Insight For Mortgage Tier 15 (30-44 Closed Loans/Mon),MeridianLink Mortgage,,,,,,MeridianLink Insight For Mortgage Tier 15 (30-44 Closed Loans/Mon),MeridianLink Insight For Mortgage Tier 15 (30-44 Closed Loans/Mon),MeridianLink Insight For Mortgage Tier 15 (30-44 Closed Loans/Mon),MeridianLink Insight For Mortgage Tier 15 (30-44 Closed Loans/Mon),MeridianLink Insight For Mortgage Tier 15 (30-44 Closed Loans/Mon),MeridianLink Insight For Mortgage Tier 15 (30-44 Closed Loans/Mon),MeridianLink Insight For Mortgage Tier 15 (30-44 Closed Loans/Mon),MeridianLink Insight For Mortgage Tier 15 (30-44 Closed Loans/Mon),MeridianLink Insight For Mortgage Tier 15 (30-44 Closed Loans/Mon),MeridianLink Insight For Mortgage Tier 15 (30-44 Closed Loans/Mon),MeridianLink Insight For Mortgage Tier 15 (30-44 Closed Loans/Mon),MeridianLink Insight For Mortgage Tier 15 (30-44 Closed Loans/Mon),MeridianLink Insight For Mortgage Tier 15 (30-44 Closed Loans/Mon),MeridianLink Insight For Mortgage Tier 15 (30-44 Closed Loans/Mon),MeridianLink Insight For Mortgage Tier 15 (30-44 Closed Loans/Mon),MeridianLink Insight For Mortgage Tier 15 (30-44 Closed Loans/Mon),MeridianLink Insight For Mortgage Tier 15 (30-44 Closed Loans/Mon),MeridianLink Insight For Mortgage Tier 15 (30-44 Closed Loans/Mon),MeridianLink Insight For Mortgage Tier 15 (30-44 Closed Loans/Mon),MeridianLink Insight For Mortgage Tier 15 (30-44 Closed Loans/Mon),MeridianLink Insight For Mortgage Tier 15 (30-44 Closed Loans/Mon),MeridianLink Insight For Mortgage Tier 15 (30-44 Closed Loans/Mon),MeridianLink Insight For Mortgage Tier 15 (30-44 Closed Loans/Mon),MeridianLink Insight For Mortgage Tier 15 (30-44 Closed Loans/Mon),MeridianLink Insight For Mortgage Tier 15 (30-44 Closed Loans/Mon),MeridianLink Insight For Mortgage Tier 15 (30-44 Closed Loans/Mon),MeridianLink Insight For Mortgage Tier 15 (30-44 Closed Loans/Mon),MeridianLink Insight For Mortgage Tier 15 (30-44 Closed Loans/Mon),MeridianLink Insight For Mortgage Tier 15 (30-44 Closed Loans/Mon),MeridianLink Insight For Mortgage Tier 15 (30-44 Closed Loans/Mon),MeridianLink Insight For Mortgage Tier 15 (30-44 Closed Loans/Mon),MeridianLink Insight For Mortgage Tier 15 (30-44 Closed Loans/Mon),MeridianLink Insight For Mortgage Tier 15 (30-44 Closed Loans/Mon),MeridianLink Insight For Mortgage Tier 15 (30-44 Closed Loans/Mon)
MeridianLink Mortgage LOS First Lien Loans Tier 09 (135 - 169 Closed Loans/Month) with 2 implementations,MeridianLink Mortgage,,MeridianLink Insight For Mortgage Tier 16 (15-29 Closed Loans/Mon),MeridianLink Mortgage,,,,,,MeridianLink Insight For Mortgage Tier 16 (15-29 Closed Loans/Mon),MeridianLink Insight For Mortgage Tier 16 (15-29 Closed Loans/Mon),MeridianLink Insight For Mortgage Tier 16 (15-29 Closed Loans/Mon),MeridianLink Insight For Mortgage Tier 16 (15-29 Closed Loans/Mon),MeridianLink Insight For Mortgage Tier 16 (15-29 Closed Loans/Mon),MeridianLink Insight For Mortgage Tier 16 (15-29 Closed Loans/Mon),MeridianLink Insight For Mortgage Tier 16 (15-29 Closed Loans/Mon),MeridianLink Insight For Mortgage Tier 16 (15-29 Closed Loans/Mon),MeridianLink Insight For Mortgage Tier 16 (15-29 Closed Loans/Mon),MeridianLink Insight For Mortgage Tier 16 (15-29 Closed Loans/Mon),MeridianLink Insight For Mortgage Tier 16 (15-29 Closed Loans/Mon),MeridianLink Insight For Mortgage Tier 16 (15-29 Closed Loans/Mon),MeridianLink Insight For Mortgage Tier 16 (15-29 Closed Loans/Mon),MeridianLink Insight For Mortgage Tier 16 (15-29 Closed Loans/Mon),MeridianLink Insight For Mortgage Tier 16 (15-29 Closed Loans/Mon),MeridianLink Insight For Mortgage Tier 16 (15-29 Closed Loans/Mon),MeridianLink Insight For Mortgage Tier 16 (15-29 Closed Loans/Mon),MeridianLink Insight For Mortgage Tier 16 (15-29 Closed Loans/Mon),MeridianLink Insight For Mortgage Tier 16 (15-29 Closed Loans/Mon),MeridianLink Insight For Mortgage Tier 16 (15-29 Closed Loans/Mon),MeridianLink Insight For Mortgage Tier 16 (15-29 Closed Loans/Mon),MeridianLink Insight For Mortgage Tier 16 (15-29 Closed Loans/Mon),MeridianLink Insight For Mortgage Tier 16 (15-29 Closed Loans/Mon),MeridianLink Insight For Mortgage Tier 16 (15-29 Closed Loans/Mon),MeridianLink Insight For Mortgage Tier 16 (15-29 Closed Loans/Mon),MeridianLink Insight For Mortgage Tier 16 (15-29 Closed Loans/Mon),MeridianLink Insight For Mortgage Tier 16 (15-29 Closed Loans/Mon),MeridianLink Insight For Mortgage Tier 16 (15-29 Closed Loans/Mon),MeridianLink Insight For Mortgage Tier 16 (15-29 Closed Loans/Mon),MeridianLink Insight For Mortgage Tier 16 (15-29 Closed Loans/Mon),MeridianLink Insight For Mortgage Tier 16 (15-29 Closed Loans/Mon),MeridianLink Insight For Mortgage Tier 16 (15-29 Closed Loans/Mon),MeridianLink Insight For Mortgage Tier 16 (15-29 Closed Loans/Mon),MeridianLink Insight For Mortgage Tier 16 (15-29 Closed Loans/Mon)
MeridianLink Mortgage LOS First Lien Loans Tier 09 (135 - 169 Closed Loans/Month) with 3 implementations,MeridianLink Mortgage,,MeridianLink Insight For Mortgage Tier 17 (10-14 Closed Loans/Mon),MeridianLink Mortgage,,,,,,MeridianLink Insight For Mortgage Tier 17 (10-14 Closed Loans/Mon),MeridianLink Insight For Mortgage Tier 17 (10-14 Closed Loans/Mon),MeridianLink Insight For Mortgage Tier 17 (10-14 Closed Loans/Mon),MeridianLink Insight For Mortgage Tier 17 (10-14 Closed Loans/Mon),MeridianLink Insight For Mortgage Tier 17 (10-14 Closed Loans/Mon),MeridianLink Insight For Mortgage Tier 17 (10-14 Closed Loans/Mon),MeridianLink Insight For Mortgage Tier 17 (10-14 Closed Loans/Mon),MeridianLink Insight For Mortgage Tier 17 (10-14 Closed Loans/Mon),MeridianLink Insight For Mortgage Tier 17 (10-14 Closed Loans/Mon),MeridianLink Insight For Mortgage Tier 17 (10-14 Closed Loans/Mon),MeridianLink Insight For Mortgage Tier 17 (10-14 Closed Loans/Mon),MeridianLink Insight For Mortgage Tier 17 (10-14 Closed Loans/Mon),MeridianLink Insight For Mortgage Tier 17 (10-14 Closed Loans/Mon),MeridianLink Insight For Mortgage Tier 17 (10-14 Closed Loans/Mon),MeridianLink Insight For Mortgage Tier 17 (10-14 Closed Loans/Mon),MeridianLink Insight For Mortgage Tier 17 (10-14 Closed Loans/Mon),MeridianLink Insight For Mortgage Tier 17 (10-14 Closed Loans/Mon),MeridianLink Insight For Mortgage Tier 17 (10-14 Closed Loans/Mon),MeridianLink Insight For Mortgage Tier 17 (10-14 Closed Loans/Mon),MeridianLink Insight For Mortgage Tier 17 (10-14 Closed Loans/Mon),MeridianLink Insight For Mortgage Tier 17 (10-14 Closed Loans/Mon),MeridianLink Insight For Mortgage Tier 17 (10-14 Closed Loans/Mon),MeridianLink Insight For Mortgage Tier 17 (10-14 Closed Loans/Mon),MeridianLink Insight For Mortgage Tier 17 (10-14 Closed Loans/Mon),MeridianLink Insight For Mortgage Tier 17 (10-14 Closed Loans/Mon),MeridianLink Insight For Mortgage Tier 17 (10-14 Closed Loans/Mon),MeridianLink Insight For Mortgage Tier 17 (10-14 Closed Loans/Mon),MeridianLink Insight For Mortgage Tier 17 (10-14 Closed Loans/Mon),MeridianLink Insight For Mortgage Tier 17 (10-14 Closed Loans/Mon),MeridianLink Insight For Mortgage Tier 17 (10-14 Closed Loans/Mon),MeridianLink Insight For Mortgage Tier 17 (10-14 Closed Loans/Mon),MeridianLink Insight For Mortgage Tier 17 (10-14 Closed Loans/Mon),MeridianLink Insight For Mortgage Tier 17 (10-14 Closed Loans/Mon),MeridianLink Insight For Mortgage Tier 17 (10-14 Closed Loans/Mon)
MeridianLink Mortgage LOS First Lien Loans Tier 09 (135 - 169 Closed Loans/Month) with no implementations,MeridianLink Mortgage,,MeridianLink Mortgage Access Tier 01 (>1200 Closed Loans/Month),MeridianLink Mortgage,,,,,,MeridianLink Mortgage Access Tier 01 (>1200 Closed Loans/Month),MeridianLink Mortgage Access Tier 01 (>1200 Closed Loans/Month),MeridianLink Mortgage Access Tier 01 (>1200 Closed Loans/Month),MeridianLink Mortgage Access Tier 01 (>1200 Closed Loans/Month),MeridianLink Mortgage Access Tier 01 (>1200 Closed Loans/Month),MeridianLink Mortgage Access Tier 01 (>1200 Closed Loans/Month),MeridianLink Mortgage Access Tier 01 (>1200 Closed Loans/Month),MeridianLink Mortgage Access Tier 01 (>1200 Closed Loans/Month),MeridianLink Mortgage Access Tier 01 (>1200 Closed Loans/Month),MeridianLink Mortgage Access Tier 01 (>1200 Closed Loans/Month),MeridianLink Mortgage Access Tier 01 (>1200 Closed Loans/Month),MeridianLink Mortgage Access Tier 01 (>1200 Closed Loans/Month),MeridianLink Mortgage Access Tier 01 (>1200 Closed Loans/Month),MeridianLink Mortgage Access Tier 01 (>1200 Closed Loans/Month),MeridianLink Mortgage Access Tier 01 (>1200 Closed Loans/Month),MeridianLink Mortgage Access Tier 01 (>1200 Closed Loans/Month),MeridianLink Mortgage Access Tier 01 (>1200 Closed Loans/Month),MeridianLink Mortgage Access Tier 01 (>1200 Closed Loans/Month),MeridianLink Mortgage Access Tier 01 (>1200 Closed Loans/Month),MeridianLink Mortgage Access Tier 01 (>1200 Closed Loans/Month),MeridianLink Mortgage Access Tier 01 (>1200 Closed Loans/Month),MeridianLink Mortgage Access Tier 01 (>1200 Closed Loans/Month),MeridianLink Mortgage Access Tier 01 (>1200 Closed Loans/Month),MeridianLink Mortgage Access Tier 01 (>1200 Closed Loans/Month),MeridianLink Mortgage Access Tier 01 (>1200 Closed Loans/Month),MeridianLink Mortgage Access Tier 01 (>1200 Closed Loans/Month),MeridianLink Mortgage Access Tier 01 (>1200 Closed Loans/Month),MeridianLink Mortgage Access Tier 01 (>1200 Closed Loans/Month),MeridianLink Mortgage Access Tier 01 (>1200 Closed Loans/Month),MeridianLink Mortgage Access Tier 01 (>1200 Closed Loans/Month),MeridianLink Mortgage Access Tier 01 (>1200 Closed Loans/Month),MeridianLink Mortgage Access Tier 01 (>1200 Closed Loans/Month),MeridianLink Mortgage Access Tier 01 (>1200 Closed Loans/Month),MeridianLink Mortgage Access Tier 01 (>1200 Closed Loans/Month)
MeridianLink Mortgage LOS First Lien Loans Tier 10 (110 - 134 Closed Loans/Month) with 1 implementation,MeridianLink Mortgage,,MeridianLink Mortgage Access Tier 01 (>1200 Closed Loans/Month) without setup,MeridianLink Mortgage,,,,,,MeridianLink Mortgage Access Tier 01 (>1200 Closed Loans/Month) without setup,MeridianLink Mortgage Access Tier 01 (>1200 Closed Loans/Month) without setup,MeridianLink Mortgage Access Tier 01 (>1200 Closed Loans/Month) without setup,MeridianLink Mortgage Access Tier 01 (>1200 Closed Loans/Month) without setup,MeridianLink Mortgage Access Tier 01 (>1200 Closed Loans/Month) without setup,MeridianLink Mortgage Access Tier 01 (>1200 Closed Loans/Month) without setup,MeridianLink Mortgage Access Tier 01 (>1200 Closed Loans/Month) without setup,MeridianLink Mortgage Access Tier 01 (>1200 Closed Loans/Month) without setup,MeridianLink Mortgage Access Tier 01 (>1200 Closed Loans/Month) without setup,MeridianLink Mortgage Access Tier 01 (>1200 Closed Loans/Month) without setup,MeridianLink Mortgage Access Tier 01 (>1200 Closed Loans/Month) without setup,MeridianLink Mortgage Access Tier 01 (>1200 Closed Loans/Month) without setup,MeridianLink Mortgage Access Tier 01 (>1200 Closed Loans/Month) without setup,MeridianLink Mortgage Access Tier 01 (>1200 Closed Loans/Month) without setup,MeridianLink Mortgage Access Tier 01 (>1200 Closed Loans/Month) without setup,MeridianLink Mortgage Access Tier 01 (>1200 Closed Loans/Month) without setup,MeridianLink Mortgage Access Tier 01 (>1200 Closed Loans/Month) without setup,MeridianLink Mortgage Access Tier 01 (>1200 Closed Loans/Month) without setup,MeridianLink Mortgage Access Tier 01 (>1200 Closed Loans/Month) without setup,MeridianLink Mortgage Access Tier 01 (>1200 Closed Loans/Month) without setup,MeridianLink Mortgage Access Tier 01 (>1200 Closed Loans/Month) without setup,MeridianLink Mortgage Access Tier 01 (>1200 Closed Loans/Month) without setup,MeridianLink Mortgage Access Tier 01 (>1200 Closed Loans/Month) without setup,MeridianLink Mortgage Access Tier 01 (>1200 Closed Loans/Month) without setup,MeridianLink Mortgage Access Tier 01 (>1200 Closed Loans/Month) without setup,MeridianLink Mortgage Access Tier 01 (>1200 Closed Loans/Month) without setup,MeridianLink Mortgage Access Tier 01 (>1200 Closed Loans/Month) without setup,MeridianLink Mortgage Access Tier 01 (>1200 Closed Loans/Month) without setup,MeridianLink Mortgage Access Tier 01 (>1200 Closed Loans/Month) without setup,MeridianLink Mortgage Access Tier 01 (>1200 Closed Loans/Month) without setup,MeridianLink Mortgage Access Tier 01 (>1200 Closed Loans/Month) without setup,MeridianLink Mortgage Access Tier 01 (>1200 Closed Loans/Month) without setup,MeridianLink Mortgage Access Tier 01 (>1200 Closed Loans/Month) without setup,MeridianLink Mortgage Access Tier 01 (>1200 Closed Loans/Month) without setup
MeridianLink Mortgage LOS First Lien Loans Tier 10 (110 - 134 Closed Loans/Month) with 2 implementations,MeridianLink Mortgage,,MeridianLink Mortgage Access Tier 02 (900-1199 Closed Loans/Month),MeridianLink Mortgage,,,,,,MeridianLink Mortgage Access Tier 02 (900-1199 Closed Loans/Month),MeridianLink Mortgage Access Tier 02 (900-1199 Closed Loans/Month),MeridianLink Mortgage Access Tier 02 (900-1199 Closed Loans/Month),MeridianLink Mortgage Access Tier 02 (900-1199 Closed Loans/Month),MeridianLink Mortgage Access Tier 02 (900-1199 Closed Loans/Month),MeridianLink Mortgage Access Tier 02 (900-1199 Closed Loans/Month),MeridianLink Mortgage Access Tier 02 (900-1199 Closed Loans/Month),MeridianLink Mortgage Access Tier 02 (900-1199 Closed Loans/Month),MeridianLink Mortgage Access Tier 02 (900-1199 Closed Loans/Month),MeridianLink Mortgage Access Tier 02 (900-1199 Closed Loans/Month),MeridianLink Mortgage Access Tier 02 (900-1199 Closed Loans/Month),MeridianLink Mortgage Access Tier 02 (900-1199 Closed Loans/Month),MeridianLink Mortgage Access Tier 02 (900-1199 Closed Loans/Month),MeridianLink Mortgage Access Tier 02 (900-1199 Closed Loans/Month),MeridianLink Mortgage Access Tier 02 (900-1199 Closed Loans/Month),MeridianLink Mortgage Access Tier 02 (900-1199 Closed Loans/Month),MeridianLink Mortgage Access Tier 02 (900-1199 Closed Loans/Month),MeridianLink Mortgage Access Tier 02 (900-1199 Closed Loans/Month),MeridianLink Mortgage Access Tier 02 (900-1199 Closed Loans/Month),MeridianLink Mortgage Access Tier 02 (900-1199 Closed Loans/Month),MeridianLink Mortgage Access Tier 02 (900-1199 Closed Loans/Month),MeridianLink Mortgage Access Tier 02 (900-1199 Closed Loans/Month),MeridianLink Mortgage Access Tier 02 (900-1199 Closed Loans/Month),MeridianLink Mortgage Access Tier 02 (900-1199 Closed Loans/Month),MeridianLink Mortgage Access Tier 02 (900-1199 Closed Loans/Month),MeridianLink Mortgage Access Tier 02 (900-1199 Closed Loans/Month),MeridianLink Mortgage Access Tier 02 (900-1199 Closed Loans/Month),MeridianLink Mortgage Access Tier 02 (900-1199 Closed Loans/Month),MeridianLink Mortgage Access Tier 02 (900-1199 Closed Loans/Month),MeridianLink Mortgage Access Tier 02 (900-1199 Closed Loans/Month),MeridianLink Mortgage Access Tier 02 (900-1199 Closed Loans/Month),MeridianLink Mortgage Access Tier 02 (900-1199 Closed Loans/Month),MeridianLink Mortgage Access Tier 02 (900-1199 Closed Loans/Month),MeridianLink Mortgage Access Tier 02 (900-1199 Closed Loans/Month)
MeridianLink Mortgage LOS First Lien Loans Tier 10 (110 - 134 Closed Loans/Month) with 3 implementations,MeridianLink Mortgage,,MeridianLink Mortgage Access Tier 02 (900-1199 Closed Loans/Month) without setup,MeridianLink Mortgage,,,,,,MeridianLink Mortgage Access Tier 02 (900-1199 Closed Loans/Month) without setup,MeridianLink Mortgage Access Tier 02 (900-1199 Closed Loans/Month) without setup,MeridianLink Mortgage Access Tier 02 (900-1199 Closed Loans/Month) without setup,MeridianLink Mortgage Access Tier 02 (900-1199 Closed Loans/Month) without setup,MeridianLink Mortgage Access Tier 02 (900-1199 Closed Loans/Month) without setup,MeridianLink Mortgage Access Tier 02 (900-1199 Closed Loans/Month) without setup,MeridianLink Mortgage Access Tier 02 (900-1199 Closed Loans/Month) without setup,MeridianLink Mortgage Access Tier 02 (900-1199 Closed Loans/Month) without setup,MeridianLink Mortgage Access Tier 02 (900-1199 Closed Loans/Month) without setup,MeridianLink Mortgage Access Tier 02 (900-1199 Closed Loans/Month) without setup,MeridianLink Mortgage Access Tier 02 (900-1199 Closed Loans/Month) without setup,MeridianLink Mortgage Access Tier 02 (900-1199 Closed Loans/Month) without setup,MeridianLink Mortgage Access Tier 02 (900-1199 Closed Loans/Month) without setup,MeridianLink Mortgage Access Tier 02 (900-1199 Closed Loans/Month) without setup,MeridianLink Mortgage Access Tier 02 (900-1199 Closed Loans/Month) without setup,MeridianLink Mortgage Access Tier 02 (900-1199 Closed Loans/Month) without setup,MeridianLink Mortgage Access Tier 02 (900-1199 Closed Loans/Month) without setup,MeridianLink Mortgage Access Tier 02 (900-1199 Closed Loans/Month) without setup,MeridianLink Mortgage Access Tier 02 (900-1199 Closed Loans/Month) without setup,MeridianLink Mortgage Access Tier 02 (900-1199 Closed Loans/Month) without setup,MeridianLink Mortgage Access Tier 02 (900-1199 Closed Loans/Month) without setup,MeridianLink Mortgage Access Tier 02 (900-1199 Closed Loans/Month) without setup,MeridianLink Mortgage Access Tier 02 (900-1199 Closed Loans/Month) without setup,MeridianLink Mortgage Access Tier 02 (900-1199 Closed Loans/Month) without setup,MeridianLink Mortgage Access Tier 02 (900-1199 Closed Loans/Month) without setup,MeridianLink Mortgage Access Tier 02 (900-1199 Closed Loans/Month) without setup,MeridianLink Mortgage Access Tier 02 (900-1199 Closed Loans/Month) without setup,MeridianLink Mortgage Access Tier 02 (900-1199 Closed Loans/Month) without setup,MeridianLink Mortgage Access Tier 02 (900-1199 Closed Loans/Month) without setup,MeridianLink Mortgage Access Tier 02 (900-1199 Closed Loans/Month) without setup,MeridianLink Mortgage Access Tier 02 (900-1199 Closed Loans/Month) without setup,MeridianLink Mortgage Access Tier 02 (900-1199 Closed Loans/Month) without setup,MeridianLink Mortgage Access Tier 02 (900-1199 Closed Loans/Month) without setup,MeridianLink Mortgage Access Tier 02 (900-1199 Closed Loans/Month) without setup
MeridianLink Mortgage LOS First Lien Loans Tier 10 (110 - 134 Closed Loans/Month) with no implementations,MeridianLink Mortgage,,MeridianLink Mortgage Access Tier 03 (675-899 Closed Loans/Month),MeridianLink Mortgage,,,,,,MeridianLink Mortgage Access Tier 03 (675-899 Closed Loans/Month),MeridianLink Mortgage Access Tier 03 (675-899 Closed Loans/Month),MeridianLink Mortgage Access Tier 03 (675-899 Closed Loans/Month),MeridianLink Mortgage Access Tier 03 (675-899 Closed Loans/Month),MeridianLink Mortgage Access Tier 03 (675-899 Closed Loans/Month),MeridianLink Mortgage Access Tier 03 (675-899 Closed Loans/Month),MeridianLink Mortgage Access Tier 03 (675-899 Closed Loans/Month),MeridianLink Mortgage Access Tier 03 (675-899 Closed Loans/Month),MeridianLink Mortgage Access Tier 03 (675-899 Closed Loans/Month),MeridianLink Mortgage Access Tier 03 (675-899 Closed Loans/Month),MeridianLink Mortgage Access Tier 03 (675-899 Closed Loans/Month),MeridianLink Mortgage Access Tier 03 (675-899 Closed Loans/Month),MeridianLink Mortgage Access Tier 03 (675-899 Closed Loans/Month),MeridianLink Mortgage Access Tier 03 (675-899 Closed Loans/Month),MeridianLink Mortgage Access Tier 03 (675-899 Closed Loans/Month),MeridianLink Mortgage Access Tier 03 (675-899 Closed Loans/Month),MeridianLink Mortgage Access Tier 03 (675-899 Closed Loans/Month),MeridianLink Mortgage Access Tier 03 (675-899 Closed Loans/Month),MeridianLink Mortgage Access Tier 03 (675-899 Closed Loans/Month),MeridianLink Mortgage Access Tier 03 (675-899 Closed Loans/Month),MeridianLink Mortgage Access Tier 03 (675-899 Closed Loans/Month),MeridianLink Mortgage Access Tier 03 (675-899 Closed Loans/Month),MeridianLink Mortgage Access Tier 03 (675-899 Closed Loans/Month),MeridianLink Mortgage Access Tier 03 (675-899 Closed Loans/Month),MeridianLink Mortgage Access Tier 03 (675-899 Closed Loans/Month),MeridianLink Mortgage Access Tier 03 (675-899 Closed Loans/Month),MeridianLink Mortgage Access Tier 03 (675-899 Closed Loans/Month),MeridianLink Mortgage Access Tier 03 (675-899 Closed Loans/Month),MeridianLink Mortgage Access Tier 03 (675-899 Closed Loans/Month),MeridianLink Mortgage Access Tier 03 (675-899 Closed Loans/Month),MeridianLink Mortgage Access Tier 03 (675-899 Closed Loans/Month),MeridianLink Mortgage Access Tier 03 (675-899 Closed Loans/Month),MeridianLink Mortgage Access Tier 03 (675-899 Closed Loans/Month),MeridianLink Mortgage Access Tier 03 (675-899 Closed Loans/Month)
MeridianLink Mortgage LOS First Lien Loans Tier 11 (90 - 109 Closed Loans/Month) with 1 implementation,MeridianLink Mortgage,,MeridianLink Mortgage Access Tier 03 (675-899 Closed Loans/Month) without setup,MeridianLink Mortgage,,,,,,MeridianLink Mortgage Access Tier 03 (675-899 Closed Loans/Month) without setup,MeridianLink Mortgage Access Tier 03 (675-899 Closed Loans/Month) without setup,MeridianLink Mortgage Access Tier 03 (675-899 Closed Loans/Month) without setup,MeridianLink Mortgage Access Tier 03 (675-899 Closed Loans/Month) without setup,MeridianLink Mortgage Access Tier 03 (675-899 Closed Loans/Month) without setup,MeridianLink Mortgage Access Tier 03 (675-899 Closed Loans/Month) without setup,MeridianLink Mortgage Access Tier 03 (675-899 Closed Loans/Month) without setup,MeridianLink Mortgage Access Tier 03 (675-899 Closed Loans/Month) without setup,MeridianLink Mortgage Access Tier 03 (675-899 Closed Loans/Month) without setup,MeridianLink Mortgage Access Tier 03 (675-899 Closed Loans/Month) without setup,MeridianLink Mortgage Access Tier 03 (675-899 Closed Loans/Month) without setup,MeridianLink Mortgage Access Tier 03 (675-899 Closed Loans/Month) without setup,MeridianLink Mortgage Access Tier 03 (675-899 Closed Loans/Month) without setup,MeridianLink Mortgage Access Tier 03 (675-899 Closed Loans/Month) without setup,MeridianLink Mortgage Access Tier 03 (675-899 Closed Loans/Month) without setup,MeridianLink Mortgage Access Tier 03 (675-899 Closed Loans/Month) without setup,MeridianLink Mortgage Access Tier 03 (675-899 Closed Loans/Month) without setup,MeridianLink Mortgage Access Tier 03 (675-899 Closed Loans/Month) without setup,MeridianLink Mortgage Access Tier 03 (675-899 Closed Loans/Month) without setup,MeridianLink Mortgage Access Tier 03 (675-899 Closed Loans/Month) without setup,MeridianLink Mortgage Access Tier 03 (675-899 Closed Loans/Month) without setup,MeridianLink Mortgage Access Tier 03 (675-899 Closed Loans/Month) without setup,MeridianLink Mortgage Access Tier 03 (675-899 Closed Loans/Month) without setup,MeridianLink Mortgage Access Tier 03 (675-899 Closed Loans/Month) without setup,MeridianLink Mortgage Access Tier 03 (675-899 Closed Loans/Month) without setup,MeridianLink Mortgage Access Tier 03 (675-899 Closed Loans/Month) without setup,MeridianLink Mortgage Access Tier 03 (675-899 Closed Loans/Month) without setup,MeridianLink Mortgage Access Tier 03 (675-899 Closed Loans/Month) without setup,MeridianLink Mortgage Access Tier 03 (675-899 Closed Loans/Month) without setup,MeridianLink Mortgage Access Tier 03 (675-899 Closed Loans/Month) without setup,MeridianLink Mortgage Access Tier 03 (675-899 Closed Loans/Month) without setup,MeridianLink Mortgage Access Tier 03 (675-899 Closed Loans/Month) without setup,MeridianLink Mortgage Access Tier 03 (675-899 Closed Loans/Month) without setup,MeridianLink Mortgage Access Tier 03 (675-899 Closed Loans/Month) without setup
MeridianLink Mortgage LOS First Lien Loans Tier 11 (90 - 109 Closed Loans/Month) with 2 implementations,MeridianLink Mortgage,,MeridianLink Mortgage Access Tier 04 (525-674 Closed Loans/Month),MeridianLink Mortgage,,,,,,MeridianLink Mortgage Access Tier 04 (525-674 Closed Loans/Month),MeridianLink Mortgage Access Tier 04 (525-674 Closed Loans/Month),MeridianLink Mortgage Access Tier 04 (525-674 Closed Loans/Month),MeridianLink Mortgage Access Tier 04 (525-674 Closed Loans/Month),MeridianLink Mortgage Access Tier 04 (525-674 Closed Loans/Month),MeridianLink Mortgage Access Tier 04 (525-674 Closed Loans/Month),MeridianLink Mortgage Access Tier 04 (525-674 Closed Loans/Month),MeridianLink Mortgage Access Tier 04 (525-674 Closed Loans/Month),MeridianLink Mortgage Access Tier 04 (525-674 Closed Loans/Month),MeridianLink Mortgage Access Tier 04 (525-674 Closed Loans/Month),MeridianLink Mortgage Access Tier 04 (525-674 Closed Loans/Month),MeridianLink Mortgage Access Tier 04 (525-674 Closed Loans/Month),MeridianLink Mortgage Access Tier 04 (525-674 Closed Loans/Month),MeridianLink Mortgage Access Tier 04 (525-674 Closed Loans/Month),MeridianLink Mortgage Access Tier 04 (525-674 Closed Loans/Month),MeridianLink Mortgage Access Tier 04 (525-674 Closed Loans/Month),MeridianLink Mortgage Access Tier 04 (525-674 Closed Loans/Month),MeridianLink Mortgage Access Tier 04 (525-674 Closed Loans/Month),MeridianLink Mortgage Access Tier 04 (525-674 Closed Loans/Month),MeridianLink Mortgage Access Tier 04 (525-674 Closed Loans/Month),MeridianLink Mortgage Access Tier 04 (525-674 Closed Loans/Month),MeridianLink Mortgage Access Tier 04 (525-674 Closed Loans/Month),MeridianLink Mortgage Access Tier 04 (525-674 Closed Loans/Month),MeridianLink Mortgage Access Tier 04 (525-674 Closed Loans/Month),MeridianLink Mortgage Access Tier 04 (525-674 Closed Loans/Month),MeridianLink Mortgage Access Tier 04 (525-674 Closed Loans/Month),MeridianLink Mortgage Access Tier 04 (525-674 Closed Loans/Month),MeridianLink Mortgage Access Tier 04 (525-674 Closed Loans/Month),MeridianLink Mortgage Access Tier 04 (525-674 Closed Loans/Month),MeridianLink Mortgage Access Tier 04 (525-674 Closed Loans/Month),MeridianLink Mortgage Access Tier 04 (525-674 Closed Loans/Month),MeridianLink Mortgage Access Tier 04 (525-674 Closed Loans/Month),MeridianLink Mortgage Access Tier 04 (525-674 Closed Loans/Month),MeridianLink Mortgage Access Tier 04 (525-674 Closed Loans/Month)
MeridianLink Mortgage LOS First Lien Loans Tier 11 (90 - 109 Closed Loans/Month) with 3 implementations,MeridianLink Mortgage,,MeridianLink Mortgage Access Tier 04 (525-674 Closed Loans/Month) without setup,MeridianLink Mortgage,,,,,,MeridianLink Mortgage Access Tier 04 (525-674 Closed Loans/Month) without setup,MeridianLink Mortgage Access Tier 04 (525-674 Closed Loans/Month) without setup,MeridianLink Mortgage Access Tier 04 (525-674 Closed Loans/Month) without setup,MeridianLink Mortgage Access Tier 04 (525-674 Closed Loans/Month) without setup,MeridianLink Mortgage Access Tier 04 (525-674 Closed Loans/Month) without setup,MeridianLink Mortgage Access Tier 04 (525-674 Closed Loans/Month) without setup,MeridianLink Mortgage Access Tier 04 (525-674 Closed Loans/Month) without setup,MeridianLink Mortgage Access Tier 04 (525-674 Closed Loans/Month) without setup,MeridianLink Mortgage Access Tier 04 (525-674 Closed Loans/Month) without setup,MeridianLink Mortgage Access Tier 04 (525-674 Closed Loans/Month) without setup,MeridianLink Mortgage Access Tier 04 (525-674 Closed Loans/Month) without setup,MeridianLink Mortgage Access Tier 04 (525-674 Closed Loans/Month) without setup,MeridianLink Mortgage Access Tier 04 (525-674 Closed Loans/Month) without setup,MeridianLink Mortgage Access Tier 04 (525-674 Closed Loans/Month) without setup,MeridianLink Mortgage Access Tier 04 (525-674 Closed Loans/Month) without setup,MeridianLink Mortgage Access Tier 04 (525-674 Closed Loans/Month) without setup,MeridianLink Mortgage Access Tier 04 (525-674 Closed Loans/Month) without setup,MeridianLink Mortgage Access Tier 04 (525-674 Closed Loans/Month) without setup,MeridianLink Mortgage Access Tier 04 (525-674 Closed Loans/Month) without setup,MeridianLink Mortgage Access Tier 04 (525-674 Closed Loans/Month) without setup,MeridianLink Mortgage Access Tier 04 (525-674 Closed Loans/Month) without setup,MeridianLink Mortgage Access Tier 04 (525-674 Closed Loans/Month) without setup,MeridianLink Mortgage Access Tier 04 (525-674 Closed Loans/Month) without setup,MeridianLink Mortgage Access Tier 04 (525-674 Closed Loans/Month) without setup,MeridianLink Mortgage Access Tier 04 (525-674 Closed Loans/Month) without setup,MeridianLink Mortgage Access Tier 04 (525-674 Closed Loans/Month) without setup,MeridianLink Mortgage Access Tier 04 (525-674 Closed Loans/Month) without setup,MeridianLink Mortgage Access Tier 04 (525-674 Closed Loans/Month) without setup,MeridianLink Mortgage Access Tier 04 (525-674 Closed Loans/Month) without setup,MeridianLink Mortgage Access Tier 04 (525-674 Closed Loans/Month) without setup,MeridianLink Mortgage Access Tier 04 (525-674 Closed Loans/Month) without setup,MeridianLink Mortgage Access Tier 04 (525-674 Closed Loans/Month) without setup,MeridianLink Mortgage Access Tier 04 (525-674 Closed Loans/Month) without setup,MeridianLink Mortgage Access Tier 04 (525-674 Closed Loans/Month) without setup
MeridianLink Mortgage LOS First Lien Loans Tier 11 (90 - 109 Closed Loans/Month) with no implementations,MeridianLink Mortgage,,MeridianLink Mortgage Access Tier 05 (400-524 Closed Loans/Month),MeridianLink Mortgage,,,,,,MeridianLink Mortgage Access Tier 05 (400-524 Closed Loans/Month),MeridianLink Mortgage Access Tier 05 (400-524 Closed Loans/Month),MeridianLink Mortgage Access Tier 05 (400-524 Closed Loans/Month),MeridianLink Mortgage Access Tier 05 (400-524 Closed Loans/Month),MeridianLink Mortgage Access Tier 05 (400-524 Closed Loans/Month),MeridianLink Mortgage Access Tier 05 (400-524 Closed Loans/Month),MeridianLink Mortgage Access Tier 05 (400-524 Closed Loans/Month),MeridianLink Mortgage Access Tier 05 (400-524 Closed Loans/Month),MeridianLink Mortgage Access Tier 05 (400-524 Closed Loans/Month),MeridianLink Mortgage Access Tier 05 (400-524 Closed Loans/Month),MeridianLink Mortgage Access Tier 05 (400-524 Closed Loans/Month),MeridianLink Mortgage Access Tier 05 (400-524 Closed Loans/Month),MeridianLink Mortgage Access Tier 05 (400-524 Closed Loans/Month),MeridianLink Mortgage Access Tier 05 (400-524 Closed Loans/Month),MeridianLink Mortgage Access Tier 05 (400-524 Closed Loans/Month),MeridianLink Mortgage Access Tier 05 (400-524 Closed Loans/Month),MeridianLink Mortgage Access Tier 05 (400-524 Closed Loans/Month),MeridianLink Mortgage Access Tier 05 (400-524 Closed Loans/Month),MeridianLink Mortgage Access Tier 05 (400-524 Closed Loans/Month),MeridianLink Mortgage Access Tier 05 (400-524 Closed Loans/Month),MeridianLink Mortgage Access Tier 05 (400-524 Closed Loans/Month),MeridianLink Mortgage Access Tier 05 (400-524 Closed Loans/Month),MeridianLink Mortgage Access Tier 05 (400-524 Closed Loans/Month),MeridianLink Mortgage Access Tier 05 (400-524 Closed Loans/Month),MeridianLink Mortgage Access Tier 05 (400-524 Closed Loans/Month),MeridianLink Mortgage Access Tier 05 (400-524 Closed Loans/Month),MeridianLink Mortgage Access Tier 05 (400-524 Closed Loans/Month),MeridianLink Mortgage Access Tier 05 (400-524 Closed Loans/Month),MeridianLink Mortgage Access Tier 05 (400-524 Closed Loans/Month),MeridianLink Mortgage Access Tier 05 (400-524 Closed Loans/Month),MeridianLink Mortgage Access Tier 05 (400-524 Closed Loans/Month),MeridianLink Mortgage Access Tier 05 (400-524 Closed Loans/Month),MeridianLink Mortgage Access Tier 05 (400-524 Closed Loans/Month),MeridianLink Mortgage Access Tier 05 (400-524 Closed Loans/Month)
MeridianLink Mortgage LOS First Lien Loans Tier 12 (75 - 89 Closed Loans/Month) with 1 implementation,MeridianLink Mortgage,,MeridianLink Mortgage Access Tier 05 (400-524 Closed Loans/Month) without setup,MeridianLink Mortgage,,,,,,MeridianLink Mortgage Access Tier 05 (400-524 Closed Loans/Month) without setup,MeridianLink Mortgage Access Tier 05 (400-524 Closed Loans/Month) without setup,MeridianLink Mortgage Access Tier 05 (400-524 Closed Loans/Month) without setup,MeridianLink Mortgage Access Tier 05 (400-524 Closed Loans/Month) without setup,MeridianLink Mortgage Access Tier 05 (400-524 Closed Loans/Month) without setup,MeridianLink Mortgage Access Tier 05 (400-524 Closed Loans/Month) without setup,MeridianLink Mortgage Access Tier 05 (400-524 Closed Loans/Month) without setup,MeridianLink Mortgage Access Tier 05 (400-524 Closed Loans/Month) without setup,MeridianLink Mortgage Access Tier 05 (400-524 Closed Loans/Month) without setup,MeridianLink Mortgage Access Tier 05 (400-524 Closed Loans/Month) without setup,MeridianLink Mortgage Access Tier 05 (400-524 Closed Loans/Month) without setup,MeridianLink Mortgage Access Tier 05 (400-524 Closed Loans/Month) without setup,MeridianLink Mortgage Access Tier 05 (400-524 Closed Loans/Month) without setup,MeridianLink Mortgage Access Tier 05 (400-524 Closed Loans/Month) without setup,MeridianLink Mortgage Access Tier 05 (400-524 Closed Loans/Month) without setup,MeridianLink Mortgage Access Tier 05 (400-524 Closed Loans/Month) without setup,MeridianLink Mortgage Access Tier 05 (400-524 Closed Loans/Month) without setup,MeridianLink Mortgage Access Tier 05 (400-524 Closed Loans/Month) without setup,MeridianLink Mortgage Access Tier 05 (400-524 Closed Loans/Month) without setup,MeridianLink Mortgage Access Tier 05 (400-524 Closed Loans/Month) without setup,MeridianLink Mortgage Access Tier 05 (400-524 Closed Loans/Month) without setup,MeridianLink Mortgage Access Tier 05 (400-524 Closed Loans/Month) without setup,MeridianLink Mortgage Access Tier 05 (400-524 Closed Loans/Month) without setup,MeridianLink Mortgage Access Tier 05 (400-524 Closed Loans/Month) without setup,MeridianLink Mortgage Access Tier 05 (400-524 Closed Loans/Month) without setup,MeridianLink Mortgage Access Tier 05 (400-524 Closed Loans/Month) without setup,MeridianLink Mortgage Access Tier 05 (400-524 Closed Loans/Month) without setup,MeridianLink Mortgage Access Tier 05 (400-524 Closed Loans/Month) without setup,MeridianLink Mortgage Access Tier 05 (400-524 Closed Loans/Month) without setup,MeridianLink Mortgage Access Tier 05 (400-524 Closed Loans/Month) without setup,MeridianLink Mortgage Access Tier 05 (400-524 Closed Loans/Month) without setup,MeridianLink Mortgage Access Tier 05 (400-524 Closed Loans/Month) without setup,MeridianLink Mortgage Access Tier 05 (400-524 Closed Loans/Month) without setup,MeridianLink Mortgage Access Tier 05 (400-524 Closed Loans/Month) without setup
MeridianLink Mortgage LOS First Lien Loans Tier 12 (75 - 89 Closed Loans/Month) with 2 implementations,MeridianLink Mortgage,,MeridianLink Mortgage Access Tier 06 (300-399 Closed Loans/Month),MeridianLink Mortgage,,,,,,MeridianLink Mortgage Access Tier 06 (300-399 Closed Loans/Month),MeridianLink Mortgage Access Tier 06 (300-399 Closed Loans/Month),MeridianLink Mortgage Access Tier 06 (300-399 Closed Loans/Month),MeridianLink Mortgage Access Tier 06 (300-399 Closed Loans/Month),MeridianLink Mortgage Access Tier 06 (300-399 Closed Loans/Month),MeridianLink Mortgage Access Tier 06 (300-399 Closed Loans/Month),MeridianLink Mortgage Access Tier 06 (300-399 Closed Loans/Month),MeridianLink Mortgage Access Tier 06 (300-399 Closed Loans/Month),MeridianLink Mortgage Access Tier 06 (300-399 Closed Loans/Month),MeridianLink Mortgage Access Tier 06 (300-399 Closed Loans/Month),MeridianLink Mortgage Access Tier 06 (300-399 Closed Loans/Month),MeridianLink Mortgage Access Tier 06 (300-399 Closed Loans/Month),MeridianLink Mortgage Access Tier 06 (300-399 Closed Loans/Month),MeridianLink Mortgage Access Tier 06 (300-399 Closed Loans/Month),MeridianLink Mortgage Access Tier 06 (300-399 Closed Loans/Month),MeridianLink Mortgage Access Tier 06 (300-399 Closed Loans/Month),MeridianLink Mortgage Access Tier 06 (300-399 Closed Loans/Month),MeridianLink Mortgage Access Tier 06 (300-399 Closed Loans/Month),MeridianLink Mortgage Access Tier 06 (300-399 Closed Loans/Month),MeridianLink Mortgage Access Tier 06 (300-399 Closed Loans/Month),MeridianLink Mortgage Access Tier 06 (300-399 Closed Loans/Month),MeridianLink Mortgage Access Tier 06 (300-399 Closed Loans/Month),MeridianLink Mortgage Access Tier 06 (300-399 Closed Loans/Month),MeridianLink Mortgage Access Tier 06 (300-399 Closed Loans/Month),MeridianLink Mortgage Access Tier 06 (300-399 Closed Loans/Month),MeridianLink Mortgage Access Tier 06 (300-399 Closed Loans/Month),MeridianLink Mortgage Access Tier 06 (300-399 Closed Loans/Month),MeridianLink Mortgage Access Tier 06 (300-399 Closed Loans/Month),MeridianLink Mortgage Access Tier 06 (300-399 Closed Loans/Month),MeridianLink Mortgage Access Tier 06 (300-399 Closed Loans/Month),MeridianLink Mortgage Access Tier 06 (300-399 Closed Loans/Month),MeridianLink Mortgage Access Tier 06 (300-399 Closed Loans/Month),MeridianLink Mortgage Access Tier 06 (300-399 Closed Loans/Month),MeridianLink Mortgage Access Tier 06 (300-399 Closed Loans/Month)
MeridianLink Mortgage LOS First Lien Loans Tier 12 (75 - 89 Closed Loans/Month) with 3 implementations,MeridianLink Mortgage,,MeridianLink Mortgage Access Tier 06 (300-399 Closed Loans/Month) without setup,MeridianLink Mortgage,,,,,,MeridianLink Mortgage Access Tier 06 (300-399 Closed Loans/Month) without setup,MeridianLink Mortgage Access Tier 06 (300-399 Closed Loans/Month) without setup,MeridianLink Mortgage Access Tier 06 (300-399 Closed Loans/Month) without setup,MeridianLink Mortgage Access Tier 06 (300-399 Closed Loans/Month) without setup,MeridianLink Mortgage Access Tier 06 (300-399 Closed Loans/Month) without setup,MeridianLink Mortgage Access Tier 06 (300-399 Closed Loans/Month) without setup,MeridianLink Mortgage Access Tier 06 (300-399 Closed Loans/Month) without setup,MeridianLink Mortgage Access Tier 06 (300-399 Closed Loans/Month) without setup,MeridianLink Mortgage Access Tier 06 (300-399 Closed Loans/Month) without setup,MeridianLink Mortgage Access Tier 06 (300-399 Closed Loans/Month) without setup,MeridianLink Mortgage Access Tier 06 (300-399 Closed Loans/Month) without setup,MeridianLink Mortgage Access Tier 06 (300-399 Closed Loans/Month) without setup,MeridianLink Mortgage Access Tier 06 (300-399 Closed Loans/Month) without setup,MeridianLink Mortgage Access Tier 06 (300-399 Closed Loans/Month) without setup,MeridianLink Mortgage Access Tier 06 (300-399 Closed Loans/Month) without setup,MeridianLink Mortgage Access Tier 06 (300-399 Closed Loans/Month) without setup,MeridianLink Mortgage Access Tier 06 (300-399 Closed Loans/Month) without setup,MeridianLink Mortgage Access Tier 06 (300-399 Closed Loans/Month) without setup,MeridianLink Mortgage Access Tier 06 (300-399 Closed Loans/Month) without setup,MeridianLink Mortgage Access Tier 06 (300-399 Closed Loans/Month) without setup,MeridianLink Mortgage Access Tier 06 (300-399 Closed Loans/Month) without setup,MeridianLink Mortgage Access Tier 06 (300-399 Closed Loans/Month) without setup,MeridianLink Mortgage Access Tier 06 (300-399 Closed Loans/Month) without setup,MeridianLink Mortgage Access Tier 06 (300-399 Closed Loans/Month) without setup,MeridianLink Mortgage Access Tier 06 (300-399 Closed Loans/Month) without setup,MeridianLink Mortgage Access Tier 06 (300-399 Closed Loans/Month) without setup,MeridianLink Mortgage Access Tier 06 (300-399 Closed Loans/Month) without setup,MeridianLink Mortgage Access Tier 06 (300-399 Closed Loans/Month) without setup,MeridianLink Mortgage Access Tier 06 (300-399 Closed Loans/Month) without setup,MeridianLink Mortgage Access Tier 06 (300-399 Closed Loans/Month) without setup,MeridianLink Mortgage Access Tier 06 (300-399 Closed Loans/Month) without setup,MeridianLink Mortgage Access Tier 06 (300-399 Closed Loans/Month) without setup,MeridianLink Mortgage Access Tier 06 (300-399 Closed Loans/Month) without setup,MeridianLink Mortgage Access Tier 06 (300-399 Closed Loans/Month) without setup
MeridianLink Mortgage LOS First Lien Loans Tier 12 (75 - 89 Closed Loans/Month) with no implementations,MeridianLink Mortgage,,MeridianLink Mortgage Access Tier 07 (225-299 Closed Loans/Month),MeridianLink Mortgage,,,,,,MeridianLink Mortgage Access Tier 07 (225-299 Closed Loans/Month),MeridianLink Mortgage Access Tier 07 (225-299 Closed Loans/Month),MeridianLink Mortgage Access Tier 07 (225-299 Closed Loans/Month),MeridianLink Mortgage Access Tier 07 (225-299 Closed Loans/Month),MeridianLink Mortgage Access Tier 07 (225-299 Closed Loans/Month),MeridianLink Mortgage Access Tier 07 (225-299 Closed Loans/Month),MeridianLink Mortgage Access Tier 07 (225-299 Closed Loans/Month),MeridianLink Mortgage Access Tier 07 (225-299 Closed Loans/Month),MeridianLink Mortgage Access Tier 07 (225-299 Closed Loans/Month),MeridianLink Mortgage Access Tier 07 (225-299 Closed Loans/Month),MeridianLink Mortgage Access Tier 07 (225-299 Closed Loans/Month),MeridianLink Mortgage Access Tier 07 (225-299 Closed Loans/Month),MeridianLink Mortgage Access Tier 07 (225-299 Closed Loans/Month),MeridianLink Mortgage Access Tier 07 (225-299 Closed Loans/Month),MeridianLink Mortgage Access Tier 07 (225-299 Closed Loans/Month),MeridianLink Mortgage Access Tier 07 (225-299 Closed Loans/Month),MeridianLink Mortgage Access Tier 07 (225-299 Closed Loans/Month),MeridianLink Mortgage Access Tier 07 (225-299 Closed Loans/Month),MeridianLink Mortgage Access Tier 07 (225-299 Closed Loans/Month),MeridianLink Mortgage Access Tier 07 (225-299 Closed Loans/Month),MeridianLink Mortgage Access Tier 07 (225-299 Closed Loans/Month),MeridianLink Mortgage Access Tier 07 (225-299 Closed Loans/Month),MeridianLink Mortgage Access Tier 07 (225-299 Closed Loans/Month),MeridianLink Mortgage Access Tier 07 (225-299 Closed Loans/Month),MeridianLink Mortgage Access Tier 07 (225-299 Closed Loans/Month),MeridianLink Mortgage Access Tier 07 (225-299 Closed Loans/Month),MeridianLink Mortgage Access Tier 07 (225-299 Closed Loans/Month),MeridianLink Mortgage Access Tier 07 (225-299 Closed Loans/Month),MeridianLink Mortgage Access Tier 07 (225-299 Closed Loans/Month),MeridianLink Mortgage Access Tier 07 (225-299 Closed Loans/Month),MeridianLink Mortgage Access Tier 07 (225-299 Closed Loans/Month),MeridianLink Mortgage Access Tier 07 (225-299 Closed Loans/Month),MeridianLink Mortgage Access Tier 07 (225-299 Closed Loans/Month),MeridianLink Mortgage Access Tier 07 (225-299 Closed Loans/Month)
MeridianLink Mortgage LOS First Lien Loans Tier 13 (60 - 74 Closed Loans/Month) with 1 implementation,MeridianLink Mortgage,,MeridianLink Mortgage Access Tier 07 (225-299 Closed Loans/Month) without setup,MeridianLink Mortgage,,,,,,MeridianLink Mortgage Access Tier 07 (225-299 Closed Loans/Month) without setup,MeridianLink Mortgage Access Tier 07 (225-299 Closed Loans/Month) without setup,MeridianLink Mortgage Access Tier 07 (225-299 Closed Loans/Month) without setup,MeridianLink Mortgage Access Tier 07 (225-299 Closed Loans/Month) without setup,MeridianLink Mortgage Access Tier 07 (225-299 Closed Loans/Month) without setup,MeridianLink Mortgage Access Tier 07 (225-299 Closed Loans/Month) without setup,MeridianLink Mortgage Access Tier 07 (225-299 Closed Loans/Month) without setup,MeridianLink Mortgage Access Tier 07 (225-299 Closed Loans/Month) without setup,MeridianLink Mortgage Access Tier 07 (225-299 Closed Loans/Month) without setup,MeridianLink Mortgage Access Tier 07 (225-299 Closed Loans/Month) without setup,MeridianLink Mortgage Access Tier 07 (225-299 Closed Loans/Month) without setup,MeridianLink Mortgage Access Tier 07 (225-299 Closed Loans/Month) without setup,MeridianLink Mortgage Access Tier 07 (225-299 Closed Loans/Month) without setup,MeridianLink Mortgage Access Tier 07 (225-299 Closed Loans/Month) without setup,MeridianLink Mortgage Access Tier 07 (225-299 Closed Loans/Month) without setup,MeridianLink Mortgage Access Tier 07 (225-299 Closed Loans/Month) without setup,MeridianLink Mortgage Access Tier 07 (225-299 Closed Loans/Month) without setup,MeridianLink Mortgage Access Tier 07 (225-299 Closed Loans/Month) without setup,MeridianLink Mortgage Access Tier 07 (225-299 Closed Loans/Month) without setup,MeridianLink Mortgage Access Tier 07 (225-299 Closed Loans/Month) without setup,MeridianLink Mortgage Access Tier 07 (225-299 Closed Loans/Month) without setup,MeridianLink Mortgage Access Tier 07 (225-299 Closed Loans/Month) without setup,MeridianLink Mortgage Access Tier 07 (225-299 Closed Loans/Month) without setup,MeridianLink Mortgage Access Tier 07 (225-299 Closed Loans/Month) without setup,MeridianLink Mortgage Access Tier 07 (225-299 Closed Loans/Month) without setup,MeridianLink Mortgage Access Tier 07 (225-299 Closed Loans/Month) without setup,MeridianLink Mortgage Access Tier 07 (225-299 Closed Loans/Month) without setup,MeridianLink Mortgage Access Tier 07 (225-299 Closed Loans/Month) without setup,MeridianLink Mortgage Access Tier 07 (225-299 Closed Loans/Month) without setup,MeridianLink Mortgage Access Tier 07 (225-299 Closed Loans/Month) without setup,MeridianLink Mortgage Access Tier 07 (225-299 Closed Loans/Month) without setup,MeridianLink Mortgage Access Tier 07 (225-299 Closed Loans/Month) without setup,MeridianLink Mortgage Access Tier 07 (225-299 Closed Loans/Month) without setup,MeridianLink Mortgage Access Tier 07 (225-299 Closed Loans/Month) without setup
MeridianLink Mortgage LOS First Lien Loans Tier 13 (60 - 74 Closed Loans/Month) with 2 implementations,MeridianLink Mortgage,,MeridianLink Mortgage Access Tier 08 (170-224 Closed Loans/Month),MeridianLink Mortgage,,,,,,MeridianLink Mortgage Access Tier 08 (170-224 Closed Loans/Month),MeridianLink Mortgage Access Tier 08 (170-224 Closed Loans/Month),MeridianLink Mortgage Access Tier 08 (170-224 Closed Loans/Month),MeridianLink Mortgage Access Tier 08 (170-224 Closed Loans/Month),MeridianLink Mortgage Access Tier 08 (170-224 Closed Loans/Month),MeridianLink Mortgage Access Tier 08 (170-224 Closed Loans/Month),MeridianLink Mortgage Access Tier 08 (170-224 Closed Loans/Month),MeridianLink Mortgage Access Tier 08 (170-224 Closed Loans/Month),MeridianLink Mortgage Access Tier 08 (170-224 Closed Loans/Month),MeridianLink Mortgage Access Tier 08 (170-224 Closed Loans/Month),MeridianLink Mortgage Access Tier 08 (170-224 Closed Loans/Month),MeridianLink Mortgage Access Tier 08 (170-224 Closed Loans/Month),MeridianLink Mortgage Access Tier 08 (170-224 Closed Loans/Month),MeridianLink Mortgage Access Tier 08 (170-224 Closed Loans/Month),MeridianLink Mortgage Access Tier 08 (170-224 Closed Loans/Month),MeridianLink Mortgage Access Tier 08 (170-224 Closed Loans/Month),MeridianLink Mortgage Access Tier 08 (170-224 Closed Loans/Month),MeridianLink Mortgage Access Tier 08 (170-224 Closed Loans/Month),MeridianLink Mortgage Access Tier 08 (170-224 Closed Loans/Month),MeridianLink Mortgage Access Tier 08 (170-224 Closed Loans/Month),MeridianLink Mortgage Access Tier 08 (170-224 Closed Loans/Month),MeridianLink Mortgage Access Tier 08 (170-224 Closed Loans/Month),MeridianLink Mortgage Access Tier 08 (170-224 Closed Loans/Month),MeridianLink Mortgage Access Tier 08 (170-224 Closed Loans/Month),MeridianLink Mortgage Access Tier 08 (170-224 Closed Loans/Month),MeridianLink Mortgage Access Tier 08 (170-224 Closed Loans/Month),MeridianLink Mortgage Access Tier 08 (170-224 Closed Loans/Month),MeridianLink Mortgage Access Tier 08 (170-224 Closed Loans/Month),MeridianLink Mortgage Access Tier 08 (170-224 Closed Loans/Month),MeridianLink Mortgage Access Tier 08 (170-224 Closed Loans/Month),MeridianLink Mortgage Access Tier 08 (170-224 Closed Loans/Month),MeridianLink Mortgage Access Tier 08 (170-224 Closed Loans/Month),MeridianLink Mortgage Access Tier 08 (170-224 Closed Loans/Month),MeridianLink Mortgage Access Tier 08 (170-224 Closed Loans/Month)
MeridianLink Mortgage LOS First Lien Loans Tier 13 (60 - 74 Closed Loans/Month) with 3 implementations,MeridianLink Mortgage,,MeridianLink Mortgage Access Tier 08 (170-224 Closed Loans/Month) without setup,MeridianLink Mortgage,,,,,,MeridianLink Mortgage Access Tier 08 (170-224 Closed Loans/Month) without setup,MeridianLink Mortgage Access Tier 08 (170-224 Closed Loans/Month) without setup,MeridianLink Mortgage Access Tier 08 (170-224 Closed Loans/Month) without setup,MeridianLink Mortgage Access Tier 08 (170-224 Closed Loans/Month) without setup,MeridianLink Mortgage Access Tier 08 (170-224 Closed Loans/Month) without setup,MeridianLink Mortgage Access Tier 08 (170-224 Closed Loans/Month) without setup,MeridianLink Mortgage Access Tier 08 (170-224 Closed Loans/Month) without setup,MeridianLink Mortgage Access Tier 08 (170-224 Closed Loans/Month) without setup,MeridianLink Mortgage Access Tier 08 (170-224 Closed Loans/Month) without setup,MeridianLink Mortgage Access Tier 08 (170-224 Closed Loans/Month) without setup,MeridianLink Mortgage Access Tier 08 (170-224 Closed Loans/Month) without setup,MeridianLink Mortgage Access Tier 08 (170-224 Closed Loans/Month) without setup,MeridianLink Mortgage Access Tier 08 (170-224 Closed Loans/Month) without setup,MeridianLink Mortgage Access Tier 08 (170-224 Closed Loans/Month) without setup,MeridianLink Mortgage Access Tier 08 (170-224 Closed Loans/Month) without setup,MeridianLink Mortgage Access Tier 08 (170-224 Closed Loans/Month) without setup,MeridianLink Mortgage Access Tier 08 (170-224 Closed Loans/Month) without setup,MeridianLink Mortgage Access Tier 08 (170-224 Closed Loans/Month) without setup,MeridianLink Mortgage Access Tier 08 (170-224 Closed Loans/Month) without setup,MeridianLink Mortgage Access Tier 08 (170-224 Closed Loans/Month) without setup,MeridianLink Mortgage Access Tier 08 (170-224 Closed Loans/Month) without setup,MeridianLink Mortgage Access Tier 08 (170-224 Closed Loans/Month) without setup,MeridianLink Mortgage Access Tier 08 (170-224 Closed Loans/Month) without setup,MeridianLink Mortgage Access Tier 08 (170-224 Closed Loans/Month) without setup,MeridianLink Mortgage Access Tier 08 (170-224 Closed Loans/Month) without setup,MeridianLink Mortgage Access Tier 08 (170-224 Closed Loans/Month) without setup,MeridianLink Mortgage Access Tier 08 (170-224 Closed Loans/Month) without setup,MeridianLink Mortgage Access Tier 08 (170-224 Closed Loans/Month) without setup,MeridianLink Mortgage Access Tier 08 (170-224 Closed Loans/Month) without setup,MeridianLink Mortgage Access Tier 08 (170-224 Closed Loans/Month) without setup,MeridianLink Mortgage Access Tier 08 (170-224 Closed Loans/Month) without setup,MeridianLink Mortgage Access Tier 08 (170-224 Closed Loans/Month) without setup,MeridianLink Mortgage Access Tier 08 (170-224 Closed Loans/Month) without setup,MeridianLink Mortgage Access Tier 08 (170-224 Closed Loans/Month) without setup
MeridianLink Mortgage LOS First Lien Loans Tier 13 (60 - 74 Closed Loans/Month) with no implementations,MeridianLink Mortgage,,MeridianLink Mortgage Access Tier 09 (135-169 Closed Loans/Month),MeridianLink Mortgage,,,,,,MeridianLink Mortgage Access Tier 09 (135-169 Closed Loans/Month),MeridianLink Mortgage Access Tier 09 (135-169 Closed Loans/Month),MeridianLink Mortgage Access Tier 09 (135-169 Closed Loans/Month),MeridianLink Mortgage Access Tier 09 (135-169 Closed Loans/Month),MeridianLink Mortgage Access Tier 09 (135-169 Closed Loans/Month),MeridianLink Mortgage Access Tier 09 (135-169 Closed Loans/Month),MeridianLink Mortgage Access Tier 09 (135-169 Closed Loans/Month),MeridianLink Mortgage Access Tier 09 (135-169 Closed Loans/Month),MeridianLink Mortgage Access Tier 09 (135-169 Closed Loans/Month),MeridianLink Mortgage Access Tier 09 (135-169 Closed Loans/Month),MeridianLink Mortgage Access Tier 09 (135-169 Closed Loans/Month),MeridianLink Mortgage Access Tier 09 (135-169 Closed Loans/Month),MeridianLink Mortgage Access Tier 09 (135-169 Closed Loans/Month),MeridianLink Mortgage Access Tier 09 (135-169 Closed Loans/Month),MeridianLink Mortgage Access Tier 09 (135-169 Closed Loans/Month),MeridianLink Mortgage Access Tier 09 (135-169 Closed Loans/Month),MeridianLink Mortgage Access Tier 09 (135-169 Closed Loans/Month),MeridianLink Mortgage Access Tier 09 (135-169 Closed Loans/Month),MeridianLink Mortgage Access Tier 09 (135-169 Closed Loans/Month),MeridianLink Mortgage Access Tier 09 (135-169 Closed Loans/Month),MeridianLink Mortgage Access Tier 09 (135-169 Closed Loans/Month),MeridianLink Mortgage Access Tier 09 (135-169 Closed Loans/Month),MeridianLink Mortgage Access Tier 09 (135-169 Closed Loans/Month),MeridianLink Mortgage Access Tier 09 (135-169 Closed Loans/Month),MeridianLink Mortgage Access Tier 09 (135-169 Closed Loans/Month),MeridianLink Mortgage Access Tier 09 (135-169 Closed Loans/Month),MeridianLink Mortgage Access Tier 09 (135-169 Closed Loans/Month),MeridianLink Mortgage Access Tier 09 (135-169 Closed Loans/Month),MeridianLink Mortgage Access Tier 09 (135-169 Closed Loans/Month),MeridianLink Mortgage Access Tier 09 (135-169 Closed Loans/Month),MeridianLink Mortgage Access Tier 09 (135-169 Closed Loans/Month),MeridianLink Mortgage Access Tier 09 (135-169 Closed Loans/Month),MeridianLink Mortgage Access Tier 09 (135-169 Closed Loans/Month),MeridianLink Mortgage Access Tier 09 (135-169 Closed Loans/Month)
MeridianLink Mortgage LOS First Lien Loans Tier 14 (45 - 59 Closed Loans/Month) with 1 implementation,MeridianLink Mortgage,,MeridianLink Mortgage Access Tier 09 (135-169 Closed Loans/Month) without setup,MeridianLink Mortgage,,,,,,MeridianLink Mortgage Access Tier 09 (135-169 Closed Loans/Month) without setup,MeridianLink Mortgage Access Tier 09 (135-169 Closed Loans/Month) without setup,MeridianLink Mortgage Access Tier 09 (135-169 Closed Loans/Month) without setup,MeridianLink Mortgage Access Tier 09 (135-169 Closed Loans/Month) without setup,MeridianLink Mortgage Access Tier 09 (135-169 Closed Loans/Month) without setup,MeridianLink Mortgage Access Tier 09 (135-169 Closed Loans/Month) without setup,MeridianLink Mortgage Access Tier 09 (135-169 Closed Loans/Month) without setup,MeridianLink Mortgage Access Tier 09 (135-169 Closed Loans/Month) without setup,MeridianLink Mortgage Access Tier 09 (135-169 Closed Loans/Month) without setup,MeridianLink Mortgage Access Tier 09 (135-169 Closed Loans/Month) without setup,MeridianLink Mortgage Access Tier 09 (135-169 Closed Loans/Month) without setup,MeridianLink Mortgage Access Tier 09 (135-169 Closed Loans/Month) without setup,MeridianLink Mortgage Access Tier 09 (135-169 Closed Loans/Month) without setup,MeridianLink Mortgage Access Tier 09 (135-169 Closed Loans/Month) without setup,MeridianLink Mortgage Access Tier 09 (135-169 Closed Loans/Month) without setup,MeridianLink Mortgage Access Tier 09 (135-169 Closed Loans/Month) without setup,MeridianLink Mortgage Access Tier 09 (135-169 Closed Loans/Month) without setup,MeridianLink Mortgage Access Tier 09 (135-169 Closed Loans/Month) without setup,MeridianLink Mortgage Access Tier 09 (135-169 Closed Loans/Month) without setup,MeridianLink Mortgage Access Tier 09 (135-169 Closed Loans/Month) without setup,MeridianLink Mortgage Access Tier 09 (135-169 Closed Loans/Month) without setup,MeridianLink Mortgage Access Tier 09 (135-169 Closed Loans/Month) without setup,MeridianLink Mortgage Access Tier 09 (135-169 Closed Loans/Month) without setup,MeridianLink Mortgage Access Tier 09 (135-169 Closed Loans/Month) without setup,MeridianLink Mortgage Access Tier 09 (135-169 Closed Loans/Month) without setup,MeridianLink Mortgage Access Tier 09 (135-169 Closed Loans/Month) without setup,MeridianLink Mortgage Access Tier 09 (135-169 Closed Loans/Month) without setup,MeridianLink Mortgage Access Tier 09 (135-169 Closed Loans/Month) without setup,MeridianLink Mortgage Access Tier 09 (135-169 Closed Loans/Month) without setup,MeridianLink Mortgage Access Tier 09 (135-169 Closed Loans/Month) without setup,MeridianLink Mortgage Access Tier 09 (135-169 Closed Loans/Month) without setup,MeridianLink Mortgage Access Tier 09 (135-169 Closed Loans/Month) without setup,MeridianLink Mortgage Access Tier 09 (135-169 Closed Loans/Month) without setup,MeridianLink Mortgage Access Tier 09 (135-169 Closed Loans/Month) without setup
MeridianLink Mortgage LOS First Lien Loans Tier 14 (45 - 59 Closed Loans/Month) with 2 implementations,MeridianLink Mortgage,,MeridianLink Mortgage Access Tier 10 (110-134 Closed Loans/Month),MeridianLink Mortgage,,,,,,MeridianLink Mortgage Access Tier 10 (110-134 Closed Loans/Month),MeridianLink Mortgage Access Tier 10 (110-134 Closed Loans/Month),MeridianLink Mortgage Access Tier 10 (110-134 Closed Loans/Month),MeridianLink Mortgage Access Tier 10 (110-134 Closed Loans/Month),MeridianLink Mortgage Access Tier 10 (110-134 Closed Loans/Month),MeridianLink Mortgage Access Tier 10 (110-134 Closed Loans/Month),MeridianLink Mortgage Access Tier 10 (110-134 Closed Loans/Month),MeridianLink Mortgage Access Tier 10 (110-134 Closed Loans/Month),MeridianLink Mortgage Access Tier 10 (110-134 Closed Loans/Month),MeridianLink Mortgage Access Tier 10 (110-134 Closed Loans/Month),MeridianLink Mortgage Access Tier 10 (110-134 Closed Loans/Month),MeridianLink Mortgage Access Tier 10 (110-134 Closed Loans/Month),MeridianLink Mortgage Access Tier 10 (110-134 Closed Loans/Month),MeridianLink Mortgage Access Tier 10 (110-134 Closed Loans/Month),MeridianLink Mortgage Access Tier 10 (110-134 Closed Loans/Month),MeridianLink Mortgage Access Tier 10 (110-134 Closed Loans/Month),MeridianLink Mortgage Access Tier 10 (110-134 Closed Loans/Month),MeridianLink Mortgage Access Tier 10 (110-134 Closed Loans/Month),MeridianLink Mortgage Access Tier 10 (110-134 Closed Loans/Month),MeridianLink Mortgage Access Tier 10 (110-134 Closed Loans/Month),MeridianLink Mortgage Access Tier 10 (110-134 Closed Loans/Month),MeridianLink Mortgage Access Tier 10 (110-134 Closed Loans/Month),MeridianLink Mortgage Access Tier 10 (110-134 Closed Loans/Month),MeridianLink Mortgage Access Tier 10 (110-134 Closed Loans/Month),MeridianLink Mortgage Access Tier 10 (110-134 Closed Loans/Month),MeridianLink Mortgage Access Tier 10 (110-134 Closed Loans/Month),MeridianLink Mortgage Access Tier 10 (110-134 Closed Loans/Month),MeridianLink Mortgage Access Tier 10 (110-134 Closed Loans/Month),MeridianLink Mortgage Access Tier 10 (110-134 Closed Loans/Month),MeridianLink Mortgage Access Tier 10 (110-134 Closed Loans/Month),MeridianLink Mortgage Access Tier 10 (110-134 Closed Loans/Month),MeridianLink Mortgage Access Tier 10 (110-134 Closed Loans/Month),MeridianLink Mortgage Access Tier 10 (110-134 Closed Loans/Month),MeridianLink Mortgage Access Tier 10 (110-134 Closed Loans/Month)
MeridianLink Mortgage LOS First Lien Loans Tier 14 (45 - 59 Closed Loans/Month) with 3 implementations,MeridianLink Mortgage,,MeridianLink Mortgage Access Tier 10 (110-134 Closed Loans/Month) without setup,MeridianLink Mortgage,,,,,,MeridianLink Mortgage Access Tier 10 (110-134 Closed Loans/Month) without setup,MeridianLink Mortgage Access Tier 10 (110-134 Closed Loans/Month) without setup,MeridianLink Mortgage Access Tier 10 (110-134 Closed Loans/Month) without setup,MeridianLink Mortgage Access Tier 10 (110-134 Closed Loans/Month) without setup,MeridianLink Mortgage Access Tier 10 (110-134 Closed Loans/Month) without setup,MeridianLink Mortgage Access Tier 10 (110-134 Closed Loans/Month) without setup,MeridianLink Mortgage Access Tier 10 (110-134 Closed Loans/Month) without setup,MeridianLink Mortgage Access Tier 10 (110-134 Closed Loans/Month) without setup,MeridianLink Mortgage Access Tier 10 (110-134 Closed Loans/Month) without setup,MeridianLink Mortgage Access Tier 10 (110-134 Closed Loans/Month) without setup,MeridianLink Mortgage Access Tier 10 (110-134 Closed Loans/Month) without setup,MeridianLink Mortgage Access Tier 10 (110-134 Closed Loans/Month) without setup,MeridianLink Mortgage Access Tier 10 (110-134 Closed Loans/Month) without setup,MeridianLink Mortgage Access Tier 10 (110-134 Closed Loans/Month) without setup,MeridianLink Mortgage Access Tier 10 (110-134 Closed Loans/Month) without setup,MeridianLink Mortgage Access Tier 10 (110-134 Closed Loans/Month) without setup,MeridianLink Mortgage Access Tier 10 (110-134 Closed Loans/Month) without setup,MeridianLink Mortgage Access Tier 10 (110-134 Closed Loans/Month) without setup,MeridianLink Mortgage Access Tier 10 (110-134 Closed Loans/Month) without setup,MeridianLink Mortgage Access Tier 10 (110-134 Closed Loans/Month) without setup,MeridianLink Mortgage Access Tier 10 (110-134 Closed Loans/Month) without setup,MeridianLink Mortgage Access Tier 10 (110-134 Closed Loans/Month) without setup,MeridianLink Mortgage Access Tier 10 (110-134 Closed Loans/Month) without setup,MeridianLink Mortgage Access Tier 10 (110-134 Closed Loans/Month) without setup,MeridianLink Mortgage Access Tier 10 (110-134 Closed Loans/Month) without setup,MeridianLink Mortgage Access Tier 10 (110-134 Closed Loans/Month) without setup,MeridianLink Mortgage Access Tier 10 (110-134 Closed Loans/Month) without setup,MeridianLink Mortgage Access Tier 10 (110-134 Closed Loans/Month) without setup,MeridianLink Mortgage Access Tier 10 (110-134 Closed Loans/Month) without setup,MeridianLink Mortgage Access Tier 10 (110-134 Closed Loans/Month) without setup,MeridianLink Mortgage Access Tier 10 (110-134 Closed Loans/Month) without setup,MeridianLink Mortgage Access Tier 10 (110-134 Closed Loans/Month) without setup,MeridianLink Mortgage Access Tier 10 (110-134 Closed Loans/Month) without setup,MeridianLink Mortgage Access Tier 10 (110-134 Closed Loans/Month) without setup
MeridianLink Mortgage LOS First Lien Loans Tier 14 (45 - 59 Closed Loans/Month) with no implementations,MeridianLink Mortgage,,MeridianLink Mortgage Access Tier 11 (90-109 Closed Loans/Month),MeridianLink Mortgage,,,,,,MeridianLink Mortgage Access Tier 11 (90-109 Closed Loans/Month),MeridianLink Mortgage Access Tier 11 (90-109 Closed Loans/Month),MeridianLink Mortgage Access Tier 11 (90-109 Closed Loans/Month),MeridianLink Mortgage Access Tier 11 (90-109 Closed Loans/Month),MeridianLink Mortgage Access Tier 11 (90-109 Closed Loans/Month),MeridianLink Mortgage Access Tier 11 (90-109 Closed Loans/Month),MeridianLink Mortgage Access Tier 11 (90-109 Closed Loans/Month),MeridianLink Mortgage Access Tier 11 (90-109 Closed Loans/Month),MeridianLink Mortgage Access Tier 11 (90-109 Closed Loans/Month),MeridianLink Mortgage Access Tier 11 (90-109 Closed Loans/Month),MeridianLink Mortgage Access Tier 11 (90-109 Closed Loans/Month),MeridianLink Mortgage Access Tier 11 (90-109 Closed Loans/Month),MeridianLink Mortgage Access Tier 11 (90-109 Closed Loans/Month),MeridianLink Mortgage Access Tier 11 (90-109 Closed Loans/Month),MeridianLink Mortgage Access Tier 11 (90-109 Closed Loans/Month),MeridianLink Mortgage Access Tier 11 (90-109 Closed Loans/Month),MeridianLink Mortgage Access Tier 11 (90-109 Closed Loans/Month),MeridianLink Mortgage Access Tier 11 (90-109 Closed Loans/Month),MeridianLink Mortgage Access Tier 11 (90-109 Closed Loans/Month),MeridianLink Mortgage Access Tier 11 (90-109 Closed Loans/Month),MeridianLink Mortgage Access Tier 11 (90-109 Closed Loans/Month),MeridianLink Mortgage Access Tier 11 (90-109 Closed Loans/Month),MeridianLink Mortgage Access Tier 11 (90-109 Closed Loans/Month),MeridianLink Mortgage Access Tier 11 (90-109 Closed Loans/Month),MeridianLink Mortgage Access Tier 11 (90-109 Closed Loans/Month),MeridianLink Mortgage Access Tier 11 (90-109 Closed Loans/Month),MeridianLink Mortgage Access Tier 11 (90-109 Closed Loans/Month),MeridianLink Mortgage Access Tier 11 (90-109 Closed Loans/Month),MeridianLink Mortgage Access Tier 11 (90-109 Closed Loans/Month),MeridianLink Mortgage Access Tier 11 (90-109 Closed Loans/Month),MeridianLink Mortgage Access Tier 11 (90-109 Closed Loans/Month),MeridianLink Mortgage Access Tier 11 (90-109 Closed Loans/Month),MeridianLink Mortgage Access Tier 11 (90-109 Closed Loans/Month),MeridianLink Mortgage Access Tier 11 (90-109 Closed Loans/Month)
MeridianLink Mortgage LOS First Lien Loans Tier 15 (30 - 44 Closed Loans/Month) with 1 implementation,MeridianLink Mortgage,,MeridianLink Mortgage Access Tier 11 (90-109 Closed Loans/Month) without setup,MeridianLink Mortgage,,,,,,MeridianLink Mortgage Access Tier 11 (90-109 Closed Loans/Month) without setup,MeridianLink Mortgage Access Tier 11 (90-109 Closed Loans/Month) without setup,MeridianLink Mortgage Access Tier 11 (90-109 Closed Loans/Month) without setup,MeridianLink Mortgage Access Tier 11 (90-109 Closed Loans/Month) without setup,MeridianLink Mortgage Access Tier 11 (90-109 Closed Loans/Month) without setup,MeridianLink Mortgage Access Tier 11 (90-109 Closed Loans/Month) without setup,MeridianLink Mortgage Access Tier 11 (90-109 Closed Loans/Month) without setup,MeridianLink Mortgage Access Tier 11 (90-109 Closed Loans/Month) without setup,MeridianLink Mortgage Access Tier 11 (90-109 Closed Loans/Month) without setup,MeridianLink Mortgage Access Tier 11 (90-109 Closed Loans/Month) without setup,MeridianLink Mortgage Access Tier 11 (90-109 Closed Loans/Month) without setup,MeridianLink Mortgage Access Tier 11 (90-109 Closed Loans/Month) without setup,MeridianLink Mortgage Access Tier 11 (90-109 Closed Loans/Month) without setup,MeridianLink Mortgage Access Tier 11 (90-109 Closed Loans/Month) without setup,MeridianLink Mortgage Access Tier 11 (90-109 Closed Loans/Month) without setup,MeridianLink Mortgage Access Tier 11 (90-109 Closed Loans/Month) without setup,MeridianLink Mortgage Access Tier 11 (90-109 Closed Loans/Month) without setup,MeridianLink Mortgage Access Tier 11 (90-109 Closed Loans/Month) without setup,MeridianLink Mortgage Access Tier 11 (90-109 Closed Loans/Month) without setup,MeridianLink Mortgage Access Tier 11 (90-109 Closed Loans/Month) without setup,MeridianLink Mortgage Access Tier 11 (90-109 Closed Loans/Month) without setup,MeridianLink Mortgage Access Tier 11 (90-109 Closed Loans/Month) without setup,MeridianLink Mortgage Access Tier 11 (90-109 Closed Loans/Month) without setup,MeridianLink Mortgage Access Tier 11 (90-109 Closed Loans/Month) without setup,MeridianLink Mortgage Access Tier 11 (90-109 Closed Loans/Month) without setup,MeridianLink Mortgage Access Tier 11 (90-109 Closed Loans/Month) without setup,MeridianLink Mortgage Access Tier 11 (90-109 Closed Loans/Month) without setup,MeridianLink Mortgage Access Tier 11 (90-109 Closed Loans/Month) without setup,MeridianLink Mortgage Access Tier 11 (90-109 Closed Loans/Month) without setup,MeridianLink Mortgage Access Tier 11 (90-109 Closed Loans/Month) without setup,MeridianLink Mortgage Access Tier 11 (90-109 Closed Loans/Month) without setup,MeridianLink Mortgage Access Tier 11 (90-109 Closed Loans/Month) without setup,MeridianLink Mortgage Access Tier 11 (90-109 Closed Loans/Month) without setup,MeridianLink Mortgage Access Tier 11 (90-109 Closed Loans/Month) without setup
MeridianLink Mortgage LOS First Lien Loans Tier 15 (30 - 44 Closed Loans/Month) with 2 implementations,MeridianLink Mortgage,,MeridianLink Mortgage Access Tier 12 (75-89 Closed Loans/Month),MeridianLink Mortgage,,,,,,MeridianLink Mortgage Access Tier 12 (75-89 Closed Loans/Month),MeridianLink Mortgage Access Tier 12 (75-89 Closed Loans/Month),MeridianLink Mortgage Access Tier 12 (75-89 Closed Loans/Month),MeridianLink Mortgage Access Tier 12 (75-89 Closed Loans/Month),MeridianLink Mortgage Access Tier 12 (75-89 Closed Loans/Month),MeridianLink Mortgage Access Tier 12 (75-89 Closed Loans/Month),MeridianLink Mortgage Access Tier 12 (75-89 Closed Loans/Month),MeridianLink Mortgage Access Tier 12 (75-89 Closed Loans/Month),MeridianLink Mortgage Access Tier 12 (75-89 Closed Loans/Month),MeridianLink Mortgage Access Tier 12 (75-89 Closed Loans/Month),MeridianLink Mortgage Access Tier 12 (75-89 Closed Loans/Month),MeridianLink Mortgage Access Tier 12 (75-89 Closed Loans/Month),MeridianLink Mortgage Access Tier 12 (75-89 Closed Loans/Month),MeridianLink Mortgage Access Tier 12 (75-89 Closed Loans/Month),MeridianLink Mortgage Access Tier 12 (75-89 Closed Loans/Month),MeridianLink Mortgage Access Tier 12 (75-89 Closed Loans/Month),MeridianLink Mortgage Access Tier 12 (75-89 Closed Loans/Month),MeridianLink Mortgage Access Tier 12 (75-89 Closed Loans/Month),MeridianLink Mortgage Access Tier 12 (75-89 Closed Loans/Month),MeridianLink Mortgage Access Tier 12 (75-89 Closed Loans/Month),MeridianLink Mortgage Access Tier 12 (75-89 Closed Loans/Month),MeridianLink Mortgage Access Tier 12 (75-89 Closed Loans/Month),MeridianLink Mortgage Access Tier 12 (75-89 Closed Loans/Month),MeridianLink Mortgage Access Tier 12 (75-89 Closed Loans/Month),MeridianLink Mortgage Access Tier 12 (75-89 Closed Loans/Month),MeridianLink Mortgage Access Tier 12 (75-89 Closed Loans/Month),MeridianLink Mortgage Access Tier 12 (75-89 Closed Loans/Month),MeridianLink Mortgage Access Tier 12 (75-89 Closed Loans/Month),MeridianLink Mortgage Access Tier 12 (75-89 Closed Loans/Month),MeridianLink Mortgage Access Tier 12 (75-89 Closed Loans/Month),MeridianLink Mortgage Access Tier 12 (75-89 Closed Loans/Month),MeridianLink Mortgage Access Tier 12 (75-89 Closed Loans/Month),MeridianLink Mortgage Access Tier 12 (75-89 Closed Loans/Month),MeridianLink Mortgage Access Tier 12 (75-89 Closed Loans/Month)
MeridianLink Mortgage LOS First Lien Loans Tier 15 (30 - 44 Closed Loans/Month) with 3 implementations,MeridianLink Mortgage,,MeridianLink Mortgage Access Tier 12 (75-89 Closed Loans/Month) without setup,MeridianLink Mortgage,,,,,,MeridianLink Mortgage Access Tier 12 (75-89 Closed Loans/Month) without setup,MeridianLink Mortgage Access Tier 12 (75-89 Closed Loans/Month) without setup,MeridianLink Mortgage Access Tier 12 (75-89 Closed Loans/Month) without setup,MeridianLink Mortgage Access Tier 12 (75-89 Closed Loans/Month) without setup,MeridianLink Mortgage Access Tier 12 (75-89 Closed Loans/Month) without setup,MeridianLink Mortgage Access Tier 12 (75-89 Closed Loans/Month) without setup,MeridianLink Mortgage Access Tier 12 (75-89 Closed Loans/Month) without setup,MeridianLink Mortgage Access Tier 12 (75-89 Closed Loans/Month) without setup,MeridianLink Mortgage Access Tier 12 (75-89 Closed Loans/Month) without setup,MeridianLink Mortgage Access Tier 12 (75-89 Closed Loans/Month) without setup,MeridianLink Mortgage Access Tier 12 (75-89 Closed Loans/Month) without setup,MeridianLink Mortgage Access Tier 12 (75-89 Closed Loans/Month) without setup,MeridianLink Mortgage Access Tier 12 (75-89 Closed Loans/Month) without setup,MeridianLink Mortgage Access Tier 12 (75-89 Closed Loans/Month) without setup,MeridianLink Mortgage Access Tier 12 (75-89 Closed Loans/Month) without setup,MeridianLink Mortgage Access Tier 12 (75-89 Closed Loans/Month) without setup,MeridianLink Mortgage Access Tier 12 (75-89 Closed Loans/Month) without setup,MeridianLink Mortgage Access Tier 12 (75-89 Closed Loans/Month) without setup,MeridianLink Mortgage Access Tier 12 (75-89 Closed Loans/Month) without setup,MeridianLink Mortgage Access Tier 12 (75-89 Closed Loans/Month) without setup,MeridianLink Mortgage Access Tier 12 (75-89 Closed Loans/Month) without setup,MeridianLink Mortgage Access Tier 12 (75-89 Closed Loans/Month) without setup,MeridianLink Mortgage Access Tier 12 (75-89 Closed Loans/Month) without setup,MeridianLink Mortgage Access Tier 12 (75-89 Closed Loans/Month) without setup,MeridianLink Mortgage Access Tier 12 (75-89 Closed Loans/Month) without setup,MeridianLink Mortgage Access Tier 12 (75-89 Closed Loans/Month) without setup,MeridianLink Mortgage Access Tier 12 (75-89 Closed Loans/Month) without setup,MeridianLink Mortgage Access Tier 12 (75-89 Closed Loans/Month) without setup,MeridianLink Mortgage Access Tier 12 (75-89 Closed Loans/Month) without setup,MeridianLink Mortgage Access Tier 12 (75-89 Closed Loans/Month) without setup,MeridianLink Mortgage Access Tier 12 (75-89 Closed Loans/Month) without setup,MeridianLink Mortgage Access Tier 12 (75-89 Closed Loans/Month) without setup,MeridianLink Mortgage Access Tier 12 (75-89 Closed Loans/Month) without setup,MeridianLink Mortgage Access Tier 12 (75-89 Closed Loans/Month) without setup
MeridianLink Mortgage LOS First Lien Loans Tier 15 (30 - 44 Closed Loans/Month) with no implementations,MeridianLink Mortgage,,MeridianLink Mortgage Access Tier 13 (60-74 Closed Loans/Month),MeridianLink Mortgage,,,,,,MeridianLink Mortgage Access Tier 13 (60-74 Closed Loans/Month),MeridianLink Mortgage Access Tier 13 (60-74 Closed Loans/Month),MeridianLink Mortgage Access Tier 13 (60-74 Closed Loans/Month),MeridianLink Mortgage Access Tier 13 (60-74 Closed Loans/Month),MeridianLink Mortgage Access Tier 13 (60-74 Closed Loans/Month),MeridianLink Mortgage Access Tier 13 (60-74 Closed Loans/Month),MeridianLink Mortgage Access Tier 13 (60-74 Closed Loans/Month),MeridianLink Mortgage Access Tier 13 (60-74 Closed Loans/Month),MeridianLink Mortgage Access Tier 13 (60-74 Closed Loans/Month),MeridianLink Mortgage Access Tier 13 (60-74 Closed Loans/Month),MeridianLink Mortgage Access Tier 13 (60-74 Closed Loans/Month),MeridianLink Mortgage Access Tier 13 (60-74 Closed Loans/Month),MeridianLink Mortgage Access Tier 13 (60-74 Closed Loans/Month),MeridianLink Mortgage Access Tier 13 (60-74 Closed Loans/Month),MeridianLink Mortgage Access Tier 13 (60-74 Closed Loans/Month),MeridianLink Mortgage Access Tier 13 (60-74 Closed Loans/Month),MeridianLink Mortgage Access Tier 13 (60-74 Closed Loans/Month),MeridianLink Mortgage Access Tier 13 (60-74 Closed Loans/Month),MeridianLink Mortgage Access Tier 13 (60-74 Closed Loans/Month),MeridianLink Mortgage Access Tier 13 (60-74 Closed Loans/Month),MeridianLink Mortgage Access Tier 13 (60-74 Closed Loans/Month),MeridianLink Mortgage Access Tier 13 (60-74 Closed Loans/Month),MeridianLink Mortgage Access Tier 13 (60-74 Closed Loans/Month),MeridianLink Mortgage Access Tier 13 (60-74 Closed Loans/Month),MeridianLink Mortgage Access Tier 13 (60-74 Closed Loans/Month),MeridianLink Mortgage Access Tier 13 (60-74 Closed Loans/Month),MeridianLink Mortgage Access Tier 13 (60-74 Closed Loans/Month),MeridianLink Mortgage Access Tier 13 (60-74 Closed Loans/Month),MeridianLink Mortgage Access Tier 13 (60-74 Closed Loans/Month),MeridianLink Mortgage Access Tier 13 (60-74 Closed Loans/Month),MeridianLink Mortgage Access Tier 13 (60-74 Closed Loans/Month),MeridianLink Mortgage Access Tier 13 (60-74 Closed Loans/Month),MeridianLink Mortgage Access Tier 13 (60-74 Closed Loans/Month),MeridianLink Mortgage Access Tier 13 (60-74 Closed Loans/Month)
MeridianLink Mortgage LOS First Lien Loans Tier 16 (15-29 Closed Loans/Month) with 1 implementation,MeridianLink Mortgage,,MeridianLink Mortgage Access Tier 13 (60-74 Closed Loans/Month) without setup,MeridianLink Mortgage,,,,,,MeridianLink Mortgage Access Tier 13 (60-74 Closed Loans/Month) without setup,MeridianLink Mortgage Access Tier 13 (60-74 Closed Loans/Month) without setup,MeridianLink Mortgage Access Tier 13 (60-74 Closed Loans/Month) without setup,MeridianLink Mortgage Access Tier 13 (60-74 Closed Loans/Month) without setup,MeridianLink Mortgage Access Tier 13 (60-74 Closed Loans/Month) without setup,MeridianLink Mortgage Access Tier 13 (60-74 Closed Loans/Month) without setup,MeridianLink Mortgage Access Tier 13 (60-74 Closed Loans/Month) without setup,MeridianLink Mortgage Access Tier 13 (60-74 Closed Loans/Month) without setup,MeridianLink Mortgage Access Tier 13 (60-74 Closed Loans/Month) without setup,MeridianLink Mortgage Access Tier 13 (60-74 Closed Loans/Month) without setup,MeridianLink Mortgage Access Tier 13 (60-74 Closed Loans/Month) without setup,MeridianLink Mortgage Access Tier 13 (60-74 Closed Loans/Month) without setup,MeridianLink Mortgage Access Tier 13 (60-74 Closed Loans/Month) without setup,MeridianLink Mortgage Access Tier 13 (60-74 Closed Loans/Month) without setup,MeridianLink Mortgage Access Tier 13 (60-74 Closed Loans/Month) without setup,MeridianLink Mortgage Access Tier 13 (60-74 Closed Loans/Month) without setup,MeridianLink Mortgage Access Tier 13 (60-74 Closed Loans/Month) without setup,MeridianLink Mortgage Access Tier 13 (60-74 Closed Loans/Month) without setup,MeridianLink Mortgage Access Tier 13 (60-74 Closed Loans/Month) without setup,MeridianLink Mortgage Access Tier 13 (60-74 Closed Loans/Month) without setup,MeridianLink Mortgage Access Tier 13 (60-74 Closed Loans/Month) without setup,MeridianLink Mortgage Access Tier 13 (60-74 Closed Loans/Month) without setup,MeridianLink Mortgage Access Tier 13 (60-74 Closed Loans/Month) without setup,MeridianLink Mortgage Access Tier 13 (60-74 Closed Loans/Month) without setup,MeridianLink Mortgage Access Tier 13 (60-74 Closed Loans/Month) without setup,MeridianLink Mortgage Access Tier 13 (60-74 Closed Loans/Month) without setup,MeridianLink Mortgage Access Tier 13 (60-74 Closed Loans/Month) without setup,MeridianLink Mortgage Access Tier 13 (60-74 Closed Loans/Month) without setup,MeridianLink Mortgage Access Tier 13 (60-74 Closed Loans/Month) without setup,MeridianLink Mortgage Access Tier 13 (60-74 Closed Loans/Month) without setup,MeridianLink Mortgage Access Tier 13 (60-74 Closed Loans/Month) without setup,MeridianLink Mortgage Access Tier 13 (60-74 Closed Loans/Month) without setup,MeridianLink Mortgage Access Tier 13 (60-74 Closed Loans/Month) without setup,MeridianLink Mortgage Access Tier 13 (60-74 Closed Loans/Month) without setup
MeridianLink Mortgage LOS First Lien Loans Tier 16 (15-29 Closed Loans/Month) with 2 implementations,MeridianLink Mortgage,,MeridianLink Mortgage Access Tier 14 (45-59 Closed Loans/Month),MeridianLink Mortgage,,,,,,MeridianLink Mortgage Access Tier 14 (45-59 Closed Loans/Month),MeridianLink Mortgage Access Tier 14 (45-59 Closed Loans/Month),MeridianLink Mortgage Access Tier 14 (45-59 Closed Loans/Month),MeridianLink Mortgage Access Tier 14 (45-59 Closed Loans/Month),MeridianLink Mortgage Access Tier 14 (45-59 Closed Loans/Month),MeridianLink Mortgage Access Tier 14 (45-59 Closed Loans/Month),MeridianLink Mortgage Access Tier 14 (45-59 Closed Loans/Month),MeridianLink Mortgage Access Tier 14 (45-59 Closed Loans/Month),MeridianLink Mortgage Access Tier 14 (45-59 Closed Loans/Month),MeridianLink Mortgage Access Tier 14 (45-59 Closed Loans/Month),MeridianLink Mortgage Access Tier 14 (45-59 Closed Loans/Month),MeridianLink Mortgage Access Tier 14 (45-59 Closed Loans/Month),MeridianLink Mortgage Access Tier 14 (45-59 Closed Loans/Month),MeridianLink Mortgage Access Tier 14 (45-59 Closed Loans/Month),MeridianLink Mortgage Access Tier 14 (45-59 Closed Loans/Month),MeridianLink Mortgage Access Tier 14 (45-59 Closed Loans/Month),MeridianLink Mortgage Access Tier 14 (45-59 Closed Loans/Month),MeridianLink Mortgage Access Tier 14 (45-59 Closed Loans/Month),MeridianLink Mortgage Access Tier 14 (45-59 Closed Loans/Month),MeridianLink Mortgage Access Tier 14 (45-59 Closed Loans/Month),MeridianLink Mortgage Access Tier 14 (45-59 Closed Loans/Month),MeridianLink Mortgage Access Tier 14 (45-59 Closed Loans/Month),MeridianLink Mortgage Access Tier 14 (45-59 Closed Loans/Month),MeridianLink Mortgage Access Tier 14 (45-59 Closed Loans/Month),MeridianLink Mortgage Access Tier 14 (45-59 Closed Loans/Month),MeridianLink Mortgage Access Tier 14 (45-59 Closed Loans/Month),MeridianLink Mortgage Access Tier 14 (45-59 Closed Loans/Month),MeridianLink Mortgage Access Tier 14 (45-59 Closed Loans/Month),MeridianLink Mortgage Access Tier 14 (45-59 Closed Loans/Month),MeridianLink Mortgage Access Tier 14 (45-59 Closed Loans/Month),MeridianLink Mortgage Access Tier 14 (45-59 Closed Loans/Month),MeridianLink Mortgage Access Tier 14 (45-59 Closed Loans/Month),MeridianLink Mortgage Access Tier 14 (45-59 Closed Loans/Month),MeridianLink Mortgage Access Tier 14 (45-59 Closed Loans/Month)
MeridianLink Mortgage LOS First Lien Loans Tier 16 (15-29 Closed Loans/Month) with 3 implementations,MeridianLink Mortgage,,MeridianLink Mortgage Access Tier 14 (45-59 Closed Loans/Month) without setup,MeridianLink Mortgage,,,,,,MeridianLink Mortgage Access Tier 14 (45-59 Closed Loans/Month) without setup,MeridianLink Mortgage Access Tier 14 (45-59 Closed Loans/Month) without setup,MeridianLink Mortgage Access Tier 14 (45-59 Closed Loans/Month) without setup,MeridianLink Mortgage Access Tier 14 (45-59 Closed Loans/Month) without setup,MeridianLink Mortgage Access Tier 14 (45-59 Closed Loans/Month) without setup,MeridianLink Mortgage Access Tier 14 (45-59 Closed Loans/Month) without setup,MeridianLink Mortgage Access Tier 14 (45-59 Closed Loans/Month) without setup,MeridianLink Mortgage Access Tier 14 (45-59 Closed Loans/Month) without setup,MeridianLink Mortgage Access Tier 14 (45-59 Closed Loans/Month) without setup,MeridianLink Mortgage Access Tier 14 (45-59 Closed Loans/Month) without setup,MeridianLink Mortgage Access Tier 14 (45-59 Closed Loans/Month) without setup,MeridianLink Mortgage Access Tier 14 (45-59 Closed Loans/Month) without setup,MeridianLink Mortgage Access Tier 14 (45-59 Closed Loans/Month) without setup,MeridianLink Mortgage Access Tier 14 (45-59 Closed Loans/Month) without setup,MeridianLink Mortgage Access Tier 14 (45-59 Closed Loans/Month) without setup,MeridianLink Mortgage Access Tier 14 (45-59 Closed Loans/Month) without setup,MeridianLink Mortgage Access Tier 14 (45-59 Closed Loans/Month) without setup,MeridianLink Mortgage Access Tier 14 (45-59 Closed Loans/Month) without setup,MeridianLink Mortgage Access Tier 14 (45-59 Closed Loans/Month) without setup,MeridianLink Mortgage Access Tier 14 (45-59 Closed Loans/Month) without setup,MeridianLink Mortgage Access Tier 14 (45-59 Closed Loans/Month) without setup,MeridianLink Mortgage Access Tier 14 (45-59 Closed Loans/Month) without setup,MeridianLink Mortgage Access Tier 14 (45-59 Closed Loans/Month) without setup,MeridianLink Mortgage Access Tier 14 (45-59 Closed Loans/Month) without setup,MeridianLink Mortgage Access Tier 14 (45-59 Closed Loans/Month) without setup,MeridianLink Mortgage Access Tier 14 (45-59 Closed Loans/Month) without setup,MeridianLink Mortgage Access Tier 14 (45-59 Closed Loans/Month) without setup,MeridianLink Mortgage Access Tier 14 (45-59 Closed Loans/Month) without setup,MeridianLink Mortgage Access Tier 14 (45-59 Closed Loans/Month) without setup,MeridianLink Mortgage Access Tier 14 (45-59 Closed Loans/Month) without setup,MeridianLink Mortgage Access Tier 14 (45-59 Closed Loans/Month) without setup,MeridianLink Mortgage Access Tier 14 (45-59 Closed Loans/Month) without setup,MeridianLink Mortgage Access Tier 14 (45-59 Closed Loans/Month) without setup,MeridianLink Mortgage Access Tier 14 (45-59 Closed Loans/Month) without setup
MeridianLink Mortgage LOS First Lien Loans Tier 16 (15-29 Closed Loans/Month) with no implementations,MeridianLink Mortgage,,MeridianLink Mortgage Access Tier 15 (30-44 Closed Loans/Month),MeridianLink Mortgage,,,,,,MeridianLink Mortgage Access Tier 15 (30-44 Closed Loans/Month),MeridianLink Mortgage Access Tier 15 (30-44 Closed Loans/Month),MeridianLink Mortgage Access Tier 15 (30-44 Closed Loans/Month),MeridianLink Mortgage Access Tier 15 (30-44 Closed Loans/Month),MeridianLink Mortgage Access Tier 15 (30-44 Closed Loans/Month),MeridianLink Mortgage Access Tier 15 (30-44 Closed Loans/Month),MeridianLink Mortgage Access Tier 15 (30-44 Closed Loans/Month),MeridianLink Mortgage Access Tier 15 (30-44 Closed Loans/Month),MeridianLink Mortgage Access Tier 15 (30-44 Closed Loans/Month),MeridianLink Mortgage Access Tier 15 (30-44 Closed Loans/Month),MeridianLink Mortgage Access Tier 15 (30-44 Closed Loans/Month),MeridianLink Mortgage Access Tier 15 (30-44 Closed Loans/Month),MeridianLink Mortgage Access Tier 15 (30-44 Closed Loans/Month),MeridianLink Mortgage Access Tier 15 (30-44 Closed Loans/Month),MeridianLink Mortgage Access Tier 15 (30-44 Closed Loans/Month),MeridianLink Mortgage Access Tier 15 (30-44 Closed Loans/Month),MeridianLink Mortgage Access Tier 15 (30-44 Closed Loans/Month),MeridianLink Mortgage Access Tier 15 (30-44 Closed Loans/Month),MeridianLink Mortgage Access Tier 15 (30-44 Closed Loans/Month),MeridianLink Mortgage Access Tier 15 (30-44 Closed Loans/Month),MeridianLink Mortgage Access Tier 15 (30-44 Closed Loans/Month),MeridianLink Mortgage Access Tier 15 (30-44 Closed Loans/Month),MeridianLink Mortgage Access Tier 15 (30-44 Closed Loans/Month),MeridianLink Mortgage Access Tier 15 (30-44 Closed Loans/Month),MeridianLink Mortgage Access Tier 15 (30-44 Closed Loans/Month),MeridianLink Mortgage Access Tier 15 (30-44 Closed Loans/Month),MeridianLink Mortgage Access Tier 15 (30-44 Closed Loans/Month),MeridianLink Mortgage Access Tier 15 (30-44 Closed Loans/Month),MeridianLink Mortgage Access Tier 15 (30-44 Closed Loans/Month),MeridianLink Mortgage Access Tier 15 (30-44 Closed Loans/Month),MeridianLink Mortgage Access Tier 15 (30-44 Closed Loans/Month),MeridianLink Mortgage Access Tier 15 (30-44 Closed Loans/Month),MeridianLink Mortgage Access Tier 15 (30-44 Closed Loans/Month),MeridianLink Mortgage Access Tier 15 (30-44 Closed Loans/Month)
MeridianLink Mortgage LOS First Lien Loans Tier 17 (10-14 Closed Loans/Month) with 1 implementation,MeridianLink Mortgage,,MeridianLink Mortgage Access Tier 15 (30-44 Closed Loans/Month) without setup,MeridianLink Mortgage,,,,,,MeridianLink Mortgage Access Tier 15 (30-44 Closed Loans/Month) without setup,MeridianLink Mortgage Access Tier 15 (30-44 Closed Loans/Month) without setup,MeridianLink Mortgage Access Tier 15 (30-44 Closed Loans/Month) without setup,MeridianLink Mortgage Access Tier 15 (30-44 Closed Loans/Month) without setup,MeridianLink Mortgage Access Tier 15 (30-44 Closed Loans/Month) without setup,MeridianLink Mortgage Access Tier 15 (30-44 Closed Loans/Month) without setup,MeridianLink Mortgage Access Tier 15 (30-44 Closed Loans/Month) without setup,MeridianLink Mortgage Access Tier 15 (30-44 Closed Loans/Month) without setup,MeridianLink Mortgage Access Tier 15 (30-44 Closed Loans/Month) without setup,MeridianLink Mortgage Access Tier 15 (30-44 Closed Loans/Month) without setup,MeridianLink Mortgage Access Tier 15 (30-44 Closed Loans/Month) without setup,MeridianLink Mortgage Access Tier 15 (30-44 Closed Loans/Month) without setup,MeridianLink Mortgage Access Tier 15 (30-44 Closed Loans/Month) without setup,MeridianLink Mortgage Access Tier 15 (30-44 Closed Loans/Month) without setup,MeridianLink Mortgage Access Tier 15 (30-44 Closed Loans/Month) without setup,MeridianLink Mortgage Access Tier 15 (30-44 Closed Loans/Month) without setup,MeridianLink Mortgage Access Tier 15 (30-44 Closed Loans/Month) without setup,MeridianLink Mortgage Access Tier 15 (30-44 Closed Loans/Month) without setup,MeridianLink Mortgage Access Tier 15 (30-44 Closed Loans/Month) without setup,MeridianLink Mortgage Access Tier 15 (30-44 Closed Loans/Month) without setup,MeridianLink Mortgage Access Tier 15 (30-44 Closed Loans/Month) without setup,MeridianLink Mortgage Access Tier 15 (30-44 Closed Loans/Month) without setup,MeridianLink Mortgage Access Tier 15 (30-44 Closed Loans/Month) without setup,MeridianLink Mortgage Access Tier 15 (30-44 Closed Loans/Month) without setup,MeridianLink Mortgage Access Tier 15 (30-44 Closed Loans/Month) without setup,MeridianLink Mortgage Access Tier 15 (30-44 Closed Loans/Month) without setup,MeridianLink Mortgage Access Tier 15 (30-44 Closed Loans/Month) without setup,MeridianLink Mortgage Access Tier 15 (30-44 Closed Loans/Month) without setup,MeridianLink Mortgage Access Tier 15 (30-44 Closed Loans/Month) without setup,MeridianLink Mortgage Access Tier 15 (30-44 Closed Loans/Month) without setup,MeridianLink Mortgage Access Tier 15 (30-44 Closed Loans/Month) without setup,MeridianLink Mortgage Access Tier 15 (30-44 Closed Loans/Month) without setup,MeridianLink Mortgage Access Tier 15 (30-44 Closed Loans/Month) without setup,MeridianLink Mortgage Access Tier 15 (30-44 Closed Loans/Month) without setup
MeridianLink Mortgage LOS First Lien Loans Tier 17 (10-14 Closed Loans/Month) with 2 implementations,MeridianLink Mortgage,,MeridianLink Mortgage Access Tier 16 (15-29 Closed Loans/Month),MeridianLink Mortgage,,,,,,MeridianLink Mortgage Access Tier 16 (15-29 Closed Loans/Month),MeridianLink Mortgage Access Tier 16 (15-29 Closed Loans/Month),MeridianLink Mortgage Access Tier 16 (15-29 Closed Loans/Month),MeridianLink Mortgage Access Tier 16 (15-29 Closed Loans/Month),MeridianLink Mortgage Access Tier 16 (15-29 Closed Loans/Month),MeridianLink Mortgage Access Tier 16 (15-29 Closed Loans/Month),MeridianLink Mortgage Access Tier 16 (15-29 Closed Loans/Month),MeridianLink Mortgage Access Tier 16 (15-29 Closed Loans/Month),MeridianLink Mortgage Access Tier 16 (15-29 Closed Loans/Month),MeridianLink Mortgage Access Tier 16 (15-29 Closed Loans/Month),MeridianLink Mortgage Access Tier 16 (15-29 Closed Loans/Month),MeridianLink Mortgage Access Tier 16 (15-29 Closed Loans/Month),MeridianLink Mortgage Access Tier 16 (15-29 Closed Loans/Month),MeridianLink Mortgage Access Tier 16 (15-29 Closed Loans/Month),MeridianLink Mortgage Access Tier 16 (15-29 Closed Loans/Month),MeridianLink Mortgage Access Tier 16 (15-29 Closed Loans/Month),MeridianLink Mortgage Access Tier 16 (15-29 Closed Loans/Month),MeridianLink Mortgage Access Tier 16 (15-29 Closed Loans/Month),MeridianLink Mortgage Access Tier 16 (15-29 Closed Loans/Month),MeridianLink Mortgage Access Tier 16 (15-29 Closed Loans/Month),MeridianLink Mortgage Access Tier 16 (15-29 Closed Loans/Month),MeridianLink Mortgage Access Tier 16 (15-29 Closed Loans/Month),MeridianLink Mortgage Access Tier 16 (15-29 Closed Loans/Month),MeridianLink Mortgage Access Tier 16 (15-29 Closed Loans/Month),MeridianLink Mortgage Access Tier 16 (15-29 Closed Loans/Month),MeridianLink Mortgage Access Tier 16 (15-29 Closed Loans/Month),MeridianLink Mortgage Access Tier 16 (15-29 Closed Loans/Month),MeridianLink Mortgage Access Tier 16 (15-29 Closed Loans/Month),MeridianLink Mortgage Access Tier 16 (15-29 Closed Loans/Month),MeridianLink Mortgage Access Tier 16 (15-29 Closed Loans/Month),MeridianLink Mortgage Access Tier 16 (15-29 Closed Loans/Month),MeridianLink Mortgage Access Tier 16 (15-29 Closed Loans/Month),MeridianLink Mortgage Access Tier 16 (15-29 Closed Loans/Month),MeridianLink Mortgage Access Tier 16 (15-29 Closed Loans/Month)
MeridianLink Mortgage LOS First Lien Loans Tier 17 (10-14 Closed Loans/Month) with 3 implementations,MeridianLink Mortgage,,MeridianLink Mortgage Access Tier 16 (15-29 Closed Loans/Month) without setup,MeridianLink Mortgage,,,,,,MeridianLink Mortgage Access Tier 16 (15-29 Closed Loans/Month) without setup,MeridianLink Mortgage Access Tier 16 (15-29 Closed Loans/Month) without setup,MeridianLink Mortgage Access Tier 16 (15-29 Closed Loans/Month) without setup,MeridianLink Mortgage Access Tier 16 (15-29 Closed Loans/Month) without setup,MeridianLink Mortgage Access Tier 16 (15-29 Closed Loans/Month) without setup,MeridianLink Mortgage Access Tier 16 (15-29 Closed Loans/Month) without setup,MeridianLink Mortgage Access Tier 16 (15-29 Closed Loans/Month) without setup,MeridianLink Mortgage Access Tier 16 (15-29 Closed Loans/Month) without setup,MeridianLink Mortgage Access Tier 16 (15-29 Closed Loans/Month) without setup,MeridianLink Mortgage Access Tier 16 (15-29 Closed Loans/Month) without setup,MeridianLink Mortgage Access Tier 16 (15-29 Closed Loans/Month) without setup,MeridianLink Mortgage Access Tier 16 (15-29 Closed Loans/Month) without setup,MeridianLink Mortgage Access Tier 16 (15-29 Closed Loans/Month) without setup,MeridianLink Mortgage Access Tier 16 (15-29 Closed Loans/Month) without setup,MeridianLink Mortgage Access Tier 16 (15-29 Closed Loans/Month) without setup,MeridianLink Mortgage Access Tier 16 (15-29 Closed Loans/Month) without setup,MeridianLink Mortgage Access Tier 16 (15-29 Closed Loans/Month) without setup,MeridianLink Mortgage Access Tier 16 (15-29 Closed Loans/Month) without setup,MeridianLink Mortgage Access Tier 16 (15-29 Closed Loans/Month) without setup,MeridianLink Mortgage Access Tier 16 (15-29 Closed Loans/Month) without setup,MeridianLink Mortgage Access Tier 16 (15-29 Closed Loans/Month) without setup,MeridianLink Mortgage Access Tier 16 (15-29 Closed Loans/Month) without setup,MeridianLink Mortgage Access Tier 16 (15-29 Closed Loans/Month) without setup,MeridianLink Mortgage Access Tier 16 (15-29 Closed Loans/Month) without setup,MeridianLink Mortgage Access Tier 16 (15-29 Closed Loans/Month) without setup,MeridianLink Mortgage Access Tier 16 (15-29 Closed Loans/Month) without setup,MeridianLink Mortgage Access Tier 16 (15-29 Closed Loans/Month) without setup,MeridianLink Mortgage Access Tier 16 (15-29 Closed Loans/Month) without setup,MeridianLink Mortgage Access Tier 16 (15-29 Closed Loans/Month) without setup,MeridianLink Mortgage Access Tier 16 (15-29 Closed Loans/Month) without setup,MeridianLink Mortgage Access Tier 16 (15-29 Closed Loans/Month) without setup,MeridianLink Mortgage Access Tier 16 (15-29 Closed Loans/Month) without setup,MeridianLink Mortgage Access Tier 16 (15-29 Closed Loans/Month) without setup,MeridianLink Mortgage Access Tier 16 (15-29 Closed Loans/Month) without setup
MeridianLink Mortgage LOS First Lien Loans Tier 17 (10-14 Closed Loans/Month) with no implementations,MeridianLink Mortgage,,MeridianLink Mortgage Access Tier 17 (10-14 Closed Loans/Month),MeridianLink Mortgage,,,,,,MeridianLink Mortgage Access Tier 17 (10-14 Closed Loans/Month),MeridianLink Mortgage Access Tier 17 (10-14 Closed Loans/Month),MeridianLink Mortgage Access Tier 17 (10-14 Closed Loans/Month),MeridianLink Mortgage Access Tier 17 (10-14 Closed Loans/Month),MeridianLink Mortgage Access Tier 17 (10-14 Closed Loans/Month),MeridianLink Mortgage Access Tier 17 (10-14 Closed Loans/Month),MeridianLink Mortgage Access Tier 17 (10-14 Closed Loans/Month),MeridianLink Mortgage Access Tier 17 (10-14 Closed Loans/Month),MeridianLink Mortgage Access Tier 17 (10-14 Closed Loans/Month),MeridianLink Mortgage Access Tier 17 (10-14 Closed Loans/Month),MeridianLink Mortgage Access Tier 17 (10-14 Closed Loans/Month),MeridianLink Mortgage Access Tier 17 (10-14 Closed Loans/Month),MeridianLink Mortgage Access Tier 17 (10-14 Closed Loans/Month),MeridianLink Mortgage Access Tier 17 (10-14 Closed Loans/Month),MeridianLink Mortgage Access Tier 17 (10-14 Closed Loans/Month),MeridianLink Mortgage Access Tier 17 (10-14 Closed Loans/Month),MeridianLink Mortgage Access Tier 17 (10-14 Closed Loans/Month),MeridianLink Mortgage Access Tier 17 (10-14 Closed Loans/Month),MeridianLink Mortgage Access Tier 17 (10-14 Closed Loans/Month),MeridianLink Mortgage Access Tier 17 (10-14 Closed Loans/Month),MeridianLink Mortgage Access Tier 17 (10-14 Closed Loans/Month),MeridianLink Mortgage Access Tier 17 (10-14 Closed Loans/Month),MeridianLink Mortgage Access Tier 17 (10-14 Closed Loans/Month),MeridianLink Mortgage Access Tier 17 (10-14 Closed Loans/Month),MeridianLink Mortgage Access Tier 17 (10-14 Closed Loans/Month),MeridianLink Mortgage Access Tier 17 (10-14 Closed Loans/Month),MeridianLink Mortgage Access Tier 17 (10-14 Closed Loans/Month),MeridianLink Mortgage Access Tier 17 (10-14 Closed Loans/Month),MeridianLink Mortgage Access Tier 17 (10-14 Closed Loans/Month),MeridianLink Mortgage Access Tier 17 (10-14 Closed Loans/Month),MeridianLink Mortgage Access Tier 17 (10-14 Closed Loans/Month),MeridianLink Mortgage Access Tier 17 (10-14 Closed Loans/Month),MeridianLink Mortgage Access Tier 17 (10-14 Closed Loans/Month),MeridianLink Mortgage Access Tier 17 (10-14 Closed Loans/Month)
MeridianLink Mortgage LOS Subordinate Lien Loans Tier 01 (1200+ Closed Loans/Month),MeridianLink Mortgage,,MeridianLink Mortgage Access Tier 17 (10-14 Closed Loans/Month) without setup,MeridianLink Mortgage,,,,,,MeridianLink Mortgage Access Tier 17 (10-14 Closed Loans/Month) without setup,MeridianLink Mortgage Access Tier 17 (10-14 Closed Loans/Month) without setup,MeridianLink Mortgage Access Tier 17 (10-14 Closed Loans/Month) without setup,MeridianLink Mortgage Access Tier 17 (10-14 Closed Loans/Month) without setup,MeridianLink Mortgage Access Tier 17 (10-14 Closed Loans/Month) without setup,MeridianLink Mortgage Access Tier 17 (10-14 Closed Loans/Month) without setup,MeridianLink Mortgage Access Tier 17 (10-14 Closed Loans/Month) without setup,MeridianLink Mortgage Access Tier 17 (10-14 Closed Loans/Month) without setup,MeridianLink Mortgage Access Tier 17 (10-14 Closed Loans/Month) without setup,MeridianLink Mortgage Access Tier 17 (10-14 Closed Loans/Month) without setup,MeridianLink Mortgage Access Tier 17 (10-14 Closed Loans/Month) without setup,MeridianLink Mortgage Access Tier 17 (10-14 Closed Loans/Month) without setup,MeridianLink Mortgage Access Tier 17 (10-14 Closed Loans/Month) without setup,MeridianLink Mortgage Access Tier 17 (10-14 Closed Loans/Month) without setup,MeridianLink Mortgage Access Tier 17 (10-14 Closed Loans/Month) without setup,MeridianLink Mortgage Access Tier 17 (10-14 Closed Loans/Month) without setup,MeridianLink Mortgage Access Tier 17 (10-14 Closed Loans/Month) without setup,MeridianLink Mortgage Access Tier 17 (10-14 Closed Loans/Month) without setup,MeridianLink Mortgage Access Tier 17 (10-14 Closed Loans/Month) without setup,MeridianLink Mortgage Access Tier 17 (10-14 Closed Loans/Month) without setup,MeridianLink Mortgage Access Tier 17 (10-14 Closed Loans/Month) without setup,MeridianLink Mortgage Access Tier 17 (10-14 Closed Loans/Month) without setup,MeridianLink Mortgage Access Tier 17 (10-14 Closed Loans/Month) without setup,MeridianLink Mortgage Access Tier 17 (10-14 Closed Loans/Month) without setup,MeridianLink Mortgage Access Tier 17 (10-14 Closed Loans/Month) without setup,MeridianLink Mortgage Access Tier 17 (10-14 Closed Loans/Month) without setup,MeridianLink Mortgage Access Tier 17 (10-14 Closed Loans/Month) without setup,MeridianLink Mortgage Access Tier 17 (10-14 Closed Loans/Month) without setup,MeridianLink Mortgage Access Tier 17 (10-14 Closed Loans/Month) without setup,MeridianLink Mortgage Access Tier 17 (10-14 Closed Loans/Month) without setup,MeridianLink Mortgage Access Tier 17 (10-14 Closed Loans/Month) without setup,MeridianLink Mortgage Access Tier 17 (10-14 Closed Loans/Month) without setup,MeridianLink Mortgage Access Tier 17 (10-14 Closed Loans/Month) without setup,MeridianLink Mortgage Access Tier 17 (10-14 Closed Loans/Month) without setup
MeridianLink Mortgage LOS Subordinate Lien Loans Tier 02 (900 - 1199 Closed Loans/Month),MeridianLink Mortgage,,MeridianLink Mortgage Cenlar Data Extract Service,MeridianLink Mortgage,,,,,,MeridianLink Mortgage Cenlar Data Extract Service,MeridianLink Mortgage Cenlar Data Extract Service,MeridianLink Mortgage Cenlar Data Extract Service,MeridianLink Mortgage Cenlar Data Extract Service,MeridianLink Mortgage Cenlar Data Extract Service,MeridianLink Mortgage Cenlar Data Extract Service,MeridianLink Mortgage Cenlar Data Extract Service,MeridianLink Mortgage Cenlar Data Extract Service,MeridianLink Mortgage Cenlar Data Extract Service,MeridianLink Mortgage Cenlar Data Extract Service,MeridianLink Mortgage Cenlar Data Extract Service,MeridianLink Mortgage Cenlar Data Extract Service,MeridianLink Mortgage Cenlar Data Extract Service,MeridianLink Mortgage Cenlar Data Extract Service,MeridianLink Mortgage Cenlar Data Extract Service,MeridianLink Mortgage Cenlar Data Extract Service,MeridianLink Mortgage Cenlar Data Extract Service,MeridianLink Mortgage Cenlar Data Extract Service,MeridianLink Mortgage Cenlar Data Extract Service,MeridianLink Mortgage Cenlar Data Extract Service,MeridianLink Mortgage Cenlar Data Extract Service,MeridianLink Mortgage Cenlar Data Extract Service,MeridianLink Mortgage Cenlar Data Extract Service,MeridianLink Mortgage Cenlar Data Extract Service,MeridianLink Mortgage Cenlar Data Extract Service,MeridianLink Mortgage Cenlar Data Extract Service,MeridianLink Mortgage Cenlar Data Extract Service,MeridianLink Mortgage Cenlar Data Extract Service,MeridianLink Mortgage Cenlar Data Extract Service,MeridianLink Mortgage Cenlar Data Extract Service,MeridianLink Mortgage Cenlar Data Extract Service,MeridianLink Mortgage Cenlar Data Extract Service,MeridianLink Mortgage Cenlar Data Extract Service,MeridianLink Mortgage Cenlar Data Extract Service
MeridianLink Mortgage LOS Subordinate Lien Loans Tier 03 (675 - 899 Closed Loans/Month),MeridianLink Mortgage,,MeridianLink Mortgage Test (Beta) Environment Resync from Production Tier 01 (1200+ Closed Loans/Month),MeridianLink Mortgage,,,,,,MeridianLink Mortgage Test (Beta) Environment Resync from Production Tier 01 (1200+ Closed Loans/Month),MeridianLink Mortgage Test (Beta) Environment Resync from Production Tier 01 (1200+ Closed Loans/Month),MeridianLink Mortgage Test (Beta) Environment Resync from Production Tier 01 (1200+ Closed Loans/Month),MeridianLink Mortgage Test (Beta) Environment Resync from Production Tier 01 (1200+ Closed Loans/Month),MeridianLink Mortgage Test (Beta) Environment Resync from Production Tier 01 (1200+ Closed Loans/Month),MeridianLink Mortgage Test (Beta) Environment Resync from Production Tier 01 (1200+ Closed Loans/Month),MeridianLink Mortgage Test (Beta) Environment Resync from Production Tier 01 (1200+ Closed Loans/Month),MeridianLink Mortgage Test (Beta) Environment Resync from Production Tier 01 (1200+ Closed Loans/Month),MeridianLink Mortgage Test (Beta) Environment Resync from Production Tier 01 (1200+ Closed Loans/Month),MeridianLink Mortgage Test (Beta) Environment Resync from Production Tier 01 (1200+ Closed Loans/Month),MeridianLink Mortgage Test (Beta) Environment Resync from Production Tier 01 (1200+ Closed Loans/Month),MeridianLink Mortgage Test (Beta) Environment Resync from Production Tier 01 (1200+ Closed Loans/Month),MeridianLink Mortgage Test (Beta) Environment Resync from Production Tier 01 (1200+ Closed Loans/Month),MeridianLink Mortgage Test (Beta) Environment Resync from Production Tier 01 (1200+ Closed Loans/Month),MeridianLink Mortgage Test (Beta) Environment Resync from Production Tier 01 (1200+ Closed Loans/Month),MeridianLink Mortgage Test (Beta) Environment Resync from Production Tier 01 (1200+ Closed Loans/Month),MeridianLink Mortgage Test (Beta) Environment Resync from Production Tier 01 (1200+ Closed Loans/Month),MeridianLink Mortgage Test (Beta) Environment Resync from Production Tier 01 (1200+ Closed Loans/Month),MeridianLink Mortgage Test (Beta) Environment Resync from Production Tier 01 (1200+ Closed Loans/Month),MeridianLink Mortgage Test (Beta) Environment Resync from Production Tier 01 (1200+ Closed Loans/Month),MeridianLink Mortgage Test (Beta) Environment Resync from Production Tier 01 (1200+ Closed Loans/Month),MeridianLink Mortgage Test (Beta) Environment Resync from Production Tier 01 (1200+ Closed Loans/Month),MeridianLink Mortgage Test (Beta) Environment Resync from Production Tier 01 (1200+ Closed Loans/Month),MeridianLink Mortgage Test (Beta) Environment Resync from Production Tier 01 (1200+ Closed Loans/Month),MeridianLink Mortgage Test (Beta) Environment Resync from Production Tier 01 (1200+ Closed Loans/Month),MeridianLink Mortgage Test (Beta) Environment Resync from Production Tier 01 (1200+ Closed Loans/Month),MeridianLink Mortgage Test (Beta) Environment Resync from Production Tier 01 (1200+ Closed Loans/Month),MeridianLink Mortgage Test (Beta) Environment Resync from Production Tier 01 (1200+ Closed Loans/Month),MeridianLink Mortgage Test (Beta) Environment Resync from Production Tier 01 (1200+ Closed Loans/Month),MeridianLink Mortgage Test (Beta) Environment Resync from Production Tier 01 (1200+ Closed Loans/Month),MeridianLink Mortgage Test (Beta) Environment Resync from Production Tier 01 (1200+ Closed Loans/Month),MeridianLink Mortgage Test (Beta) Environment Resync from Production Tier 01 (1200+ Closed Loans/Month),MeridianLink Mortgage Test (Beta) Environment Resync from Production Tier 01 (1200+ Closed Loans/Month),MeridianLink Mortgage Test (Beta) Environment Resync from Production Tier 01 (1200+ Closed Loans/Month)
MeridianLink Mortgage LOS Subordinate Lien Loans Tier 04 (525 - 674 Closed Loans/Month),MeridianLink Mortgage,,MeridianLink Mortgage Test (Beta) Environment Resync from Production Tier 02 (900-1199 Closed Loans/Month),MeridianLink Mortgage,,,,,,MeridianLink Mortgage Test (Beta) Environment Resync from Production Tier 02 (900-1199 Closed Loans/Month),MeridianLink Mortgage Test (Beta) Environment Resync from Production Tier 02 (900-1199 Closed Loans/Month),MeridianLink Mortgage Test (Beta) Environment Resync from Production Tier 02 (900-1199 Closed Loans/Month),MeridianLink Mortgage Test (Beta) Environment Resync from Production Tier 02 (900-1199 Closed Loans/Month),MeridianLink Mortgage Test (Beta) Environment Resync from Production Tier 02 (900-1199 Closed Loans/Month),MeridianLink Mortgage Test (Beta) Environment Resync from Production Tier 02 (900-1199 Closed Loans/Month),MeridianLink Mortgage Test (Beta) Environment Resync from Production Tier 02 (900-1199 Closed Loans/Month),MeridianLink Mortgage Test (Beta) Environment Resync from Production Tier 02 (900-1199 Closed Loans/Month),MeridianLink Mortgage Test (Beta) Environment Resync from Production Tier 02 (900-1199 Closed Loans/Month),MeridianLink Mortgage Test (Beta) Environment Resync from Production Tier 02 (900-1199 Closed Loans/Month),MeridianLink Mortgage Test (Beta) Environment Resync from Production Tier 02 (900-1199 Closed Loans/Month),MeridianLink Mortgage Test (Beta) Environment Resync from Production Tier 02 (900-1199 Closed Loans/Month),MeridianLink Mortgage Test (Beta) Environment Resync from Production Tier 02 (900-1199 Closed Loans/Month),MeridianLink Mortgage Test (Beta) Environment Resync from Production Tier 02 (900-1199 Closed Loans/Month),MeridianLink Mortgage Test (Beta) Environment Resync from Production Tier 02 (900-1199 Closed Loans/Month),MeridianLink Mortgage Test (Beta) Environment Resync from Production Tier 02 (900-1199 Closed Loans/Month),MeridianLink Mortgage Test (Beta) Environment Resync from Production Tier 02 (900-1199 Closed Loans/Month),MeridianLink Mortgage Test (Beta) Environment Resync from Production Tier 02 (900-1199 Closed Loans/Month),MeridianLink Mortgage Test (Beta) Environment Resync from Production Tier 02 (900-1199 Closed Loans/Month),MeridianLink Mortgage Test (Beta) Environment Resync from Production Tier 02 (900-1199 Closed Loans/Month),MeridianLink Mortgage Test (Beta) Environment Resync from Production Tier 02 (900-1199 Closed Loans/Month),MeridianLink Mortgage Test (Beta) Environment Resync from Production Tier 02 (900-1199 Closed Loans/Month),MeridianLink Mortgage Test (Beta) Environment Resync from Production Tier 02 (900-1199 Closed Loans/Month),MeridianLink Mortgage Test (Beta) Environment Resync from Production Tier 02 (900-1199 Closed Loans/Month),MeridianLink Mortgage Test (Beta) Environment Resync from Production Tier 02 (900-1199 Closed Loans/Month),MeridianLink Mortgage Test (Beta) Environment Resync from Production Tier 02 (900-1199 Closed Loans/Month),MeridianLink Mortgage Test (Beta) Environment Resync from Production Tier 02 (900-1199 Closed Loans/Month),MeridianLink Mortgage Test (Beta) Environment Resync from Production Tier 02 (900-1199 Closed Loans/Month),MeridianLink Mortgage Test (Beta) Environment Resync from Production Tier 02 (900-1199 Closed Loans/Month),MeridianLink Mortgage Test (Beta) Environment Resync from Production Tier 02 (900-1199 Closed Loans/Month),MeridianLink Mortgage Test (Beta) Environment Resync from Production Tier 02 (900-1199 Closed Loans/Month),MeridianLink Mortgage Test (Beta) Environment Resync from Production Tier 02 (900-1199 Closed Loans/Month),MeridianLink Mortgage Test (Beta) Environment Resync from Production Tier 02 (900-1199 Closed Loans/Month),MeridianLink Mortgage Test (Beta) Environment Resync from Production Tier 02 (900-1199 Closed Loans/Month)
MeridianLink Mortgage LOS Subordinate Lien Loans Tier 05 (400 - 524 Closed Loans/Month),MeridianLink Mortgage,,MeridianLink Mortgage Test (Beta) Environment Resync from Production Tier 03 (675-899 Closed Loans/Month),MeridianLink Mortgage,,,,,,MeridianLink Mortgage Test (Beta) Environment Resync from Production Tier 03 (675-899 Closed Loans/Month),MeridianLink Mortgage Test (Beta) Environment Resync from Production Tier 03 (675-899 Closed Loans/Month),MeridianLink Mortgage Test (Beta) Environment Resync from Production Tier 03 (675-899 Closed Loans/Month),MeridianLink Mortgage Test (Beta) Environment Resync from Production Tier 03 (675-899 Closed Loans/Month),MeridianLink Mortgage Test (Beta) Environment Resync from Production Tier 03 (675-899 Closed Loans/Month),MeridianLink Mortgage Test (Beta) Environment Resync from Production Tier 03 (675-899 Closed Loans/Month),MeridianLink Mortgage Test (Beta) Environment Resync from Production Tier 03 (675-899 Closed Loans/Month),MeridianLink Mortgage Test (Beta) Environment Resync from Production Tier 03 (675-899 Closed Loans/Month),MeridianLink Mortgage Test (Beta) Environment Resync from Production Tier 03 (675-899 Closed Loans/Month),MeridianLink Mortgage Test (Beta) Environment Resync from Production Tier 03 (675-899 Closed Loans/Month),MeridianLink Mortgage Test (Beta) Environment Resync from Production Tier 03 (675-899 Closed Loans/Month),MeridianLink Mortgage Test (Beta) Environment Resync from Production Tier 03 (675-899 Closed Loans/Month),MeridianLink Mortgage Test (Beta) Environment Resync from Production Tier 03 (675-899 Closed Loans/Month),MeridianLink Mortgage Test (Beta) Environment Resync from Production Tier 03 (675-899 Closed Loans/Month),MeridianLink Mortgage Test (Beta) Environment Resync from Production Tier 03 (675-899 Closed Loans/Month),MeridianLink Mortgage Test (Beta) Environment Resync from Production Tier 03 (675-899 Closed Loans/Month),MeridianLink Mortgage Test (Beta) Environment Resync from Production Tier 03 (675-899 Closed Loans/Month),MeridianLink Mortgage Test (Beta) Environment Resync from Production Tier 03 (675-899 Closed Loans/Month),MeridianLink Mortgage Test (Beta) Environment Resync from Production Tier 03 (675-899 Closed Loans/Month),MeridianLink Mortgage Test (Beta) Environment Resync from Production Tier 03 (675-899 Closed Loans/Month),MeridianLink Mortgage Test (Beta) Environment Resync from Production Tier 03 (675-899 Closed Loans/Month),MeridianLink Mortgage Test (Beta) Environment Resync from Production Tier 03 (675-899 Closed Loans/Month),MeridianLink Mortgage Test (Beta) Environment Resync from Production Tier 03 (675-899 Closed Loans/Month),MeridianLink Mortgage Test (Beta) Environment Resync from Production Tier 03 (675-899 Closed Loans/Month),MeridianLink Mortgage Test (Beta) Environment Resync from Production Tier 03 (675-899 Closed Loans/Month),MeridianLink Mortgage Test (Beta) Environment Resync from Production Tier 03 (675-899 Closed Loans/Month),MeridianLink Mortgage Test (Beta) Environment Resync from Production Tier 03 (675-899 Closed Loans/Month),MeridianLink Mortgage Test (Beta) Environment Resync from Production Tier 03 (675-899 Closed Loans/Month),MeridianLink Mortgage Test (Beta) Environment Resync from Production Tier 03 (675-899 Closed Loans/Month),MeridianLink Mortgage Test (Beta) Environment Resync from Production Tier 03 (675-899 Closed Loans/Month),MeridianLink Mortgage Test (Beta) Environment Resync from Production Tier 03 (675-899 Closed Loans/Month),MeridianLink Mortgage Test (Beta) Environment Resync from Production Tier 03 (675-899 Closed Loans/Month),MeridianLink Mortgage Test (Beta) Environment Resync from Production Tier 03 (675-899 Closed Loans/Month),MeridianLink Mortgage Test (Beta) Environment Resync from Production Tier 03 (675-899 Closed Loans/Month)
MeridianLink Mortgage LOS Subordinate Lien Loans Tier 06 (300 - 399 Closed Loans/Month),MeridianLink Mortgage,,MeridianLink Mortgage Test (Beta) Environment Resync from Production Tier 04 (525-674 Closed Loans/Month),MeridianLink Mortgage,,,,,,MeridianLink Mortgage Test (Beta) Environment Resync from Production Tier 04 (525-674 Closed Loans/Month),MeridianLink Mortgage Test (Beta) Environment Resync from Production Tier 04 (525-674 Closed Loans/Month),MeridianLink Mortgage Test (Beta) Environment Resync from Production Tier 04 (525-674 Closed Loans/Month),MeridianLink Mortgage Test (Beta) Environment Resync from Production Tier 04 (525-674 Closed Loans/Month),MeridianLink Mortgage Test (Beta) Environment Resync from Production Tier 04 (525-674 Closed Loans/Month),MeridianLink Mortgage Test (Beta) Environment Resync from Production Tier 04 (525-674 Closed Loans/Month),MeridianLink Mortgage Test (Beta) Environment Resync from Production Tier 04 (525-674 Closed Loans/Month),MeridianLink Mortgage Test (Beta) Environment Resync from Production Tier 04 (525-674 Closed Loans/Month),MeridianLink Mortgage Test (Beta) Environment Resync from Production Tier 04 (525-674 Closed Loans/Month),MeridianLink Mortgage Test (Beta) Environment Resync from Production Tier 04 (525-674 Closed Loans/Month),MeridianLink Mortgage Test (Beta) Environment Resync from Production Tier 04 (525-674 Closed Loans/Month),MeridianLink Mortgage Test (Beta) Environment Resync from Production Tier 04 (525-674 Closed Loans/Month),MeridianLink Mortgage Test (Beta) Environment Resync from Production Tier 04 (525-674 Closed Loans/Month),MeridianLink Mortgage Test (Beta) Environment Resync from Production Tier 04 (525-674 Closed Loans/Month),MeridianLink Mortgage Test (Beta) Environment Resync from Production Tier 04 (525-674 Closed Loans/Month),MeridianLink Mortgage Test (Beta) Environment Resync from Production Tier 04 (525-674 Closed Loans/Month),MeridianLink Mortgage Test (Beta) Environment Resync from Production Tier 04 (525-674 Closed Loans/Month),MeridianLink Mortgage Test (Beta) Environment Resync from Production Tier 04 (525-674 Closed Loans/Month),MeridianLink Mortgage Test (Beta) Environment Resync from Production Tier 04 (525-674 Closed Loans/Month),MeridianLink Mortgage Test (Beta) Environment Resync from Production Tier 04 (525-674 Closed Loans/Month),MeridianLink Mortgage Test (Beta) Environment Resync from Production Tier 04 (525-674 Closed Loans/Month),MeridianLink Mortgage Test (Beta) Environment Resync from Production Tier 04 (525-674 Closed Loans/Month),MeridianLink Mortgage Test (Beta) Environment Resync from Production Tier 04 (525-674 Closed Loans/Month),MeridianLink Mortgage Test (Beta) Environment Resync from Production Tier 04 (525-674 Closed Loans/Month),MeridianLink Mortgage Test (Beta) Environment Resync from Production Tier 04 (525-674 Closed Loans/Month),MeridianLink Mortgage Test (Beta) Environment Resync from Production Tier 04 (525-674 Closed Loans/Month),MeridianLink Mortgage Test (Beta) Environment Resync from Production Tier 04 (525-674 Closed Loans/Month),MeridianLink Mortgage Test (Beta) Environment Resync from Production Tier 04 (525-674 Closed Loans/Month),MeridianLink Mortgage Test (Beta) Environment Resync from Production Tier 04 (525-674 Closed Loans/Month),MeridianLink Mortgage Test (Beta) Environment Resync from Production Tier 04 (525-674 Closed Loans/Month),MeridianLink Mortgage Test (Beta) Environment Resync from Production Tier 04 (525-674 Closed Loans/Month),MeridianLink Mortgage Test (Beta) Environment Resync from Production Tier 04 (525-674 Closed Loans/Month),MeridianLink Mortgage Test (Beta) Environment Resync from Production Tier 04 (525-674 Closed Loans/Month),MeridianLink Mortgage Test (Beta) Environment Resync from Production Tier 04 (525-674 Closed Loans/Month)
MeridianLink Mortgage LOS Subordinate Lien Loans Tier 07 (225 - 299 Closed Loans/Month),MeridianLink Mortgage,,MeridianLink Mortgage Test (Beta) Environment Resync from Production Tier 05 (400-524 Closed Loans/Month),MeridianLink Mortgage,,,,,,MeridianLink Mortgage Test (Beta) Environment Resync from Production Tier 05 (400-524 Closed Loans/Month),MeridianLink Mortgage Test (Beta) Environment Resync from Production Tier 05 (400-524 Closed Loans/Month),MeridianLink Mortgage Test (Beta) Environment Resync from Production Tier 05 (400-524 Closed Loans/Month),MeridianLink Mortgage Test (Beta) Environment Resync from Production Tier 05 (400-524 Closed Loans/Month),MeridianLink Mortgage Test (Beta) Environment Resync from Production Tier 05 (400-524 Closed Loans/Month),MeridianLink Mortgage Test (Beta) Environment Resync from Production Tier 05 (400-524 Closed Loans/Month),MeridianLink Mortgage Test (Beta) Environment Resync from Production Tier 05 (400-524 Closed Loans/Month),MeridianLink Mortgage Test (Beta) Environment Resync from Production Tier 05 (400-524 Closed Loans/Month),MeridianLink Mortgage Test (Beta) Environment Resync from Production Tier 05 (400-524 Closed Loans/Month),MeridianLink Mortgage Test (Beta) Environment Resync from Production Tier 05 (400-524 Closed Loans/Month),MeridianLink Mortgage Test (Beta) Environment Resync from Production Tier 05 (400-524 Closed Loans/Month),MeridianLink Mortgage Test (Beta) Environment Resync from Production Tier 05 (400-524 Closed Loans/Month),MeridianLink Mortgage Test (Beta) Environment Resync from Production Tier 05 (400-524 Closed Loans/Month),MeridianLink Mortgage Test (Beta) Environment Resync from Production Tier 05 (400-524 Closed Loans/Month),MeridianLink Mortgage Test (Beta) Environment Resync from Production Tier 05 (400-524 Closed Loans/Month),MeridianLink Mortgage Test (Beta) Environment Resync from Production Tier 05 (400-524 Closed Loans/Month),MeridianLink Mortgage Test (Beta) Environment Resync from Production Tier 05 (400-524 Closed Loans/Month),MeridianLink Mortgage Test (Beta) Environment Resync from Production Tier 05 (400-524 Closed Loans/Month),MeridianLink Mortgage Test (Beta) Environment Resync from Production Tier 05 (400-524 Closed Loans/Month),MeridianLink Mortgage Test (Beta) Environment Resync from Production Tier 05 (400-524 Closed Loans/Month),MeridianLink Mortgage Test (Beta) Environment Resync from Production Tier 05 (400-524 Closed Loans/Month),MeridianLink Mortgage Test (Beta) Environment Resync from Production Tier 05 (400-524 Closed Loans/Month),MeridianLink Mortgage Test (Beta) Environment Resync from Production Tier 05 (400-524 Closed Loans/Month),MeridianLink Mortgage Test (Beta) Environment Resync from Production Tier 05 (400-524 Closed Loans/Month),MeridianLink Mortgage Test (Beta) Environment Resync from Production Tier 05 (400-524 Closed Loans/Month),MeridianLink Mortgage Test (Beta) Environment Resync from Production Tier 05 (400-524 Closed Loans/Month),MeridianLink Mortgage Test (Beta) Environment Resync from Production Tier 05 (400-524 Closed Loans/Month),MeridianLink Mortgage Test (Beta) Environment Resync from Production Tier 05 (400-524 Closed Loans/Month),MeridianLink Mortgage Test (Beta) Environment Resync from Production Tier 05 (400-524 Closed Loans/Month),MeridianLink Mortgage Test (Beta) Environment Resync from Production Tier 05 (400-524 Closed Loans/Month),MeridianLink Mortgage Test (Beta) Environment Resync from Production Tier 05 (400-524 Closed Loans/Month),MeridianLink Mortgage Test (Beta) Environment Resync from Production Tier 05 (400-524 Closed Loans/Month),MeridianLink Mortgage Test (Beta) Environment Resync from Production Tier 05 (400-524 Closed Loans/Month),MeridianLink Mortgage Test (Beta) Environment Resync from Production Tier 05 (400-524 Closed Loans/Month)
MeridianLink Mortgage LOS Subordinate Lien Loans Tier 08 (170 - 224 Closed Loans/Month),MeridianLink Mortgage,,MeridianLink Mortgage Test (Beta) Environment Resync from Production Tier 06 (300-399 Closed Loans/Month),MeridianLink Mortgage,,,,,,MeridianLink Mortgage Test (Beta) Environment Resync from Production Tier 06 (300-399 Closed Loans/Month),MeridianLink Mortgage Test (Beta) Environment Resync from Production Tier 06 (300-399 Closed Loans/Month),MeridianLink Mortgage Test (Beta) Environment Resync from Production Tier 06 (300-399 Closed Loans/Month),MeridianLink Mortgage Test (Beta) Environment Resync from Production Tier 06 (300-399 Closed Loans/Month),MeridianLink Mortgage Test (Beta) Environment Resync from Production Tier 06 (300-399 Closed Loans/Month),MeridianLink Mortgage Test (Beta) Environment Resync from Production Tier 06 (300-399 Closed Loans/Month),MeridianLink Mortgage Test (Beta) Environment Resync from Production Tier 06 (300-399 Closed Loans/Month),MeridianLink Mortgage Test (Beta) Environment Resync from Production Tier 06 (300-399 Closed Loans/Month),MeridianLink Mortgage Test (Beta) Environment Resync from Production Tier 06 (300-399 Closed Loans/Month),MeridianLink Mortgage Test (Beta) Environment Resync from Production Tier 06 (300-399 Closed Loans/Month),MeridianLink Mortgage Test (Beta) Environment Resync from Production Tier 06 (300-399 Closed Loans/Month),MeridianLink Mortgage Test (Beta) Environment Resync from Production Tier 06 (300-399 Closed Loans/Month),MeridianLink Mortgage Test (Beta) Environment Resync from Production Tier 06 (300-399 Closed Loans/Month),MeridianLink Mortgage Test (Beta) Environment Resync from Production Tier 06 (300-399 Closed Loans/Month),MeridianLink Mortgage Test (Beta) Environment Resync from Production Tier 06 (300-399 Closed Loans/Month),MeridianLink Mortgage Test (Beta) Environment Resync from Production Tier 06 (300-399 Closed Loans/Month),MeridianLink Mortgage Test (Beta) Environment Resync from Production Tier 06 (300-399 Closed Loans/Month),MeridianLink Mortgage Test (Beta) Environment Resync from Production Tier 06 (300-399 Closed Loans/Month),MeridianLink Mortgage Test (Beta) Environment Resync from Production Tier 06 (300-399 Closed Loans/Month),MeridianLink Mortgage Test (Beta) Environment Resync from Production Tier 06 (300-399 Closed Loans/Month),MeridianLink Mortgage Test (Beta) Environment Resync from Production Tier 06 (300-399 Closed Loans/Month),MeridianLink Mortgage Test (Beta) Environment Resync from Production Tier 06 (300-399 Closed Loans/Month),MeridianLink Mortgage Test (Beta) Environment Resync from Production Tier 06 (300-399 Closed Loans/Month),MeridianLink Mortgage Test (Beta) Environment Resync from Production Tier 06 (300-399 Closed Loans/Month),MeridianLink Mortgage Test (Beta) Environment Resync from Production Tier 06 (300-399 Closed Loans/Month),MeridianLink Mortgage Test (Beta) Environment Resync from Production Tier 06 (300-399 Closed Loans/Month),MeridianLink Mortgage Test (Beta) Environment Resync from Production Tier 06 (300-399 Closed Loans/Month),MeridianLink Mortgage Test (Beta) Environment Resync from Production Tier 06 (300-399 Closed Loans/Month),MeridianLink Mortgage Test (Beta) Environment Resync from Production Tier 06 (300-399 Closed Loans/Month),MeridianLink Mortgage Test (Beta) Environment Resync from Production Tier 06 (300-399 Closed Loans/Month),MeridianLink Mortgage Test (Beta) Environment Resync from Production Tier 06 (300-399 Closed Loans/Month),MeridianLink Mortgage Test (Beta) Environment Resync from Production Tier 06 (300-399 Closed Loans/Month),MeridianLink Mortgage Test (Beta) Environment Resync from Production Tier 06 (300-399 Closed Loans/Month),MeridianLink Mortgage Test (Beta) Environment Resync from Production Tier 06 (300-399 Closed Loans/Month)
MeridianLink Mortgage LOS Subordinate Lien Loans Tier 09 (135 - 169 Closed Loans/Month),MeridianLink Mortgage,,MeridianLink Mortgage Test (Beta) Environment Resync from Production Tier 07 (225-299 Closed Loans/Month),MeridianLink Mortgage,,,,,,MeridianLink Mortgage Test (Beta) Environment Resync from Production Tier 07 (225-299 Closed Loans/Month),MeridianLink Mortgage Test (Beta) Environment Resync from Production Tier 07 (225-299 Closed Loans/Month),MeridianLink Mortgage Test (Beta) Environment Resync from Production Tier 07 (225-299 Closed Loans/Month),MeridianLink Mortgage Test (Beta) Environment Resync from Production Tier 07 (225-299 Closed Loans/Month),MeridianLink Mortgage Test (Beta) Environment Resync from Production Tier 07 (225-299 Closed Loans/Month),MeridianLink Mortgage Test (Beta) Environment Resync from Production Tier 07 (225-299 Closed Loans/Month),MeridianLink Mortgage Test (Beta) Environment Resync from Production Tier 07 (225-299 Closed Loans/Month),MeridianLink Mortgage Test (Beta) Environment Resync from Production Tier 07 (225-299 Closed Loans/Month),MeridianLink Mortgage Test (Beta) Environment Resync from Production Tier 07 (225-299 Closed Loans/Month),MeridianLink Mortgage Test (Beta) Environment Resync from Production Tier 07 (225-299 Closed Loans/Month),MeridianLink Mortgage Test (Beta) Environment Resync from Production Tier 07 (225-299 Closed Loans/Month),MeridianLink Mortgage Test (Beta) Environment Resync from Production Tier 07 (225-299 Closed Loans/Month),MeridianLink Mortgage Test (Beta) Environment Resync from Production Tier 07 (225-299 Closed Loans/Month),MeridianLink Mortgage Test (Beta) Environment Resync from Production Tier 07 (225-299 Closed Loans/Month),MeridianLink Mortgage Test (Beta) Environment Resync from Production Tier 07 (225-299 Closed Loans/Month),MeridianLink Mortgage Test (Beta) Environment Resync from Production Tier 07 (225-299 Closed Loans/Month),MeridianLink Mortgage Test (Beta) Environment Resync from Production Tier 07 (225-299 Closed Loans/Month),MeridianLink Mortgage Test (Beta) Environment Resync from Production Tier 07 (225-299 Closed Loans/Month),MeridianLink Mortgage Test (Beta) Environment Resync from Production Tier 07 (225-299 Closed Loans/Month),MeridianLink Mortgage Test (Beta) Environment Resync from Production Tier 07 (225-299 Closed Loans/Month),MeridianLink Mortgage Test (Beta) Environment Resync from Production Tier 07 (225-299 Closed Loans/Month),MeridianLink Mortgage Test (Beta) Environment Resync from Production Tier 07 (225-299 Closed Loans/Month),MeridianLink Mortgage Test (Beta) Environment Resync from Production Tier 07 (225-299 Closed Loans/Month),MeridianLink Mortgage Test (Beta) Environment Resync from Production Tier 07 (225-299 Closed Loans/Month),MeridianLink Mortgage Test (Beta) Environment Resync from Production Tier 07 (225-299 Closed Loans/Month),MeridianLink Mortgage Test (Beta) Environment Resync from Production Tier 07 (225-299 Closed Loans/Month),MeridianLink Mortgage Test (Beta) Environment Resync from Production Tier 07 (225-299 Closed Loans/Month),MeridianLink Mortgage Test (Beta) Environment Resync from Production Tier 07 (225-299 Closed Loans/Month),MeridianLink Mortgage Test (Beta) Environment Resync from Production Tier 07 (225-299 Closed Loans/Month),MeridianLink Mortgage Test (Beta) Environment Resync from Production Tier 07 (225-299 Closed Loans/Month),MeridianLink Mortgage Test (Beta) Environment Resync from Production Tier 07 (225-299 Closed Loans/Month),MeridianLink Mortgage Test (Beta) Environment Resync from Production Tier 07 (225-299 Closed Loans/Month),MeridianLink Mortgage Test (Beta) Environment Resync from Production Tier 07 (225-299 Closed Loans/Month),MeridianLink Mortgage Test (Beta) Environment Resync from Production Tier 07 (225-299 Closed Loans/Month)
MeridianLink Mortgage LOS Subordinate Lien Loans Tier 10 (110 - 134 Closed Loans/Month),MeridianLink Mortgage,,MeridianLink Mortgage Test (Beta) Environment Resync from Production Tier 08 (170-224 Closed Loans/Month),MeridianLink Mortgage,,,,,,MeridianLink Mortgage Test (Beta) Environment Resync from Production Tier 08 (170-224 Closed Loans/Month),MeridianLink Mortgage Test (Beta) Environment Resync from Production Tier 08 (170-224 Closed Loans/Month),MeridianLink Mortgage Test (Beta) Environment Resync from Production Tier 08 (170-224 Closed Loans/Month),MeridianLink Mortgage Test (Beta) Environment Resync from Production Tier 08 (170-224 Closed Loans/Month),MeridianLink Mortgage Test (Beta) Environment Resync from Production Tier 08 (170-224 Closed Loans/Month),MeridianLink Mortgage Test (Beta) Environment Resync from Production Tier 08 (170-224 Closed Loans/Month),MeridianLink Mortgage Test (Beta) Environment Resync from Production Tier 08 (170-224 Closed Loans/Month),MeridianLink Mortgage Test (Beta) Environment Resync from Production Tier 08 (170-224 Closed Loans/Month),MeridianLink Mortgage Test (Beta) Environment Resync from Production Tier 08 (170-224 Closed Loans/Month),MeridianLink Mortgage Test (Beta) Environment Resync from Production Tier 08 (170-224 Closed Loans/Month),MeridianLink Mortgage Test (Beta) Environment Resync from Production Tier 08 (170-224 Closed Loans/Month),MeridianLink Mortgage Test (Beta) Environment Resync from Production Tier 08 (170-224 Closed Loans/Month),MeridianLink Mortgage Test (Beta) Environment Resync from Production Tier 08 (170-224 Closed Loans/Month),MeridianLink Mortgage Test (Beta) Environment Resync from Production Tier 08 (170-224 Closed Loans/Month),MeridianLink Mortgage Test (Beta) Environment Resync from Production Tier 08 (170-224 Closed Loans/Month),MeridianLink Mortgage Test (Beta) Environment Resync from Production Tier 08 (170-224 Closed Loans/Month),MeridianLink Mortgage Test (Beta) Environment Resync from Production Tier 08 (170-224 Closed Loans/Month),MeridianLink Mortgage Test (Beta) Environment Resync from Production Tier 08 (170-224 Closed Loans/Month),MeridianLink Mortgage Test (Beta) Environment Resync from Production Tier 08 (170-224 Closed Loans/Month),MeridianLink Mortgage Test (Beta) Environment Resync from Production Tier 08 (170-224 Closed Loans/Month),MeridianLink Mortgage Test (Beta) Environment Resync from Production Tier 08 (170-224 Closed Loans/Month),MeridianLink Mortgage Test (Beta) Environment Resync from Production Tier 08 (170-224 Closed Loans/Month),MeridianLink Mortgage Test (Beta) Environment Resync from Production Tier 08 (170-224 Closed Loans/Month),MeridianLink Mortgage Test (Beta) Environment Resync from Production Tier 08 (170-224 Closed Loans/Month),MeridianLink Mortgage Test (Beta) Environment Resync from Production Tier 08 (170-224 Closed Loans/Month),MeridianLink Mortgage Test (Beta) Environment Resync from Production Tier 08 (170-224 Closed Loans/Month),MeridianLink Mortgage Test (Beta) Environment Resync from Production Tier 08 (170-224 Closed Loans/Month),MeridianLink Mortgage Test (Beta) Environment Resync from Production Tier 08 (170-224 Closed Loans/Month),MeridianLink Mortgage Test (Beta) Environment Resync from Production Tier 08 (170-224 Closed Loans/Month),MeridianLink Mortgage Test (Beta) Environment Resync from Production Tier 08 (170-224 Closed Loans/Month),MeridianLink Mortgage Test (Beta) Environment Resync from Production Tier 08 (170-224 Closed Loans/Month),MeridianLink Mortgage Test (Beta) Environment Resync from Production Tier 08 (170-224 Closed Loans/Month),MeridianLink Mortgage Test (Beta) Environment Resync from Production Tier 08 (170-224 Closed Loans/Month),MeridianLink Mortgage Test (Beta) Environment Resync from Production Tier 08 (170-224 Closed Loans/Month)
MeridianLink Mortgage LOS Subordinate Lien Loans Tier 11 (90 - 109 Closed Loans/Month),MeridianLink Mortgage,,MeridianLink Mortgage Test (Beta) Environment Resync from Production Tier 09 (135-169 Closed Loans/Month),MeridianLink Mortgage,,,,,,MeridianLink Mortgage Test (Beta) Environment Resync from Production Tier 09 (135-169 Closed Loans/Month),MeridianLink Mortgage Test (Beta) Environment Resync from Production Tier 09 (135-169 Closed Loans/Month),MeridianLink Mortgage Test (Beta) Environment Resync from Production Tier 09 (135-169 Closed Loans/Month),MeridianLink Mortgage Test (Beta) Environment Resync from Production Tier 09 (135-169 Closed Loans/Month),MeridianLink Mortgage Test (Beta) Environment Resync from Production Tier 09 (135-169 Closed Loans/Month),MeridianLink Mortgage Test (Beta) Environment Resync from Production Tier 09 (135-169 Closed Loans/Month),MeridianLink Mortgage Test (Beta) Environment Resync from Production Tier 09 (135-169 Closed Loans/Month),MeridianLink Mortgage Test (Beta) Environment Resync from Production Tier 09 (135-169 Closed Loans/Month),MeridianLink Mortgage Test (Beta) Environment Resync from Production Tier 09 (135-169 Closed Loans/Month),MeridianLink Mortgage Test (Beta) Environment Resync from Production Tier 09 (135-169 Closed Loans/Month),MeridianLink Mortgage Test (Beta) Environment Resync from Production Tier 09 (135-169 Closed Loans/Month),MeridianLink Mortgage Test (Beta) Environment Resync from Production Tier 09 (135-169 Closed Loans/Month),MeridianLink Mortgage Test (Beta) Environment Resync from Production Tier 09 (135-169 Closed Loans/Month),MeridianLink Mortgage Test (Beta) Environment Resync from Production Tier 09 (135-169 Closed Loans/Month),MeridianLink Mortgage Test (Beta) Environment Resync from Production Tier 09 (135-169 Closed Loans/Month),MeridianLink Mortgage Test (Beta) Environment Resync from Production Tier 09 (135-169 Closed Loans/Month),MeridianLink Mortgage Test (Beta) Environment Resync from Production Tier 09 (135-169 Closed Loans/Month),MeridianLink Mortgage Test (Beta) Environment Resync from Production Tier 09 (135-169 Closed Loans/Month),MeridianLink Mortgage Test (Beta) Environment Resync from Production Tier 09 (135-169 Closed Loans/Month),MeridianLink Mortgage Test (Beta) Environment Resync from Production Tier 09 (135-169 Closed Loans/Month),MeridianLink Mortgage Test (Beta) Environment Resync from Production Tier 09 (135-169 Closed Loans/Month),MeridianLink Mortgage Test (Beta) Environment Resync from Production Tier 09 (135-169 Closed Loans/Month),MeridianLink Mortgage Test (Beta) Environment Resync from Production Tier 09 (135-169 Closed Loans/Month),MeridianLink Mortgage Test (Beta) Environment Resync from Production Tier 09 (135-169 Closed Loans/Month),MeridianLink Mortgage Test (Beta) Environment Resync from Production Tier 09 (135-169 Closed Loans/Month),MeridianLink Mortgage Test (Beta) Environment Resync from Production Tier 09 (135-169 Closed Loans/Month),MeridianLink Mortgage Test (Beta) Environment Resync from Production Tier 09 (135-169 Closed Loans/Month),MeridianLink Mortgage Test (Beta) Environment Resync from Production Tier 09 (135-169 Closed Loans/Month),MeridianLink Mortgage Test (Beta) Environment Resync from Production Tier 09 (135-169 Closed Loans/Month),MeridianLink Mortgage Test (Beta) Environment Resync from Production Tier 09 (135-169 Closed Loans/Month),MeridianLink Mortgage Test (Beta) Environment Resync from Production Tier 09 (135-169 Closed Loans/Month),MeridianLink Mortgage Test (Beta) Environment Resync from Production Tier 09 (135-169 Closed Loans/Month),MeridianLink Mortgage Test (Beta) Environment Resync from Production Tier 09 (135-169 Closed Loans/Month),MeridianLink Mortgage Test (Beta) Environment Resync from Production Tier 09 (135-169 Closed Loans/Month)
MeridianLink Mortgage LOS Subordinate Lien Loans Tier 12 (75 - 89 Closed Loans/Month),MeridianLink Mortgage,,MeridianLink Mortgage Test (Beta) Environment Resync from Production Tier 10 (110-134 Closed Loans/Month),MeridianLink Mortgage,,,,,,MeridianLink Mortgage Test (Beta) Environment Resync from Production Tier 10 (110-134 Closed Loans/Month),MeridianLink Mortgage Test (Beta) Environment Resync from Production Tier 10 (110-134 Closed Loans/Month),MeridianLink Mortgage Test (Beta) Environment Resync from Production Tier 10 (110-134 Closed Loans/Month),MeridianLink Mortgage Test (Beta) Environment Resync from Production Tier 10 (110-134 Closed Loans/Month),MeridianLink Mortgage Test (Beta) Environment Resync from Production Tier 10 (110-134 Closed Loans/Month),MeridianLink Mortgage Test (Beta) Environment Resync from Production Tier 10 (110-134 Closed Loans/Month),MeridianLink Mortgage Test (Beta) Environment Resync from Production Tier 10 (110-134 Closed Loans/Month),MeridianLink Mortgage Test (Beta) Environment Resync from Production Tier 10 (110-134 Closed Loans/Month),MeridianLink Mortgage Test (Beta) Environment Resync from Production Tier 10 (110-134 Closed Loans/Month),MeridianLink Mortgage Test (Beta) Environment Resync from Production Tier 10 (110-134 Closed Loans/Month),MeridianLink Mortgage Test (Beta) Environment Resync from Production Tier 10 (110-134 Closed Loans/Month),MeridianLink Mortgage Test (Beta) Environment Resync from Production Tier 10 (110-134 Closed Loans/Month),MeridianLink Mortgage Test (Beta) Environment Resync from Production Tier 10 (110-134 Closed Loans/Month),MeridianLink Mortgage Test (Beta) Environment Resync from Production Tier 10 (110-134 Closed Loans/Month),MeridianLink Mortgage Test (Beta) Environment Resync from Production Tier 10 (110-134 Closed Loans/Month),MeridianLink Mortgage Test (Beta) Environment Resync from Production Tier 10 (110-134 Closed Loans/Month),MeridianLink Mortgage Test (Beta) Environment Resync from Production Tier 10 (110-134 Closed Loans/Month),MeridianLink Mortgage Test (Beta) Environment Resync from Production Tier 10 (110-134 Closed Loans/Month),MeridianLink Mortgage Test (Beta) Environment Resync from Production Tier 10 (110-134 Closed Loans/Month),MeridianLink Mortgage Test (Beta) Environment Resync from Production Tier 10 (110-134 Closed Loans/Month),MeridianLink Mortgage Test (Beta) Environment Resync from Production Tier 10 (110-134 Closed Loans/Month),MeridianLink Mortgage Test (Beta) Environment Resync from Production Tier 10 (110-134 Closed Loans/Month),MeridianLink Mortgage Test (Beta) Environment Resync from Production Tier 10 (110-134 Closed Loans/Month),MeridianLink Mortgage Test (Beta) Environment Resync from Production Tier 10 (110-134 Closed Loans/Month),MeridianLink Mortgage Test (Beta) Environment Resync from Production Tier 10 (110-134 Closed Loans/Month),MeridianLink Mortgage Test (Beta) Environment Resync from Production Tier 10 (110-134 Closed Loans/Month),MeridianLink Mortgage Test (Beta) Environment Resync from Production Tier 10 (110-134 Closed Loans/Month),MeridianLink Mortgage Test (Beta) Environment Resync from Production Tier 10 (110-134 Closed Loans/Month),MeridianLink Mortgage Test (Beta) Environment Resync from Production Tier 10 (110-134 Closed Loans/Month),MeridianLink Mortgage Test (Beta) Environment Resync from Production Tier 10 (110-134 Closed Loans/Month),MeridianLink Mortgage Test (Beta) Environment Resync from Production Tier 10 (110-134 Closed Loans/Month),MeridianLink Mortgage Test (Beta) Environment Resync from Production Tier 10 (110-134 Closed Loans/Month),MeridianLink Mortgage Test (Beta) Environment Resync from Production Tier 10 (110-134 Closed Loans/Month),MeridianLink Mortgage Test (Beta) Environment Resync from Production Tier 10 (110-134 Closed Loans/Month)
MeridianLink Mortgage LOS Subordinate Lien Loans Tier 13 (60 - 74 Closed Loans/Month),MeridianLink Mortgage,,MeridianLink Mortgage Test (Beta) Environment Resync from Production Tier 11 (90-109 Closed Loans/Month),MeridianLink Mortgage,,,,,,MeridianLink Mortgage Test (Beta) Environment Resync from Production Tier 11 (90-109 Closed Loans/Month),MeridianLink Mortgage Test (Beta) Environment Resync from Production Tier 11 (90-109 Closed Loans/Month),MeridianLink Mortgage Test (Beta) Environment Resync from Production Tier 11 (90-109 Closed Loans/Month),MeridianLink Mortgage Test (Beta) Environment Resync from Production Tier 11 (90-109 Closed Loans/Month),MeridianLink Mortgage Test (Beta) Environment Resync from Production Tier 11 (90-109 Closed Loans/Month),MeridianLink Mortgage Test (Beta) Environment Resync from Production Tier 11 (90-109 Closed Loans/Month),MeridianLink Mortgage Test (Beta) Environment Resync from Production Tier 11 (90-109 Closed Loans/Month),MeridianLink Mortgage Test (Beta) Environment Resync from Production Tier 11 (90-109 Closed Loans/Month),MeridianLink Mortgage Test (Beta) Environment Resync from Production Tier 11 (90-109 Closed Loans/Month),MeridianLink Mortgage Test (Beta) Environment Resync from Production Tier 11 (90-109 Closed Loans/Month),MeridianLink Mortgage Test (Beta) Environment Resync from Production Tier 11 (90-109 Closed Loans/Month),MeridianLink Mortgage Test (Beta) Environment Resync from Production Tier 11 (90-109 Closed Loans/Month),MeridianLink Mortgage Test (Beta) Environment Resync from Production Tier 11 (90-109 Closed Loans/Month),MeridianLink Mortgage Test (Beta) Environment Resync from Production Tier 11 (90-109 Closed Loans/Month),MeridianLink Mortgage Test (Beta) Environment Resync from Production Tier 11 (90-109 Closed Loans/Month),MeridianLink Mortgage Test (Beta) Environment Resync from Production Tier 11 (90-109 Closed Loans/Month),MeridianLink Mortgage Test (Beta) Environment Resync from Production Tier 11 (90-109 Closed Loans/Month),MeridianLink Mortgage Test (Beta) Environment Resync from Production Tier 11 (90-109 Closed Loans/Month),MeridianLink Mortgage Test (Beta) Environment Resync from Production Tier 11 (90-109 Closed Loans/Month),MeridianLink Mortgage Test (Beta) Environment Resync from Production Tier 11 (90-109 Closed Loans/Month),MeridianLink Mortgage Test (Beta) Environment Resync from Production Tier 11 (90-109 Closed Loans/Month),MeridianLink Mortgage Test (Beta) Environment Resync from Production Tier 11 (90-109 Closed Loans/Month),MeridianLink Mortgage Test (Beta) Environment Resync from Production Tier 11 (90-109 Closed Loans/Month),MeridianLink Mortgage Test (Beta) Environment Resync from Production Tier 11 (90-109 Closed Loans/Month),MeridianLink Mortgage Test (Beta) Environment Resync from Production Tier 11 (90-109 Closed Loans/Month),MeridianLink Mortgage Test (Beta) Environment Resync from Production Tier 11 (90-109 Closed Loans/Month),MeridianLink Mortgage Test (Beta) Environment Resync from Production Tier 11 (90-109 Closed Loans/Month),MeridianLink Mortgage Test (Beta) Environment Resync from Production Tier 11 (90-109 Closed Loans/Month),MeridianLink Mortgage Test (Beta) Environment Resync from Production Tier 11 (90-109 Closed Loans/Month),MeridianLink Mortgage Test (Beta) Environment Resync from Production Tier 11 (90-109 Closed Loans/Month),MeridianLink Mortgage Test (Beta) Environment Resync from Production Tier 11 (90-109 Closed Loans/Month),MeridianLink Mortgage Test (Beta) Environment Resync from Production Tier 11 (90-109 Closed Loans/Month),MeridianLink Mortgage Test (Beta) Environment Resync from Production Tier 11 (90-109 Closed Loans/Month),MeridianLink Mortgage Test (Beta) Environment Resync from Production Tier 11 (90-109 Closed Loans/Month)
MeridianLink Mortgage LOS Subordinate Lien Loans Tier 14 (45 - 59 Closed Loans/Month),MeridianLink Mortgage,,MeridianLink Mortgage Test (Beta) Environment Resync from Production Tier 12 (75-89 Closed Loans/Month),MeridianLink Mortgage,,,,,,MeridianLink Mortgage Test (Beta) Environment Resync from Production Tier 12 (75-89 Closed Loans/Month),MeridianLink Mortgage Test (Beta) Environment Resync from Production Tier 12 (75-89 Closed Loans/Month),MeridianLink Mortgage Test (Beta) Environment Resync from Production Tier 12 (75-89 Closed Loans/Month),MeridianLink Mortgage Test (Beta) Environment Resync from Production Tier 12 (75-89 Closed Loans/Month),MeridianLink Mortgage Test (Beta) Environment Resync from Production Tier 12 (75-89 Closed Loans/Month),MeridianLink Mortgage Test (Beta) Environment Resync from Production Tier 12 (75-89 Closed Loans/Month),MeridianLink Mortgage Test (Beta) Environment Resync from Production Tier 12 (75-89 Closed Loans/Month),MeridianLink Mortgage Test (Beta) Environment Resync from Production Tier 12 (75-89 Closed Loans/Month),MeridianLink Mortgage Test (Beta) Environment Resync from Production Tier 12 (75-89 Closed Loans/Month),MeridianLink Mortgage Test (Beta) Environment Resync from Production Tier 12 (75-89 Closed Loans/Month),MeridianLink Mortgage Test (Beta) Environment Resync from Production Tier 12 (75-89 Closed Loans/Month),MeridianLink Mortgage Test (Beta) Environment Resync from Production Tier 12 (75-89 Closed Loans/Month),MeridianLink Mortgage Test (Beta) Environment Resync from Production Tier 12 (75-89 Closed Loans/Month),MeridianLink Mortgage Test (Beta) Environment Resync from Production Tier 12 (75-89 Closed Loans/Month),MeridianLink Mortgage Test (Beta) Environment Resync from Production Tier 12 (75-89 Closed Loans/Month),MeridianLink Mortgage Test (Beta) Environment Resync from Production Tier 12 (75-89 Closed Loans/Month),MeridianLink Mortgage Test (Beta) Environment Resync from Production Tier 12 (75-89 Closed Loans/Month),MeridianLink Mortgage Test (Beta) Environment Resync from Production Tier 12 (75-89 Closed Loans/Month),MeridianLink Mortgage Test (Beta) Environment Resync from Production Tier 12 (75-89 Closed Loans/Month),MeridianLink Mortgage Test (Beta) Environment Resync from Production Tier 12 (75-89 Closed Loans/Month),MeridianLink Mortgage Test (Beta) Environment Resync from Production Tier 12 (75-89 Closed Loans/Month),MeridianLink Mortgage Test (Beta) Environment Resync from Production Tier 12 (75-89 Closed Loans/Month),MeridianLink Mortgage Test (Beta) Environment Resync from Production Tier 12 (75-89 Closed Loans/Month),MeridianLink Mortgage Test (Beta) Environment Resync from Production Tier 12 (75-89 Closed Loans/Month),MeridianLink Mortgage Test (Beta) Environment Resync from Production Tier 12 (75-89 Closed Loans/Month),MeridianLink Mortgage Test (Beta) Environment Resync from Production Tier 12 (75-89 Closed Loans/Month),MeridianLink Mortgage Test (Beta) Environment Resync from Production Tier 12 (75-89 Closed Loans/Month),MeridianLink Mortgage Test (Beta) Environment Resync from Production Tier 12 (75-89 Closed Loans/Month),MeridianLink Mortgage Test (Beta) Environment Resync from Production Tier 12 (75-89 Closed Loans/Month),MeridianLink Mortgage Test (Beta) Environment Resync from Production Tier 12 (75-89 Closed Loans/Month),MeridianLink Mortgage Test (Beta) Environment Resync from Production Tier 12 (75-89 Closed Loans/Month),MeridianLink Mortgage Test (Beta) Environment Resync from Production Tier 12 (75-89 Closed Loans/Month),MeridianLink Mortgage Test (Beta) Environment Resync from Production Tier 12 (75-89 Closed Loans/Month),MeridianLink Mortgage Test (Beta) Environment Resync from Production Tier 12 (75-89 Closed Loans/Month)
MeridianLink Mortgage LOS Subordinate Lien Loans Tier 15 (30 - 44 Closed Loans/Month),MeridianLink Mortgage,,MeridianLink Mortgage Test (Beta) Environment Resync from Production Tier 13 (60-74 Closed Loans/Month),MeridianLink Mortgage,,,,,,MeridianLink Mortgage Test (Beta) Environment Resync from Production Tier 13 (60-74 Closed Loans/Month),MeridianLink Mortgage Test (Beta) Environment Resync from Production Tier 13 (60-74 Closed Loans/Month),MeridianLink Mortgage Test (Beta) Environment Resync from Production Tier 13 (60-74 Closed Loans/Month),MeridianLink Mortgage Test (Beta) Environment Resync from Production Tier 13 (60-74 Closed Loans/Month),MeridianLink Mortgage Test (Beta) Environment Resync from Production Tier 13 (60-74 Closed Loans/Month),MeridianLink Mortgage Test (Beta) Environment Resync from Production Tier 13 (60-74 Closed Loans/Month),MeridianLink Mortgage Test (Beta) Environment Resync from Production Tier 13 (60-74 Closed Loans/Month),MeridianLink Mortgage Test (Beta) Environment Resync from Production Tier 13 (60-74 Closed Loans/Month),MeridianLink Mortgage Test (Beta) Environment Resync from Production Tier 13 (60-74 Closed Loans/Month),MeridianLink Mortgage Test (Beta) Environment Resync from Production Tier 13 (60-74 Closed Loans/Month),MeridianLink Mortgage Test (Beta) Environment Resync from Production Tier 13 (60-74 Closed Loans/Month),MeridianLink Mortgage Test (Beta) Environment Resync from Production Tier 13 (60-74 Closed Loans/Month),MeridianLink Mortgage Test (Beta) Environment Resync from Production Tier 13 (60-74 Closed Loans/Month),MeridianLink Mortgage Test (Beta) Environment Resync from Production Tier 13 (60-74 Closed Loans/Month),MeridianLink Mortgage Test (Beta) Environment Resync from Production Tier 13 (60-74 Closed Loans/Month),MeridianLink Mortgage Test (Beta) Environment Resync from Production Tier 13 (60-74 Closed Loans/Month),MeridianLink Mortgage Test (Beta) Environment Resync from Production Tier 13 (60-74 Closed Loans/Month),MeridianLink Mortgage Test (Beta) Environment Resync from Production Tier 13 (60-74 Closed Loans/Month),MeridianLink Mortgage Test (Beta) Environment Resync from Production Tier 13 (60-74 Closed Loans/Month),MeridianLink Mortgage Test (Beta) Environment Resync from Production Tier 13 (60-74 Closed Loans/Month),MeridianLink Mortgage Test (Beta) Environment Resync from Production Tier 13 (60-74 Closed Loans/Month),MeridianLink Mortgage Test (Beta) Environment Resync from Production Tier 13 (60-74 Closed Loans/Month),MeridianLink Mortgage Test (Beta) Environment Resync from Production Tier 13 (60-74 Closed Loans/Month),MeridianLink Mortgage Test (Beta) Environment Resync from Production Tier 13 (60-74 Closed Loans/Month),MeridianLink Mortgage Test (Beta) Environment Resync from Production Tier 13 (60-74 Closed Loans/Month),MeridianLink Mortgage Test (Beta) Environment Resync from Production Tier 13 (60-74 Closed Loans/Month),MeridianLink Mortgage Test (Beta) Environment Resync from Production Tier 13 (60-74 Closed Loans/Month),MeridianLink Mortgage Test (Beta) Environment Resync from Production Tier 13 (60-74 Closed Loans/Month),MeridianLink Mortgage Test (Beta) Environment Resync from Production Tier 13 (60-74 Closed Loans/Month),MeridianLink Mortgage Test (Beta) Environment Resync from Production Tier 13 (60-74 Closed Loans/Month),MeridianLink Mortgage Test (Beta) Environment Resync from Production Tier 13 (60-74 Closed Loans/Month),MeridianLink Mortgage Test (Beta) Environment Resync from Production Tier 13 (60-74 Closed Loans/Month),MeridianLink Mortgage Test (Beta) Environment Resync from Production Tier 13 (60-74 Closed Loans/Month),MeridianLink Mortgage Test (Beta) Environment Resync from Production Tier 13 (60-74 Closed Loans/Month)
MeridianLink Mortgage LOS Subordinate Lien Loans Tier 16 (15-29 Closed Loans/Month),MeridianLink Mortgage,,MeridianLink Mortgage Test (Beta) Environment Resync from Production Tier 14 (45-59 Closed Loans/Month),MeridianLink Mortgage,,,,,,MeridianLink Mortgage Test (Beta) Environment Resync from Production Tier 14 (45-59 Closed Loans/Month),MeridianLink Mortgage Test (Beta) Environment Resync from Production Tier 14 (45-59 Closed Loans/Month),MeridianLink Mortgage Test (Beta) Environment Resync from Production Tier 14 (45-59 Closed Loans/Month),MeridianLink Mortgage Test (Beta) Environment Resync from Production Tier 14 (45-59 Closed Loans/Month),MeridianLink Mortgage Test (Beta) Environment Resync from Production Tier 14 (45-59 Closed Loans/Month),MeridianLink Mortgage Test (Beta) Environment Resync from Production Tier 14 (45-59 Closed Loans/Month),MeridianLink Mortgage Test (Beta) Environment Resync from Production Tier 14 (45-59 Closed Loans/Month),MeridianLink Mortgage Test (Beta) Environment Resync from Production Tier 14 (45-59 Closed Loans/Month),MeridianLink Mortgage Test (Beta) Environment Resync from Production Tier 14 (45-59 Closed Loans/Month),MeridianLink Mortgage Test (Beta) Environment Resync from Production Tier 14 (45-59 Closed Loans/Month),MeridianLink Mortgage Test (Beta) Environment Resync from Production Tier 14 (45-59 Closed Loans/Month),MeridianLink Mortgage Test (Beta) Environment Resync from Production Tier 14 (45-59 Closed Loans/Month),MeridianLink Mortgage Test (Beta) Environment Resync from Production Tier 14 (45-59 Closed Loans/Month),MeridianLink Mortgage Test (Beta) Environment Resync from Production Tier 14 (45-59 Closed Loans/Month),MeridianLink Mortgage Test (Beta) Environment Resync from Production Tier 14 (45-59 Closed Loans/Month),MeridianLink Mortgage Test (Beta) Environment Resync from Production Tier 14 (45-59 Closed Loans/Month),MeridianLink Mortgage Test (Beta) Environment Resync from Production Tier 14 (45-59 Closed Loans/Month),MeridianLink Mortgage Test (Beta) Environment Resync from Production Tier 14 (45-59 Closed Loans/Month),MeridianLink Mortgage Test (Beta) Environment Resync from Production Tier 14 (45-59 Closed Loans/Month),MeridianLink Mortgage Test (Beta) Environment Resync from Production Tier 14 (45-59 Closed Loans/Month),MeridianLink Mortgage Test (Beta) Environment Resync from Production Tier 14 (45-59 Closed Loans/Month),MeridianLink Mortgage Test (Beta) Environment Resync from Production Tier 14 (45-59 Closed Loans/Month),MeridianLink Mortgage Test (Beta) Environment Resync from Production Tier 14 (45-59 Closed Loans/Month),MeridianLink Mortgage Test (Beta) Environment Resync from Production Tier 14 (45-59 Closed Loans/Month),MeridianLink Mortgage Test (Beta) Environment Resync from Production Tier 14 (45-59 Closed Loans/Month),MeridianLink Mortgage Test (Beta) Environment Resync from Production Tier 14 (45-59 Closed Loans/Month),MeridianLink Mortgage Test (Beta) Environment Resync from Production Tier 14 (45-59 Closed Loans/Month),MeridianLink Mortgage Test (Beta) Environment Resync from Production Tier 14 (45-59 Closed Loans/Month),MeridianLink Mortgage Test (Beta) Environment Resync from Production Tier 14 (45-59 Closed Loans/Month),MeridianLink Mortgage Test (Beta) Environment Resync from Production Tier 14 (45-59 Closed Loans/Month),MeridianLink Mortgage Test (Beta) Environment Resync from Production Tier 14 (45-59 Closed Loans/Month),MeridianLink Mortgage Test (Beta) Environment Resync from Production Tier 14 (45-59 Closed Loans/Month),MeridianLink Mortgage Test (Beta) Environment Resync from Production Tier 14 (45-59 Closed Loans/Month),MeridianLink Mortgage Test (Beta) Environment Resync from Production Tier 14 (45-59 Closed Loans/Month)
MeridianLink Mortgage LOS Subordinate Lien Loans Tier 17 (10-14 Closed Loans/Month),MeridianLink Mortgage,,MeridianLink Mortgage Test (Beta) Environment Resync from Production Tier 15 (30-44 Closed Loans/Month),MeridianLink Mortgage,,,,,,MeridianLink Mortgage Test (Beta) Environment Resync from Production Tier 15 (30-44 Closed Loans/Month),MeridianLink Mortgage Test (Beta) Environment Resync from Production Tier 15 (30-44 Closed Loans/Month),MeridianLink Mortgage Test (Beta) Environment Resync from Production Tier 15 (30-44 Closed Loans/Month),MeridianLink Mortgage Test (Beta) Environment Resync from Production Tier 15 (30-44 Closed Loans/Month),MeridianLink Mortgage Test (Beta) Environment Resync from Production Tier 15 (30-44 Closed Loans/Month),MeridianLink Mortgage Test (Beta) Environment Resync from Production Tier 15 (30-44 Closed Loans/Month),MeridianLink Mortgage Test (Beta) Environment Resync from Production Tier 15 (30-44 Closed Loans/Month),MeridianLink Mortgage Test (Beta) Environment Resync from Production Tier 15 (30-44 Closed Loans/Month),MeridianLink Mortgage Test (Beta) Environment Resync from Production Tier 15 (30-44 Closed Loans/Month),MeridianLink Mortgage Test (Beta) Environment Resync from Production Tier 15 (30-44 Closed Loans/Month),MeridianLink Mortgage Test (Beta) Environment Resync from Production Tier 15 (30-44 Closed Loans/Month),MeridianLink Mortgage Test (Beta) Environment Resync from Production Tier 15 (30-44 Closed Loans/Month),MeridianLink Mortgage Test (Beta) Environment Resync from Production Tier 15 (30-44 Closed Loans/Month),MeridianLink Mortgage Test (Beta) Environment Resync from Production Tier 15 (30-44 Closed Loans/Month),MeridianLink Mortgage Test (Beta) Environment Resync from Production Tier 15 (30-44 Closed Loans/Month),MeridianLink Mortgage Test (Beta) Environment Resync from Production Tier 15 (30-44 Closed Loans/Month),MeridianLink Mortgage Test (Beta) Environment Resync from Production Tier 15 (30-44 Closed Loans/Month),MeridianLink Mortgage Test (Beta) Environment Resync from Production Tier 15 (30-44 Closed Loans/Month),MeridianLink Mortgage Test (Beta) Environment Resync from Production Tier 15 (30-44 Closed Loans/Month),MeridianLink Mortgage Test (Beta) Environment Resync from Production Tier 15 (30-44 Closed Loans/Month),MeridianLink Mortgage Test (Beta) Environment Resync from Production Tier 15 (30-44 Closed Loans/Month),MeridianLink Mortgage Test (Beta) Environment Resync from Production Tier 15 (30-44 Closed Loans/Month),MeridianLink Mortgage Test (Beta) Environment Resync from Production Tier 15 (30-44 Closed Loans/Month),MeridianLink Mortgage Test (Beta) Environment Resync from Production Tier 15 (30-44 Closed Loans/Month),MeridianLink Mortgage Test (Beta) Environment Resync from Production Tier 15 (30-44 Closed Loans/Month),MeridianLink Mortgage Test (Beta) Environment Resync from Production Tier 15 (30-44 Closed Loans/Month),MeridianLink Mortgage Test (Beta) Environment Resync from Production Tier 15 (30-44 Closed Loans/Month),MeridianLink Mortgage Test (Beta) Environment Resync from Production Tier 15 (30-44 Closed Loans/Month),MeridianLink Mortgage Test (Beta) Environment Resync from Production Tier 15 (30-44 Closed Loans/Month),MeridianLink Mortgage Test (Beta) Environment Resync from Production Tier 15 (30-44 Closed Loans/Month),MeridianLink Mortgage Test (Beta) Environment Resync from Production Tier 15 (30-44 Closed Loans/Month),MeridianLink Mortgage Test (Beta) Environment Resync from Production Tier 15 (30-44 Closed Loans/Month),MeridianLink Mortgage Test (Beta) Environment Resync from Production Tier 15 (30-44 Closed Loans/Month),MeridianLink Mortgage Test (Beta) Environment Resync from Production Tier 15 (30-44 Closed Loans/Month)
MeridianLink Mortgage LOS Tier 01 (1200+ Closed Loans/Mon) no implementation,MeridianLink Mortgage,,MeridianLink Mortgage Test (Beta) Environment Resync from Production Tier 16 (15-29 Closed Loans/Month),MeridianLink Mortgage,,,,,,MeridianLink Mortgage Test (Beta) Environment Resync from Production Tier 16 (15-29 Closed Loans/Month),MeridianLink Mortgage Test (Beta) Environment Resync from Production Tier 16 (15-29 Closed Loans/Month),MeridianLink Mortgage Test (Beta) Environment Resync from Production Tier 16 (15-29 Closed Loans/Month),MeridianLink Mortgage Test (Beta) Environment Resync from Production Tier 16 (15-29 Closed Loans/Month),MeridianLink Mortgage Test (Beta) Environment Resync from Production Tier 16 (15-29 Closed Loans/Month),MeridianLink Mortgage Test (Beta) Environment Resync from Production Tier 16 (15-29 Closed Loans/Month),MeridianLink Mortgage Test (Beta) Environment Resync from Production Tier 16 (15-29 Closed Loans/Month),MeridianLink Mortgage Test (Beta) Environment Resync from Production Tier 16 (15-29 Closed Loans/Month),MeridianLink Mortgage Test (Beta) Environment Resync from Production Tier 16 (15-29 Closed Loans/Month),MeridianLink Mortgage Test (Beta) Environment Resync from Production Tier 16 (15-29 Closed Loans/Month),MeridianLink Mortgage Test (Beta) Environment Resync from Production Tier 16 (15-29 Closed Loans/Month),MeridianLink Mortgage Test (Beta) Environment Resync from Production Tier 16 (15-29 Closed Loans/Month),MeridianLink Mortgage Test (Beta) Environment Resync from Production Tier 16 (15-29 Closed Loans/Month),MeridianLink Mortgage Test (Beta) Environment Resync from Production Tier 16 (15-29 Closed Loans/Month),MeridianLink Mortgage Test (Beta) Environment Resync from Production Tier 16 (15-29 Closed Loans/Month),MeridianLink Mortgage Test (Beta) Environment Resync from Production Tier 16 (15-29 Closed Loans/Month),MeridianLink Mortgage Test (Beta) Environment Resync from Production Tier 16 (15-29 Closed Loans/Month),MeridianLink Mortgage Test (Beta) Environment Resync from Production Tier 16 (15-29 Closed Loans/Month),MeridianLink Mortgage Test (Beta) Environment Resync from Production Tier 16 (15-29 Closed Loans/Month),MeridianLink Mortgage Test (Beta) Environment Resync from Production Tier 16 (15-29 Closed Loans/Month),MeridianLink Mortgage Test (Beta) Environment Resync from Production Tier 16 (15-29 Closed Loans/Month),MeridianLink Mortgage Test (Beta) Environment Resync from Production Tier 16 (15-29 Closed Loans/Month),MeridianLink Mortgage Test (Beta) Environment Resync from Production Tier 16 (15-29 Closed Loans/Month),MeridianLink Mortgage Test (Beta) Environment Resync from Production Tier 16 (15-29 Closed Loans/Month),MeridianLink Mortgage Test (Beta) Environment Resync from Production Tier 16 (15-29 Closed Loans/Month),MeridianLink Mortgage Test (Beta) Environment Resync from Production Tier 16 (15-29 Closed Loans/Month),MeridianLink Mortgage Test (Beta) Environment Resync from Production Tier 16 (15-29 Closed Loans/Month),MeridianLink Mortgage Test (Beta) Environment Resync from Production Tier 16 (15-29 Closed Loans/Month),MeridianLink Mortgage Test (Beta) Environment Resync from Production Tier 16 (15-29 Closed Loans/Month),MeridianLink Mortgage Test (Beta) Environment Resync from Production Tier 16 (15-29 Closed Loans/Month),MeridianLink Mortgage Test (Beta) Environment Resync from Production Tier 16 (15-29 Closed Loans/Month),MeridianLink Mortgage Test (Beta) Environment Resync from Production Tier 16 (15-29 Closed Loans/Month),MeridianLink Mortgage Test (Beta) Environment Resync from Production Tier 16 (15-29 Closed Loans/Month),MeridianLink Mortgage Test (Beta) Environment Resync from Production Tier 16 (15-29 Closed Loans/Month)
MeridianLink Mortgage LOS Tier 01 (1200+ Closed Loans/Mon) with 1 implementation,MeridianLink Mortgage,,MeridianLink Mortgage Test (Beta) Environment Resync from Production Tier 17 (0-14 Closed Loans/Month),MeridianLink Mortgage,,,,,,MeridianLink Mortgage Test (Beta) Environment Resync from Production Tier 17 (0-14 Closed Loans/Month),MeridianLink Mortgage Test (Beta) Environment Resync from Production Tier 17 (0-14 Closed Loans/Month),MeridianLink Mortgage Test (Beta) Environment Resync from Production Tier 17 (0-14 Closed Loans/Month),MeridianLink Mortgage Test (Beta) Environment Resync from Production Tier 17 (0-14 Closed Loans/Month),MeridianLink Mortgage Test (Beta) Environment Resync from Production Tier 17 (0-14 Closed Loans/Month),MeridianLink Mortgage Test (Beta) Environment Resync from Production Tier 17 (0-14 Closed Loans/Month),MeridianLink Mortgage Test (Beta) Environment Resync from Production Tier 17 (0-14 Closed Loans/Month),MeridianLink Mortgage Test (Beta) Environment Resync from Production Tier 17 (0-14 Closed Loans/Month),MeridianLink Mortgage Test (Beta) Environment Resync from Production Tier 17 (0-14 Closed Loans/Month),MeridianLink Mortgage Test (Beta) Environment Resync from Production Tier 17 (0-14 Closed Loans/Month),MeridianLink Mortgage Test (Beta) Environment Resync from Production Tier 17 (0-14 Closed Loans/Month),MeridianLink Mortgage Test (Beta) Environment Resync from Production Tier 17 (0-14 Closed Loans/Month),MeridianLink Mortgage Test (Beta) Environment Resync from Production Tier 17 (0-14 Closed Loans/Month),MeridianLink Mortgage Test (Beta) Environment Resync from Production Tier 17 (0-14 Closed Loans/Month),MeridianLink Mortgage Test (Beta) Environment Resync from Production Tier 17 (0-14 Closed Loans/Month),MeridianLink Mortgage Test (Beta) Environment Resync from Production Tier 17 (0-14 Closed Loans/Month),MeridianLink Mortgage Test (Beta) Environment Resync from Production Tier 17 (0-14 Closed Loans/Month),MeridianLink Mortgage Test (Beta) Environment Resync from Production Tier 17 (0-14 Closed Loans/Month),MeridianLink Mortgage Test (Beta) Environment Resync from Production Tier 17 (0-14 Closed Loans/Month),MeridianLink Mortgage Test (Beta) Environment Resync from Production Tier 17 (0-14 Closed Loans/Month),MeridianLink Mortgage Test (Beta) Environment Resync from Production Tier 17 (0-14 Closed Loans/Month),MeridianLink Mortgage Test (Beta) Environment Resync from Production Tier 17 (0-14 Closed Loans/Month),MeridianLink Mortgage Test (Beta) Environment Resync from Production Tier 17 (0-14 Closed Loans/Month),MeridianLink Mortgage Test (Beta) Environment Resync from Production Tier 17 (0-14 Closed Loans/Month),MeridianLink Mortgage Test (Beta) Environment Resync from Production Tier 17 (0-14 Closed Loans/Month),MeridianLink Mortgage Test (Beta) Environment Resync from Production Tier 17 (0-14 Closed Loans/Month),MeridianLink Mortgage Test (Beta) Environment Resync from Production Tier 17 (0-14 Closed Loans/Month),MeridianLink Mortgage Test (Beta) Environment Resync from Production Tier 17 (0-14 Closed Loans/Month),MeridianLink Mortgage Test (Beta) Environment Resync from Production Tier 17 (0-14 Closed Loans/Month),MeridianLink Mortgage Test (Beta) Environment Resync from Production Tier 17 (0-14 Closed Loans/Month),MeridianLink Mortgage Test (Beta) Environment Resync from Production Tier 17 (0-14 Closed Loans/Month),MeridianLink Mortgage Test (Beta) Environment Resync from Production Tier 17 (0-14 Closed Loans/Month),MeridianLink Mortgage Test (Beta) Environment Resync from Production Tier 17 (0-14 Closed Loans/Month),MeridianLink Mortgage Test (Beta) Environment Resync from Production Tier 17 (0-14 Closed Loans/Month)
MeridianLink Mortgage LOS Tier 01 (1200+ Closed Loans/Mon) with 2 implementations,MeridianLink Mortgage,,MeridianLink Mortgage Test (Beta) Environment Tier 01 (1200+ Closed Loans/Month),MeridianLink Mortgage,,,,,,MeridianLink Mortgage Test (Beta) Environment Tier 01 (1200+ Closed Loans/Month),MeridianLink Mortgage Test (Beta) Environment Tier 01 (1200+ Closed Loans/Month),MeridianLink Mortgage Test (Beta) Environment Tier 01 (1200+ Closed Loans/Month),MeridianLink Mortgage Test (Beta) Environment Tier 01 (1200+ Closed Loans/Month),MeridianLink Mortgage Test (Beta) Environment Tier 01 (1200+ Closed Loans/Month),MeridianLink Mortgage Test (Beta) Environment Tier 01 (1200+ Closed Loans/Month),MeridianLink Mortgage Test (Beta) Environment Tier 01 (1200+ Closed Loans/Month),MeridianLink Mortgage Test (Beta) Environment Tier 01 (1200+ Closed Loans/Month),MeridianLink Mortgage Test (Beta) Environment Tier 01 (1200+ Closed Loans/Month),MeridianLink Mortgage Test (Beta) Environment Tier 01 (1200+ Closed Loans/Month),MeridianLink Mortgage Test (Beta) Environment Tier 01 (1200+ Closed Loans/Month),MeridianLink Mortgage Test (Beta) Environment Tier 01 (1200+ Closed Loans/Month),MeridianLink Mortgage Test (Beta) Environment Tier 01 (1200+ Closed Loans/Month),MeridianLink Mortgage Test (Beta) Environment Tier 01 (1200+ Closed Loans/Month),MeridianLink Mortgage Test (Beta) Environment Tier 01 (1200+ Closed Loans/Month),MeridianLink Mortgage Test (Beta) Environment Tier 01 (1200+ Closed Loans/Month),MeridianLink Mortgage Test (Beta) Environment Tier 01 (1200+ Closed Loans/Month),MeridianLink Mortgage Test (Beta) Environment Tier 01 (1200+ Closed Loans/Month),MeridianLink Mortgage Test (Beta) Environment Tier 01 (1200+ Closed Loans/Month),MeridianLink Mortgage Test (Beta) Environment Tier 01 (1200+ Closed Loans/Month),MeridianLink Mortgage Test (Beta) Environment Tier 01 (1200+ Closed Loans/Month),MeridianLink Mortgage Test (Beta) Environment Tier 01 (1200+ Closed Loans/Month),MeridianLink Mortgage Test (Beta) Environment Tier 01 (1200+ Closed Loans/Month),MeridianLink Mortgage Test (Beta) Environment Tier 01 (1200+ Closed Loans/Month),MeridianLink Mortgage Test (Beta) Environment Tier 01 (1200+ Closed Loans/Month),MeridianLink Mortgage Test (Beta) Environment Tier 01 (1200+ Closed Loans/Month),MeridianLink Mortgage Test (Beta) Environment Tier 01 (1200+ Closed Loans/Month),MeridianLink Mortgage Test (Beta) Environment Tier 01 (1200+ Closed Loans/Month),MeridianLink Mortgage Test (Beta) Environment Tier 01 (1200+ Closed Loans/Month),MeridianLink Mortgage Test (Beta) Environment Tier 01 (1200+ Closed Loans/Month),MeridianLink Mortgage Test (Beta) Environment Tier 01 (1200+ Closed Loans/Month),MeridianLink Mortgage Test (Beta) Environment Tier 01 (1200+ Closed Loans/Month),MeridianLink Mortgage Test (Beta) Environment Tier 01 (1200+ Closed Loans/Month),MeridianLink Mortgage Test (Beta) Environment Tier 01 (1200+ Closed Loans/Month)
MeridianLink Mortgage LOS Tier 01 (1200+ Closed Loans/Mon) with 3 implementations,MeridianLink Mortgage,,MeridianLink Mortgage Test (Beta) Environment Tier 02 (900-1199 Closed Loans/Month),MeridianLink Mortgage,,,,,,MeridianLink Mortgage Test (Beta) Environment Tier 02 (900-1199 Closed Loans/Month),MeridianLink Mortgage Test (Beta) Environment Tier 02 (900-1199 Closed Loans/Month),MeridianLink Mortgage Test (Beta) Environment Tier 02 (900-1199 Closed Loans/Month),MeridianLink Mortgage Test (Beta) Environment Tier 02 (900-1199 Closed Loans/Month),MeridianLink Mortgage Test (Beta) Environment Tier 02 (900-1199 Closed Loans/Month),MeridianLink Mortgage Test (Beta) Environment Tier 02 (900-1199 Closed Loans/Month),MeridianLink Mortgage Test (Beta) Environment Tier 02 (900-1199 Closed Loans/Month),MeridianLink Mortgage Test (Beta) Environment Tier 02 (900-1199 Closed Loans/Month),MeridianLink Mortgage Test (Beta) Environment Tier 02 (900-1199 Closed Loans/Month),MeridianLink Mortgage Test (Beta) Environment Tier 02 (900-1199 Closed Loans/Month),MeridianLink Mortgage Test (Beta) Environment Tier 02 (900-1199 Closed Loans/Month),MeridianLink Mortgage Test (Beta) Environment Tier 02 (900-1199 Closed Loans/Month),MeridianLink Mortgage Test (Beta) Environment Tier 02 (900-1199 Closed Loans/Month),MeridianLink Mortgage Test (Beta) Environment Tier 02 (900-1199 Closed Loans/Month),MeridianLink Mortgage Test (Beta) Environment Tier 02 (900-1199 Closed Loans/Month),MeridianLink Mortgage Test (Beta) Environment Tier 02 (900-1199 Closed Loans/Month),MeridianLink Mortgage Test (Beta) Environment Tier 02 (900-1199 Closed Loans/Month),MeridianLink Mortgage Test (Beta) Environment Tier 02 (900-1199 Closed Loans/Month),MeridianLink Mortgage Test (Beta) Environment Tier 02 (900-1199 Closed Loans/Month),MeridianLink Mortgage Test (Beta) Environment Tier 02 (900-1199 Closed Loans/Month),MeridianLink Mortgage Test (Beta) Environment Tier 02 (900-1199 Closed Loans/Month),MeridianLink Mortgage Test (Beta) Environment Tier 02 (900-1199 Closed Loans/Month),MeridianLink Mortgage Test (Beta) Environment Tier 02 (900-1199 Closed Loans/Month),MeridianLink Mortgage Test (Beta) Environment Tier 02 (900-1199 Closed Loans/Month),MeridianLink Mortgage Test (Beta) Environment Tier 02 (900-1199 Closed Loans/Month),MeridianLink Mortgage Test (Beta) Environment Tier 02 (900-1199 Closed Loans/Month),MeridianLink Mortgage Test (Beta) Environment Tier 02 (900-1199 Closed Loans/Month),MeridianLink Mortgage Test (Beta) Environment Tier 02 (900-1199 Closed Loans/Month),MeridianLink Mortgage Test (Beta) Environment Tier 02 (900-1199 Closed Loans/Month),MeridianLink Mortgage Test (Beta) Environment Tier 02 (900-1199 Closed Loans/Month),MeridianLink Mortgage Test (Beta) Environment Tier 02 (900-1199 Closed Loans/Month),MeridianLink Mortgage Test (Beta) Environment Tier 02 (900-1199 Closed Loans/Month),MeridianLink Mortgage Test (Beta) Environment Tier 02 (900-1199 Closed Loans/Month),MeridianLink Mortgage Test (Beta) Environment Tier 02 (900-1199 Closed Loans/Month)
MeridianLink Mortgage LOS Tier 02 (900-1199 Closed Loans/Mon) no implementation,MeridianLink Mortgage,,MeridianLink Mortgage Test (Beta) Environment Tier 03 (675-899 Closed Loans/Month),MeridianLink Mortgage,,,,,,MeridianLink Mortgage Test (Beta) Environment Tier 03 (675-899 Closed Loans/Month),MeridianLink Mortgage Test (Beta) Environment Tier 03 (675-899 Closed Loans/Month),MeridianLink Mortgage Test (Beta) Environment Tier 03 (675-899 Closed Loans/Month),MeridianLink Mortgage Test (Beta) Environment Tier 03 (675-899 Closed Loans/Month),MeridianLink Mortgage Test (Beta) Environment Tier 03 (675-899 Closed Loans/Month),MeridianLink Mortgage Test (Beta) Environment Tier 03 (675-899 Closed Loans/Month),MeridianLink Mortgage Test (Beta) Environment Tier 03 (675-899 Closed Loans/Month),MeridianLink Mortgage Test (Beta) Environment Tier 03 (675-899 Closed Loans/Month),MeridianLink Mortgage Test (Beta) Environment Tier 03 (675-899 Closed Loans/Month),MeridianLink Mortgage Test (Beta) Environment Tier 03 (675-899 Closed Loans/Month),MeridianLink Mortgage Test (Beta) Environment Tier 03 (675-899 Closed Loans/Month),MeridianLink Mortgage Test (Beta) Environment Tier 03 (675-899 Closed Loans/Month),MeridianLink Mortgage Test (Beta) Environment Tier 03 (675-899 Closed Loans/Month),MeridianLink Mortgage Test (Beta) Environment Tier 03 (675-899 Closed Loans/Month),MeridianLink Mortgage Test (Beta) Environment Tier 03 (675-899 Closed Loans/Month),MeridianLink Mortgage Test (Beta) Environment Tier 03 (675-899 Closed Loans/Month),MeridianLink Mortgage Test (Beta) Environment Tier 03 (675-899 Closed Loans/Month),MeridianLink Mortgage Test (Beta) Environment Tier 03 (675-899 Closed Loans/Month),MeridianLink Mortgage Test (Beta) Environment Tier 03 (675-899 Closed Loans/Month),MeridianLink Mortgage Test (Beta) Environment Tier 03 (675-899 Closed Loans/Month),MeridianLink Mortgage Test (Beta) Environment Tier 03 (675-899 Closed Loans/Month),MeridianLink Mortgage Test (Beta) Environment Tier 03 (675-899 Closed Loans/Month),MeridianLink Mortgage Test (Beta) Environment Tier 03 (675-899 Closed Loans/Month),MeridianLink Mortgage Test (Beta) Environment Tier 03 (675-899 Closed Loans/Month),MeridianLink Mortgage Test (Beta) Environment Tier 03 (675-899 Closed Loans/Month),MeridianLink Mortgage Test (Beta) Environment Tier 03 (675-899 Closed Loans/Month),MeridianLink Mortgage Test (Beta) Environment Tier 03 (675-899 Closed Loans/Month),MeridianLink Mortgage Test (Beta) Environment Tier 03 (675-899 Closed Loans/Month),MeridianLink Mortgage Test (Beta) Environment Tier 03 (675-899 Closed Loans/Month),MeridianLink Mortgage Test (Beta) Environment Tier 03 (675-899 Closed Loans/Month),MeridianLink Mortgage Test (Beta) Environment Tier 03 (675-899 Closed Loans/Month),MeridianLink Mortgage Test (Beta) Environment Tier 03 (675-899 Closed Loans/Month),MeridianLink Mortgage Test (Beta) Environment Tier 03 (675-899 Closed Loans/Month),MeridianLink Mortgage Test (Beta) Environment Tier 03 (675-899 Closed Loans/Month)
MeridianLink Mortgage LOS Tier 02 (900-1199 Closed Loans/Mon) with 1 implementation,MeridianLink Mortgage,,MeridianLink Mortgage Test (Beta) Environment Tier 04 (525-674 Closed Loans/Month),MeridianLink Mortgage,,,,,,MeridianLink Mortgage Test (Beta) Environment Tier 04 (525-674 Closed Loans/Month),MeridianLink Mortgage Test (Beta) Environment Tier 04 (525-674 Closed Loans/Month),MeridianLink Mortgage Test (Beta) Environment Tier 04 (525-674 Closed Loans/Month),MeridianLink Mortgage Test (Beta) Environment Tier 04 (525-674 Closed Loans/Month),MeridianLink Mortgage Test (Beta) Environment Tier 04 (525-674 Closed Loans/Month),MeridianLink Mortgage Test (Beta) Environment Tier 04 (525-674 Closed Loans/Month),MeridianLink Mortgage Test (Beta) Environment Tier 04 (525-674 Closed Loans/Month),MeridianLink Mortgage Test (Beta) Environment Tier 04 (525-674 Closed Loans/Month),MeridianLink Mortgage Test (Beta) Environment Tier 04 (525-674 Closed Loans/Month),MeridianLink Mortgage Test (Beta) Environment Tier 04 (525-674 Closed Loans/Month),MeridianLink Mortgage Test (Beta) Environment Tier 04 (525-674 Closed Loans/Month),MeridianLink Mortgage Test (Beta) Environment Tier 04 (525-674 Closed Loans/Month),MeridianLink Mortgage Test (Beta) Environment Tier 04 (525-674 Closed Loans/Month),MeridianLink Mortgage Test (Beta) Environment Tier 04 (525-674 Closed Loans/Month),MeridianLink Mortgage Test (Beta) Environment Tier 04 (525-674 Closed Loans/Month),MeridianLink Mortgage Test (Beta) Environment Tier 04 (525-674 Closed Loans/Month),MeridianLink Mortgage Test (Beta) Environment Tier 04 (525-674 Closed Loans/Month),MeridianLink Mortgage Test (Beta) Environment Tier 04 (525-674 Closed Loans/Month),MeridianLink Mortgage Test (Beta) Environment Tier 04 (525-674 Closed Loans/Month),MeridianLink Mortgage Test (Beta) Environment Tier 04 (525-674 Closed Loans/Month),MeridianLink Mortgage Test (Beta) Environment Tier 04 (525-674 Closed Loans/Month),MeridianLink Mortgage Test (Beta) Environment Tier 04 (525-674 Closed Loans/Month),MeridianLink Mortgage Test (Beta) Environment Tier 04 (525-674 Closed Loans/Month),MeridianLink Mortgage Test (Beta) Environment Tier 04 (525-674 Closed Loans/Month),MeridianLink Mortgage Test (Beta) Environment Tier 04 (525-674 Closed Loans/Month),MeridianLink Mortgage Test (Beta) Environment Tier 04 (525-674 Closed Loans/Month),MeridianLink Mortgage Test (Beta) Environment Tier 04 (525-674 Closed Loans/Month),MeridianLink Mortgage Test (Beta) Environment Tier 04 (525-674 Closed Loans/Month),MeridianLink Mortgage Test (Beta) Environment Tier 04 (525-674 Closed Loans/Month),MeridianLink Mortgage Test (Beta) Environment Tier 04 (525-674 Closed Loans/Month),MeridianLink Mortgage Test (Beta) Environment Tier 04 (525-674 Closed Loans/Month),MeridianLink Mortgage Test (Beta) Environment Tier 04 (525-674 Closed Loans/Month),MeridianLink Mortgage Test (Beta) Environment Tier 04 (525-674 Closed Loans/Month),MeridianLink Mortgage Test (Beta) Environment Tier 04 (525-674 Closed Loans/Month)
MeridianLink Mortgage LOS Tier 02 (900-1199 Closed Loans/Mon) with 2 implementations,MeridianLink Mortgage,,MeridianLink Mortgage Test (Beta) Environment Tier 05 (400-524 Closed Loans/Month),MeridianLink Mortgage,,,,,,MeridianLink Mortgage Test (Beta) Environment Tier 05 (400-524 Closed Loans/Month),MeridianLink Mortgage Test (Beta) Environment Tier 05 (400-524 Closed Loans/Month),MeridianLink Mortgage Test (Beta) Environment Tier 05 (400-524 Closed Loans/Month),MeridianLink Mortgage Test (Beta) Environment Tier 05 (400-524 Closed Loans/Month),MeridianLink Mortgage Test (Beta) Environment Tier 05 (400-524 Closed Loans/Month),MeridianLink Mortgage Test (Beta) Environment Tier 05 (400-524 Closed Loans/Month),MeridianLink Mortgage Test (Beta) Environment Tier 05 (400-524 Closed Loans/Month),MeridianLink Mortgage Test (Beta) Environment Tier 05 (400-524 Closed Loans/Month),MeridianLink Mortgage Test (Beta) Environment Tier 05 (400-524 Closed Loans/Month),MeridianLink Mortgage Test (Beta) Environment Tier 05 (400-524 Closed Loans/Month),MeridianLink Mortgage Test (Beta) Environment Tier 05 (400-524 Closed Loans/Month),MeridianLink Mortgage Test (Beta) Environment Tier 05 (400-524 Closed Loans/Month),MeridianLink Mortgage Test (Beta) Environment Tier 05 (400-524 Closed Loans/Month),MeridianLink Mortgage Test (Beta) Environment Tier 05 (400-524 Closed Loans/Month),MeridianLink Mortgage Test (Beta) Environment Tier 05 (400-524 Closed Loans/Month),MeridianLink Mortgage Test (Beta) Environment Tier 05 (400-524 Closed Loans/Month),MeridianLink Mortgage Test (Beta) Environment Tier 05 (400-524 Closed Loans/Month),MeridianLink Mortgage Test (Beta) Environment Tier 05 (400-524 Closed Loans/Month),MeridianLink Mortgage Test (Beta) Environment Tier 05 (400-524 Closed Loans/Month),MeridianLink Mortgage Test (Beta) Environment Tier 05 (400-524 Closed Loans/Month),MeridianLink Mortgage Test (Beta) Environment Tier 05 (400-524 Closed Loans/Month),MeridianLink Mortgage Test (Beta) Environment Tier 05 (400-524 Closed Loans/Month),MeridianLink Mortgage Test (Beta) Environment Tier 05 (400-524 Closed Loans/Month),MeridianLink Mortgage Test (Beta) Environment Tier 05 (400-524 Closed Loans/Month),MeridianLink Mortgage Test (Beta) Environment Tier 05 (400-524 Closed Loans/Month),MeridianLink Mortgage Test (Beta) Environment Tier 05 (400-524 Closed Loans/Month),MeridianLink Mortgage Test (Beta) Environment Tier 05 (400-524 Closed Loans/Month),MeridianLink Mortgage Test (Beta) Environment Tier 05 (400-524 Closed Loans/Month),MeridianLink Mortgage Test (Beta) Environment Tier 05 (400-524 Closed Loans/Month),MeridianLink Mortgage Test (Beta) Environment Tier 05 (400-524 Closed Loans/Month),MeridianLink Mortgage Test (Beta) Environment Tier 05 (400-524 Closed Loans/Month),MeridianLink Mortgage Test (Beta) Environment Tier 05 (400-524 Closed Loans/Month),MeridianLink Mortgage Test (Beta) Environment Tier 05 (400-524 Closed Loans/Month),MeridianLink Mortgage Test (Beta) Environment Tier 05 (400-524 Closed Loans/Month)
MeridianLink Mortgage LOS Tier 02 (900-1199 Closed Loans/Mon) with 3 implementations,MeridianLink Mortgage,,MeridianLink Mortgage Test (Beta) Environment Tier 06 (300-399 Closed Loans/Month),MeridianLink Mortgage,,,,,,MeridianLink Mortgage Test (Beta) Environment Tier 06 (300-399 Closed Loans/Month),MeridianLink Mortgage Test (Beta) Environment Tier 06 (300-399 Closed Loans/Month),MeridianLink Mortgage Test (Beta) Environment Tier 06 (300-399 Closed Loans/Month),MeridianLink Mortgage Test (Beta) Environment Tier 06 (300-399 Closed Loans/Month),MeridianLink Mortgage Test (Beta) Environment Tier 06 (300-399 Closed Loans/Month),MeridianLink Mortgage Test (Beta) Environment Tier 06 (300-399 Closed Loans/Month),MeridianLink Mortgage Test (Beta) Environment Tier 06 (300-399 Closed Loans/Month),MeridianLink Mortgage Test (Beta) Environment Tier 06 (300-399 Closed Loans/Month),MeridianLink Mortgage Test (Beta) Environment Tier 06 (300-399 Closed Loans/Month),MeridianLink Mortgage Test (Beta) Environment Tier 06 (300-399 Closed Loans/Month),MeridianLink Mortgage Test (Beta) Environment Tier 06 (300-399 Closed Loans/Month),MeridianLink Mortgage Test (Beta) Environment Tier 06 (300-399 Closed Loans/Month),MeridianLink Mortgage Test (Beta) Environment Tier 06 (300-399 Closed Loans/Month),MeridianLink Mortgage Test (Beta) Environment Tier 06 (300-399 Closed Loans/Month),MeridianLink Mortgage Test (Beta) Environment Tier 06 (300-399 Closed Loans/Month),MeridianLink Mortgage Test (Beta) Environment Tier 06 (300-399 Closed Loans/Month),MeridianLink Mortgage Test (Beta) Environment Tier 06 (300-399 Closed Loans/Month),MeridianLink Mortgage Test (Beta) Environment Tier 06 (300-399 Closed Loans/Month),MeridianLink Mortgage Test (Beta) Environment Tier 06 (300-399 Closed Loans/Month),MeridianLink Mortgage Test (Beta) Environment Tier 06 (300-399 Closed Loans/Month),MeridianLink Mortgage Test (Beta) Environment Tier 06 (300-399 Closed Loans/Month),MeridianLink Mortgage Test (Beta) Environment Tier 06 (300-399 Closed Loans/Month),MeridianLink Mortgage Test (Beta) Environment Tier 06 (300-399 Closed Loans/Month),MeridianLink Mortgage Test (Beta) Environment Tier 06 (300-399 Closed Loans/Month),MeridianLink Mortgage Test (Beta) Environment Tier 06 (300-399 Closed Loans/Month),MeridianLink Mortgage Test (Beta) Environment Tier 06 (300-399 Closed Loans/Month),MeridianLink Mortgage Test (Beta) Environment Tier 06 (300-399 Closed Loans/Month),MeridianLink Mortgage Test (Beta) Environment Tier 06 (300-399 Closed Loans/Month),MeridianLink Mortgage Test (Beta) Environment Tier 06 (300-399 Closed Loans/Month),MeridianLink Mortgage Test (Beta) Environment Tier 06 (300-399 Closed Loans/Month),MeridianLink Mortgage Test (Beta) Environment Tier 06 (300-399 Closed Loans/Month),MeridianLink Mortgage Test (Beta) Environment Tier 06 (300-399 Closed Loans/Month),MeridianLink Mortgage Test (Beta) Environment Tier 06 (300-399 Closed Loans/Month),MeridianLink Mortgage Test (Beta) Environment Tier 06 (300-399 Closed Loans/Month)
MeridianLink Mortgage LOS Tier 03 (675-899 Closed Loans/Mon) no implementation,MeridianLink Mortgage,,MeridianLink Mortgage Test (Beta) Environment Tier 07 (225-299 Closed Loans/Month),MeridianLink Mortgage,,,,,,MeridianLink Mortgage Test (Beta) Environment Tier 07 (225-299 Closed Loans/Month),MeridianLink Mortgage Test (Beta) Environment Tier 07 (225-299 Closed Loans/Month),MeridianLink Mortgage Test (Beta) Environment Tier 07 (225-299 Closed Loans/Month),MeridianLink Mortgage Test (Beta) Environment Tier 07 (225-299 Closed Loans/Month),MeridianLink Mortgage Test (Beta) Environment Tier 07 (225-299 Closed Loans/Month),MeridianLink Mortgage Test (Beta) Environment Tier 07 (225-299 Closed Loans/Month),MeridianLink Mortgage Test (Beta) Environment Tier 07 (225-299 Closed Loans/Month),MeridianLink Mortgage Test (Beta) Environment Tier 07 (225-299 Closed Loans/Month),MeridianLink Mortgage Test (Beta) Environment Tier 07 (225-299 Closed Loans/Month),MeridianLink Mortgage Test (Beta) Environment Tier 07 (225-299 Closed Loans/Month),MeridianLink Mortgage Test (Beta) Environment Tier 07 (225-299 Closed Loans/Month),MeridianLink Mortgage Test (Beta) Environment Tier 07 (225-299 Closed Loans/Month),MeridianLink Mortgage Test (Beta) Environment Tier 07 (225-299 Closed Loans/Month),MeridianLink Mortgage Test (Beta) Environment Tier 07 (225-299 Closed Loans/Month),MeridianLink Mortgage Test (Beta) Environment Tier 07 (225-299 Closed Loans/Month),MeridianLink Mortgage Test (Beta) Environment Tier 07 (225-299 Closed Loans/Month),MeridianLink Mortgage Test (Beta) Environment Tier 07 (225-299 Closed Loans/Month),MeridianLink Mortgage Test (Beta) Environment Tier 07 (225-299 Closed Loans/Month),MeridianLink Mortgage Test (Beta) Environment Tier 07 (225-299 Closed Loans/Month),MeridianLink Mortgage Test (Beta) Environment Tier 07 (225-299 Closed Loans/Month),MeridianLink Mortgage Test (Beta) Environment Tier 07 (225-299 Closed Loans/Month),MeridianLink Mortgage Test (Beta) Environment Tier 07 (225-299 Closed Loans/Month),MeridianLink Mortgage Test (Beta) Environment Tier 07 (225-299 Closed Loans/Month),MeridianLink Mortgage Test (Beta) Environment Tier 07 (225-299 Closed Loans/Month),MeridianLink Mortgage Test (Beta) Environment Tier 07 (225-299 Closed Loans/Month),MeridianLink Mortgage Test (Beta) Environment Tier 07 (225-299 Closed Loans/Month),MeridianLink Mortgage Test (Beta) Environment Tier 07 (225-299 Closed Loans/Month),MeridianLink Mortgage Test (Beta) Environment Tier 07 (225-299 Closed Loans/Month),MeridianLink Mortgage Test (Beta) Environment Tier 07 (225-299 Closed Loans/Month),MeridianLink Mortgage Test (Beta) Environment Tier 07 (225-299 Closed Loans/Month),MeridianLink Mortgage Test (Beta) Environment Tier 07 (225-299 Closed Loans/Month),MeridianLink Mortgage Test (Beta) Environment Tier 07 (225-299 Closed Loans/Month),MeridianLink Mortgage Test (Beta) Environment Tier 07 (225-299 Closed Loans/Month),MeridianLink Mortgage Test (Beta) Environment Tier 07 (225-299 Closed Loans/Month)
MeridianLink Mortgage LOS Tier 03 (675-899 Closed Loans/Mon) with 1 implementation,MeridianLink Mortgage,,MeridianLink Mortgage Test (Beta) Environment Tier 08 (170-224 Closed Loans/Month),MeridianLink Mortgage,,,,,,MeridianLink Mortgage Test (Beta) Environment Tier 08 (170-224 Closed Loans/Month),MeridianLink Mortgage Test (Beta) Environment Tier 08 (170-224 Closed Loans/Month),MeridianLink Mortgage Test (Beta) Environment Tier 08 (170-224 Closed Loans/Month),MeridianLink Mortgage Test (Beta) Environment Tier 08 (170-224 Closed Loans/Month),MeridianLink Mortgage Test (Beta) Environment Tier 08 (170-224 Closed Loans/Month),MeridianLink Mortgage Test (Beta) Environment Tier 08 (170-224 Closed Loans/Month),MeridianLink Mortgage Test (Beta) Environment Tier 08 (170-224 Closed Loans/Month),MeridianLink Mortgage Test (Beta) Environment Tier 08 (170-224 Closed Loans/Month),MeridianLink Mortgage Test (Beta) Environment Tier 08 (170-224 Closed Loans/Month),MeridianLink Mortgage Test (Beta) Environment Tier 08 (170-224 Closed Loans/Month),MeridianLink Mortgage Test (Beta) Environment Tier 08 (170-224 Closed Loans/Month),MeridianLink Mortgage Test (Beta) Environment Tier 08 (170-224 Closed Loans/Month),MeridianLink Mortgage Test (Beta) Environment Tier 08 (170-224 Closed Loans/Month),MeridianLink Mortgage Test (Beta) Environment Tier 08 (170-224 Closed Loans/Month),MeridianLink Mortgage Test (Beta) Environment Tier 08 (170-224 Closed Loans/Month),MeridianLink Mortgage Test (Beta) Environment Tier 08 (170-224 Closed Loans/Month),MeridianLink Mortgage Test (Beta) Environment Tier 08 (170-224 Closed Loans/Month),MeridianLink Mortgage Test (Beta) Environment Tier 08 (170-224 Closed Loans/Month),MeridianLink Mortgage Test (Beta) Environment Tier 08 (170-224 Closed Loans/Month),MeridianLink Mortgage Test (Beta) Environment Tier 08 (170-224 Closed Loans/Month),MeridianLink Mortgage Test (Beta) Environment Tier 08 (170-224 Closed Loans/Month),MeridianLink Mortgage Test (Beta) Environment Tier 08 (170-224 Closed Loans/Month),MeridianLink Mortgage Test (Beta) Environment Tier 08 (170-224 Closed Loans/Month),MeridianLink Mortgage Test (Beta) Environment Tier 08 (170-224 Closed Loans/Month),MeridianLink Mortgage Test (Beta) Environment Tier 08 (170-224 Closed Loans/Month),MeridianLink Mortgage Test (Beta) Environment Tier 08 (170-224 Closed Loans/Month),MeridianLink Mortgage Test (Beta) Environment Tier 08 (170-224 Closed Loans/Month),MeridianLink Mortgage Test (Beta) Environment Tier 08 (170-224 Closed Loans/Month),MeridianLink Mortgage Test (Beta) Environment Tier 08 (170-224 Closed Loans/Month),MeridianLink Mortgage Test (Beta) Environment Tier 08 (170-224 Closed Loans/Month),MeridianLink Mortgage Test (Beta) Environment Tier 08 (170-224 Closed Loans/Month),MeridianLink Mortgage Test (Beta) Environment Tier 08 (170-224 Closed Loans/Month),MeridianLink Mortgage Test (Beta) Environment Tier 08 (170-224 Closed Loans/Month),MeridianLink Mortgage Test (Beta) Environment Tier 08 (170-224 Closed Loans/Month)
MeridianLink Mortgage LOS Tier 03 (675-899 Closed Loans/Mon) with 2 implementations,MeridianLink Mortgage,,MeridianLink Mortgage Test (Beta) Environment Tier 09 (135-169 Closed Loans/Month),MeridianLink Mortgage,,,,,,MeridianLink Mortgage Test (Beta) Environment Tier 09 (135-169 Closed Loans/Month),MeridianLink Mortgage Test (Beta) Environment Tier 09 (135-169 Closed Loans/Month),MeridianLink Mortgage Test (Beta) Environment Tier 09 (135-169 Closed Loans/Month),MeridianLink Mortgage Test (Beta) Environment Tier 09 (135-169 Closed Loans/Month),MeridianLink Mortgage Test (Beta) Environment Tier 09 (135-169 Closed Loans/Month),MeridianLink Mortgage Test (Beta) Environment Tier 09 (135-169 Closed Loans/Month),MeridianLink Mortgage Test (Beta) Environment Tier 09 (135-169 Closed Loans/Month),MeridianLink Mortgage Test (Beta) Environment Tier 09 (135-169 Closed Loans/Month),MeridianLink Mortgage Test (Beta) Environment Tier 09 (135-169 Closed Loans/Month),MeridianLink Mortgage Test (Beta) Environment Tier 09 (135-169 Closed Loans/Month),MeridianLink Mortgage Test (Beta) Environment Tier 09 (135-169 Closed Loans/Month),MeridianLink Mortgage Test (Beta) Environment Tier 09 (135-169 Closed Loans/Month),MeridianLink Mortgage Test (Beta) Environment Tier 09 (135-169 Closed Loans/Month),MeridianLink Mortgage Test (Beta) Environment Tier 09 (135-169 Closed Loans/Month),MeridianLink Mortgage Test (Beta) Environment Tier 09 (135-169 Closed Loans/Month),MeridianLink Mortgage Test (Beta) Environment Tier 09 (135-169 Closed Loans/Month),MeridianLink Mortgage Test (Beta) Environment Tier 09 (135-169 Closed Loans/Month),MeridianLink Mortgage Test (Beta) Environment Tier 09 (135-169 Closed Loans/Month),MeridianLink Mortgage Test (Beta) Environment Tier 09 (135-169 Closed Loans/Month),MeridianLink Mortgage Test (Beta) Environment Tier 09 (135-169 Closed Loans/Month),MeridianLink Mortgage Test (Beta) Environment Tier 09 (135-169 Closed Loans/Month),MeridianLink Mortgage Test (Beta) Environment Tier 09 (135-169 Closed Loans/Month),MeridianLink Mortgage Test (Beta) Environment Tier 09 (135-169 Closed Loans/Month),MeridianLink Mortgage Test (Beta) Environment Tier 09 (135-169 Closed Loans/Month),MeridianLink Mortgage Test (Beta) Environment Tier 09 (135-169 Closed Loans/Month),MeridianLink Mortgage Test (Beta) Environment Tier 09 (135-169 Closed Loans/Month),MeridianLink Mortgage Test (Beta) Environment Tier 09 (135-169 Closed Loans/Month),MeridianLink Mortgage Test (Beta) Environment Tier 09 (135-169 Closed Loans/Month),MeridianLink Mortgage Test (Beta) Environment Tier 09 (135-169 Closed Loans/Month),MeridianLink Mortgage Test (Beta) Environment Tier 09 (135-169 Closed Loans/Month),MeridianLink Mortgage Test (Beta) Environment Tier 09 (135-169 Closed Loans/Month),MeridianLink Mortgage Test (Beta) Environment Tier 09 (135-169 Closed Loans/Month),MeridianLink Mortgage Test (Beta) Environment Tier 09 (135-169 Closed Loans/Month),MeridianLink Mortgage Test (Beta) Environment Tier 09 (135-169 Closed Loans/Month)
MeridianLink Mortgage LOS Tier 03 (675-899 Closed Loans/Mon) with 3 implementations,MeridianLink Mortgage,,MeridianLink Mortgage Test (Beta) Environment Tier 10 (110-134 Closed Loans/Month),MeridianLink Mortgage,,,,,,MeridianLink Mortgage Test (Beta) Environment Tier 10 (110-134 Closed Loans/Month),MeridianLink Mortgage Test (Beta) Environment Tier 10 (110-134 Closed Loans/Month),MeridianLink Mortgage Test (Beta) Environment Tier 10 (110-134 Closed Loans/Month),MeridianLink Mortgage Test (Beta) Environment Tier 10 (110-134 Closed Loans/Month),MeridianLink Mortgage Test (Beta) Environment Tier 10 (110-134 Closed Loans/Month),MeridianLink Mortgage Test (Beta) Environment Tier 10 (110-134 Closed Loans/Month),MeridianLink Mortgage Test (Beta) Environment Tier 10 (110-134 Closed Loans/Month),MeridianLink Mortgage Test (Beta) Environment Tier 10 (110-134 Closed Loans/Month),MeridianLink Mortgage Test (Beta) Environment Tier 10 (110-134 Closed Loans/Month),MeridianLink Mortgage Test (Beta) Environment Tier 10 (110-134 Closed Loans/Month),MeridianLink Mortgage Test (Beta) Environment Tier 10 (110-134 Closed Loans/Month),MeridianLink Mortgage Test (Beta) Environment Tier 10 (110-134 Closed Loans/Month),MeridianLink Mortgage Test (Beta) Environment Tier 10 (110-134 Closed Loans/Month),MeridianLink Mortgage Test (Beta) Environment Tier 10 (110-134 Closed Loans/Month),MeridianLink Mortgage Test (Beta) Environment Tier 10 (110-134 Closed Loans/Month),MeridianLink Mortgage Test (Beta) Environment Tier 10 (110-134 Closed Loans/Month),MeridianLink Mortgage Test (Beta) Environment Tier 10 (110-134 Closed Loans/Month),MeridianLink Mortgage Test (Beta) Environment Tier 10 (110-134 Closed Loans/Month),MeridianLink Mortgage Test (Beta) Environment Tier 10 (110-134 Closed Loans/Month),MeridianLink Mortgage Test (Beta) Environment Tier 10 (110-134 Closed Loans/Month),MeridianLink Mortgage Test (Beta) Environment Tier 10 (110-134 Closed Loans/Month),MeridianLink Mortgage Test (Beta) Environment Tier 10 (110-134 Closed Loans/Month),MeridianLink Mortgage Test (Beta) Environment Tier 10 (110-134 Closed Loans/Month),MeridianLink Mortgage Test (Beta) Environment Tier 10 (110-134 Closed Loans/Month),MeridianLink Mortgage Test (Beta) Environment Tier 10 (110-134 Closed Loans/Month),MeridianLink Mortgage Test (Beta) Environment Tier 10 (110-134 Closed Loans/Month),MeridianLink Mortgage Test (Beta) Environment Tier 10 (110-134 Closed Loans/Month),MeridianLink Mortgage Test (Beta) Environment Tier 10 (110-134 Closed Loans/Month),MeridianLink Mortgage Test (Beta) Environment Tier 10 (110-134 Closed Loans/Month),MeridianLink Mortgage Test (Beta) Environment Tier 10 (110-134 Closed Loans/Month),MeridianLink Mortgage Test (Beta) Environment Tier 10 (110-134 Closed Loans/Month),MeridianLink Mortgage Test (Beta) Environment Tier 10 (110-134 Closed Loans/Month),MeridianLink Mortgage Test (Beta) Environment Tier 10 (110-134 Closed Loans/Month),MeridianLink Mortgage Test (Beta) Environment Tier 10 (110-134 Closed Loans/Month)
MeridianLink Mortgage LOS Tier 04 (525-674 Closed Loans/Mon) no implementation,MeridianLink Mortgage,,MeridianLink Mortgage Test (Beta) Environment Tier 11 (90-109 Closed Loans/Month),MeridianLink Mortgage,,,,,,MeridianLink Mortgage Test (Beta) Environment Tier 11 (90-109 Closed Loans/Month),MeridianLink Mortgage Test (Beta) Environment Tier 11 (90-109 Closed Loans/Month),MeridianLink Mortgage Test (Beta) Environment Tier 11 (90-109 Closed Loans/Month),MeridianLink Mortgage Test (Beta) Environment Tier 11 (90-109 Closed Loans/Month),MeridianLink Mortgage Test (Beta) Environment Tier 11 (90-109 Closed Loans/Month),MeridianLink Mortgage Test (Beta) Environment Tier 11 (90-109 Closed Loans/Month),MeridianLink Mortgage Test (Beta) Environment Tier 11 (90-109 Closed Loans/Month),MeridianLink Mortgage Test (Beta) Environment Tier 11 (90-109 Closed Loans/Month),MeridianLink Mortgage Test (Beta) Environment Tier 11 (90-109 Closed Loans/Month),MeridianLink Mortgage Test (Beta) Environment Tier 11 (90-109 Closed Loans/Month),MeridianLink Mortgage Test (Beta) Environment Tier 11 (90-109 Closed Loans/Month),MeridianLink Mortgage Test (Beta) Environment Tier 11 (90-109 Closed Loans/Month),MeridianLink Mortgage Test (Beta) Environment Tier 11 (90-109 Closed Loans/Month),MeridianLink Mortgage Test (Beta) Environment Tier 11 (90-109 Closed Loans/Month),MeridianLink Mortgage Test (Beta) Environment Tier 11 (90-109 Closed Loans/Month),MeridianLink Mortgage Test (Beta) Environment Tier 11 (90-109 Closed Loans/Month),MeridianLink Mortgage Test (Beta) Environment Tier 11 (90-109 Closed Loans/Month),MeridianLink Mortgage Test (Beta) Environment Tier 11 (90-109 Closed Loans/Month),MeridianLink Mortgage Test (Beta) Environment Tier 11 (90-109 Closed Loans/Month),MeridianLink Mortgage Test (Beta) Environment Tier 11 (90-109 Closed Loans/Month),MeridianLink Mortgage Test (Beta) Environment Tier 11 (90-109 Closed Loans/Month),MeridianLink Mortgage Test (Beta) Environment Tier 11 (90-109 Closed Loans/Month),MeridianLink Mortgage Test (Beta) Environment Tier 11 (90-109 Closed Loans/Month),MeridianLink Mortgage Test (Beta) Environment Tier 11 (90-109 Closed Loans/Month),MeridianLink Mortgage Test (Beta) Environment Tier 11 (90-109 Closed Loans/Month),MeridianLink Mortgage Test (Beta) Environment Tier 11 (90-109 Closed Loans/Month),MeridianLink Mortgage Test (Beta) Environment Tier 11 (90-109 Closed Loans/Month),MeridianLink Mortgage Test (Beta) Environment Tier 11 (90-109 Closed Loans/Month),MeridianLink Mortgage Test (Beta) Environment Tier 11 (90-109 Closed Loans/Month),MeridianLink Mortgage Test (Beta) Environment Tier 11 (90-109 Closed Loans/Month),MeridianLink Mortgage Test (Beta) Environment Tier 11 (90-109 Closed Loans/Month),MeridianLink Mortgage Test (Beta) Environment Tier 11 (90-109 Closed Loans/Month),MeridianLink Mortgage Test (Beta) Environment Tier 11 (90-109 Closed Loans/Month),MeridianLink Mortgage Test (Beta) Environment Tier 11 (90-109 Closed Loans/Month)
MeridianLink Mortgage LOS Tier 04 (525-674 Closed Loans/Mon) with 1 implementation,MeridianLink Mortgage,,MeridianLink Mortgage Test (Beta) Environment Tier 12 (75-89 Closed Loans/Month),MeridianLink Mortgage,,,,,,MeridianLink Mortgage Test (Beta) Environment Tier 12 (75-89 Closed Loans/Month),MeridianLink Mortgage Test (Beta) Environment Tier 12 (75-89 Closed Loans/Month),MeridianLink Mortgage Test (Beta) Environment Tier 12 (75-89 Closed Loans/Month),MeridianLink Mortgage Test (Beta) Environment Tier 12 (75-89 Closed Loans/Month),MeridianLink Mortgage Test (Beta) Environment Tier 12 (75-89 Closed Loans/Month),MeridianLink Mortgage Test (Beta) Environment Tier 12 (75-89 Closed Loans/Month),MeridianLink Mortgage Test (Beta) Environment Tier 12 (75-89 Closed Loans/Month),MeridianLink Mortgage Test (Beta) Environment Tier 12 (75-89 Closed Loans/Month),MeridianLink Mortgage Test (Beta) Environment Tier 12 (75-89 Closed Loans/Month),MeridianLink Mortgage Test (Beta) Environment Tier 12 (75-89 Closed Loans/Month),MeridianLink Mortgage Test (Beta) Environment Tier 12 (75-89 Closed Loans/Month),MeridianLink Mortgage Test (Beta) Environment Tier 12 (75-89 Closed Loans/Month),MeridianLink Mortgage Test (Beta) Environment Tier 12 (75-89 Closed Loans/Month),MeridianLink Mortgage Test (Beta) Environment Tier 12 (75-89 Closed Loans/Month),MeridianLink Mortgage Test (Beta) Environment Tier 12 (75-89 Closed Loans/Month),MeridianLink Mortgage Test (Beta) Environment Tier 12 (75-89 Closed Loans/Month),MeridianLink Mortgage Test (Beta) Environment Tier 12 (75-89 Closed Loans/Month),MeridianLink Mortgage Test (Beta) Environment Tier 12 (75-89 Closed Loans/Month),MeridianLink Mortgage Test (Beta) Environment Tier 12 (75-89 Closed Loans/Month),MeridianLink Mortgage Test (Beta) Environment Tier 12 (75-89 Closed Loans/Month),MeridianLink Mortgage Test (Beta) Environment Tier 12 (75-89 Closed Loans/Month),MeridianLink Mortgage Test (Beta) Environment Tier 12 (75-89 Closed Loans/Month),MeridianLink Mortgage Test (Beta) Environment Tier 12 (75-89 Closed Loans/Month),MeridianLink Mortgage Test (Beta) Environment Tier 12 (75-89 Closed Loans/Month),MeridianLink Mortgage Test (Beta) Environment Tier 12 (75-89 Closed Loans/Month),MeridianLink Mortgage Test (Beta) Environment Tier 12 (75-89 Closed Loans/Month),MeridianLink Mortgage Test (Beta) Environment Tier 12 (75-89 Closed Loans/Month),MeridianLink Mortgage Test (Beta) Environment Tier 12 (75-89 Closed Loans/Month),MeridianLink Mortgage Test (Beta) Environment Tier 12 (75-89 Closed Loans/Month),MeridianLink Mortgage Test (Beta) Environment Tier 12 (75-89 Closed Loans/Month),MeridianLink Mortgage Test (Beta) Environment Tier 12 (75-89 Closed Loans/Month),MeridianLink Mortgage Test (Beta) Environment Tier 12 (75-89 Closed Loans/Month),MeridianLink Mortgage Test (Beta) Environment Tier 12 (75-89 Closed Loans/Month),MeridianLink Mortgage Test (Beta) Environment Tier 12 (75-89 Closed Loans/Month)
MeridianLink Mortgage LOS Tier 04 (525-674 Closed Loans/Mon) with 2 implementations,MeridianLink Mortgage,,MeridianLink Mortgage Test (Beta) Environment Tier 13 (60-74 Closed Loans/Month),MeridianLink Mortgage,,,,,,MeridianLink Mortgage Test (Beta) Environment Tier 13 (60-74 Closed Loans/Month),MeridianLink Mortgage Test (Beta) Environment Tier 13 (60-74 Closed Loans/Month),MeridianLink Mortgage Test (Beta) Environment Tier 13 (60-74 Closed Loans/Month),MeridianLink Mortgage Test (Beta) Environment Tier 13 (60-74 Closed Loans/Month),MeridianLink Mortgage Test (Beta) Environment Tier 13 (60-74 Closed Loans/Month),MeridianLink Mortgage Test (Beta) Environment Tier 13 (60-74 Closed Loans/Month),MeridianLink Mortgage Test (Beta) Environment Tier 13 (60-74 Closed Loans/Month),MeridianLink Mortgage Test (Beta) Environment Tier 13 (60-74 Closed Loans/Month),MeridianLink Mortgage Test (Beta) Environment Tier 13 (60-74 Closed Loans/Month),MeridianLink Mortgage Test (Beta) Environment Tier 13 (60-74 Closed Loans/Month),MeridianLink Mortgage Test (Beta) Environment Tier 13 (60-74 Closed Loans/Month),MeridianLink Mortgage Test (Beta) Environment Tier 13 (60-74 Closed Loans/Month),MeridianLink Mortgage Test (Beta) Environment Tier 13 (60-74 Closed Loans/Month),MeridianLink Mortgage Test (Beta) Environment Tier 13 (60-74 Closed Loans/Month),MeridianLink Mortgage Test (Beta) Environment Tier 13 (60-74 Closed Loans/Month),MeridianLink Mortgage Test (Beta) Environment Tier 13 (60-74 Closed Loans/Month),MeridianLink Mortgage Test (Beta) Environment Tier 13 (60-74 Closed Loans/Month),MeridianLink Mortgage Test (Beta) Environment Tier 13 (60-74 Closed Loans/Month),MeridianLink Mortgage Test (Beta) Environment Tier 13 (60-74 Closed Loans/Month),MeridianLink Mortgage Test (Beta) Environment Tier 13 (60-74 Closed Loans/Month),MeridianLink Mortgage Test (Beta) Environment Tier 13 (60-74 Closed Loans/Month),MeridianLink Mortgage Test (Beta) Environment Tier 13 (60-74 Closed Loans/Month),MeridianLink Mortgage Test (Beta) Environment Tier 13 (60-74 Closed Loans/Month),MeridianLink Mortgage Test (Beta) Environment Tier 13 (60-74 Closed Loans/Month),MeridianLink Mortgage Test (Beta) Environment Tier 13 (60-74 Closed Loans/Month),MeridianLink Mortgage Test (Beta) Environment Tier 13 (60-74 Closed Loans/Month),MeridianLink Mortgage Test (Beta) Environment Tier 13 (60-74 Closed Loans/Month),MeridianLink Mortgage Test (Beta) Environment Tier 13 (60-74 Closed Loans/Month),MeridianLink Mortgage Test (Beta) Environment Tier 13 (60-74 Closed Loans/Month),MeridianLink Mortgage Test (Beta) Environment Tier 13 (60-74 Closed Loans/Month),MeridianLink Mortgage Test (Beta) Environment Tier 13 (60-74 Closed Loans/Month),MeridianLink Mortgage Test (Beta) Environment Tier 13 (60-74 Closed Loans/Month),MeridianLink Mortgage Test (Beta) Environment Tier 13 (60-74 Closed Loans/Month),MeridianLink Mortgage Test (Beta) Environment Tier 13 (60-74 Closed Loans/Month)
MeridianLink Mortgage LOS Tier 04 (525-674 Closed Loans/Mon) with 3 implementations,MeridianLink Mortgage,,MeridianLink Mortgage Test (Beta) Environment Tier 14 (45-59 Closed Loans/Month),MeridianLink Mortgage,,,,,,MeridianLink Mortgage Test (Beta) Environment Tier 14 (45-59 Closed Loans/Month),MeridianLink Mortgage Test (Beta) Environment Tier 14 (45-59 Closed Loans/Month),MeridianLink Mortgage Test (Beta) Environment Tier 14 (45-59 Closed Loans/Month),MeridianLink Mortgage Test (Beta) Environment Tier 14 (45-59 Closed Loans/Month),MeridianLink Mortgage Test (Beta) Environment Tier 14 (45-59 Closed Loans/Month),MeridianLink Mortgage Test (Beta) Environment Tier 14 (45-59 Closed Loans/Month),MeridianLink Mortgage Test (Beta) Environment Tier 14 (45-59 Closed Loans/Month),MeridianLink Mortgage Test (Beta) Environment Tier 14 (45-59 Closed Loans/Month),MeridianLink Mortgage Test (Beta) Environment Tier 14 (45-59 Closed Loans/Month),MeridianLink Mortgage Test (Beta) Environment Tier 14 (45-59 Closed Loans/Month),MeridianLink Mortgage Test (Beta) Environment Tier 14 (45-59 Closed Loans/Month),MeridianLink Mortgage Test (Beta) Environment Tier 14 (45-59 Closed Loans/Month),MeridianLink Mortgage Test (Beta) Environment Tier 14 (45-59 Closed Loans/Month),MeridianLink Mortgage Test (Beta) Environment Tier 14 (45-59 Closed Loans/Month),MeridianLink Mortgage Test (Beta) Environment Tier 14 (45-59 Closed Loans/Month),MeridianLink Mortgage Test (Beta) Environment Tier 14 (45-59 Closed Loans/Month),MeridianLink Mortgage Test (Beta) Environment Tier 14 (45-59 Closed Loans/Month),MeridianLink Mortgage Test (Beta) Environment Tier 14 (45-59 Closed Loans/Month),MeridianLink Mortgage Test (Beta) Environment Tier 14 (45-59 Closed Loans/Month),MeridianLink Mortgage Test (Beta) Environment Tier 14 (45-59 Closed Loans/Month),MeridianLink Mortgage Test (Beta) Environment Tier 14 (45-59 Closed Loans/Month),MeridianLink Mortgage Test (Beta) Environment Tier 14 (45-59 Closed Loans/Month),MeridianLink Mortgage Test (Beta) Environment Tier 14 (45-59 Closed Loans/Month),MeridianLink Mortgage Test (Beta) Environment Tier 14 (45-59 Closed Loans/Month),MeridianLink Mortgage Test (Beta) Environment Tier 14 (45-59 Closed Loans/Month),MeridianLink Mortgage Test (Beta) Environment Tier 14 (45-59 Closed Loans/Month),MeridianLink Mortgage Test (Beta) Environment Tier 14 (45-59 Closed Loans/Month),MeridianLink Mortgage Test (Beta) Environment Tier 14 (45-59 Closed Loans/Month),MeridianLink Mortgage Test (Beta) Environment Tier 14 (45-59 Closed Loans/Month),MeridianLink Mortgage Test (Beta) Environment Tier 14 (45-59 Closed Loans/Month),MeridianLink Mortgage Test (Beta) Environment Tier 14 (45-59 Closed Loans/Month),MeridianLink Mortgage Test (Beta) Environment Tier 14 (45-59 Closed Loans/Month),MeridianLink Mortgage Test (Beta) Environment Tier 14 (45-59 Closed Loans/Month),MeridianLink Mortgage Test (Beta) Environment Tier 14 (45-59 Closed Loans/Month)
MeridianLink Mortgage LOS Tier 05 (400-524 Closed Loans/Mon) no implementation,MeridianLink Mortgage,,MeridianLink Mortgage Test (Beta) Environment Tier 15 (30-44 Closed Loans/Month),MeridianLink Mortgage,,,,,,MeridianLink Mortgage Test (Beta) Environment Tier 15 (30-44 Closed Loans/Month),MeridianLink Mortgage Test (Beta) Environment Tier 15 (30-44 Closed Loans/Month),MeridianLink Mortgage Test (Beta) Environment Tier 15 (30-44 Closed Loans/Month),MeridianLink Mortgage Test (Beta) Environment Tier 15 (30-44 Closed Loans/Month),MeridianLink Mortgage Test (Beta) Environment Tier 15 (30-44 Closed Loans/Month),MeridianLink Mortgage Test (Beta) Environment Tier 15 (30-44 Closed Loans/Month),MeridianLink Mortgage Test (Beta) Environment Tier 15 (30-44 Closed Loans/Month),MeridianLink Mortgage Test (Beta) Environment Tier 15 (30-44 Closed Loans/Month),MeridianLink Mortgage Test (Beta) Environment Tier 15 (30-44 Closed Loans/Month),MeridianLink Mortgage Test (Beta) Environment Tier 15 (30-44 Closed Loans/Month),MeridianLink Mortgage Test (Beta) Environment Tier 15 (30-44 Closed Loans/Month),MeridianLink Mortgage Test (Beta) Environment Tier 15 (30-44 Closed Loans/Month),MeridianLink Mortgage Test (Beta) Environment Tier 15 (30-44 Closed Loans/Month),MeridianLink Mortgage Test (Beta) Environment Tier 15 (30-44 Closed Loans/Month),MeridianLink Mortgage Test (Beta) Environment Tier 15 (30-44 Closed Loans/Month),MeridianLink Mortgage Test (Beta) Environment Tier 15 (30-44 Closed Loans/Month),MeridianLink Mortgage Test (Beta) Environment Tier 15 (30-44 Closed Loans/Month),MeridianLink Mortgage Test (Beta) Environment Tier 15 (30-44 Closed Loans/Month),MeridianLink Mortgage Test (Beta) Environment Tier 15 (30-44 Closed Loans/Month),MeridianLink Mortgage Test (Beta) Environment Tier 15 (30-44 Closed Loans/Month),MeridianLink Mortgage Test (Beta) Environment Tier 15 (30-44 Closed Loans/Month),MeridianLink Mortgage Test (Beta) Environment Tier 15 (30-44 Closed Loans/Month),MeridianLink Mortgage Test (Beta) Environment Tier 15 (30-44 Closed Loans/Month),MeridianLink Mortgage Test (Beta) Environment Tier 15 (30-44 Closed Loans/Month),MeridianLink Mortgage Test (Beta) Environment Tier 15 (30-44 Closed Loans/Month),MeridianLink Mortgage Test (Beta) Environment Tier 15 (30-44 Closed Loans/Month),MeridianLink Mortgage Test (Beta) Environment Tier 15 (30-44 Closed Loans/Month),MeridianLink Mortgage Test (Beta) Environment Tier 15 (30-44 Closed Loans/Month),MeridianLink Mortgage Test (Beta) Environment Tier 15 (30-44 Closed Loans/Month),MeridianLink Mortgage Test (Beta) Environment Tier 15 (30-44 Closed Loans/Month),MeridianLink Mortgage Test (Beta) Environment Tier 15 (30-44 Closed Loans/Month),MeridianLink Mortgage Test (Beta) Environment Tier 15 (30-44 Closed Loans/Month),MeridianLink Mortgage Test (Beta) Environment Tier 15 (30-44 Closed Loans/Month),MeridianLink Mortgage Test (Beta) Environment Tier 15 (30-44 Closed Loans/Month)
MeridianLink Mortgage LOS Tier 05 (400-524 Closed Loans/Mon) with 1 implementation,MeridianLink Mortgage,,MeridianLink Mortgage Test (Beta) Environment Tier 16 (15-29 Closed Loans/Month),MeridianLink Mortgage,,,,,,MeridianLink Mortgage Test (Beta) Environment Tier 16 (15-29 Closed Loans/Month),MeridianLink Mortgage Test (Beta) Environment Tier 16 (15-29 Closed Loans/Month),MeridianLink Mortgage Test (Beta) Environment Tier 16 (15-29 Closed Loans/Month),MeridianLink Mortgage Test (Beta) Environment Tier 16 (15-29 Closed Loans/Month),MeridianLink Mortgage Test (Beta) Environment Tier 16 (15-29 Closed Loans/Month),MeridianLink Mortgage Test (Beta) Environment Tier 16 (15-29 Closed Loans/Month),MeridianLink Mortgage Test (Beta) Environment Tier 16 (15-29 Closed Loans/Month),MeridianLink Mortgage Test (Beta) Environment Tier 16 (15-29 Closed Loans/Month),MeridianLink Mortgage Test (Beta) Environment Tier 16 (15-29 Closed Loans/Month),MeridianLink Mortgage Test (Beta) Environment Tier 16 (15-29 Closed Loans/Month),MeridianLink Mortgage Test (Beta) Environment Tier 16 (15-29 Closed Loans/Month),MeridianLink Mortgage Test (Beta) Environment Tier 16 (15-29 Closed Loans/Month),MeridianLink Mortgage Test (Beta) Environment Tier 16 (15-29 Closed Loans/Month),MeridianLink Mortgage Test (Beta) Environment Tier 16 (15-29 Closed Loans/Month),MeridianLink Mortgage Test (Beta) Environment Tier 16 (15-29 Closed Loans/Month),MeridianLink Mortgage Test (Beta) Environment Tier 16 (15-29 Closed Loans/Month),MeridianLink Mortgage Test (Beta) Environment Tier 16 (15-29 Closed Loans/Month),MeridianLink Mortgage Test (Beta) Environment Tier 16 (15-29 Closed Loans/Month),MeridianLink Mortgage Test (Beta) Environment Tier 16 (15-29 Closed Loans/Month),MeridianLink Mortgage Test (Beta) Environment Tier 16 (15-29 Closed Loans/Month),MeridianLink Mortgage Test (Beta) Environment Tier 16 (15-29 Closed Loans/Month),MeridianLink Mortgage Test (Beta) Environment Tier 16 (15-29 Closed Loans/Month),MeridianLink Mortgage Test (Beta) Environment Tier 16 (15-29 Closed Loans/Month),MeridianLink Mortgage Test (Beta) Environment Tier 16 (15-29 Closed Loans/Month),MeridianLink Mortgage Test (Beta) Environment Tier 16 (15-29 Closed Loans/Month),MeridianLink Mortgage Test (Beta) Environment Tier 16 (15-29 Closed Loans/Month),MeridianLink Mortgage Test (Beta) Environment Tier 16 (15-29 Closed Loans/Month),MeridianLink Mortgage Test (Beta) Environment Tier 16 (15-29 Closed Loans/Month),MeridianLink Mortgage Test (Beta) Environment Tier 16 (15-29 Closed Loans/Month),MeridianLink Mortgage Test (Beta) Environment Tier 16 (15-29 Closed Loans/Month),MeridianLink Mortgage Test (Beta) Environment Tier 16 (15-29 Closed Loans/Month),MeridianLink Mortgage Test (Beta) Environment Tier 16 (15-29 Closed Loans/Month),MeridianLink Mortgage Test (Beta) Environment Tier 16 (15-29 Closed Loans/Month),MeridianLink Mortgage Test (Beta) Environment Tier 16 (15-29 Closed Loans/Month)
MeridianLink Mortgage LOS Tier 05 (400-524 Closed Loans/Mon) with 2 implementations,MeridianLink Mortgage,,MeridianLink Mortgage Test (Beta) Environment Tier 17 (0-14 Closed Loans/Month),MeridianLink Mortgage,,,,,,MeridianLink Mortgage Test (Beta) Environment Tier 17 (0-14 Closed Loans/Month),MeridianLink Mortgage Test (Beta) Environment Tier 17 (0-14 Closed Loans/Month),MeridianLink Mortgage Test (Beta) Environment Tier 17 (0-14 Closed Loans/Month),MeridianLink Mortgage Test (Beta) Environment Tier 17 (0-14 Closed Loans/Month),MeridianLink Mortgage Test (Beta) Environment Tier 17 (0-14 Closed Loans/Month),MeridianLink Mortgage Test (Beta) Environment Tier 17 (0-14 Closed Loans/Month),MeridianLink Mortgage Test (Beta) Environment Tier 17 (0-14 Closed Loans/Month),MeridianLink Mortgage Test (Beta) Environment Tier 17 (0-14 Closed Loans/Month),MeridianLink Mortgage Test (Beta) Environment Tier 17 (0-14 Closed Loans/Month),MeridianLink Mortgage Test (Beta) Environment Tier 17 (0-14 Closed Loans/Month),MeridianLink Mortgage Test (Beta) Environment Tier 17 (0-14 Closed Loans/Month),MeridianLink Mortgage Test (Beta) Environment Tier 17 (0-14 Closed Loans/Month),MeridianLink Mortgage Test (Beta) Environment Tier 17 (0-14 Closed Loans/Month),MeridianLink Mortgage Test (Beta) Environment Tier 17 (0-14 Closed Loans/Month),MeridianLink Mortgage Test (Beta) Environment Tier 17 (0-14 Closed Loans/Month),MeridianLink Mortgage Test (Beta) Environment Tier 17 (0-14 Closed Loans/Month),MeridianLink Mortgage Test (Beta) Environment Tier 17 (0-14 Closed Loans/Month),MeridianLink Mortgage Test (Beta) Environment Tier 17 (0-14 Closed Loans/Month),MeridianLink Mortgage Test (Beta) Environment Tier 17 (0-14 Closed Loans/Month),MeridianLink Mortgage Test (Beta) Environment Tier 17 (0-14 Closed Loans/Month),MeridianLink Mortgage Test (Beta) Environment Tier 17 (0-14 Closed Loans/Month),MeridianLink Mortgage Test (Beta) Environment Tier 17 (0-14 Closed Loans/Month),MeridianLink Mortgage Test (Beta) Environment Tier 17 (0-14 Closed Loans/Month),MeridianLink Mortgage Test (Beta) Environment Tier 17 (0-14 Closed Loans/Month),MeridianLink Mortgage Test (Beta) Environment Tier 17 (0-14 Closed Loans/Month),MeridianLink Mortgage Test (Beta) Environment Tier 17 (0-14 Closed Loans/Month),MeridianLink Mortgage Test (Beta) Environment Tier 17 (0-14 Closed Loans/Month),MeridianLink Mortgage Test (Beta) Environment Tier 17 (0-14 Closed Loans/Month),MeridianLink Mortgage Test (Beta) Environment Tier 17 (0-14 Closed Loans/Month),MeridianLink Mortgage Test (Beta) Environment Tier 17 (0-14 Closed Loans/Month),MeridianLink Mortgage Test (Beta) Environment Tier 17 (0-14 Closed Loans/Month),MeridianLink Mortgage Test (Beta) Environment Tier 17 (0-14 Closed Loans/Month),MeridianLink Mortgage Test (Beta) Environment Tier 17 (0-14 Closed Loans/Month),MeridianLink Mortgage Test (Beta) Environment Tier 17 (0-14 Closed Loans/Month)
MeridianLink Mortgage LOS Tier 05 (400-524 Closed Loans/Mon) with 3 implementations,MeridianLink Mortgage,,Mortgage DocDownload,MeridianLink Mortgage,,,,,,Mortgage DocDownload,Mortgage DocDownload,Mortgage DocDownload,Mortgage DocDownload,Mortgage DocDownload,Mortgage DocDownload,Mortgage DocDownload,Mortgage DocDownload,Mortgage DocDownload,Mortgage DocDownload,Mortgage DocDownload,Mortgage DocDownload,Mortgage DocDownload,Mortgage DocDownload,Mortgage DocDownload,Mortgage DocDownload,Mortgage DocDownload,Mortgage DocDownload,Mortgage DocDownload,Mortgage DocDownload,Mortgage DocDownload,Mortgage DocDownload,Mortgage DocDownload,Mortgage DocDownload,Mortgage DocDownload,Mortgage DocDownload,Mortgage DocDownload,Mortgage DocDownload,Mortgage DocDownload,Mortgage DocDownload,Mortgage DocDownload,Mortgage DocDownload,Mortgage DocDownload,Mortgage DocDownload
MeridianLink Mortgage LOS Tier 06 (300-399 Closed Loans/Mon) no implementation,MeridianLink Mortgage,,MortgageSAT,MeridianLink Mortgage,,,,,,MortgageSAT,MortgageSAT,MortgageSAT,MortgageSAT,MortgageSAT,MortgageSAT,MortgageSAT,MortgageSAT,MortgageSAT,MortgageSAT,MortgageSAT,MortgageSAT,MortgageSAT,MortgageSAT,MortgageSAT,MortgageSAT,MortgageSAT,MortgageSAT,MortgageSAT,MortgageSAT,MortgageSAT,MortgageSAT,MortgageSAT,MortgageSAT,MortgageSAT,MortgageSAT,MortgageSAT,MortgageSAT,MortgageSAT,MortgageSAT,MortgageSAT,MortgageSAT,MortgageSAT,MortgageSAT
MeridianLink Mortgage LOS Tier 06 (300-399 Closed Loans/Mon) with 1 implementation,MeridianLink Mortgage,,PriceMyLoan Implementation - Custom Program,MeridianLink Mortgage,,,,,,PriceMyLoan Implementation - Custom Program,PriceMyLoan Implementation - Custom Program,PriceMyLoan Implementation - Custom Program,PriceMyLoan Implementation - Custom Program,PriceMyLoan Implementation - Custom Program,PriceMyLoan Implementation - Custom Program,PriceMyLoan Implementation - Custom Program,PriceMyLoan Implementation - Custom Program,PriceMyLoan Implementation - Custom Program,PriceMyLoan Implementation - Custom Program,PriceMyLoan Implementation - Custom Program,PriceMyLoan Implementation - Custom Program,PriceMyLoan Implementation - Custom Program,PriceMyLoan Implementation - Custom Program,PriceMyLoan Implementation - Custom Program,PriceMyLoan Implementation - Custom Program,PriceMyLoan Implementation - Custom Program,PriceMyLoan Implementation - Custom Program,PriceMyLoan Implementation - Custom Program,PriceMyLoan Implementation - Custom Program,PriceMyLoan Implementation - Custom Program,PriceMyLoan Implementation - Custom Program,PriceMyLoan Implementation - Custom Program,PriceMyLoan Implementation - Custom Program,PriceMyLoan Implementation - Custom Program,PriceMyLoan Implementation - Custom Program,PriceMyLoan Implementation - Custom Program,PriceMyLoan Implementation - Custom Program,PriceMyLoan Implementation - Custom Program,PriceMyLoan Implementation - Custom Program,PriceMyLoan Implementation - Custom Program,PriceMyLoan Implementation - Custom Program,PriceMyLoan Implementation - Custom Program,PriceMyLoan Implementation - Custom Program
MeridianLink Mortgage LOS Tier 06 (300-399 Closed Loans/Mon) with 2 implementations,MeridianLink Mortgage,,PriceMyLoan Service Package - Basic (ML Mortgage),MeridianLink Mortgage,,,,,,PriceMyLoan Service Package - Basic (ML Mortgage),PriceMyLoan Service Package - Basic (ML Mortgage),PriceMyLoan Service Package - Basic (ML Mortgage),PriceMyLoan Service Package - Basic (ML Mortgage),PriceMyLoan Service Package - Basic (ML Mortgage),PriceMyLoan Service Package - Basic (ML Mortgage),PriceMyLoan Service Package - Basic (ML Mortgage),PriceMyLoan Service Package - Basic (ML Mortgage),PriceMyLoan Service Package - Basic (ML Mortgage),PriceMyLoan Service Package - Basic (ML Mortgage),PriceMyLoan Service Package - Basic (ML Mortgage),PriceMyLoan Service Package - Basic (ML Mortgage),PriceMyLoan Service Package - Basic (ML Mortgage),PriceMyLoan Service Package - Basic (ML Mortgage),PriceMyLoan Service Package - Basic (ML Mortgage),PriceMyLoan Service Package - Basic (ML Mortgage),PriceMyLoan Service Package - Basic (ML Mortgage),PriceMyLoan Service Package - Basic (ML Mortgage),PriceMyLoan Service Package - Basic (ML Mortgage),PriceMyLoan Service Package - Basic (ML Mortgage),PriceMyLoan Service Package - Basic (ML Mortgage),PriceMyLoan Service Package - Basic (ML Mortgage),PriceMyLoan Service Package - Basic (ML Mortgage),PriceMyLoan Service Package - Basic (ML Mortgage),PriceMyLoan Service Package - Basic (ML Mortgage),PriceMyLoan Service Package - Basic (ML Mortgage),PriceMyLoan Service Package - Basic (ML Mortgage),PriceMyLoan Service Package - Basic (ML Mortgage),PriceMyLoan Service Package - Basic (ML Mortgage),PriceMyLoan Service Package - Basic (ML Mortgage),PriceMyLoan Service Package - Basic (ML Mortgage),PriceMyLoan Service Package - Basic (ML Mortgage),PriceMyLoan Service Package - Basic (ML Mortgage),PriceMyLoan Service Package - Basic (ML Mortgage)
MeridianLink Mortgage LOS Tier 06 (300-399 Closed Loans/Mon) with 3 implementations,MeridianLink Mortgage,,PriceMyLoan Service Package - Plus (ML Mortgage),MeridianLink Mortgage,,,,,,PriceMyLoan Service Package - Plus (ML Mortgage),PriceMyLoan Service Package - Plus (ML Mortgage),PriceMyLoan Service Package - Plus (ML Mortgage),PriceMyLoan Service Package - Plus (ML Mortgage),PriceMyLoan Service Package - Plus (ML Mortgage),PriceMyLoan Service Package - Plus (ML Mortgage),PriceMyLoan Service Package - Plus (ML Mortgage),PriceMyLoan Service Package - Plus (ML Mortgage),PriceMyLoan Service Package - Plus (ML Mortgage),PriceMyLoan Service Package - Plus (ML Mortgage),PriceMyLoan Service Package - Plus (ML Mortgage),PriceMyLoan Service Package - Plus (ML Mortgage),PriceMyLoan Service Package - Plus (ML Mortgage),PriceMyLoan Service Package - Plus (ML Mortgage),PriceMyLoan Service Package - Plus (ML Mortgage),PriceMyLoan Service Package - Plus (ML Mortgage),PriceMyLoan Service Package - Plus (ML Mortgage),PriceMyLoan Service Package - Plus (ML Mortgage),PriceMyLoan Service Package - Plus (ML Mortgage),PriceMyLoan Service Package - Plus (ML Mortgage),PriceMyLoan Service Package - Plus (ML Mortgage),PriceMyLoan Service Package - Plus (ML Mortgage),PriceMyLoan Service Package - Plus (ML Mortgage),PriceMyLoan Service Package - Plus (ML Mortgage),PriceMyLoan Service Package - Plus (ML Mortgage),PriceMyLoan Service Package - Plus (ML Mortgage),PriceMyLoan Service Package - Plus (ML Mortgage),PriceMyLoan Service Package - Plus (ML Mortgage),PriceMyLoan Service Package - Plus (ML Mortgage),PriceMyLoan Service Package - Plus (ML Mortgage),PriceMyLoan Service Package - Plus (ML Mortgage),PriceMyLoan Service Package - Plus (ML Mortgage),PriceMyLoan Service Package - Plus (ML Mortgage),PriceMyLoan Service Package - Plus (ML Mortgage)
MeridianLink Mortgage LOS Tier 07 (225-299 Closed Loans/Mon) no implementation,MeridianLink Mortgage,,PriceMyLoan Service Package - Premium (ML Mortgage),MeridianLink Mortgage,,,,,,PriceMyLoan Service Package - Premium (ML Mortgage),PriceMyLoan Service Package - Premium (ML Mortgage),PriceMyLoan Service Package - Premium (ML Mortgage),PriceMyLoan Service Package - Premium (ML Mortgage),PriceMyLoan Service Package - Premium (ML Mortgage),PriceMyLoan Service Package - Premium (ML Mortgage),PriceMyLoan Service Package - Premium (ML Mortgage),PriceMyLoan Service Package - Premium (ML Mortgage),PriceMyLoan Service Package - Premium (ML Mortgage),PriceMyLoan Service Package - Premium (ML Mortgage),PriceMyLoan Service Package - Premium (ML Mortgage),PriceMyLoan Service Package - Premium (ML Mortgage),PriceMyLoan Service Package - Premium (ML Mortgage),PriceMyLoan Service Package - Premium (ML Mortgage),PriceMyLoan Service Package - Premium (ML Mortgage),PriceMyLoan Service Package - Premium (ML Mortgage),PriceMyLoan Service Package - Premium (ML Mortgage),PriceMyLoan Service Package - Premium (ML Mortgage),PriceMyLoan Service Package - Premium (ML Mortgage),PriceMyLoan Service Package - Premium (ML Mortgage),PriceMyLoan Service Package - Premium (ML Mortgage),PriceMyLoan Service Package - Premium (ML Mortgage),PriceMyLoan Service Package - Premium (ML Mortgage),PriceMyLoan Service Package - Premium (ML Mortgage),PriceMyLoan Service Package - Premium (ML Mortgage),PriceMyLoan Service Package - Premium (ML Mortgage),PriceMyLoan Service Package - Premium (ML Mortgage),PriceMyLoan Service Package - Premium (ML Mortgage),PriceMyLoan Service Package - Premium (ML Mortgage),PriceMyLoan Service Package - Premium (ML Mortgage),PriceMyLoan Service Package - Premium (ML Mortgage),PriceMyLoan Service Package - Premium (ML Mortgage),PriceMyLoan Service Package - Premium (ML Mortgage),PriceMyLoan Service Package - Premium (ML Mortgage)
MeridianLink Mortgage LOS Tier 07 (225-299 Closed Loans/Mon) with 1 implementation,MeridianLink Mortgage,,PriceMyLoan Service Package - Standard (ML Mortgage),MeridianLink Mortgage,,,,,,PriceMyLoan Service Package - Standard (ML Mortgage),PriceMyLoan Service Package - Standard (ML Mortgage),PriceMyLoan Service Package - Standard (ML Mortgage),PriceMyLoan Service Package - Standard (ML Mortgage),PriceMyLoan Service Package - Standard (ML Mortgage),PriceMyLoan Service Package - Standard (ML Mortgage),PriceMyLoan Service Package - Standard (ML Mortgage),PriceMyLoan Service Package - Standard (ML Mortgage),PriceMyLoan Service Package - Standard (ML Mortgage),PriceMyLoan Service Package - Standard (ML Mortgage),PriceMyLoan Service Package - Standard (ML Mortgage),PriceMyLoan Service Package - Standard (ML Mortgage),PriceMyLoan Service Package - Standard (ML Mortgage),PriceMyLoan Service Package - Standard (ML Mortgage),PriceMyLoan Service Package - Standard (ML Mortgage),PriceMyLoan Service Package - Standard (ML Mortgage),PriceMyLoan Service Package - Standard (ML Mortgage),PriceMyLoan Service Package - Standard (ML Mortgage),PriceMyLoan Service Package - Standard (ML Mortgage),PriceMyLoan Service Package - Standard (ML Mortgage),PriceMyLoan Service Package - Standard (ML Mortgage),PriceMyLoan Service Package - Standard (ML Mortgage),PriceMyLoan Service Package - Standard (ML Mortgage),PriceMyLoan Service Package - Standard (ML Mortgage),PriceMyLoan Service Package - Standard (ML Mortgage),PriceMyLoan Service Package - Standard (ML Mortgage),PriceMyLoan Service Package - Standard (ML Mortgage),PriceMyLoan Service Package - Standard (ML Mortgage),PriceMyLoan Service Package - Standard (ML Mortgage),PriceMyLoan Service Package - Standard (ML Mortgage),PriceMyLoan Service Package - Standard (ML Mortgage),PriceMyLoan Service Package - Standard (ML Mortgage),PriceMyLoan Service Package - Standard (ML Mortgage),PriceMyLoan Service Package - Standard (ML Mortgage)
MeridianLink Mortgage LOS Tier 07 (225-299 Closed Loans/Mon) with 2 implementations,MeridianLink Mortgage,,Professional Services Subscription : Monthly (Mortgage),MeridianLink Mortgage,,,,,,Professional Services Subscription : Monthly (Mortgage),Professional Services Subscription : Monthly (Mortgage),Professional Services Subscription : Monthly (Mortgage),Professional Services Subscription : Monthly (Mortgage),Professional Services Subscription : Monthly (Mortgage),Professional Services Subscription : Monthly (Mortgage),Professional Services Subscription : Monthly (Mortgage),Professional Services Subscription : Monthly (Mortgage),Professional Services Subscription : Monthly (Mortgage),Professional Services Subscription : Monthly (Mortgage),Professional Services Subscription : Monthly (Mortgage),Professional Services Subscription : Monthly (Mortgage),Professional Services Subscription : Monthly (Mortgage),Professional Services Subscription : Monthly (Mortgage),Professional Services Subscription : Monthly (Mortgage),Professional Services Subscription : Monthly (Mortgage),Professional Services Subscription : Monthly (Mortgage),Professional Services Subscription : Monthly (Mortgage),Professional Services Subscription : Monthly (Mortgage),Professional Services Subscription : Monthly (Mortgage),Professional Services Subscription : Monthly (Mortgage),Professional Services Subscription : Monthly (Mortgage),Professional Services Subscription : Monthly (Mortgage),Professional Services Subscription : Monthly (Mortgage),Professional Services Subscription : Monthly (Mortgage),Professional Services Subscription : Monthly (Mortgage),Professional Services Subscription : Monthly (Mortgage),Professional Services Subscription : Monthly (Mortgage),Professional Services Subscription : Monthly (Mortgage),Professional Services Subscription : Monthly (Mortgage),Professional Services Subscription : Monthly (Mortgage),Professional Services Subscription : Monthly (Mortgage),Professional Services Subscription : Monthly (Mortgage),Professional Services Subscription : Monthly (Mortgage)
MeridianLink Mortgage LOS Tier 07 (225-299 Closed Loans/Mon) with 3 implementations,MeridianLink Mortgage,,SQL Transmission Service (one extract/day after hours),MeridianLink Mortgage,,,,,,SQL Transmission Service (one extract/day after hours),SQL Transmission Service (one extract/day after hours),SQL Transmission Service (one extract/day after hours),SQL Transmission Service (one extract/day after hours),SQL Transmission Service (one extract/day after hours),SQL Transmission Service (one extract/day after hours),SQL Transmission Service (one extract/day after hours),SQL Transmission Service (one extract/day after hours),SQL Transmission Service (one extract/day after hours),SQL Transmission Service (one extract/day after hours),SQL Transmission Service (one extract/day after hours),SQL Transmission Service (one extract/day after hours),SQL Transmission Service (one extract/day after hours),SQL Transmission Service (one extract/day after hours),SQL Transmission Service (one extract/day after hours),SQL Transmission Service (one extract/day after hours),SQL Transmission Service (one extract/day after hours),SQL Transmission Service (one extract/day after hours),SQL Transmission Service (one extract/day after hours),SQL Transmission Service (one extract/day after hours),SQL Transmission Service (one extract/day after hours),SQL Transmission Service (one extract/day after hours),SQL Transmission Service (one extract/day after hours),SQL Transmission Service (one extract/day after hours),SQL Transmission Service (one extract/day after hours),SQL Transmission Service (one extract/day after hours),SQL Transmission Service (one extract/day after hours),SQL Transmission Service (one extract/day after hours),SQL Transmission Service (one extract/day after hours),SQL Transmission Service (one extract/day after hours),SQL Transmission Service (one extract/day after hours),SQL Transmission Service (one extract/day after hours),SQL Transmission Service (one extract/day after hours),SQL Transmission Service (one extract/day after hours)
MeridianLink Mortgage LOS Tier 08 (170-224 Closed Loans/Mon) no implementation,MeridianLink Mortgage,,SQL Transmission Service (one extract/hour including business hours),MeridianLink Mortgage,,,,,,SQL Transmission Service (one extract/hour including business hours),SQL Transmission Service (one extract/hour including business hours),SQL Transmission Service (one extract/hour including business hours),SQL Transmission Service (one extract/hour including business hours),SQL Transmission Service (one extract/hour including business hours),SQL Transmission Service (one extract/hour including business hours),SQL Transmission Service (one extract/hour including business hours),SQL Transmission Service (one extract/hour including business hours),SQL Transmission Service (one extract/hour including business hours),SQL Transmission Service (one extract/hour including business hours),SQL Transmission Service (one extract/hour including business hours),SQL Transmission Service (one extract/hour including business hours),SQL Transmission Service (one extract/hour including business hours),SQL Transmission Service (one extract/hour including business hours),SQL Transmission Service (one extract/hour including business hours),SQL Transmission Service (one extract/hour including business hours),SQL Transmission Service (one extract/hour including business hours),SQL Transmission Service (one extract/hour including business hours),SQL Transmission Service (one extract/hour including business hours),SQL Transmission Service (one extract/hour including business hours),SQL Transmission Service (one extract/hour including business hours),SQL Transmission Service (one extract/hour including business hours),SQL Transmission Service (one extract/hour including business hours),SQL Transmission Service (one extract/hour including business hours),SQL Transmission Service (one extract/hour including business hours),SQL Transmission Service (one extract/hour including business hours),SQL Transmission Service (one extract/hour including business hours),SQL Transmission Service (one extract/hour including business hours),SQL Transmission Service (one extract/hour including business hours),SQL Transmission Service (one extract/hour including business hours),SQL Transmission Service (one extract/hour including business hours),SQL Transmission Service (one extract/hour including business hours),SQL Transmission Service (one extract/hour including business hours),SQL Transmission Service (one extract/hour including business hours)
MeridianLink Mortgage LOS Tier 08 (170-224 Closed Loans/Mon) with 1 implementation,MeridianLink Mortgage,,Spectrum (Summit) (Mortgage),MeridianLink Mortgage,,,,,,Spectrum (Summit) (Mortgage),Spectrum (Summit) (Mortgage),Spectrum (Summit) (Mortgage),Spectrum (Summit) (Mortgage),Spectrum (Summit) (Mortgage),Spectrum (Summit) (Mortgage),Spectrum (Summit) (Mortgage),Spectrum (Summit) (Mortgage),Spectrum (Summit) (Mortgage),Spectrum (Summit) (Mortgage),Spectrum (Summit) (Mortgage),Spectrum (Summit) (Mortgage),Spectrum (Summit) (Mortgage),Spectrum (Summit) (Mortgage),Spectrum (Summit) (Mortgage),Spectrum (Summit) (Mortgage),Spectrum (Summit) (Mortgage),Spectrum (Summit) (Mortgage),Spectrum (Summit) (Mortgage),Spectrum (Summit) (Mortgage),Spectrum (Summit) (Mortgage),Spectrum (Summit) (Mortgage),Spectrum (Summit) (Mortgage),Spectrum (Summit) (Mortgage),Spectrum (Summit) (Mortgage),Spectrum (Summit) (Mortgage),Spectrum (Summit) (Mortgage),Spectrum (Summit) (Mortgage),Spectrum (Summit) (Mortgage),Spectrum (Summit) (Mortgage),Spectrum (Summit) (Mortgage),Spectrum (Summit) (Mortgage),Spectrum (Summit) (Mortgage),Spectrum (Summit) (Mortgage)
MeridianLink Mortgage LOS Tier 08 (170-224 Closed Loans/Mon) with 2 implementations,MeridianLink Mortgage,,Standard Warehouse Extract Service,MeridianLink Mortgage,,,,,,Standard Warehouse Extract Service,Standard Warehouse Extract Service,Standard Warehouse Extract Service,Standard Warehouse Extract Service,Standard Warehouse Extract Service,Standard Warehouse Extract Service,Standard Warehouse Extract Service,Standard Warehouse Extract Service,Standard Warehouse Extract Service,Standard Warehouse Extract Service,Standard Warehouse Extract Service,Standard Warehouse Extract Service,Standard Warehouse Extract Service,Standard Warehouse Extract Service,Standard Warehouse Extract Service,Standard Warehouse Extract Service,Standard Warehouse Extract Service,Standard Warehouse Extract Service,Standard Warehouse Extract Service,Standard Warehouse Extract Service,Standard Warehouse Extract Service,Standard Warehouse Extract Service,Standard Warehouse Extract Service,Standard Warehouse Extract Service,Standard Warehouse Extract Service,Standard Warehouse Extract Service,Standard Warehouse Extract Service,Standard Warehouse Extract Service,Standard Warehouse Extract Service,Standard Warehouse Extract Service,Standard Warehouse Extract Service,Standard Warehouse Extract Service,Standard Warehouse Extract Service,Standard Warehouse Extract Service
MeridianLink Mortgage LOS Tier 08 (170-224 Closed Loans/Mon) with 3 implementations,MeridianLink Mortgage,,Time & Materials (Mortgage),MeridianLink Mortgage,,,,,,Time & Materials (Mortgage),Time & Materials (Mortgage),Time & Materials (Mortgage),Time & Materials (Mortgage),Time & Materials (Mortgage),Time & Materials (Mortgage),Time & Materials (Mortgage),Time & Materials (Mortgage),Time & Materials (Mortgage),Time & Materials (Mortgage),Time & Materials (Mortgage),Time & Materials (Mortgage),Time & Materials (Mortgage),Time & Materials (Mortgage),Time & Materials (Mortgage),Time & Materials (Mortgage),Time & Materials (Mortgage),Time & Materials (Mortgage),Time & Materials (Mortgage),Time & Materials (Mortgage),Time & Materials (Mortgage),Time & Materials (Mortgage),Time & Materials (Mortgage),Time & Materials (Mortgage),Time & Materials (Mortgage),Time & Materials (Mortgage),Time & Materials (Mortgage),Time & Materials (Mortgage),Time & Materials (Mortgage),Time & Materials (Mortgage),Time & Materials (Mortgage),Time & Materials (Mortgage),Time & Materials (Mortgage),Time & Materials (Mortgage)
MeridianLink Mortgage LOS Tier 09 (135-169 Closed Loans/Mon) no implementation,MeridianLink Mortgage,,XP System (XP2) (Mortgage),MeridianLink Mortgage,,,,,,XP System (XP2) (Mortgage),XP System (XP2) (Mortgage),XP System (XP2) (Mortgage),XP System (XP2) (Mortgage),XP System (XP2) (Mortgage),XP System (XP2) (Mortgage),XP System (XP2) (Mortgage),XP System (XP2) (Mortgage),XP System (XP2) (Mortgage),XP System (XP2) (Mortgage),XP System (XP2) (Mortgage),XP System (XP2) (Mortgage),XP System (XP2) (Mortgage),XP System (XP2) (Mortgage),XP System (XP2) (Mortgage),XP System (XP2) (Mortgage),XP System (XP2) (Mortgage),XP System (XP2) (Mortgage),XP System (XP2) (Mortgage),XP System (XP2) (Mortgage),XP System (XP2) (Mortgage),XP System (XP2) (Mortgage),XP System (XP2) (Mortgage),XP System (XP2) (Mortgage),XP System (XP2) (Mortgage),XP System (XP2) (Mortgage),XP System (XP2) (Mortgage),XP System (XP2) (Mortgage),XP System (XP2) (Mortgage),XP System (XP2) (Mortgage),XP System (XP2) (Mortgage),XP System (XP2) (Mortgage),XP System (XP2) (Mortgage),XP System (XP2) (Mortgage)
MeridianLink Mortgage LOS Tier 09 (135-169 Closed Loans/Mon) with 1 implementation,MeridianLink Mortgage,,,,,,,,,,,,,,,,,,,,,,,,,,,,,,,,,,,,,,,,,,
MeridianLink Mortgage LOS Tier 09 (135-169 Closed Loans/Mon) with 2 implementations,MeridianLink Mortgage,,,,,,,,,,,,,,,,,,,,,,,,,,,,,,,,,,,,,,,,,,
MeridianLink Mortgage LOS Tier 09 (135-169 Closed Loans/Mon) with 3 implementations,MeridianLink Mortgage,,,,,,,,,,,,,,,,,,,,,,,,,,,,,,,,,,,,,,,,,,
MeridianLink Mortgage LOS Tier 10 (110-134 Closed Loans/Mon) no implementation,MeridianLink Mortgage,,,,,,,,,,,,,,,,,,,,,,,,,,,,,,,,,,,,,,,,,,
MeridianLink Mortgage LOS Tier 10 (110-134 Closed Loans/Mon) with 1 implementation,MeridianLink Mortgage,,,,,,,,,,,,,,,,,,,,,,,,,,,,,,,,,,,,,,,,,,
MeridianLink Mortgage LOS Tier 10 (110-134 Closed Loans/Mon) with 2 implementations,MeridianLink Mortgage,,,,,,,,,,,,,,,,,,,,,,,,,,,,,,,,,,,,,,,,,,
MeridianLink Mortgage LOS Tier 10 (110-134 Closed Loans/Mon) with 3 implementations,MeridianLink Mortgage,,,,,,,,,,,,,,,,,,,,,,,,,,,,,,,,,,,,,,,,,,
MeridianLink Mortgage LOS Tier 11 (90-109 Closed Loans/Mon) no implementation,MeridianLink Mortgage,,,,,,,,,,,,,,,,,,,,,,,,,,,,,,,,,,,,,,,,,,
MeridianLink Mortgage LOS Tier 11 (90-109 Closed Loans/Mon) with 1 implementation,MeridianLink Mortgage,,,,,,,,,,,,,,,,,,,,,,,,,,,,,,,,,,,,,,,,,,
MeridianLink Mortgage LOS Tier 11 (90-109 Closed Loans/Mon) with 2 implementations,MeridianLink Mortgage,,,,,,,,,,,,,,,,,,,,,,,,,,,,,,,,,,,,,,,,,,
MeridianLink Mortgage LOS Tier 11 (90-109 Closed Loans/Mon) with 3 implementations,MeridianLink Mortgage,,,,,,,,,,,,,,,,,,,,,,,,,,,,,,,,,,,,,,,,,,
MeridianLink Mortgage LOS Tier 12 (75-89 Closed Loans/Mon) no implementation,MeridianLink Mortgage,,,,,,,,,,,,,,,,,,,,,,,,,,,,,,,,,,,,,,,,,,
MeridianLink Mortgage LOS Tier 12 (75-89 Closed Loans/Mon) with 1 implementation,MeridianLink Mortgage,,,,,,,,,,,,,,,,,,,,,,,,,,,,,,,,,,,,,,,,,,
MeridianLink Mortgage LOS Tier 12 (75-89 Closed Loans/Mon) with 2 implementations,MeridianLink Mortgage,,,,,,,,,,,,,,,,,,,,,,,,,,,,,,,,,,,,,,,,,,
MeridianLink Mortgage LOS Tier 12 (75-89 Closed Loans/Mon) with 3 implementations,MeridianLink Mortgage,,,,,,,,,,,,,,,,,,,,,,,,,,,,,,,,,,,,,,,,,,
MeridianLink Mortgage LOS Tier 13 (60-74 Closed Loans/Mon) no implementation,MeridianLink Mortgage,,,,,,,,,,,,,,,,,,,,,,,,,,,,,,,,,,,,,,,,,,
MeridianLink Mortgage LOS Tier 13 (60-74 Closed Loans/Mon) with 1 implementation,MeridianLink Mortgage,,,,,,,,,,,,,,,,,,,,,,,,,,,,,,,,,,,,,,,,,,
MeridianLink Mortgage LOS Tier 13 (60-74 Closed Loans/Mon) with 2 implementations,MeridianLink Mortgage,,,,,,,,,,,,,,,,,,,,,,,,,,,,,,,,,,,,,,,,,,
MeridianLink Mortgage LOS Tier 13 (60-74 Closed Loans/Mon) with 3 implementations,MeridianLink Mortgage,,,,,,,,,,,,,,,,,,,,,,,,,,,,,,,,,,,,,,,,,,
MeridianLink Mortgage LOS Tier 14 (45-59 Closed Loans/Mon) no implementation,MeridianLink Mortgage,,,,,,,,,,,,,,,,,,,,,,,,,,,,,,,,,,,,,,,,,,
MeridianLink Mortgage LOS Tier 14 (45-59 Closed Loans/Mon) with 1 implementation,MeridianLink Mortgage,,,,,,,,,,,,,,,,,,,,,,,,,,,,,,,,,,,,,,,,,,
MeridianLink Mortgage LOS Tier 14 (45-59 Closed Loans/Mon) with 2 implementations,MeridianLink Mortgage,,,,,,,,,,,,,,,,,,,,,,,,,,,,,,,,,,,,,,,,,,
MeridianLink Mortgage LOS Tier 14 (45-59 Closed Loans/Mon) with 3 implementations,MeridianLink Mortgage,,,,,,,,,,,,,,,,,,,,,,,,,,,,,,,,,,,,,,,,,,
MeridianLink Mortgage LOS Tier 15 (30-44 Closed Loans/Mon) no implementation,MeridianLink Mortgage,,,,,,,,,,,,,,,,,,,,,,,,,,,,,,,,,,,,,,,,,,
MeridianLink Mortgage LOS Tier 15 (30-44 Closed Loans/Mon) with 1 implementation,MeridianLink Mortgage,,,,,,,,,,,,,,,,,,,,,,,,,,,,,,,,,,,,,,,,,,
MeridianLink Mortgage LOS Tier 15 (30-44 Closed Loans/Mon) with 2 implementations,MeridianLink Mortgage,,,,,,,,,,,,,,,,,,,,,,,,,,,,,,,,,,,,,,,,,,
MeridianLink Mortgage LOS Tier 15 (30-44 Closed Loans/Mon) with 3 implementations,MeridianLink Mortgage,,,,,,,,,,,,,,,,,,,,,,,,,,,,,,,,,,,,,,,,,,
MeridianLink Mortgage LOS Tier 16 (15-29 Closed Loans/Mon) no implementation,MeridianLink Mortgage,,,,,,,,,,,,,,,,,,,,,,,,,,,,,,,,,,,,,,,,,,
MeridianLink Mortgage LOS Tier 16 (15-29 Closed Loans/Mon) with 1 implementation,MeridianLink Mortgage,,,,,,,,,,,,,,,,,,,,,,,,,,,,,,,,,,,,,,,,,,
MeridianLink Mortgage LOS Tier 16 (15-29 Closed Loans/Mon) with 2 implementations,MeridianLink Mortgage,,,,,,,,,,,,,,,,,,,,,,,,,,,,,,,,,,,,,,,,,,
MeridianLink Mortgage LOS Tier 16 (15-29 Closed Loans/Mon) with 3 implementations,MeridianLink Mortgage,,,,,,,,,,,,,,,,,,,,,,,,,,,,,,,,,,,,,,,,,,
MeridianLink Mortgage LOS Tier 17 (10-14 Closed Loans/Mon) no implementation,MeridianLink Mortgage,,,,,,,,,,,,,,,,,,,,,,,,,,,,,,,,,,,,,,,,,,
MeridianLink Mortgage LOS Tier 17 (10-14 Closed Loans/Mon) with 1 implementation,MeridianLink Mortgage,,,,,,,,,,,,,,,,,,,,,,,,,,,,,,,,,,,,,,,,,,
MeridianLink Mortgage LOS Tier 17 (10-14 Closed Loans/Mon) with 2 implementations,MeridianLink Mortgage,,,,,,,,,,,,,,,,,,,,,,,,,,,,,,,,,,,,,,,,,,
MeridianLink Mortgage LOS Tier 17 (10-14 Closed Loans/Mon) with 3 implementations,MeridianLink Mortgage,,,,,,,,,,,,,,,,,,,,,,,,,,,,,,,,,,,,,,,,,,
MeridianLink Mortgage LOS with DocMagic First Lien Loans Tier 01 (1200+ Closed Loans/Month) with 1 implementation,MeridianLink Mortgage,,,,,,,,,,,,,,,,,,,,,,,,,,,,,,,,,,,,,,,,,,
MeridianLink Mortgage LOS with DocMagic First Lien Loans Tier 01 (1200+ Closed Loans/Month) with 2 implementations,MeridianLink Mortgage,,,,,,,,,,,,,,,,,,,,,,,,,,,,,,,,,,,,,,,,,,
MeridianLink Mortgage LOS with DocMagic First Lien Loans Tier 01 (1200+ Closed Loans/Month) with 3 implementations,MeridianLink Mortgage,,,,,,,,,,,,,,,,,,,,,,,,,,,,,,,,,,,,,,,,,,
MeridianLink Mortgage LOS with DocMagic First Lien Loans Tier 01 (1200+ Closed Loans/Month) with no implementation,MeridianLink Mortgage,,,,,,,,,,,,,,,,,,,,,,,,,,,,,,,,,,,,,,,,,,
MeridianLink Mortgage LOS with DocMagic First Lien Loans Tier 02 (900 - 1199 Closed Loans/Month) with 1 implementation,MeridianLink Mortgage,,,,,,,,,,,,,,,,,,,,,,,,,,,,,,,,,,,,,,,,,,
MeridianLink Mortgage LOS with DocMagic First Lien Loans Tier 02 (900 - 1199 Closed Loans/Month) with 2 implementations,MeridianLink Mortgage,,,,,,,,,,,,,,,,,,,,,,,,,,,,,,,,,,,,,,,,,,
MeridianLink Mortgage LOS with DocMagic First Lien Loans Tier 02 (900 - 1199 Closed Loans/Month) with 3 implementations,MeridianLink Mortgage,,,,,,,,,,,,,,,,,,,,,,,,,,,,,,,,,,,,,,,,,,
MeridianLink Mortgage LOS with DocMagic First Lien Loans Tier 02 (900 - 1199 Closed Loans/Month) with no implementations,MeridianLink Mortgage,,,,,,,,,,,,,,,,,,,,,,,,,,,,,,,,,,,,,,,,,,
MeridianLink Mortgage LOS with DocMagic First Lien Loans Tier 03 (675 - 899 Closed Loans/Month) with 1 implementation,MeridianLink Mortgage,,,,,,,,,,,,,,,,,,,,,,,,,,,,,,,,,,,,,,,,,,
MeridianLink Mortgage LOS with DocMagic First Lien Loans Tier 03 (675 - 899 Closed Loans/Month) with 2 implementations,MeridianLink Mortgage,,,,,,,,,,,,,,,,,,,,,,,,,,,,,,,,,,,,,,,,,,
MeridianLink Mortgage LOS with DocMagic First Lien Loans Tier 03 (675 - 899 Closed Loans/Month) with 3 implementations,MeridianLink Mortgage,,,,,,,,,,,,,,,,,,,,,,,,,,,,,,,,,,,,,,,,,,
MeridianLink Mortgage LOS with DocMagic First Lien Loans Tier 03 (675 - 899 Closed Loans/Month) with no implementations,MeridianLink Mortgage,,,,,,,,,,,,,,,,,,,,,,,,,,,,,,,,,,,,,,,,,,
MeridianLink Mortgage LOS with DocMagic First Lien Loans Tier 04 (525 - 674 Closed Loans/Month) with 1 implementation,MeridianLink Mortgage,,,,,,,,,,,,,,,,,,,,,,,,,,,,,,,,,,,,,,,,,,
MeridianLink Mortgage LOS with DocMagic First Lien Loans Tier 04 (525 - 674 Closed Loans/Month) with 2 implementations,MeridianLink Mortgage,,,,,,,,,,,,,,,,,,,,,,,,,,,,,,,,,,,,,,,,,,
MeridianLink Mortgage LOS with DocMagic First Lien Loans Tier 04 (525 - 674 Closed Loans/Month) with 3 implementations,MeridianLink Mortgage,,,,,,,,,,,,,,,,,,,,,,,,,,,,,,,,,,,,,,,,,,
MeridianLink Mortgage LOS with DocMagic First Lien Loans Tier 04 (525 - 674 Closed Loans/Month) with no implementations,MeridianLink Mortgage,,,,,,,,,,,,,,,,,,,,,,,,,,,,,,,,,,,,,,,,,,
MeridianLink Mortgage LOS with DocMagic First Lien Loans Tier 05 (400 - 524 Closed Loans/Month) with 1 implementation,MeridianLink Mortgage,,,,,,,,,,,,,,,,,,,,,,,,,,,,,,,,,,,,,,,,,,
MeridianLink Mortgage LOS with DocMagic First Lien Loans Tier 05 (400 - 524 Closed Loans/Month) with 2 implementations,MeridianLink Mortgage,,,,,,,,,,,,,,,,,,,,,,,,,,,,,,,,,,,,,,,,,,
MeridianLink Mortgage LOS with DocMagic First Lien Loans Tier 05 (400 - 524 Closed Loans/Month) with 3 implementations,MeridianLink Mortgage,,,,,,,,,,,,,,,,,,,,,,,,,,,,,,,,,,,,,,,,,,
MeridianLink Mortgage LOS with DocMagic First Lien Loans Tier 05 (400 - 524 Closed Loans/Month) with no implementations,MeridianLink Mortgage,,,,,,,,,,,,,,,,,,,,,,,,,,,,,,,,,,,,,,,,,,
MeridianLink Mortgage LOS with DocMagic First Lien Loans Tier 06 (300 - 399 Closed Loans/Month) with 1 implementation,MeridianLink Mortgage,,,,,,,,,,,,,,,,,,,,,,,,,,,,,,,,,,,,,,,,,,
MeridianLink Mortgage LOS with DocMagic First Lien Loans Tier 06 (300 - 399 Closed Loans/Month) with 2 implentations,MeridianLink Mortgage,,,,,,,,,,,,,,,,,,,,,,,,,,,,,,,,,,,,,,,,,,
MeridianLink Mortgage LOS with DocMagic First Lien Loans Tier 06 (300 - 399 Closed Loans/Month) with 3 implementations,MeridianLink Mortgage,,,,,,,,,,,,,,,,,,,,,,,,,,,,,,,,,,,,,,,,,,
MeridianLink Mortgage LOS with DocMagic First Lien Loans Tier 06 (300 - 399 Closed Loans/Month) with no implementations,MeridianLink Mortgage,,,,,,,,,,,,,,,,,,,,,,,,,,,,,,,,,,,,,,,,,,
MeridianLink Mortgage LOS with DocMagic First Lien Loans Tier 07 (225 - 299 Closed Loans/Month) with 1 implementation,MeridianLink Mortgage,,,,,,,,,,,,,,,,,,,,,,,,,,,,,,,,,,,,,,,,,,
MeridianLink Mortgage LOS with DocMagic First Lien Loans Tier 07 (225 - 299 Closed Loans/Month) with 2 implementations,MeridianLink Mortgage,,,,,,,,,,,,,,,,,,,,,,,,,,,,,,,,,,,,,,,,,,
MeridianLink Mortgage LOS with DocMagic First Lien Loans Tier 07 (225 - 299 Closed Loans/Month) with 3 implementations,MeridianLink Mortgage,,,,,,,,,,,,,,,,,,,,,,,,,,,,,,,,,,,,,,,,,,
MeridianLink Mortgage LOS with DocMagic First Lien Loans Tier 07 (225 - 299 Closed Loans/Month) with no implementations,MeridianLink Mortgage,,,,,,,,,,,,,,,,,,,,,,,,,,,,,,,,,,,,,,,,,,
MeridianLink Mortgage LOS with DocMagic First Lien Loans Tier 08 (170 - 224 Closed Loans/Month) with 1 implementation,MeridianLink Mortgage,,,,,,,,,,,,,,,,,,,,,,,,,,,,,,,,,,,,,,,,,,
MeridianLink Mortgage LOS with DocMagic First Lien Loans Tier 08 (170 - 224 Closed Loans/Month) with 2 implementations,MeridianLink Mortgage,,,,,,,,,,,,,,,,,,,,,,,,,,,,,,,,,,,,,,,,,,
MeridianLink Mortgage LOS with DocMagic First Lien Loans Tier 08 (170 - 224 Closed Loans/Month) with 3 implementations,MeridianLink Mortgage,,,,,,,,,,,,,,,,,,,,,,,,,,,,,,,,,,,,,,,,,,
MeridianLink Mortgage LOS with DocMagic First Lien Loans Tier 08 (170 - 224 Closed Loans/Month) with no implementations,MeridianLink Mortgage,,,,,,,,,,,,,,,,,,,,,,,,,,,,,,,,,,,,,,,,,,
MeridianLink Mortgage LOS with DocMagic First Lien Loans Tier 09 (135 - 169 Closed Loans/Month) with 1 implementation,MeridianLink Mortgage,,,,,,,,,,,,,,,,,,,,,,,,,,,,,,,,,,,,,,,,,,
MeridianLink Mortgage LOS with DocMagic First Lien Loans Tier 09 (135 - 169 Closed Loans/Month) with 2 implementations,MeridianLink Mortgage,,,,,,,,,,,,,,,,,,,,,,,,,,,,,,,,,,,,,,,,,,
MeridianLink Mortgage LOS with DocMagic First Lien Loans Tier 09 (135 - 169 Closed Loans/Month) with 3 implementations,MeridianLink Mortgage,,,,,,,,,,,,,,,,,,,,,,,,,,,,,,,,,,,,,,,,,,
MeridianLink Mortgage LOS with DocMagic First Lien Loans Tier 09 (135 - 169 Closed Loans/Month) with no implementations,MeridianLink Mortgage,,,,,,,,,,,,,,,,,,,,,,,,,,,,,,,,,,,,,,,,,,
MeridianLink Mortgage LOS with DocMagic First Lien Loans Tier 10 (110 - 134 Closed Loans/Month) with 1 implementation,MeridianLink Mortgage,,,,,,,,,,,,,,,,,,,,,,,,,,,,,,,,,,,,,,,,,,
MeridianLink Mortgage LOS with DocMagic First Lien Loans Tier 10 (110 - 134 Closed Loans/Month) with 2 implementations,MeridianLink Mortgage,,,,,,,,,,,,,,,,,,,,,,,,,,,,,,,,,,,,,,,,,,
MeridianLink Mortgage LOS with DocMagic First Lien Loans Tier 10 (110 - 134 Closed Loans/Month) with 3 implementations,MeridianLink Mortgage,,,,,,,,,,,,,,,,,,,,,,,,,,,,,,,,,,,,,,,,,,
MeridianLink Mortgage LOS with DocMagic First Lien Loans Tier 10 (110 - 134 Closed Loans/Month) with no implementations,MeridianLink Mortgage,,,,,,,,,,,,,,,,,,,,,,,,,,,,,,,,,,,,,,,,,,
MeridianLink Mortgage LOS with DocMagic First Lien Loans Tier 11 (90 - 109 Closed Loans/Month) with 1 implementation,MeridianLink Mortgage,,,,,,,,,,,,,,,,,,,,,,,,,,,,,,,,,,,,,,,,,,
MeridianLink Mortgage LOS with DocMagic First Lien Loans Tier 11 (90 - 109 Closed Loans/Month) with 2 implementations,MeridianLink Mortgage,,,,,,,,,,,,,,,,,,,,,,,,,,,,,,,,,,,,,,,,,,
MeridianLink Mortgage LOS with DocMagic First Lien Loans Tier 11 (90 - 109 Closed Loans/Month) with 3 implementations,MeridianLink Mortgage,,,,,,,,,,,,,,,,,,,,,,,,,,,,,,,,,,,,,,,,,,
MeridianLink Mortgage LOS with DocMagic First Lien Loans Tier 11 (90 - 109 Closed Loans/Month) with no implementations,MeridianLink Mortgage,,,,,,,,,,,,,,,,,,,,,,,,,,,,,,,,,,,,,,,,,,
MeridianLink Mortgage LOS with DocMagic First Lien Loans Tier 12 (75 - 89 Closed Loans/Month) with 1 implementation,MeridianLink Mortgage,,,,,,,,,,,,,,,,,,,,,,,,,,,,,,,,,,,,,,,,,,
MeridianLink Mortgage LOS with DocMagic First Lien Loans Tier 12 (75 - 89 Closed Loans/Month) with 2 implementations,MeridianLink Mortgage,,,,,,,,,,,,,,,,,,,,,,,,,,,,,,,,,,,,,,,,,,
MeridianLink Mortgage LOS with DocMagic First Lien Loans Tier 12 (75 - 89 Closed Loans/Month) with 3 implementations,MeridianLink Mortgage,,,,,,,,,,,,,,,,,,,,,,,,,,,,,,,,,,,,,,,,,,
MeridianLink Mortgage LOS with DocMagic First Lien Loans Tier 12 (75 - 89 Closed Loans/Month) with no implementations,MeridianLink Mortgage,,,,,,,,,,,,,,,,,,,,,,,,,,,,,,,,,,,,,,,,,,
MeridianLink Mortgage LOS with DocMagic First Lien Loans Tier 13 (60 - 74 Closed Loans/Month) with 1 implementation,MeridianLink Mortgage,,,,,,,,,,,,,,,,,,,,,,,,,,,,,,,,,,,,,,,,,,
MeridianLink Mortgage LOS with DocMagic First Lien Loans Tier 13 (60 - 74 Closed Loans/Month) with 2 implementations,MeridianLink Mortgage,,,,,,,,,,,,,,,,,,,,,,,,,,,,,,,,,,,,,,,,,,
MeridianLink Mortgage LOS with DocMagic First Lien Loans Tier 13 (60 - 74 Closed Loans/Month) with 3 implementations,MeridianLink Mortgage,,,,,,,,,,,,,,,,,,,,,,,,,,,,,,,,,,,,,,,,,,
MeridianLink Mortgage LOS with DocMagic First Lien Loans Tier 13 (60 - 74 Closed Loans/Month) with no implementations,MeridianLink Mortgage,,,,,,,,,,,,,,,,,,,,,,,,,,,,,,,,,,,,,,,,,,
MeridianLink Mortgage LOS with DocMagic First Lien Loans Tier 14 (45 - 59 Closed Loans/Month) with 1 implementation,MeridianLink Mortgage,,,,,,,,,,,,,,,,,,,,,,,,,,,,,,,,,,,,,,,,,,
MeridianLink Mortgage LOS with DocMagic First Lien Loans Tier 14 (45 - 59 Closed Loans/Month) with 2 implementations,MeridianLink Mortgage,,,,,,,,,,,,,,,,,,,,,,,,,,,,,,,,,,,,,,,,,,
MeridianLink Mortgage LOS with DocMagic First Lien Loans Tier 14 (45 - 59 Closed Loans/Month) with 3 implementations,MeridianLink Mortgage,,,,,,,,,,,,,,,,,,,,,,,,,,,,,,,,,,,,,,,,,,
MeridianLink Mortgage LOS with DocMagic First Lien Loans Tier 14 (45 - 59 Closed Loans/Month) with no implementations,MeridianLink Mortgage,,,,,,,,,,,,,,,,,,,,,,,,,,,,,,,,,,,,,,,,,,
MeridianLink Mortgage LOS with DocMagic First Lien Loans Tier 15 (30 - 44 Closed Loans/Month) with 1 implementation,MeridianLink Mortgage,,,,,,,,,,,,,,,,,,,,,,,,,,,,,,,,,,,,,,,,,,
MeridianLink Mortgage LOS with DocMagic First Lien Loans Tier 15 (30 - 44 Closed Loans/Month) with 2 implementations,MeridianLink Mortgage,,,,,,,,,,,,,,,,,,,,,,,,,,,,,,,,,,,,,,,,,,
MeridianLink Mortgage LOS with DocMagic First Lien Loans Tier 15 (30 - 44 Closed Loans/Month) with 3 implementations,MeridianLink Mortgage,,,,,,,,,,,,,,,,,,,,,,,,,,,,,,,,,,,,,,,,,,
MeridianLink Mortgage LOS with DocMagic First Lien Loans Tier 15 (30 - 44 Closed Loans/Month) with no implementations,MeridianLink Mortgage,,,,,,,,,,,,,,,,,,,,,,,,,,,,,,,,,,,,,,,,,,
MeridianLink Mortgage LOS with DocMagic First Lien Loans Tier 16 (15-29 Closed Loans/Month) with 1 implementation,MeridianLink Mortgage,,,,,,,,,,,,,,,,,,,,,,,,,,,,,,,,,,,,,,,,,,
MeridianLink Mortgage LOS with DocMagic First Lien Loans Tier 16 (15-29 Closed Loans/Month) with 2 implementations,MeridianLink Mortgage,,,,,,,,,,,,,,,,,,,,,,,,,,,,,,,,,,,,,,,,,,
MeridianLink Mortgage LOS with DocMagic First Lien Loans Tier 16 (15-29 Closed Loans/Month) with 3 implementations,MeridianLink Mortgage,,,,,,,,,,,,,,,,,,,,,,,,,,,,,,,,,,,,,,,,,,
MeridianLink Mortgage LOS with DocMagic First Lien Loans Tier 16 (15-29 Closed Loans/Month) with no implementations,MeridianLink Mortgage,,,,,,,,,,,,,,,,,,,,,,,,,,,,,,,,,,,,,,,,,,
MeridianLink Mortgage LOS with DocMagic First Lien Loans Tier 17 (10-14 Closed Loans/Month) with 1 implementation,MeridianLink Mortgage,,,,,,,,,,,,,,,,,,,,,,,,,,,,,,,,,,,,,,,,,,
MeridianLink Mortgage LOS with DocMagic First Lien Loans Tier 17 (10-14 Closed Loans/Month) with 2 implementations,MeridianLink Mortgage,,,,,,,,,,,,,,,,,,,,,,,,,,,,,,,,,,,,,,,,,,
MeridianLink Mortgage LOS with DocMagic First Lien Loans Tier 17 (10-14 Closed Loans/Month) with 3 implementations,MeridianLink Mortgage,,,,,,,,,,,,,,,,,,,,,,,,,,,,,,,,,,,,,,,,,,
MeridianLink Mortgage LOS with DocMagic First Lien Loans Tier 17 (10-14 Closed Loans/Month) with no implementations,MeridianLink Mortgage,,,,,,,,,,,,,,,,,,,,,,,,,,,,,,,,,,,,,,,,,,
MeridianLink Mortgage LOS with DocMagic Subordinate Lien Loans Tier 01 (1200+ Closed Loans/Month),MeridianLink Mortgage,,,,,,,,,,,,,,,,,,,,,,,,,,,,,,,,,,,,,,,,,,
MeridianLink Mortgage LOS with DocMagic Subordinate Lien Loans Tier 02 (900 - 1199 Closed Loans/Month),MeridianLink Mortgage,,,,,,,,,,,,,,,,,,,,,,,,,,,,,,,,,,,,,,,,,,
MeridianLink Mortgage LOS with DocMagic Subordinate Lien Loans Tier 03 (675 - 899 Closed Loans/Month),MeridianLink Mortgage,,,,,,,,,,,,,,,,,,,,,,,,,,,,,,,,,,,,,,,,,,
MeridianLink Mortgage LOS with DocMagic Subordinate Lien Loans Tier 04 (525 - 674 Closed Loans/Month),MeridianLink Mortgage,,,,,,,,,,,,,,,,,,,,,,,,,,,,,,,,,,,,,,,,,,
MeridianLink Mortgage LOS with DocMagic Subordinate Lien Loans Tier 05 (400 - 524 Closed Loans/Month),MeridianLink Mortgage,,,,,,,,,,,,,,,,,,,,,,,,,,,,,,,,,,,,,,,,,,
MeridianLink Mortgage LOS with DocMagic Subordinate Lien Loans Tier 06 (300 - 399 Closed Loans/Month),MeridianLink Mortgage,,,,,,,,,,,,,,,,,,,,,,,,,,,,,,,,,,,,,,,,,,
MeridianLink Mortgage LOS with DocMagic Subordinate Lien Loans Tier 07 (225 - 299 Closed Loans/Month),MeridianLink Mortgage,,,,,,,,,,,,,,,,,,,,,,,,,,,,,,,,,,,,,,,,,,
MeridianLink Mortgage LOS with DocMagic Subordinate Lien Loans Tier 08 (170 - 224 Closed Loans/Month),MeridianLink Mortgage,,,,,,,,,,,,,,,,,,,,,,,,,,,,,,,,,,,,,,,,,,
MeridianLink Mortgage LOS with DocMagic Subordinate Lien Loans Tier 09 (135 - 169 Closed Loans/Month),MeridianLink Mortgage,,,,,,,,,,,,,,,,,,,,,,,,,,,,,,,,,,,,,,,,,,
MeridianLink Mortgage LOS with DocMagic Subordinate Lien Loans Tier 10 (110 - 134 Closed Loans/Month),MeridianLink Mortgage,,,,,,,,,,,,,,,,,,,,,,,,,,,,,,,,,,,,,,,,,,
MeridianLink Mortgage LOS with DocMagic Subordinate Lien Loans Tier 11 (90 - 109 Closed Loans/Month),MeridianLink Mortgage,,,,,,,,,,,,,,,,,,,,,,,,,,,,,,,,,,,,,,,,,,
MeridianLink Mortgage LOS with DocMagic Subordinate Lien Loans Tier 12 (75 - 89 Closed Loans/Month),MeridianLink Mortgage,,,,,,,,,,,,,,,,,,,,,,,,,,,,,,,,,,,,,,,,,,
MeridianLink Mortgage LOS with DocMagic Subordinate Lien Loans Tier 13 (60 - 74 Closed Loans/Month),MeridianLink Mortgage,,,,,,,,,,,,,,,,,,,,,,,,,,,,,,,,,,,,,,,,,,
MeridianLink Mortgage LOS with DocMagic Subordinate Lien Loans Tier 14 (45 - 59 Closed Loans/Month),MeridianLink Mortgage,,,,,,,,,,,,,,,,,,,,,,,,,,,,,,,,,,,,,,,,,,
MeridianLink Mortgage LOS with DocMagic Subordinate Lien Loans Tier 15 (30 - 44 Closed Loans/Month),MeridianLink Mortgage,,,,,,,,,,,,,,,,,,,,,,,,,,,,,,,,,,,,,,,,,,
MeridianLink Mortgage LOS with DocMagic Subordinate Lien Loans Tier 16 (15-29 Closed Loans/Month),MeridianLink Mortgage,,,,,,,,,,,,,,,,,,,,,,,,,,,,,,,,,,,,,,,,,,
MeridianLink Mortgage LOS with DocMagic Subordinate Lien Loans Tier 17 (10-14 Closed Loans/Month),MeridianLink Mortgage,,,,,,,,,,,,,,,,,,,,,,,,,,,,,,,,,,,,,,,,,,
MeridianLink Mortgage LOS with DocMagic Tier 01 (1200+ Closed Loans/Mon) with 1 implementation,MeridianLink Mortgage,,,,,,,,,,,,,,,,,,,,,,,,,,,,,,,,,,,,,,,,,,
MeridianLink Mortgage LOS with DocMagic Tier 01 (1200+ Closed Loans/Mon) with 2 implementations,MeridianLink Mortgage,,,,,,,,,,,,,,,,,,,,,,,,,,,,,,,,,,,,,,,,,,
MeridianLink Mortgage LOS with DocMagic Tier 01 (1200+ Closed Loans/Mon) with 3 implementations,MeridianLink Mortgage,,,,,,,,,,,,,,,,,,,,,,,,,,,,,,,,,,,,,,,,,,
MeridianLink Mortgage LOS with DocMagic Tier 01 (1200+ Closed Loans/Mon) with no implementation,MeridianLink Mortgage,,,,,,,,,,,,,,,,,,,,,,,,,,,,,,,,,,,,,,,,,,
MeridianLink Mortgage LOS with DocMagic Tier 02 (900-1199 Closed Loans/Mon) with 1 implementation,MeridianLink Mortgage,,,,,,,,,,,,,,,,,,,,,,,,,,,,,,,,,,,,,,,,,,
MeridianLink Mortgage LOS with DocMagic Tier 02 (900-1199 Closed Loans/Mon) with 2 implementations,MeridianLink Mortgage,,,,,,,,,,,,,,,,,,,,,,,,,,,,,,,,,,,,,,,,,,
MeridianLink Mortgage LOS with DocMagic Tier 02 (900-1199 Closed Loans/Mon) with 3 implementations,MeridianLink Mortgage,,,,,,,,,,,,,,,,,,,,,,,,,,,,,,,,,,,,,,,,,,
MeridianLink Mortgage LOS with DocMagic Tier 02 (900-1199 Closed Loans/Mon) with no implementation,MeridianLink Mortgage,,,,,,,,,,,,,,,,,,,,,,,,,,,,,,,,,,,,,,,,,,
MeridianLink Mortgage LOS with DocMagic Tier 03 (675-899 Closed Loans/Mon) with 1 implementation,MeridianLink Mortgage,,,,,,,,,,,,,,,,,,,,,,,,,,,,,,,,,,,,,,,,,,
MeridianLink Mortgage LOS with DocMagic Tier 03 (675-899 Closed Loans/Mon) with 2 implementations,MeridianLink Mortgage,,,,,,,,,,,,,,,,,,,,,,,,,,,,,,,,,,,,,,,,,,
MeridianLink Mortgage LOS with DocMagic Tier 03 (675-899 Closed Loans/Mon) with 3 implementations,MeridianLink Mortgage,,,,,,,,,,,,,,,,,,,,,,,,,,,,,,,,,,,,,,,,,,
MeridianLink Mortgage LOS with DocMagic Tier 03 (675-899 Closed Loans/Mon) with no implementation,MeridianLink Mortgage,,,,,,,,,,,,,,,,,,,,,,,,,,,,,,,,,,,,,,,,,,
MeridianLink Mortgage LOS with DocMagic Tier 04 (525-674 Closed Loans/Mon) with 1 implementation,MeridianLink Mortgage,,,,,,,,,,,,,,,,,,,,,,,,,,,,,,,,,,,,,,,,,,
MeridianLink Mortgage LOS with DocMagic Tier 04 (525-674 Closed Loans/Mon) with 2 implementations,MeridianLink Mortgage,,,,,,,,,,,,,,,,,,,,,,,,,,,,,,,,,,,,,,,,,,
MeridianLink Mortgage LOS with DocMagic Tier 04 (525-674 Closed Loans/Mon) with 3 implementations,MeridianLink Mortgage,,,,,,,,,,,,,,,,,,,,,,,,,,,,,,,,,,,,,,,,,,
MeridianLink Mortgage LOS with DocMagic Tier 04 (525-674 Closed Loans/Mon) with no implementation,MeridianLink Mortgage,,,,,,,,,,,,,,,,,,,,,,,,,,,,,,,,,,,,,,,,,,
MeridianLink Mortgage LOS with DocMagic Tier 05 (400-524 Closed Loans/Mon) with 1 implementation,MeridianLink Mortgage,,,,,,,,,,,,,,,,,,,,,,,,,,,,,,,,,,,,,,,,,,
MeridianLink Mortgage LOS with DocMagic Tier 05 (400-524 Closed Loans/Mon) with 2 implementations,MeridianLink Mortgage,,,,,,,,,,,,,,,,,,,,,,,,,,,,,,,,,,,,,,,,,,
MeridianLink Mortgage LOS with DocMagic Tier 05 (400-524 Closed Loans/Mon) with 3 implementations,MeridianLink Mortgage,,,,,,,,,,,,,,,,,,,,,,,,,,,,,,,,,,,,,,,,,,
MeridianLink Mortgage LOS with DocMagic Tier 05 (400-524 Closed Loans/Mon) with no implementation,MeridianLink Mortgage,,,,,,,,,,,,,,,,,,,,,,,,,,,,,,,,,,,,,,,,,,
MeridianLink Mortgage LOS with DocMagic Tier 06 (300-399 Closed Loans/Mon) with 1 implementation,MeridianLink Mortgage,,,,,,,,,,,,,,,,,,,,,,,,,,,,,,,,,,,,,,,,,,
MeridianLink Mortgage LOS with DocMagic Tier 06 (300-399 Closed Loans/Mon) with 2 implementations,MeridianLink Mortgage,,,,,,,,,,,,,,,,,,,,,,,,,,,,,,,,,,,,,,,,,,
MeridianLink Mortgage LOS with DocMagic Tier 06 (300-399 Closed Loans/Mon) with 3 implementations,MeridianLink Mortgage,,,,,,,,,,,,,,,,,,,,,,,,,,,,,,,,,,,,,,,,,,
MeridianLink Mortgage LOS with DocMagic Tier 06 (300-399 Closed Loans/Mon) with no implementation,MeridianLink Mortgage,,,,,,,,,,,,,,,,,,,,,,,,,,,,,,,,,,,,,,,,,,
MeridianLink Mortgage LOS with DocMagic Tier 07 (225-299 Closed Loans/Mon) with 1 implementation,MeridianLink Mortgage,,,,,,,,,,,,,,,,,,,,,,,,,,,,,,,,,,,,,,,,,,
MeridianLink Mortgage LOS with DocMagic Tier 07 (225-299 Closed Loans/Mon) with 2 implementations,MeridianLink Mortgage,,,,,,,,,,,,,,,,,,,,,,,,,,,,,,,,,,,,,,,,,,
MeridianLink Mortgage LOS with DocMagic Tier 07 (225-299 Closed Loans/Mon) with 3 implementations,MeridianLink Mortgage,,,,,,,,,,,,,,,,,,,,,,,,,,,,,,,,,,,,,,,,,,
MeridianLink Mortgage LOS with DocMagic Tier 07 (225-299 Closed Loans/Mon) with no implementation,MeridianLink Mortgage,,,,,,,,,,,,,,,,,,,,,,,,,,,,,,,,,,,,,,,,,,
MeridianLink Mortgage LOS with DocMagic Tier 08 (170-224 Closed Loans/Mon) with 1 implementation,MeridianLink Mortgage,,,,,,,,,,,,,,,,,,,,,,,,,,,,,,,,,,,,,,,,,,
MeridianLink Mortgage LOS with DocMagic Tier 08 (170-224 Closed Loans/Mon) with 2 implementations,MeridianLink Mortgage,,,,,,,,,,,,,,,,,,,,,,,,,,,,,,,,,,,,,,,,,,
MeridianLink Mortgage LOS with DocMagic Tier 08 (170-224 Closed Loans/Mon) with 3 implementations,MeridianLink Mortgage,,,,,,,,,,,,,,,,,,,,,,,,,,,,,,,,,,,,,,,,,,
MeridianLink Mortgage LOS with DocMagic Tier 08 (170-224 Closed Loans/Mon) with no implementation,MeridianLink Mortgage,,,,,,,,,,,,,,,,,,,,,,,,,,,,,,,,,,,,,,,,,,
MeridianLink Mortgage LOS with DocMagic Tier 09 (135-169 Closed Loans/Mon) with 1 implementation,MeridianLink Mortgage,,,,,,,,,,,,,,,,,,,,,,,,,,,,,,,,,,,,,,,,,,
MeridianLink Mortgage LOS with DocMagic Tier 09 (135-169 Closed Loans/Mon) with 2 implementations,MeridianLink Mortgage,,,,,,,,,,,,,,,,,,,,,,,,,,,,,,,,,,,,,,,,,,
MeridianLink Mortgage LOS with DocMagic Tier 09 (135-169 Closed Loans/Mon) with 3 implementations,MeridianLink Mortgage,,,,,,,,,,,,,,,,,,,,,,,,,,,,,,,,,,,,,,,,,,
MeridianLink Mortgage LOS with DocMagic Tier 09 (135-169 Closed Loans/Mon) with no implementation,MeridianLink Mortgage,,,,,,,,,,,,,,,,,,,,,,,,,,,,,,,,,,,,,,,,,,
MeridianLink Mortgage LOS with DocMagic Tier 10 (110-134 Closed Loans/Mon) with 1 implementation,MeridianLink Mortgage,,,,,,,,,,,,,,,,,,,,,,,,,,,,,,,,,,,,,,,,,,
MeridianLink Mortgage LOS with DocMagic Tier 10 (110-134 Closed Loans/Mon) with 2 implementations,MeridianLink Mortgage,,,,,,,,,,,,,,,,,,,,,,,,,,,,,,,,,,,,,,,,,,
MeridianLink Mortgage LOS with DocMagic Tier 10 (110-134 Closed Loans/Mon) with 3 implementations,MeridianLink Mortgage,,,,,,,,,,,,,,,,,,,,,,,,,,,,,,,,,,,,,,,,,,
MeridianLink Mortgage LOS with DocMagic Tier 10 (110-134 Closed Loans/Mon) with no implementation,MeridianLink Mortgage,,,,,,,,,,,,,,,,,,,,,,,,,,,,,,,,,,,,,,,,,,
MeridianLink Mortgage LOS with DocMagic Tier 11 (90-109 Closed Loans/Mon) with 1 implementation,MeridianLink Mortgage,,,,,,,,,,,,,,,,,,,,,,,,,,,,,,,,,,,,,,,,,,
MeridianLink Mortgage LOS with DocMagic Tier 11 (90-109 Closed Loans/Mon) with 2 implementations,MeridianLink Mortgage,,,,,,,,,,,,,,,,,,,,,,,,,,,,,,,,,,,,,,,,,,
MeridianLink Mortgage LOS with DocMagic Tier 11 (90-109 Closed Loans/Mon) with 3 implementations,MeridianLink Mortgage,,,,,,,,,,,,,,,,,,,,,,,,,,,,,,,,,,,,,,,,,,
MeridianLink Mortgage LOS with DocMagic Tier 11 (90-109 Closed Loans/Mon) with no implementation,MeridianLink Mortgage,,,,,,,,,,,,,,,,,,,,,,,,,,,,,,,,,,,,,,,,,,
MeridianLink Mortgage LOS with DocMagic Tier 12 (75-89 Closed Loans/Mon) with  no implementation,MeridianLink Mortgage,,,,,,,,,,,,,,,,,,,,,,,,,,,,,,,,,,,,,,,,,,
MeridianLink Mortgage LOS with DocMagic Tier 12 (75-89 Closed Loans/Mon) with 1 implementation,MeridianLink Mortgage,,,,,,,,,,,,,,,,,,,,,,,,,,,,,,,,,,,,,,,,,,
MeridianLink Mortgage LOS with DocMagic Tier 12 (75-89 Closed Loans/Mon) with 2 implementations,MeridianLink Mortgage,,,,,,,,,,,,,,,,,,,,,,,,,,,,,,,,,,,,,,,,,,
MeridianLink Mortgage LOS with DocMagic Tier 12 (75-89 Closed Loans/Mon) with 3 implementations,MeridianLink Mortgage,,,,,,,,,,,,,,,,,,,,,,,,,,,,,,,,,,,,,,,,,,
MeridianLink Mortgage LOS with DocMagic Tier 13 (60-74 Closed Loans/Mon) with 1 implementation,MeridianLink Mortgage,,,,,,,,,,,,,,,,,,,,,,,,,,,,,,,,,,,,,,,,,,
MeridianLink Mortgage LOS with DocMagic Tier 13 (60-74 Closed Loans/Mon) with 2 implementations,MeridianLink Mortgage,,,,,,,,,,,,,,,,,,,,,,,,,,,,,,,,,,,,,,,,,,
MeridianLink Mortgage LOS with DocMagic Tier 13 (60-74 Closed Loans/Mon) with 3 implementations,MeridianLink Mortgage,,,,,,,,,,,,,,,,,,,,,,,,,,,,,,,,,,,,,,,,,,
MeridianLink Mortgage LOS with DocMagic Tier 13 (60-74 Closed Loans/Mon) with no implementation,MeridianLink Mortgage,,,,,,,,,,,,,,,,,,,,,,,,,,,,,,,,,,,,,,,,,,
MeridianLink Mortgage LOS with DocMagic Tier 14 (45-59 Closed Loans/Mon) with 1 implementation,MeridianLink Mortgage,,,,,,,,,,,,,,,,,,,,,,,,,,,,,,,,,,,,,,,,,,
MeridianLink Mortgage LOS with DocMagic Tier 14 (45-59 Closed Loans/Mon) with 2 implementations,MeridianLink Mortgage,,,,,,,,,,,,,,,,,,,,,,,,,,,,,,,,,,,,,,,,,,
MeridianLink Mortgage LOS with DocMagic Tier 14 (45-59 Closed Loans/Mon) with 3 implementations,MeridianLink Mortgage,,,,,,,,,,,,,,,,,,,,,,,,,,,,,,,,,,,,,,,,,,
MeridianLink Mortgage LOS with DocMagic Tier 14 (45-59 Closed Loans/Mon) with no implementation,MeridianLink Mortgage,,,,,,,,,,,,,,,,,,,,,,,,,,,,,,,,,,,,,,,,,,
MeridianLink Mortgage LOS with DocMagic Tier 15 (30-44 Closed Loans/Mon) with 1 implementation,MeridianLink Mortgage,,,,,,,,,,,,,,,,,,,,,,,,,,,,,,,,,,,,,,,,,,
MeridianLink Mortgage LOS with DocMagic Tier 15 (30-44 Closed Loans/Mon) with 2 implementations,MeridianLink Mortgage,,,,,,,,,,,,,,,,,,,,,,,,,,,,,,,,,,,,,,,,,,
MeridianLink Mortgage LOS with DocMagic Tier 15 (30-44 Closed Loans/Mon) with 3 implementations,MeridianLink Mortgage,,,,,,,,,,,,,,,,,,,,,,,,,,,,,,,,,,,,,,,,,,
MeridianLink Mortgage LOS with DocMagic Tier 15 (30-44 Closed Loans/Mon) with no implementation,MeridianLink Mortgage,,,,,,,,,,,,,,,,,,,,,,,,,,,,,,,,,,,,,,,,,,
MeridianLink Mortgage LOS with DocMagic Tier 16 (15-29 Closed Loans/Mon) with 1 implementation,MeridianLink Mortgage,,,,,,,,,,,,,,,,,,,,,,,,,,,,,,,,,,,,,,,,,,
MeridianLink Mortgage LOS with DocMagic Tier 16 (15-29 Closed Loans/Mon) with 2 implementations,MeridianLink Mortgage,,,,,,,,,,,,,,,,,,,,,,,,,,,,,,,,,,,,,,,,,,
MeridianLink Mortgage LOS with DocMagic Tier 16 (15-29 Closed Loans/Mon) with 3 implementations,MeridianLink Mortgage,,,,,,,,,,,,,,,,,,,,,,,,,,,,,,,,,,,,,,,,,,
MeridianLink Mortgage LOS with DocMagic Tier 16 (15-29 Closed Loans/Mon) with no implementation,MeridianLink Mortgage,,,,,,,,,,,,,,,,,,,,,,,,,,,,,,,,,,,,,,,,,,
MeridianLink Mortgage LOS with DocMagic Tier 17 (10-14 Closed Loans/Mon) with 1 implementation,MeridianLink Mortgage,,,,,,,,,,,,,,,,,,,,,,,,,,,,,,,,,,,,,,,,,,
MeridianLink Mortgage LOS with DocMagic Tier 17 (10-14 Closed Loans/Mon) with 2 implementations,MeridianLink Mortgage,,,,,,,,,,,,,,,,,,,,,,,,,,,,,,,,,,,,,,,,,,
MeridianLink Mortgage LOS with DocMagic Tier 17 (10-14 Closed Loans/Mon) with 3 implementations,MeridianLink Mortgage,,,,,,,,,,,,,,,,,,,,,,,,,,,,,,,,,,,,,,,,,,
MeridianLink Mortgage LOS with DocMagic Tier 17 (10-14 Closed Loans/Mon) with no implementation,MeridianLink Mortgage,,,,,,,,,,,,,,,,,,,,,,,,,,,,,,,,,,,,,,,,,,
Meridianlink Mortgage Platform Fee,MeridianLink Mortgage,,,,,,,,,,,,,,,,,,,,,,,,,,,,,,,,,,,,,,,,,,
