Date,Changed By,Change,Jira Ticket
2019-01-07,Wesley Zauner,Fixed App Portal Annual License Fee reference on Selection page,
2019-01-22,Wesley Zauner,Removed App Portal from setup discount since guided setup is not standard,
2019-01-22,Wesley Zauner,"Changed top tier app count for App Portal to 191,999 on ModulePrice page to be consistent with ""999"" ending",
2019-01-22,Wesley Zauner,Fixed typo in core integration notes on AddOn page,
2019-01-27,Wesley Zauner,Fixed typo on Base2000 interface notes on AddOn page,
2019-01-27,Wesley Zauner,Changed Stewart title reports to legacy integration on AddOn page and removed Title Reports from List page,
2019-01-27,Wesley Zauner,Added Lereta as a flood provider on AddOn page,
2019-01-31,Wesley Zauner,Sorted AddOn page alphabetically for easier reference,
2019-01-31,Wesley Zauner,"Updated ""FIS eFund"" to ""FIS eFunds"" on AddOn and List page",
2019-01-31,Wesley Zauner,Added RouteOne eContracting to AddOn page **what about List page?**,
2019-01-31,Wesley Zauner,"Added ""(VAIS)"" for easier reference to ""VISA Advanced ID Solutions""",
2019-01-31,Wesley Zauner,Updated Document Mapping fees on AddOn page,
2019-01-31,Wesley Zauner,"Updated Fees on Conmar, Ascensus, on AddOn page",
2019-01-31,Wesley Zauner,Removed Consumer Credit Access from the AddOn page,
2019-01-31,Wesley Zauner,"Changed property data products to ""quote"" pricing on AddOn page",
2019-01-31,Wesley Zauner,Clarified AAV fees are based on consumer/XA volume app commitment,
2019-01-31,Wesley Zauner,Added Additional Form Environments to AddOn page,
2019-01-31,Wesley Zauner,Updated the name of Credit Analyzer to Wayfinder on AddOn and List page,
2019-01-31,Wesley Zauner,"Fixed typo on ""Verification of Employment"" for Equifax TWN on AddOn page",
2019-01-31,Wesley Zauner,"Fixed typo on ""Equifax Credit Data"" on List page",
2019-01-31,Wesley Zauner,"Added standalone Application Portal placeholder pricing to ModulePrice, Selection, and ROI page",
2019-01-31,Wesley Zauner,"Changed ""Additional Portals"" on selection page to number to multiply and find appropriate TCV/ACV",
2019-01-31,Wesley Zauner,Fixed MagicWriter pricing on AddOn to match master fee list,
2019-02-01,Wesley Zauner,Removed LQB pricing from sheet,
2019-02-01,Wesley Zauner,"Added XpressCollect pricing to ModulePrice, Selection, and ROI pages",
2019-02-01,Wesley Zauner,"Renamed ""LPQ ROI"" sheet ""Financials""",
2019-02-01,Wesley Zauner,Clarified module count on Financials sheet is for Origination Modules that lend towards bundle discount,
2019-02-13,Wesley Zauner,Added comments about custom core integration,
2019-02-13,Wesley Zauner,Clarified when to charge AutoCheck pricing,
2019-02-22,Wesley Zauner,Added FIS Horizon core,
2019-02-25,Wesley Zauner,Clarified doc mapping pricing can be split between loans and XA for clients only buying one,
2019-02-27,Wesley Zauner,"Clarified that if the sales rep creates an app commitment between levels, you must use the per application fee of the lower level.",
2019-02-27,Wesley Zauner,Added Authorize.net as credit card payment/funding gateway,
2019-02-27,Wesley Zauner,Added Paypal as payment/funding option,
2019-02-27,Wesley Zauner,TotaleAtlas - renamed to IMM XML as new name and clarified it also includes eSign,
2019-02-27,Wesley Zauner,Synergy Esign was clarified as JHA only rebrand of IMM RTS,
2019-02-27,Wesley Zauner,"Added ""client managed documents"" to Doc Prep section",
2019-02-27,Wesley Zauner,"Renamed ""Payment Options"" to ""Payment/Funding Options""",
2019-02-27,Wesley Zauner,"Added ""coming soon"" for DocuSign ISV",
2019-02-27,Wesley Zauner,Removed Home Banking SSO from AddOn to avoid confusion around AP+ vs A la Carte,
2019-02-27,Wesley Zauner,Added increased document upload file size to Price Card,
2019-02-27,Wesley Zauner,Remove Conmar fee for Standard Adverse Action form per Joe Coulton,
2019-03-01,Wesley Zauner,Added LPQ Web Services pricing,
2019-03-01,Wesley Zauner,Added LPQ Data Extract pricing,
2019-03-01,Wesley Zauner,Added pricing for 3rd party scorecards that are implemented in AchievEngine,
2019-03-01,Wesley Zauner,Updated FSSI pricing per Daisy,
2019-03-01,Wesley Zauner,"Make Ascensus docs a standard forms vendor per Tuan Lieu. Therefore, removed special pricing from price card.",
2019-03-01,Wesley Zauner,Added 3rd party scorecard implementation in AchievEngine,
2019-03-28,Wesley Zauner,Removed Indirect Vendor fee from ModulePrice sheet to avoid confusion between AddOn sheet,
2019-03-28,Wesley Zauner,"Changed ""Setup"" on AddOn page to ""One Time""",
2019-03-28,Wesley Zauner,Noted that module setup discounts are only applied if modules are purchased together up-front,
2019-05-08,Wesley Zauner,Metavante is not associated with IBS,
2019-05-08,Wesley Zauner,Added list pricing for CoreLogic HVE,
2019-05-08,Wesley Zauner,Added list pricing for CoreLogic GeoAVM,
2019-05-08,Wesley Zauner,Removed FIS Systematic from list of supported core systems as we do not have an integration,
2019-05-08,Wesley Zauner,Moved Auto Approve to AddOn page,
2019-05-08,Wesley Zauner,Removed RC01 from AddOn page due to no active clients and product is no longer promoted by core vendor,
2019-05-08,Wesley Zauner,Added MLX Consulting to AddOn,
2019-05-08,Wesley Zauner,Added Core Conversion to AddOn and increased fee to $10k,
2019-05-08,Wesley Zauner,Added Additional Lender,
2019-05-08,Wesley Zauner,Added Additional Automated Action,
2019-05-08,Wesley Zauner,Added Additional Schedule Reports,
2019-05-08,Wesley Zauner,Added CLF to Export Automated Action,
2019-05-08,Wesley Zauner,Added DR Testing and After Hours Support,
2019-05-08,Wesley Zauner,Added Expedited Deployment,
2019-05-08,Wesley Zauner,Added Yellow Hammer,
2019-05-08,Wesley Zauner,Added SMS Text Feature,
2019-05-08,Wesley Zauner,Added Application Records ,
2019-05-08,Wesley Zauner,Added Home Banking Vendor change,
2019-05-08,Wesley Zauner,Added Offsite/Dedicated production update,
2019-05-08,Wesley Zauner,Added ID Analytics - CertainID,
2019-05-08,Wesley Zauner,Added ID Analytics - Resolve360,
2019-05-08,Wesley Zauner,Added Redeployment,
2019-05-08,Wesley Zauner,Added Reschedule Live Date,
2019-05-08,Wesley Zauner,Added various Retrain options,
2019-05-08,Wesley Zauner,Added Reverse or Post-Live data migration,
2019-05-08,Wesley Zauner,Added Fiserv Prism,
2019-07-03,Wesley Zauner,"Broke jXchange into Silverlake, 20/20, CoreDirector",
2019-07-03,Wesley Zauner,Added after hours support expedite fee and IT support expedite fee,
2019-07-03,Wesley Zauner,FSSI 1-5 envelopes is $1.43,
2019-07-03,Wesley Zauner,XpressCollect updated to asset-based tiers,
2019-07-03,Wesley Zauner,Introduced additional tiers for Home Equity and Business Loans,
2019-07-03,Wesley Zauner,Added MLX Insight pricing,
2019-07-03,Wesley Zauner,Removed MagicWrighter from pricing. Should have never been there. Pulled from Master Fee List as well.,
2019-07-03,Wesley Zauner,Updated On Site Training to $2000 per day plus expenses,
2019-08-04,Wesley Zauner,Removed standard XC discounts (customer loyalty and ramp-up),
2019-08-04,Wesley Zauner,Added MLX Insight fees for additional users,
2019-08-04,Wesley Zauner,Increased setup cost of CuneXus to $5000,
2019-08-04,Wesley Zauner,Removed Calcubot as the integration is no longer offered.,
2019-08-04,Wesley Zauner,Added InstaTouch for Application Portal,
2019-08-04,Wesley Zauner,"Removed the ""H"" from the inactive column to eliminate confusion with the sales team",
2019-08-04,Wesley Zauner,Removed MagicWrighter fees,
2019-08-04,Wesley Zauner,Added EquityIQ as a provider,
2019-08-20,Wesley Zauner,Added AP Mortgage pricing,
2019-08-20,Wesley Zauner,"Removed CUNA Protection Advisor (IWC), Frost Financial, IQQ, and Lender's Protection as vendors we have a separate charge for",
2019-08-20,Wesley Zauner,Call Center Options changed from $1k one-time to $1k annual,
2019-09-12,Wesley Zauner,Added MoveCU and fiVISION as lead-generation providers,
2020-01-03,Wesley Zauner,Added comment about potential DealerTrack LOS conversion fee that they charge to clients,
2020-01-03,Wesley Zauner,Removed Inactive flag on DealerApp product since there are no concrete sunset/replacement plans. Added $2500 setup per services research.,
2020-01-03,Wesley Zauner,Added $300 setup fee to Deluxe products,
2020-01-03,Wesley Zauner,Added Fiserv DNA Credit Push,
2020-01-03,Wesley Zauner,Added Fiserv Data Center Direct Connection,
2020-01-03,Wesley Zauner,"2020 Price Increase: 5% across the board. Exceptions: Equifax InstaTouch, XpressCollect, MLX Insight, LendingQB setup and closed loan pricing, AP Mortgage w/ Add-Ons, Hourly Rates for After Hours Support and DR Testing",
2020-01-31,Wesley Zauner,Added $3000 setup to RouteOne eContracting,
2020-01-31,Wesley Zauner,Added $3000 setup to Call Center,
2020-01-31,Wesley Zauner,Added $4000 setup to Merchant Lending,
2020-01-31,Wesley Zauner,Clarified CuneXus pricing applies to Harland Clarke LoanEngine as well,
2020-01-31,Wesley Zauner,Changed description of Merchant Lending to clarify AP is not included,
2020-02-21,Wesley Zauner,"Clarified AutoCheck for client buying from ML includes setup, annual, and transaction fees",
2020-02-21,Wesley Zauner,Added closed loan commitment counts to LendingQB and AP Mortgage to help sales define pricing in between tiers.,
2020-03-31,Wesley Zauner,"Clarified additional RateGenius fees are only for when RateGenius sends apps directly into LPQ, not via DealerTrack",
2020-03-31,Wesley Zauner,Added FIS BizChex,
2020-03-31,Wesley Zauner,Added new lowest tier for LendingQB,
2020-03-31,Wesley Zauner,Added VantivFI Credit Card System,
2020-03-31,Wesley Zauner,Added Rate Reset programs for PreApproval API and Direct Core Reset and removed old Rate Reset,
2020-03-31,Wesley Zauner,Added AP Lite Implementation option for Digitization initiative,
2020-03-31,Wesley Zauner,Updated COCC pricing to match Fiserv DNA,
2020-03-31,Wesley Zauner,Added XC Go To Market promotions (10% off implementation and one free month added to term),
2020-03-31,Wesley Zauner,Added MLX Insight Go To Market promotions (100% off implementation and three free months added to term),
2020-03-31,Wesley Zauner,"Added DocuSign ISV with setup & transactional pricing as ""Quote""",
2020-04-10,Wesley Zauner,Clarified Active Directory pricing applies to both LPQ and LQB. A customer of both still has to pay twice.,
2020-04-10,Wesley Zauner,Removed RouteOne note about clients buying direct from RouteOne. They must buy from us.,
2020-04-10,Wesley Zauner,Added SBA PPP Promotion Pricing,
2020-04-21,Wesley Zauner,"Increased setup cost of Application Portal Consumer, including special discounting rules, per direction from Bryan Klann on 4/16/2020.",
2020-04-21,Brandon Sisola,"Changes to SBA PPP: Implementation fee to $6500 from $4,500. Added out clause to the mutual cancellation option line. Modified one-time fee discount threshold to $6000 from $4000. Specified the total amount we will offer as incentive credit. Specified the app types new logos can use towards. Specified 90 days / from 3 months.",
2020-05-04,Wesley Zauner,Added special 10% LendingQB implementation discount for TMC customers. Incorporated into price card per Ian Goldsmith on 4/27/2020,
2020-05-04,Wesley Zauner,Added pricing for Experian DaaS. New price for one-time is $10k.,
2020-05-04,Wesley Zauner,"NADA, KBB, and BlackBook received list price increases per price increase notice from NADA",
2020-05-20,Wesley Zauner,Removed LPQ web service licensing from the price card,
2020-05-20,Wesley Zauner,Added column to indicate if a product is in JHA Schedule 3,
2020-05-20,Wesley Zauner,Added LPQ/XA Global Minimum to ModulePrice for reference,
2020-05-20,Wesley Zauner,Removed annual fee from ClickSWITCH for new clients,
2020-07-09,Brandon Sisola,Added XA Fast Track to ModulePrice,
2020-07-09,Brandon Sisola,Added Digital Engagement Package to AP Add-Ons,
2020-07-09,Brandon Sisola,Added Originate Loans Credit Card System to AddOns,
2020-07-09,Brandon Sisola,Removed note on DNA Disbursements,
2020-07-29,Wesley Zauner,Updated AP Mortgage Pricing,
2020-07-29,Wesley Zauner,Corrected error with ClickSWITCH (switched new and existing customer pricing),
2020-08-10,Wesley Zauner,Clarified SavvyMoney also applies to Fiserv Credit Sense,
2020-08-31,Wesley Zauner,Removed Social Media Integration from AP Plus,
2020-09-09,Wesley Zauner,Added iLendingDirect,
2020-09-17,Wesley Zauner,Removed SavvyMoney per James Vu and Devesh Khare,
2020-09-17,Wesley Zauner,Removed XC and MLXI Promotions that expired in July 2020,
2020-11-30,Wesley Zauner,"Fixed rounding on the following transaction fees: Level VI Consumer Module, Indirect Module Level II, Indirect Module level IV, Indirect Module level V, Telecheck, Odyssey Services faxing, FSSI (all envelopes), Deluxe IDA, Precise ID with KIQ, TransUnion IDMV/IDMA, Precise ID, TransUnion IDMV, DealerTrack, RouteOne, SMS text, CarFax",
2020-11-30,Wesley Zauner,Added CrossCore PreciseID with OTP and KIQ and removed Precise ID with KIQ,
2020-11-30,Wesley Zauner,Added CrossCore PreciseID and removed Precise ID,
2020-11-30,Wesley Zauner,Added clarifying note to Equifax Credit Reports that it only applies to ACRO soft pulls,
2020-12-31,Brendan Mackoff,"Drop Equifax Credit Reports, Experian Credit Reports, Equifax Retail Banking, Equifax Retail Banking with Pre-Screen of 1, Xpress Sign Pro for iPad (legacy), Deluxe Detect with IDA (vendor sunset), Deluxe IDA (vendor sunset) add-on per Brandon Sisola",
2020-12-31,Brendan Mackoff,"LendingQB 2021 pricing per David Wieczorek.  
•	~8% list price increase, applied unevenly across volume tiers.  
•	Adding 2 additional price levels in order to create more price points within the target market.  Volume break points were adjusted for all price levels.
•	New implementation fee structure based on the number of business channels.  I.e., customers implementing multiple channels will pay more: [retail/broker, wholesale, correspondent].  Customer pays 100% for first channel, 50% for second channel, and 25% for third channel. All price changes rounded up to the nearest $250",
2020-12-31,Brendan Mackoff,"LPQ / XA / AP Price Increases per Brandon Sisola
•	LPQ/XA set up fees increased by 5%
•	LPQ/XA per-app pricing increased by 5%
•	Core integration fees increased by 5%
Exceptions:
•	No increase for core integration add-ons to the core system (e.g,. Fiserv DNA Credit Push)",
2020-12-31,Brendan Mackoff,"AP Price Increases per Brandon Sisola
•	Annual License Fee increased by 5%
•	Removed App Portal “Lite Implementation” (only for V1/V2 upsell)",
2020-12-31,Brendan Mackoff,Removed XA Fast Track module since the program is no longer being offered per Brandon Sisola.,
2020-12-31,Brendan Mackoff,"Increased AddOn transaction fee for ISTWatch OFAC Watchlist, AutoCheck, FSSI Mailing 1-5 page envelope, FSSI Mailing 6-20 page envelope, FSSI Mailing 21-40 page envelope, and Deluxe Direct (debit bureau).  Changes per Wade Sikking.",
2021-03-03,Brendan Mackoff,"Transitioned to Enhanced Price Card format
Updated product names to reflect rebrand",
2021-03-03,Brendan Mackoff,"Added the following product lines:  MCL, TCI, MLX Consulting",
2021-03-03,Brendan Mackoff,XC Module -- Add options for both annual billing and monthly billing (same annual total),
2021-03-03,Brendan Mackoff,AP Mortgage -- Transaction fee is for ALL LendingQB loans that use AP Mortgage. Previous price card said “all LendingQB retail loans that use AP Mtg.”.,
2021-03-03,Brendan Mackoff,Deluxe Detect -- Price = $4.06 per transaction. Partner Price 5% increase starting 3/1,
2021-03-03,Brendan Mackoff,Deluxe Match Fee -- Add this LPQ/XA add-on. This was previously part of the Notes.  Now it its own line.  Price = $7.09 per transaction,
2021-03-03,Brendan Mackoff,"ID Authentication - Experian CrossCore – PreciseID for Compliance (aka Prescreen). Add LPQ/XA product. 
--Per transaction: $3.00
--Setup Fee: $2000 (unless this is an add-on subcode to an existing CrossCore PreciseID client, then it is the $700 per subcode setup)",
2021-03-03,Brendan Mackoff,"Add these items to price card.  Price=""Quote"". There are generic shared items in the product catalog.
Custom Product or Service - flat fee
Custom Product or Service - hourly
Custom Product or Service - monthly
Custom Product or Service - annual
Custom Product or Service - transaction fee
Custom Product or Service - R&D",
2021-03-03,Brendan Mackoff,"API Web Services
--Add shared product.  $500 setup & $5000 annual
--This previously existed as an LPQ only product and was removed in May 2020",
2021-03-03,Brendan Mackoff,Time & Materials (aka Professional Hours):  Add to price card.  $250 per hour.,
2021-03-03,Brendan Mackoff,"After Hours Support:  Change price to $400 per hour (remove minimum # of hours) // Previously After Hours Support was $300/hr (2 hour minimum) for Services, Support, & SIE.  After Hours IT is $400/hr with no minimum. We are simplifying it all $400/hr for all departments. ",
2021-03-03,Brendan Mackoff,"Expedited Deployment: Change pricing to “Quote”.  
Update note to “Reserved for projects with external restraints such as sunsetting systems or core conversions with fixed live dates.  Requires SVP approval.""",
2021-03-03,Brendan Mackoff,IT Unscheduled Change Request: Add to price card.  $600/hr,
2021-03-03,Brendan Mackoff,"Add these items to price card as LPQ addOn. Setup=$2100.  Annual=$1575.  Note: Utilizes LPQ Synergic Framework
--Accurate Group – Settlement Services
--First Close – Settlement Services
--Lender Close – Settlement Services
--New Vista – Settlement Services
--SourePoint – Settlement Services
United One Resources – Settlement Services
Universal Real Estate Services – Settlement Services",
2021-03-03,Brendan Mackoff,"Add these items to price card as LPQ addOn. Setup=$2100.  Annual=$1575.  Note: Utilizes LPQ Synergic Framework
--American Service Group (ASG) – Vehicle Insurance
--Auto Exam – Vehicle Insurance",
2021-03-03,Brendan Mackoff,"Remove from price card.  Since we still don’t have this Agreement in place and there is minimal usage. We're not comfortable with this as a formal offering until we actually have something in place (if we decide to) and also since they are now owned by LexisNexis.
--ID Verification – Resolve360 – ID Analytics
--ID Authentication – Certain ID – ID Analytics",
2021-03-03,Brendan Mackoff,"Application Portal Mortgage - AccountCheck - One Time
Application Portal Mortgage - AccountCheck – 30 Day Monitoring
Application Portal Mortgage - AccountCheck – 60 Day Monitoring
Application Portal Mortgage - AccountCheck – 90 Day Monitoring
Update name from “AccountCheck” to “AccountChek”",
2021-03-03,Brendan Mackoff,Mortgage Director (fka PCLender) - Fiserv - Consumer Credit Report. Add to  MCLprice card.  1B = $0.25; 2B = $0.50; 3B = $1.00 Note to Sales: effective 3/1/2021,
2021-03-03,Brendan Mackoff,"Experian Finicity Order Retrieval API (Add On - Employment/Income/Asset Verification). Add MCL addon. (non-aggregate bundled with manual VOE) <= 5,000: $1.00 5,001 - 10,000: $0.95 10,001 - 15,000: $0.90 15,001 - 20,000: $0.85 > 20,000: $0.80",
2021-03-03,Brendan Mackoff,"Remove CloseFirst1B, 2B, and 3B from MCL price card",
2021-03-03,Brendan Mackoff,"Add these MLX Consulting items:
MLX Consulting Custom Scorecard: price = ""quote""
MLX Consulting Decisioning Optimization: price = ""quote""
MLX Consulting Enhanced Implementation: price = ""quote""
MLX Consulting Software Configuration: price = ""quote""
MLX Consulting Process and Strategy Maintenance: price = ""quote""
MLX Consulting Process Assessment: price = ""quote""
MLX Consulting Tune-Up: price=$20,350 one-time fee
MLX Consulting Admin Pro: price=$20k annual fee
MLX Consulting Reveal Pro: price = ""quote""
MLX Consulting Capture Rate Analysis: price = ""quote""
MLX Consulting Declined Application Analysis: price = ""quote""
MLX Consulting Disparate Impact: price = ""quote""",
2021-03-03,Brendan Mackoff,3rd Party Algorithm Using AchievEngine: remove from price card as AchievEngine should be fully legacy,
2021-03-03,Brendan Mackoff,Debit Bureau -- Early Warning Services (EWS). Removed from price card.  Previously market as inactive.,
2021-03-03,Brendan Mackoff,"Qualife 
BizChex 
--Remove these ""no fee"" LPQ addOns
--We do not bill these directly, and do not have NetSuite items for them, which is a requirement of the new price card format.",
2021-03-03,Brendan Mackoff,"eFunds IDV & IDA: ""Check with vendor"" has been added as a note to Sales instead of the transaction fee.  No change to setup or annual fee.",
2021-03-03,Brendan Mackoff,"LoansPQ - SSO (SSW)
LendingQB - SSO (SSW)
LoansPQ - Consumer Credit Reports
LendingQB - Consumer Credit Reports
Lending QB - 4506-T
LendingQB - VOE/I
LendingQB - VOA

Remove these ""no fee"" MCL products. Finicity VOIE remains because there are special legal terms associated with that item",
2021-03-03,Brendan Mackoff,"Clarifying that transaction fee relates to “per pull”. Change made to pricing methodology field.

ID Authentication – FIS – eFunds IDV & IDA
ID Authentication – Equifax – eIDCompare with eIDVerifier
ID Verification – Experian – CrossCore Precise ID
ID Authentication – Experian – CrossCore Precise ID with OPT and KIQ
ID Authentication - Experian – CrossCore Precise ID for Compliance
ID Authentication – TransUnion IDMV & IDMA
ID Verification – LexisNexis Bridger OFAC Watchlist
ID Verification – FIS – eFunds IDV
ID Verification – Equifax – eIDCompare
ID Verification – Experian – ISTWatch OFAC Watchlist
ID Verification – TransUnion – TransUnion IDMV
Indirect Lead – DealerTrack
Indirect Lead – RouteOne
Indirect Lead – RouteOne eContracting
Vehicle Insurance – Black Book
Vehicle Insurance – KBB
Vehicle Insurance – NADA
Vehicle Insurance – NADA Other",
2021-03-03,Brendan Mackoff,"DealerTrack Note:  ""ML’s Agreement with DealerTrack states that existing DealerTrack clients can NOT be quoted directly by ML. ML can only quote directly when the client or prospect does not have an existing DealerTrack relationship."" Only applies to MeridianLink Consumer (fka LPQ).  As such, this was not added to DealerTrack DDS on the TCI Price Card.",
2021-03-03,Brendan Mackoff,"Updated note for both DocuSign ISV & DocuSign Enterprise: ""ML Agreement with DocuSign states that existing DocuSign clients can NOT be quoted directly by ML. If the client is an existing DocuSign client and requests ML pricing, ML must first get approval from DocuSign before pricing can be presented. If the client or prospect is not an existing DocuSign client, MeridianLink's ISV pricing can be presented but only if they client does not want to connect with DocuSign first for enterprise pricing.
 
DocuSign Enterprise is the default relationship even for new logos. Unless specifically requesting MeridianLink pricing, we want customers to engage with DocuSign directly via DocuSign Enterprise since MeridianLink's DocuSign ISV setup is a tactical solution for use in ML Consumer/Opening only with some known limitations""

Only applies to MeridianLink Consumer (fka LPQ).  As such, this was not added to DocuSign Advanced API on the TCI Price Card",
2021-03-03,Brendan Mackoff,Removed In-brand SSO (Active Directory) from price card.  Our Active Directory implementation is fairly dated and needs updates to conform to the latest standards.  We are temporarily pulling it from the price card until we can revamp. This is true for both ML Consumer/Opening and Mortgage.,
2021-03-03,Brendan Mackoff,"[General] Product code mappings complete for all non-DL4 items, including those for $0 setup fees.",
2021-03-03,Brendan Mackoff,"[General] Text removed from price fields.  E.g., ""$0.10 per transaction"" becomes just ""$0.10"".  ""Quote"" and ""Check with Vendor"" become -1234 (yes, a negative number) than can be overwritten.",
2021-03-03,Brendan Mackoff,"Carleton Monthly Payment Calculation: Pricing methodology changed from ""Standard"" to ""Per State""",
2021-03-03,Brendan Mackoff,"ML Consumer/Opening Dedicated Hosting
One-Time fee changed from ""Quote"" to -1234
Annual fee changed from ""Quote"" to -1234
Transaction fee changed from ""Quote"" to -1234
Added  note about ""Quote"" pricing",
2021-03-03,Brendan Mackoff,"MLX Consulting - Custom Scorecard:
One-Time fee changed from ""Quote"" to -1234
Added note about ""Quote"" pricing",
2021-03-03,Brendan Mackoff,"MLX Consulting - Decisioning Optimization: 
One-Time fee changed from ""Quote"" to -1234
Added note about ""Quote"" pricing",
2021-03-03,Brendan Mackoff,"MLX Consulting - Enhanced Implementation: 
One-Time fee changed from ""Quote"" to -1234
Added note about ""Quote"" pricing",
2021-03-03,Brendan Mackoff,"MLX Consulting - Process Assessment
One-Time fee changed from ""Quote"" to -1234
Added note about ""Quote"" pricing",
2021-03-03,Brendan Mackoff,"MLX Consulting - Process and Strategy Maintenance:
Annual fee changed from ""Quote"" to -1234
Added note about ""Quote"" pricing",
2021-03-03,Brendan Mackoff,"MLX Consulting - Reveal Pro:
Annual fee changed from ""Quote"" to -1234
Added note about ""Quote"" pricing",
2021-03-03,Brendan Mackoff,"MLX Consulting - Software Configuration: 
Transaction fee changed from ""Quote"" to -1234
Added note about ""Quote"" pricing",
2021-03-03,Brendan Mackoff,"MLX Consulting - Capture Rate Analysis: 
Transaction fee changed from ""Quote"" to -1234
Added note about ""Quote"" pricing",
2021-03-03,Brendan Mackoff,"MLX Consulting - Declined Application Analysis:
Transaction fee changed from ""Quote"" to -1234
Added note about ""Quote"" pricing",
2021-03-03,Brendan Mackoff,"MLX Consultint - Disparate Impact:
Transaction fee changed from ""Quote"" to -1234
Added note about ""Quote"" pricing",
2021-03-31,Brendan Mackoff,"TCI - On Site Requirements Gathering
One-Time fee changed from ""Quote"" to -1234
Added note about ""Quote"" pricing",
2021-03-31,Brendan Mackoff,"Document Upload - Increase max upload file size: 
Annual fee changed from ""Quote"" to -1234
Added note about ""Quote"" pricing",
2021-03-31,Brendan Mackoff,"Reverse or Post-Live Data Migration:
Annual fee changed from ""Quote"" to -1234
Added note about ""Quote"" pricing",
2021-03-31,Brendan Mackoff,"Custom Product or Service - flat fee:
One-Time fee changed from ""Quote"" to -1234
Added note about ""Quote"" pricing",
2021-03-31,Brendan Mackoff,"Custom Product or Service - monthly:
Annual fee changed from ""Quote"" to -1234
Added note about ""Quote"" pricing",
2021-03-31,Brendan Mackoff,"Custom Product or Service - annual:
Annual fee changed from ""Quote"" to -1234
Added note about ""Quote"" pricing",
2021-03-31,Brendan Mackoff,"Custom Product or Service - hourly:
Transaction fee changed from ""Quote"" to -1234
Added note about ""Quote"" pricing",
2021-03-31,Brendan Mackoff,"Custom Product or Service - transaction fee:
Transaction fee changed from ""Quote"" to -1234
Added note about ""Quote"" pricing",
2021-03-31,Brendan Mackoff,"Custom Product or Service - R&D:
Transaction fee changed from ""Quote"" to -1234
Added note about ""Quote"" pricing",
2021-03-31,Brendan Mackoff,"Verification of Employment:
Transaction fee changed from ""Quote"" to -1234
Added note about ""Quote"" pricing",
2021-03-31,Brendan Mackoff,"DocuSign ISV:
Transaction fee changed from ""Quote"" to -1234
Added note about ""Quote"" pricing",
2021-03-31,Brendan Mackoff,"Expedited Deployment:
Transaction fee changed from ""Quote"" to -1234
Added note about ""Quote"" pricing",
2021-03-31,Brendan Mackoff,"Flood Zone Determination - Basic (ServiceLink, CoreLogic, Lereta):
Transaction fee changed from ""Quote"" to -1234
Added note about ""Quote"" pricing",
2021-03-31,Brendan Mackoff,"Flood Zone Determination - Life of Loan (Service Link, CoreLogic, Lereta):
Transaction fee changed from ""Quote"" to -1234
Added note about ""Quote"" pricing",
2021-03-31,Brendan Mackoff,"Postal Verification Database (PVD):
Annual fee changed from ""Quote"" to -1234
Added note about ""Quote"" pricing",
2021-03-31,Brendan Mackoff,"ID Verification - eFunds IDV:
Transaction fee changed from ""Check with vendor"" to -1234
Added note since MeridianLink charges setup & annual, but vendor bills for transactions.",
2021-03-31,Brendan Mackoff,DL4 - RouteOne eContracting: Add note that transaction fee is per funded Econ packet.,
2021-03-31,Brendan Mackoff,"Change pricing methodology from Usage to ""Per Simulated App""
--DL4 - Champion Challenger",
2021-03-31,Brendan Mackoff,"Change pricing methodology from Usage to ""Per Page""
--DL4 - Outbound Faxing",
2021-03-31,Brendan Mackoff,"Change pricing methodology from Usage to ""Per Envelope""
--DL4 - DocuSign - Advanced API
--IMM eSignature Hosted (on SAS)
",
2021-03-31,Brendan Mackoff,"Change pricing methodology from Usage to ""Per Letter""
--Mailing service (1-2,499)
--Mailing service (2,500-4,999)
--Mailing service (5,000 and over)",
2021-03-31,Brendan Mackoff,"Change pricing methodology from Usage to ""Per Funded Transaction""
--Wolters Kluwer Contracts Direct Lending (Banks and Credit Unions)
--Reynold and Reynolds Contracts Indirect Lending
--Reynold and Reynolds Contracts Direct Lending (Finance Companies)
--Reynold and Reynolds Contracts Lease Retail
--Reynold and Reynolds Forms",
2021-03-31,Brendan Mackoff,"DL4 PS Hourly -- Split into 3 rows of EPC with each row have unique price, because price field cannot have text.  Changed pricing methodology from Standard to Hourly",
2021-03-31,Brendan Mackoff,DL4 Inbound Faixing:  Note updated to mention that it includes up to 1GB in document storage,
2021-03-31,Brendan Mackoff,"Renamed ""DL4 Document Storage"" to ""Inbound Faxing Additional Storage"", reflecting that it is actually overage on Inbound Faxing.  
--Price changed from transaction fee to annual fee.  
--Pricing methodology changed to ""monthly fee per GB"".  
--Added note indicating that up to 1GB storage is already included with Inbound Faxing.  
--Category changed to Document Delivery to match Inbound Faxing
Note--Vendor of document storage is still MeridianLink.  The data is faxed and added to the application itself, so the storage is on the MeridianLink side.",
2021-03-31,Brendan Mackoff,"These partners wer esplit out from ""Packaged Report - Other"":
Packaged Report for Accurint, ASC National Registry, FEMA Disaster List, Freddic Mac, and CoreLogic Home Value Explorer (HVE), MERS People, MERS Property",
2021-03-31,Brendan Mackoff,"Packaged Report Equifax Intellireal: Split into separate rows for Intellireal IPR and Intellireal Other.  Intellireal IPR is priced at $0.30 per transaction.  Intellireal Other is $0.10 per transaction

Intellireal Other includes Intellireal APR",
2021-03-31,Brendan Mackoff,"Updated product code mappings.  No longer using NetSuite rollup item:
Consumer Credit Reports - Avista, Integra Destiny, LasterCredit, Mortgage Builder, MortgageBot, MortgageCadence, ReverseVersion, CreditXpert CX Bundle",
2021-03-31,Brendan Mackoff,Beanstalk Open Close Consumer Credit Reports:  Renamed to include Beanstalk name.  Updated product code mappings.  No longer using NetSuite rollup item.,
2021-03-31,Brendan Mackoff,Split FHLMC Consumer Credit Report into Direct New and Direct Reissue.  Same price.,
2021-03-31,Brendan Mackoff,Split EMS Consumer Credit Report into New vs Reissue.  Updated product code mappings.  No longer using NetSuite rollup item.,
2021-03-31,Brendan Mackoff,"Removed from price card:
In the Lead - Consumer Credit Reports - 1BI
In the Lead - Consumer Credit Reports - 1BJ
In the Lead - Consumer Credit Reports - 2BI
In the Lead - Consumer Credit Reports - 2BJ
In the Lead - Consumer Credit Reports - 3BI
In the Lead - Consumer Credit Reports - 3BJ",
2021-03-31,Brendan Mackoff,"Split Mortgage Flex - Consumer Credit Reports into 3 separate rows (1B, 2B, and 3B). Updated product code mappings.  No longer using NetSuite rollup item.",
2021-03-31,Brendan Mackoff,"Removed from price card:
VueCentric Consumer Credit Reports",
2021-03-31,Brendan Mackoff,LendingPad Consumer Credit Reports - Updated product code mapping,
2021-03-31,Brendan Mackoff,LendingPad VOE/I - Split into separate rows for VOE and VOI,
2021-03-31,Brendan Mackoff,MERS Report - Split into separate rows for MERS Refresh and MERS Regular,
2021-03-31,Brendan Mackoff,"updated product code mapping
-- ServiceLink Flood Postback
--Pitchfork SSA89",
2021-03-31,Brendan Mackoff,Added new row for Manual VOE with NCS partner,
2021-03-31,Brendan Mackoff,"Change pricing methodology from Standard to ""Per Pull""
--SMS Text Feature
",
2021-03-31,Brendan Mackoff,"Changed name from ""Carax History Report"" to ""Carfax History and/or Vehicle Loss Report""
Updated note to ""Client needs to have a direct relationship with client, and transaction will be billed directed by Carfax. Setup fee enables both Vehicle History Report (VHR) and Vehicle Loss Report (VLR)""
Updated both for ML Consumer/Opening and DL4",
2021-03-31,Brendan Mackoff,"Removed reference to Tier or Level in the proposal product name. No change to internal product name.
DecisionLender4
Consumer Module
Business Module
Business Module - SBA PPP with eTrans
Home Equity Module
Indirect Lending Module
Opening Module
Mortgage Module
",
2021-03-31,Ryan Mumphrey,Added product line or vendor suffix to internal product names in case of duplicates.  E.g. Flood Zone Determination and Document Mapping.  Identical internal product names make it difficult for sales team to search within Salesforce.,
2021-04-16,Brendan Mackoff,"Removed from Price Card
--LoanAce Consumer Credit Reports
--eMagic Consumer Credit Reports
--On The Go Consumer Credit Reports",
2021-04-16,Brendan Mackoff,TazCloud and Trade House Data products added to Price Card,
2021-04-16,Brendan Mackoff,"Plaid Integration added to price card. Tiers:

•	>=$10B AUM:  $2500 setup + $5000 annual fee (no transaction fee).  Includes a note that these prospects must contract with Plaid first, then they can sign an addendum with MeridianLink
•	$3B to $10B AUM: $1800 monthly platform fee ($21,600 annually) + $2.00 transaction fee
•	$1B to $3B AUM: $1,00 monthly platform fee ($12,000 annually) + $2.00 transaction fee
•	<$1B AUM:  $500 monthly platform fee ($6,000 annually) + $2.00 transaction fee",
2021-04-16,Brendan Mackoff,"FAMM Email:  Price reduced from $0.50 per transaction to $0.25 per transaction.  Incremental pricing introduced where first 5k transactions cost $0.25 each, and next 5k transactions cost less.  Note to sales & customer were updated.  ",
2021-04-16,Brendan Mackoff,"Prices increased to match CCMC Standard Export.  Setup fee = $11,025 and annual fee = $2756
--TCI Standard Export
--Dealpack Export",
2021-04-16,Brendan Mackoff,"Fiserv Premier (core integration) added to price card. $11,025 setup + $2,756 annual",
2021-04-16,Brendan Mackoff,SmartShield Select - Flex ID updated product code mapping,
2021-04-16,Brendan Mackoff,"SQL Transmission Service added to price card. $10,000 setup + $10,000 annual. Setup fee includes service for first year, so annual fee doesn’t kick in until year 2.",
2021-04-16,Brendan Mackoff,Data Storage - Mortgage added to price card. $1500 monthly fee,
2021-04-16,Brendan Mackoff,MortgageSAT added to price card.  $1000 setup fee + $7.50 transaction fee ($500 monthly min commitment),
2021-04-16,Brendan Mackoff,"RouteOne eContracting split into 4 rows:  (1) eContracting, (2) vaulted transactions, (3) faxed pages, and (4) Authoritative Copy Conversion (ACC).",
2021-04-16,Brendan Mackoff,Merchant Lending Add On now has vendor info to identify Clinics as ML solution and LoanStar as 3rd party,
2021-04-16,Brendan Mackoff,(Custom) Training added to price card,
2021-04-16,Brendan Mackoff,"Custom Product or Service: Changed category from ""AddOn"" to ""AddOn - Custom""",
2021-04-16,Brendan Mackoff,MeridianLink Collect Core Data Mapping added to price card with quote pricing,
2021-05-07,Eve An,Updated product codes,
2021-05-07,Ryan Mumphrey,Enhanced Quote Builder & new tabs for modules & add ons,
2021-05-26,Brendan Mackoff,"Mailing service - Automatic Decline Letter per TCI provided sample: Renamed to ""Mailing service - Automatic Decline Letter per DecisionLender provided sample""",
2021-05-26,Brendan Mackoff,"TCI DLX – One Way: Renamed to ""DecisionLender DLX – One Way""",
2021-05-26,Brendan Mackoff,"TCI DLX – Two Way: Renamed to ""DecisionLender DLX – Two Way""",
2021-05-26,Brendan Mackoff,"TCI Standard Data Dump: Renamed to ""DecisionLender Standard Data Dump""",
2021-05-26,Brendan Mackoff,"TCI Standard Export: Renamed to ""DecisionLender Standard Export""",
2021-05-26,Brendan Mackoff,CULA: Added to price card.  $3000 setup + $3000 annual fee.,
2021-05-26,Brendan Mackoff,Champion Challenger: Annual fee increased from $3000 to $5000.  Transaction fee removed.  No change to setup fee ($2500).  Pricing is “per loan type”.,
2021-05-26,Brendan Mackoff,SBA PPP Business Loans Module: Removed from price card.  Government Programs have ended,
2021-05-26,Brendan Mackoff,"Modern Experience for ML Consumer (Credit Card, Direct Auto, Personal Loans)
Modern Experience for ML Opening
Modern Experience Dashboard
---
Added secondary setup fees for new & existing customers, so we can track which customers have upgraded. 

$900 setup fee for existing clients ($0 for new logo).  Technically price card shows “quote” pricing for setup, because the $900 upgrades all modules to MX (and Modern Experience Dashboard).  This distinction is included in a note to sales.",
2021-05-26,Brendan Mackoff,"ML Entry (Downmarket Pricing) added to price card.
•	Consumer Module ML Entry: $11,869 setup + $11 per app transaction fee
•	Opening Module ML Entry: $9786 setup + $11 per app transaction fee
•	ML Port ML Entry:  $0 setup (included) + $1500 annual (up to 1999 apps)
•	Document Mapping (loans) $1500 annual fee
•	Document Mapping (deposits) $1500 annual fee
•	ML Entry Core Integration: $5513 setup + $2756 annual.  Note to sales “Only for existing core integrations. Includes default core mapping + up to 10 hours default core mapping changes. Additional hours can be purchased at the current Time & Materials rate.""
•	Admin Pro: internal note to sales “Annual fee is waived in year 1 for ML Entry clients”
",
2021-05-26,Brendan Mackoff,ARMCO VOE and Tax Transcript added to price card.  $0.80 per transaction.,
2021-05-26,Brendan Mackoff,"ML Mortgage Module without setup:  New option for each tier added with $0 setup.  Internal note to Sales: “Add-On. Only to be selected for years 2-5"".  This is a mechanism to sign up smaller FIs with monthly volume below are lowest tier (with automatic annual increases).",
2021-05-26,Brendan Mackoff,"Document Mapping: Pricing methodology changed from Standard to ""Per Pull"".  Applies to ML Consumer, ML Opening, and DecisionLender4 document mapping products.",
2021-05-26,Brendan Mackoff,"ML Consulting API Pro addeded to price card. $15000 one-time fee + $250 per hour time & materials.  
•	Note to sales “Requires API Web Services. One time fee includes 50 hours.  Time and materials starts after the sooner of (a) 50 hours or (b) one year.""  
•	Also a separate option to purchase a bucket of 50 hours for $10,000 (one time).
",
2021-06-04,Ryan Mumphrey,"•	Ability to support Multi-Year ramps for primary services (handles both pure annual and per transaction with commitments)
o	Other product lines can support this as well if they add additional tier lines in the master inventory with $0 setup fee (or discount the setup fee in subsequent years)
•	Updated the VB code in the Reset Builder Macro to reset the Ramp cells to “No”
•	Fixed the Presentation page to lock it correctly so that the Logo for the customer can be edited properly",
2021-06-04,Brendan Mackoff,Standard Data Warehouse Export – Hosted by Subscriber.  Added a note to sales that approval from Product Lead is required,
2021-06-10,Brendan Mackoff,"Removed ""MeridianLink Consumer Discount Module (Y/N)"" flag for Modern Experience and ML Entry.  One time fees should not be further discounted.",
2021-06-29,Brendan Mackoff,Added Loan Program Build/Maintence.  Hourly pricing.  Quote for initial build to be provided by SAE team.  Hourly maintenance covered by MEA.,
2021-06-29,Brendan Mackoff,ML Entry ramp:  ability to add years 2 & 3 of ML Entry without additional setup fees,
2021-06-29,Brendan Mackoff,"Modern Experience setup:  $900 upgrade fee for existing customers. 	$900 upgrade fee for existing customers that unlocks Modern Experience for all modules.  Each module (e.g., credit card, auto loans, etc) then needs to be selected with $0 setup.",
2021-06-29,Brendan Mackoff,Added Data Exchange Criminal Offerings (Trade House Data),
2021-06-29,Brendan Mackoff,Saylent price card added (published without product codes or configs),
2021-06-29,Brendan Mackoff,"Added new tiers to TazWorks Software Platform. 6 tiers in total now: Basic, Professional, Professional Plus, Premium, Enterprise, and Enterprise Plus",
2021-08-20,Ryan Mumphrey,Quote Builder added a feature to set a fixed annual minimum amount you want to target and it shows you next to it the current annual amount and a % of target for your goal minimum,
2021-08-20,Brendan Mackoff,Added a new tab to track Legacy Products that are no longer sold,
2021-08-20,Brendan Mackoff,"ML Entry ramp extended from 3 years to 5 years
--ML Entry for consumer module and opening module extended to 5 years.  Years 4 & 5 added to price card at same price as Year 3. 
--ML Portal for ML Entry price increases after 3 years to standard tiered pricing.  
--no change to document mapping.  Client can continue paying discounted rate all 5 years with restricted # of docs. Client/sales has the option to sell the higher tier if client needs more docs mapped.
--no change to core integration",
2021-08-20,Brendan Mackoff,"ML Portal pricing methdology changed from ""App commitment / Mon"" to ""Standard"" because pricing is Annual Fee (not usage).  Level resets once annually, and there is no overage charge for ML Portal for consumer.  No change to ML Portal Mortgage because that does use usage pricing.",
2021-08-20,Brendan Mackoff,Updated product codes for MeridianLink Mortgage Module.  Replaced MORT-0014 with MORT-0081 per guidance from Account,
2021-08-20,Brendan Mackoff,"Saylent product codes mapped to price card.  Applies to Engage, Explore, and Reward product lines.",
2021-08-20,Brendan Mackoff,DocuSign ISV updated to reflect pricing tiers.  Previously we had only a single tier (which was incorrect).,
2021-08-20,Brendan Mackoff,"Ability to sell monthly commitments (i.e., product codes added) for the following products: Plaid Instant Account Verification, Experian PreciseID for Account Opening, Experian CrossCore PreciseID, Experian CoreCore PreciseID with Knowledge IQ, Experian CrossCore PreciseID for Compliance Prescreening",
2021-08-20,Brendan Mackoff,"ID Scanning:  
--Removed ScanShell 3100D with OCR Software & ScanShell 800 or 200 with OCR Software
--Added Acuant ID Scanning, which costs $0.50 per transaction",
2021-08-20,Brendan Mackoff,"DecisionLender products removed from the price card: 
--DecisionLender - Account Opening Module
--First Close integration
--Black Book Enhanced VIN Matching
--Kelley Blue Book Motorcycle Values
--Reynolds and Reynolds Contracts Direct Lending (Finance Companies)
--Reynolds and Reynolds Contracts Indirect Lending
--Reynolds and Reynolds Contracts Lease Retail
--Reynolds and Reynolds Contracts Forms
--Wolters Kluwer Contracts Direct Lending (Banks and Credit Unions)
--Document Mapping (deposits) - DecisionLender
--Document Mapping (overage) - DecisionLender4 Opening
--Document Mapping (loans + deposits) - DecisionLender",
2021-08-20,Brendan Mackoff,"DecisionLender products that can only be sold with approval from Product Leads.  Updated ""note to sales""
--DL4 - Home Equity Module
--Carleton HOEPA/HPML Validation
--Standard Data Warehouse Export – Hosted by Subscriber",
2021-08-20,Brendan Mackoff,DecisionLender Training added to price card.  Price is $250 per hour.,
2021-08-20,Brendan Mackoff,Added Synergy Image Export under Document Archival category (DecisionLender AddOn).  $3675 setup + $3675 annual,
2021-08-20,Brendan Mackoff,"DecisionLender Mailing Service changes
--Updated product code mappings  
--Updated Note to Sales that one time setup fee includes ""Automatic Decline Letter per DecisionLender provided sample""
--New option to add Additional Templates: $1000 one time fee per additional template",
2021-08-20,Brendan Mackoff,"TazWorks professional services hours split into multiple rows:
1. bucket of 25 hours $5000
2. hourly time & materials $250 per hour",
2021-08-20,Brendan Mackoff,Debt Optimization setup fee $1000 added as well as Cross-Sell Analysis $5000 (ML Consulting),
2021-08-20,Brendan Mackoff,"Removed National Background Data for THD.  Includes National-Level Criminal records Lead Generator, National-Level Criminal records Alias Lead Generator, and State-Level Criminal Records Lead Generator",
2021-08-20,Brendan Mackoff,"For the following THD items, we removed vendor specific EPC rows.  Now clients will not be aware of specific partner, and MeridianLink can have flexibility to change partner behind the scenes.
--National-Level Criminal Records Lead Generator
--National-Level Criminal Records Alias Lead Generator
--State-Level Criminal Records Lead Generator…",
2021-08-20,Brendan Mackoff,Added Explore Marketing - Custom Creative Design to price card.  Price is $850 per piece,
2021-08-20,Brendan Mackoff,Engage - Trigger Files transaction fee updated to $50 per transaction.  Previously incorrectly stated as $0.50 per transaction,
2021-09-02,Brendan Mackoff,"Data Storage for Mortgage Customers with terminated LOS agreements added to price card. Note to sales clarifies, ""Deal should not be completed without Deal Desk review. Consult with ML Mortgage product management for pricing.  Price should be highest of (1) $1500 per month, (2) 20% of current monthly minimum, or (3) 20% of average bill over the last 24 months.  Automatic price increase of 10% each year after year 1.  ""  ",
2021-09-02,Brendan Mackoff,"Monthly commitment product codes added for the following partner products:
--RouteOne E-Contracting
--Deluxe Detect
DealerTrack & RouteOne license fee commitment items not added yet. ",
2021-09-02,Brendan Mackoff,"CrossCore Precise ID, CrossCore Precise ID with OTP and KIQ, and CrossCore Precise ID for Compliance (aka Prescreen) increase setup fee from $2000 to $5000.",
2021-10-08,Ryan Mumphrey,"Quote Builder updates: 
1) Do not reflect Markup % or Discount % since we are calculating based on Minimums
2) ACV Summary at bottom should reflect the target minimums compared to the quoted minimums.
3) Module Discounts should only discount one-times for actual modules (not everything)",
2021-10-08,Ryan Mumphrey,Generic Company ABC logo removed from Quote Presentation tab,
2021-10-08,Brendan Mackoff,Pricing for new VOE integration with Encompass added to price card.  Encompass Partner API Integration is $1000 annually; Encompass VOE Gateway Integration is $1500 setup + $2.25 per transaction,
2021-10-08,Brendan Mackoff,EquityIQ renamed to FirstClose DLP to match the MeridianLink addendum,
2021-10-08,Brendan Mackoff,Updated product code mapping for Plaid commitment,
2021-10-08,Brendan Mackoff,ML Entry new product codes,
2021-10-08,Brendan Mackoff,"API Pro
-- one time fee dropped from $15k to $5k
-- Number of hours drops from 50 to 20 (note to sales updated)
-- new product codes to distinguish from Software Configuration",
2021-10-08,Brendan Mackoff,"CuneXus price increases, including an AUM tier system",
2021-10-08,Brendan Mackoff,Carfax Title Brand Component Commitment item added,
2021-10-08,Brendan Mackoff,ISTWatchOFAC Watchlist Transactions Commitment item added,
2021-10-08,Brendan Mackoff,ClickSWITCH Transactions Commitment item added for new CS clients,
2021-10-08,Brendan Mackoff,AutoCheck Commitment item added,
2021-10-08,Brendan Mackoff,IST CorrectAddress Commitment item added,
2021-10-08,Brendan Mackoff,TeleCheck Commitment item added,
2021-10-08,Brendan Mackoff,TransUnion Identity Manager Verification and Identity Manager Authentication Commitment item added,
2021-10-08,Brendan Mackoff,TransUnion Identity Manager Verification Commitment item added,
2021-10-08,Brendan Mackoff,Equifax eIDcompare Commitment item added,
2021-10-08,Brendan Mackoff,Equifax eIDCompare with eIDverifier Commitment item added,
2021-10-08,Brendan Mackoff,CreditXpert Credit Assure Commitment item added,
2021-10-08,Brendan Mackoff,CreditXpert Subscription Bundle Commitment item added,
2021-10-08,Brendan Mackoff,Equifax InstaTouch Commitment item added,
2021-10-08,Brendan Mackoff,Black Book Transactions Commitment item added,
2021-10-08,Brendan Mackoff,Kelley Blue Book Commitment item added,
2021-10-08,Brendan Mackoff,J.D. Power Commitment item added under NADA,
2021-10-08,Brendan Mackoff,J.D. Power other Commitment item added under NADA Other,
2021-10-08,Brendan Mackoff,Mortgage SAT Commitment item added,
2021-10-08,Brendan Mackoff,Fax Commitment item added,
2021-10-08,Brendan Mackoff,"Updated product name from Engage ""Data Integration"" to ""Original Data Integration"".  Add note to sales that ""This is for the first data integration or only data integration. """,
2021-10-08,Brendan Mackoff,"Added ""Additional Data Integration"" for Engage. $2500 setup fee.",
2021-10-08,Brendan Mackoff,"Updated category and product name from ""Engage - Lending Insights"" to ""Engage - Lending Module""",
2021-10-08,Brendan Mackoff,"Remove the following Engage add ons:
--Engage - Prospecting
--Engage Marketing - Direct Mail - Postcard
--Engage Marketing - Direct Mail - Self-Mailer
--Engage Marketing - Direct Mail - Letter
--Engage Marketing - Email
--Engage Marketing - Reward Gift Card
--Engage Marketing - Reward Cash Back
--Engage Marketing - Custom Creative Design
--Engage Marketing - Prescreen
This removes all TEM products from Engage",
2021-10-08,Brendan Mackoff,"Update internal notes for sales on Engage Trigger File, ""
$1500 per month minimum  for 6 months, Additional $1,250.00 for each trigger type (Mortgage, Vehicle, Credit Card)""",
2021-10-08,Brendan Mackoff,"Update one time fees for the following Engage categories:
	Primary Service: $1,250
	Add on - Additional Data Integration: $2,500
	Add on - Lending Module: $2,500
	Add on - Card Module: $2,500
	Add on - Core Module: $2,500
	Add on - Data Augmentation: $2,500
	Add on - Trigger File: $3,750
	Add on - Advanced Modeling: $1,250",
2021-10-08,Brendan Mackoff,Product Descriptions updated for all Engage prducts,
2021-10-18,Ryan Mumphrey,Add On tabs now allow Sales Reps to resize column width,
2021-10-18,Ryan Mumphrey,CuneXus price increases now sync'd to Add Ons - Consumer tab,
2021-10-18,Brendan Mackoff,Removed reference to Apex Interface from XP2 Export offering (DecisionLender).  Updating product name and note to sales. ,
2021-12-21,Kara Soghigian,RouteOne Electronic Contracting Cumulative added as an additional item for accounting,
2021-12-21,Kara Soghigian,Category for Global Security Watch List from DataDivers changed from Primary Service to Add On Ancilliary Service (Trade House Data),
2021-12-21,Kara Soghigian,"Reschedule Live Date, one time fee of $1575 changed to quote pricing",
2021-12-21,Kara Soghigian,"Added CreditSnap to price card $2100 setup fee, $1575 annual fee",
2021-12-21,Kara Soghigian,"Engage, renamed Original Data Integration to Data Integration & Management for all tiers",
2021-12-21,Kara Soghigian,"Engaged, renamed Additional Data Integration to Additional Data Integration & Management",
2021-12-21,Kara Soghigian,"Engage, changed one time fee for Original Data Integraion & Management and Additional Data Integration & Management from $2,500 to $6,250",
2021-12-21,Kara Soghigian,"DecisionLender- Experian Precise ID Removed from price card. Not currently in production, some dev work still remains",
2021-12-21,Kara Soghigian,Finicity VOA changed product code mapping for set up,
2021-12-21,Kara Soghigian,Removed Deluxe Detect and Deluxe Match Fee from price card due to vendor sunset,
2021-12-21,Kara Soghigian,"Changed Core Conversion fee from $10,500 to $11,025",
2021-12-21,Kara Soghigian,CuNexus changed top tier from $1B+ to $5B+,
2021-12-21,Kara Soghigian,"Vanity URL changed Annual Fee to $0, One Time Fee to $100, category change from Ancillary Service to Professional Services",
2021-12-21,Kara Soghigian,Customer Identification Verification renamed to Consent Identity Verification,
2021-12-21,Kara Soghigian,Changed product codes for HealthCare Compliance Search,
2021-12-21,Kara Soghigian,Changed product codes for Denver County Criminal Search,
2021-12-21,Kara Soghigian,Changed product codes for Colorado state Criminal Search,
2021-12-21,Kara Soghigian,Credit Report changed product codes,
2021-12-21,Kara Soghigian,Consent Identity Verification (CIV) - Success changed product codes,
2021-12-21,Kara Soghigian,Consent Identity Verification (CIV) - Fail changed product codes,
2021-12-21,Kara Soghigian,Attachments over 5 MB changed product codes,
2021-12-21,Kara Soghigian,MotoRefi name change to Caribou,
2021-12-21,Kara Soghigian,"Updated THD product code mappings for Healtcare Compliance Search (Appriss & Typhoon Data), Denver County Fee for Statewide Criminal Search, Denver County Fee for State-Level Criminal Search, Colorado State Fee for Statewide Criminal Search, and Colorado State Fee for State-Level Criminal Search. ",
2021-12-21,Kara Soghigian,Encompass Flood Gateway Integration added to price card,
2021-12-21,Kara Soghigian,Added Okta Single Sign on to price card for MCL. $1000 setup fee.,
2021-12-21,Kara Soghigian,Form I-9 Verification changed product codes,
2021-12-21,Kara Soghigian,"Integration with Workday, International Canadian Criminal Records Search, Add Criminal Monitor Service, removed Vendor name from product proposal name",
2021-12-21,Kara Soghigian,"Custom Product or Service - transaction fee, added option for annual maintenance fee and optional commitment fee",
2021-12-21,Kara Soghigian,Added CULA Integration for DecisionLender. $3000 setup fee and $3000 annual fee,
2021-12-21,Kara Soghigian,Added Point Predictive for DecisionLender to price card with $3675 setup fee and $1575 annual fee,
2021-12-21,Kara Soghigian,"Engage, updated product codes for Additional Data Integration  & Management, Managed Service, and Instution Data Augmentation",
2021-12-21,Kara Soghigian,"LDAP, updated category for the Setup fee to Primary Service, updated product name of Secondary Fee to Secondary Use Fee",
2021-12-21,Kara Soghigian,AffordIT: Added to price card with $2100 setup fee & $1575 annual fee,
2022-01-07,Kara Soghigian,After Hours Assistance-Changed one time fee to $420,
2022-01-07,Kara Soghigian,After Hours Assistance - Expedite Fee-Changed one time fee to $1655,
2022-01-07,Kara Soghigian,"API Web Services-Changed one time fee to $525, changed annual fee to $5350",
2022-01-07,Kara Soghigian,Black Book-Changed per transaction fee to $0.42,
2022-01-07,Kara Soghigian,"Data Storage - Mortgage (Active ML Mortgage clients), Removed from Price Card-",
2022-01-07,Kara Soghigian,"DecisionLender - Consumer Portal-Changed one time fee to $21,000, Changed annual fee to $16,050",
2022-01-07,Kara Soghigian,"DecisionLender - Direct Consumer Module-Changed one time fee to $21,000, Changed per transaction fee to $9.70, Changed monthly minimum to $1940",
2022-01-07,Kara Soghigian,"DecisionLender - Home Equity Module-Changed one time fee to $15,750, Changed per transaction fee to $15.95, Changed monthly minimum to $1590",
2022-01-07,Kara Soghigian,"DecisionLender - Indirect Lending Module-Changed one time fee to $15,750, Changed per transaction fee to $3.55, Changed monthly minimum to $3550",
2022-01-07,Kara Soghigian,"DecisionLender - Indirect Lending Module-Changed one time fee to $17,850, Changed per transaction fee to $2.95, Changed monthly minimum to $5900",
2022-01-07,Kara Soghigian,"DecisionLender - Indirect Lending Module-Changed one time fee to $10,500, Changed per transaction fee to $4.75, Changed monthly minimum to $1187.50",
2022-01-07,Kara Soghigian,"DecisionLender - Indirect Lending Module-Changed one time fee to $21,000, Changed per transaction fee to $2.65, Changed monthly minimum to $10,600",
2022-01-07,Kara Soghigian,"DecisionLender - Indirect Lending Module-Changed one time fee to $12,600, Changed per transaction fee to $4.15, Changed monthly minimum to $2075",
2022-01-07,Kara Soghigian,"DecisionLender - Indirect Lending Module-Changed one time fee to $31,500, Changed per transaction fee to $2.40, Changed monthly minimum to $19,200",
2022-01-07,Kara Soghigian,DecisionLender AccesSoftek SSO-Changed annual fee to $3370,
2022-01-07,Kara Soghigian,"DecisionLender AI Extract-Changed one time fee to $525, Changed annual fee to $325",
2022-01-07,Kara Soghigian,"DecisionLender Allied Solutions IQQ-Changed one time fee to $2625, Changed annual fee to $1000",
2022-01-07,Kara Soghigian,DecisionLender Archive files - Email notification of availability of monthly files in the Online Statement Management system-Changed one time fee to $790,
2022-01-07,Kara Soghigian,DecisionLender Archive files - SFTP monthly Folder Delivery-Changed one time fee to $790,
2022-01-07,Kara Soghigian,"DecisionLender BizChex-Changed one time fee to $1500, Changed annual fee to $300, Removed per transaction fee",
2022-01-07,Kara Soghigian,DecisionLender Black Book Historical Adjusted Values-Changed per transaction fee to $0.42,
2022-01-07,Kara Soghigian,DecisionLender Black Book Motorcycle Values-Changed per transaction fee to $0.42,
2022-01-07,Kara Soghigian,DecisionLender Black Book Valauations (Used Car and Motorcycle) -Changed per transaction fee to $0.42,
2022-01-07,Kara Soghigian,"DecisionLender Carfax Vehicle History and/or Vehicle Loss Report-Changed one time fee to $1575, Changed annual fee to $565",
2022-01-07,Kara Soghigian,DecisionLender Carleton HOEPA/HPML Validation-Changed per transaction fee to $0.17,
2022-01-07,Kara Soghigian,DecisionLender Carleton Monthly Payment Calculation-Changed one time fee to $165,
2022-01-07,Kara Soghigian,DecisionLender Carleton Regulation Z Calculation-Changed per transaction fee to $0.17,
2022-01-07,Kara Soghigian,"DecisionLender CBD-Changed one time fee to $3500, Changed annual fee to $1575",
2022-01-07,Kara Soghigian,"DecisionLender CCMC Standard Export-Changed one time fee to $11,580, Changed annual fee to $2950",
2022-01-07,Kara Soghigian,"DecisionLender Champion Challenger-Changed one time fee to $5000, Changed annual fee to $6000",
2022-01-07,Kara Soghigian,"DecisionLender ChexSystems-Changed one time fee to $1575, Changed annual fee to $1000",
2022-01-07,Kara Soghigian,"DecisionLender Core interface-Changed one time fee to $11,580, Changed annual fee to $2950",
2022-01-07,Kara Soghigian,"DecisionLender Corelation Interface-Changed one time fee to $11,580, Changed annual fee to $2950",
2022-01-07,Kara Soghigian,"DecisionLender Credit Card Export-Changed one time fee to $3675, Changed annual fee to $1685",
2022-01-07,Kara Soghigian,"DecisionLender Cross-Sell-Changed one time fee to $3675, Changed annual fee to $4200",
2022-01-07,Kara Soghigian,"DecisionLender Datasafe Export-Changed one time fee to $11,580, Changed annual fee to $2950",
2022-01-07,Kara Soghigian,DecisionLender DealerTrack DDS -Changed one time fee to $5250,
2022-01-07,Kara Soghigian,"DecisionLender DealPack Export-Changed one time fee to $11,580, Changed annual fee to $2950",
2022-01-07,Kara Soghigian,"DecisionLender Dedicated VPN Connection-Changed one time fee to $3860, Changed annual fee to $2250",
2022-01-07,Kara Soghigian,"DecisionLender Digital Insight SSO-, Changed annual fee to $3370",
2022-01-07,Kara Soghigian,"DecisionLender DLX – One Way-Changed one time fee to $5000, Changed annual fee to $1500",
2022-01-07,Kara Soghigian,"DecisionLender DLX – Two Way-Changed one time fee to $5000, Changed annual fee to $1500",
2022-01-07,Kara Soghigian,DecisionLender Document Mapping (loans)-Changed annual fee to $3655,
2022-01-07,Kara Soghigian,"DecisionLender Document Mapping (overage)-Changed one time fee to $225, Changed annual fee to $225",
2022-01-07,Kara Soghigian,"DecisionLender Document Mapping (overage)-Changed one time fee to $330, Changed annual fee to $225",
2022-01-07,Kara Soghigian,DecisionLender DocuSign - Advanced API-Changed one time fee to $1575,
2022-01-07,Kara Soghigian,DecisionLender eIDverifier -Changed one time fee to $1605,
2022-01-07,Kara Soghigian,"DecisionLender Experian Clarity Score -Changed one time fee to $5670, Changed annual fee to $1160",
2022-01-07,Kara Soghigian,"DecisionLender Finastra Application Exchange Interface-Changed one time fee to $11,580, Changed annual fee to $2950",
2022-01-07,Kara Soghigian,"DecisionLender FIserv Integrasys-Changed one time fee to $11,580, Changed annual fee to $2950",
2022-01-07,Kara Soghigian,"DecisionLender GPS Interface-Changed one time fee to $11,580, Changed annual fee to $2950",
2022-01-07,Kara Soghigian,"DecisionLender High Availability (HA) VPN -Changed one time fee to $3860, Changed annual fee to $2250",
2022-01-07,Kara Soghigian,"DecisionLender HYLS-Changed one time fee to $3500, Changed annual fee to $1575",
2022-01-07,Kara Soghigian,DecisionLender Identity Manager – ID Decision Bundle -Changed one time fee to $1605,
2022-01-07,Kara Soghigian,DecisionLender IDV only-Changed one time fee to $1605,
2022-01-07,Kara Soghigian,"DecisionLender Image Transfer-Changed one time fee to $3875, Changed annual fee to $3935",
2022-01-07,Kara Soghigian,DecisionLender IMM eSignature Hosted (on SAS)-Changed one time fee to $1575,
2022-01-07,Kara Soghigian,"DecisionLender IMM eSignature on Premise-Changed one time fee to $5250, Changed annual fee to $1070",
2022-01-07,Kara Soghigian,"DecisionLender Inbound Faxing -Changed one time fee to $525, Changed annual fee to $1930, Changed per transaction fee to $0.20",
2022-01-07,Kara Soghigian,DecisionLender Inbound Faxing - Additional Storage-Changed annual fee to $385,
2022-01-07,Kara Soghigian,"DecisionLender JD Power Classic Car Guide-Changed one time fee to $275, Changed annual fee to $645, Changed per transaction fee to $0.42",
2022-01-07,Kara Soghigian,"DecisionLender JD Power Marine Guide-Changed one time fee to $275, Changed annual fee to $645, Changed per transaction fee to $0.42",
2022-01-07,Kara Soghigian,DecisionLender JD Power Motorcycle Values-Changed per transaction fee to $0.42,
2022-01-07,Kara Soghigian,"DecisionLender JD Power Powersport/Motorcycle Guide-Changed one time fee to $275, Changed annual fee to $645, Changed per transaction fee to $0.42",
2022-01-07,Kara Soghigian,"DecisionLender JD Power RV Guide-Changed one time fee to $275, Changed annual fee to $645, Changed per transaction fee to $0.42",
2022-01-07,Kara Soghigian,DecisionLender JD Power Used Car Values-Changed per transaction fee to $0.42,
2022-01-07,Kara Soghigian,DecisionLender Kelly Blue Book Car Values-Changed per transaction fee to $0.42,
2022-01-07,Kara Soghigian,"DecisionLender Laser Pro Export-Changed one time fee to $5250, Changed annual fee to $1125",
2022-01-07,Kara Soghigian,DecisionLender Lexis Nexis – Instant ID -Changed one time fee to $1605,
2022-01-07,Kara Soghigian,DecisionLender Lexis Nexis – Risk View -Changed one time fee to $1605,
2022-01-07,Kara Soghigian,"DecisionLender Lowenstein export-Changed one time fee to $11,580, Changed annual fee to $2950",
2022-01-07,Kara Soghigian,DecisionLender Mailing service - Additional Letter Templates-Changed one time fee to $375,
2022-01-07,Kara Soghigian,"DecisionLender Mailing service (1-2,499)-Changed one time fee to $1050, Changed per transaction fee to $1.28",
2022-01-07,Kara Soghigian,"DecisionLender Mailing service (2,500-4,999)-Changed one time fee to $1050, Changed per transaction fee to $1.22",
2022-01-07,Kara Soghigian,"DecisionLender Mailing service (5,000 and over)-Changed one time fee to $1050, Changed per transaction fee to $1",
2022-01-07,Kara Soghigian,"DecisionLender Megasys Export-Changed one time fee to $11,580, Changed annual fee to $2950",
2022-01-07,Kara Soghigian,"DecisionLender Net Teller SSO-, Changed annual fee to $3370",
2022-01-07,Kara Soghigian,"DecisionLender Nortridge Export-Changed one time fee to $11,580, Changed annual fee to $2950",
2022-01-07,Kara Soghigian,DecisionLender Outbound Faxing-Changed per transaction fee to $0.17,
2022-01-07,Kara Soghigian,"DecisionLender ParaData Export-Changed one time fee to $11,580, Changed annual fee to $2950",
2022-01-07,Kara Soghigian,"DecisionLender Portico Interface-Changed one time fee to $11,580, Changed annual fee to $2950",
2022-01-07,Kara Soghigian,"DecisionLender Postal Verification Database (PVD)-Changed one time fee to $1575, Changed per transaction fee to $0.06",
2022-01-07,Kara Soghigian,"DecisionLender Precise ID-Changed one time fee to $5000, Changed annual fee to $1000, Removed per transaction fee",
2022-01-07,Kara Soghigian,DecisionLender Propay-Changed annual fee to $1070,
2022-01-07,Kara Soghigian,DecisionLender Protection Advisor-Changed annual fee to $1000,
2022-01-07,Kara Soghigian,DecisionLender PS Hourly: 1-2 hours-Changed one time fee to $525,
2022-01-07,Kara Soghigian,DecisionLender PS Hourly: 3-4 hours-Changed one time fee to $1050,
2022-01-07,Kara Soghigian,DecisionLender PS Hourly: 5+ hours-Changed one time fee to $240,
2022-01-07,Kara Soghigian,"DecisionLender PSCU-Changed one time fee to $3950, Changed annual fee to $1685",
2022-01-07,Kara Soghigian,DecisionLender RouteOne eContracting-Changed one time fee to $3150,
2022-01-07,Kara Soghigian,"DecisionLender Share Tech Export -Changed one time fee to $11,580, Changed annual fee to $2950",
2022-01-07,Kara Soghigian,"DecisionLender Shaw Solutions Spectrum -Changed one time fee to $11,580, Changed annual fee to $2950",
2022-01-07,Kara Soghigian,"DecisionLender Single SignOn via SAML-Changed one time fee to $4410, Changed annual fee to $1685",
2022-01-07,Kara Soghigian,"DecisionLender Spectrum Pathways Interface-Changed one time fee to $11,580, Changed annual fee to $2950",
2022-01-07,Kara Soghigian,"DecisionLender Standard Data Dump-Changed one time fee to $11,580, Changed annual fee to $2760",
2022-01-07,Kara Soghigian,"DecisionLender Standard Data Warehouse Export – Hosted by Subscriber-Changed one time fee to Quote, Changed annual fee to Quote",
2022-01-07,Kara Soghigian,"DecisionLender Standard Export-Changed one time fee to $11,580, Changed annual fee to $2760",
2022-01-07,Kara Soghigian,"DecisionLender Symitar SymConnect-Changed one time fee to $11,580, Changed annual fee to $2950",
2022-01-07,Kara Soghigian,"DecisionLender Synergy Esign-Changed one time fee to $3860, Changed annual fee to $3935",
2022-01-07,Kara Soghigian,"DecisionLender Synergy Image Export-Changed one time fee to $3875, Changed annual fee to $3935",
2022-01-07,Kara Soghigian,"DecisionLender The Work Number-Changed one time fee to $2625, Changed annual fee to $1000",
2022-01-07,Kara Soghigian,DecisionLender Training-Changed one time fee to $265,
2022-01-07,Kara Soghigian,"DecisionLender Visual Gap by Frost-Changed one time fee to $3500, Changed annual fee to $1500",
2022-01-07,Kara Soghigian,"DecisionLender XP2 Export-Changed one time fee to $11,580, Changed annual fee to $2950",
2022-01-07,Kara Soghigian,Dedicated Server Production Updates-Changed one time fee to $5515,
2022-01-07,Kara Soghigian,Disaster Recovery Testing-Changed one time fee to $630,
2022-01-07,Kara Soghigian,DocuSign ISV Tier 1 (50 envelopes included)-Changed one time fee to $1575,
2022-01-07,Kara Soghigian,DocuSign ISV Tier 2 (100 envelopes included)-Changed one time fee to $1575,
2022-01-07,Kara Soghigian,DocuSign ISV Tier 3 (150 envelopes included)-Changed one time fee to $1575,
2022-01-07,Kara Soghigian,DocuSign ISV Tier 4 (200 envelopes included)-Changed one time fee to $1575,
2022-01-07,Kara Soghigian,DocuSign ISV Tier 5 (300 envelopes included)-Changed one time fee to $1575,
2022-01-07,Kara Soghigian,DocuSign ISV Tier 6 (500 envelopes included)-Changed one time fee to $1575,
2022-01-07,Kara Soghigian,DocuSign ISV Tier 7 (501+ envelopes)-Changed one time fee to $1575,
2022-01-07,Kara Soghigian,IT Unscheduled Change Request-Changed one time fee to $630,
2022-01-07,Kara Soghigian,KBB-Changed per transaction fee to $0.42,
2022-01-07,Kara Soghigian,"MeridianLink Consumer - Business Module (0-249 apps)-Changed one time fee to $11,580, changed per transaction fee to $23.60",
2022-01-07,Kara Soghigian,"MeridianLink Consumer - Business Module (1000-1999 apps)-Changed one time fee to $11,580, changed per transaction fee to $11.80, changed monthly minimum to $11,800",
2022-01-07,Kara Soghigian,"MeridianLink Consumer - Business Module (250-499 apps)-Changed one time fee to $11,580, changed per transaction fee to $18.90, changed monthly minimum to $4725",
2022-01-07,Kara Soghigian,"MeridianLink Consumer - Business Module (500-999 apps)-Changed one time fee to $11,580, changed per transaction fee to $15.35, changed monthly minimum to $7675",
2022-01-07,Kara Soghigian,"MeridianLink Consumer - Consumer Module (0-249 apps)-Changed one time fee to $19,680, changed per transaction fee to $9.90",
2022-01-07,Kara Soghigian,"MeridianLink Consumer - Consumer Module (1000-1999 apps)-Changed one time fee to $37,050, changed per transaction fee to $6.15, changed monthly mininum to $6150",
2022-01-07,Kara Soghigian,"MeridianLink Consumer - Consumer Module (2000-3999 apps)-Changed one time fee to $45,150, changed per transaction fee to $4.75, changed monthly mininum to $9500",
2022-01-07,Kara Soghigian,"MeridianLink Consumer - Consumer Module (250-499 apps)-Changed one time fee to $24,310, changed per transaction fee to $8.75, changed monthly mininum to $2187.50",
2022-01-07,Kara Soghigian,"MeridianLink Consumer - Consumer Module (4000-7999 apps)-Changed one time fee to $52,100, changed per transaction fee to $3.30, changed monthly mininum to $13,200",
2022-01-07,Kara Soghigian,"MeridianLink Consumer - Consumer Module (500-999 apps)-Changed one time fee to $31,260, changed per transaction fee to $7.55, changed monthly mininum to $3775",
2022-01-07,Kara Soghigian,"MeridianLink Consumer - Consumer Module (8000+  apps)-Changed one time fee to $59,050, changed per transaction fee to $2.75, changed monthly mininum to $22,000",
2022-01-07,Kara Soghigian,"MeridianLink Consumer - Home Equity Module (0-249 apps)-Changed one time fee to $11,580, changed per transaction fee to $17.70",
2022-01-07,Kara Soghigian,"MeridianLink Consumer - Home Equity Module (1000-1999 apps)-Changed one time fee to $11,580, changed per transaction fee to $8.30, changed monthly mininum to $8300",
2022-01-07,Kara Soghigian,"MeridianLink Consumer - Home Equity Module (250-499 apps)-Changed one time fee to $11,580, changed per transaction fee to $14.20, changed monthly mininum to $3550",
2022-01-07,Kara Soghigian,"MeridianLink Consumer - Home Equity Module (500-999 apps)-Changed one time fee to $11,580, changed per transaction fee to $10.65, changed monthly mininum to $5325",
2022-01-07,Kara Soghigian,"MeridianLink Consumer - Indirect Lending Module (0-249 apps)-Changed one time fee to $8335, changed per transaction fee to $5.90",
2022-01-07,Kara Soghigian,"MeridianLink Consumer - Indirect Lending Module (1000-1999 apps)-Changed one time fee to $8335, changed per transaction fee to $3.55, changed monthly minimum to $3550",
2022-01-07,Kara Soghigian,"MeridianLink Consumer - Indirect Lending Module (2000-3999 apps)-Changed one time fee to $8335, changed per transaction fee to $2.95, changed monthly minimum to $5900",
2022-01-07,Kara Soghigian,"MeridianLink Consumer - Indirect Lending Module (250-499 apps)-Changed one time fee to $8335, changed per transaction fee to $4.75, changed monthly minimum to $1187.50",
2022-01-07,Kara Soghigian,"MeridianLink Consumer - Indirect Lending Module (4000-7999 apps)-Changed one time fee to $8335, changed per transaction fee to $2.65, changed monthly minimum to $10,600",
2022-01-07,Kara Soghigian,"MeridianLink Consumer - Indirect Lending Module (500-999 apps)-Changed one time fee to $8335, changed per transaction fee to $4.15, changed monthly minimum to $2075",
2022-01-07,Kara Soghigian,"MeridianLink Consumer - Indirect Lending Module (8000+  apps)-Changed one time fee to $8335, changed per transaction fee to $2.40, changed monthly minimum to $19,200",
2022-01-07,Kara Soghigian,"MeridianLink Insight-Changed annual fee to $16,500",
2022-01-07,Kara Soghigian,MeridianLink Insight - Additional Power User-Changed annual fee to $1550,
2022-01-07,Kara Soghigian,MeridianLink Insight - Additional Standard User-Changed annual fee to $105,
2022-01-07,Kara Soghigian,"MeridianLink Mortgage Tiers, changed tier structure from 0-7 to 0-14-",
2022-01-07,Kara Soghigian,"MeridianLink Opening Module (0-249 apps)-Changed one time fee to $13,895, changed per transaction fee to $9.90",
2022-01-07,Kara Soghigian,"MeridianLink Opening Module (1000-1999 apps)-Changed one time fee to $25,470, changed per transaction fee to $6.15, changed monthly minimum to $6150",
2022-01-07,Kara Soghigian,"MeridianLink Opening Module (2000-3999 apps)-Changed one time fee to $31,255, changed per transaction fee to $4.75, changed monthly minimum to $9500",
2022-01-07,Kara Soghigian,"MeridianLink Opening Module (250-499 apps)-Changed one time fee to $17,365, changed per transaction fee to $8.75, changed monthly minimum to $2187.50",
2022-01-07,Kara Soghigian,"MeridianLink Opening Module (4000-7999 apps)-Changed one time fee to $37,050, changed per transaction fee to $3.30, changed monthly minimum to $13,200",
2022-01-07,Kara Soghigian,"MeridianLink Opening Module (500-999 apps)-Changed one time fee to $20,840, changed per transaction fee to $7.55, changed monthly minimum to $3775",
2022-01-07,Kara Soghigian,"MeridianLink Opening Module (8000+  apps)-Changed one time fee to $45,150, changed per transaction fee to $2.75, changed monthly minimum to $22,000",
2022-01-07,Kara Soghigian,MeridianLink Portal - Additional Portal-Changed annual fee to $1125,
2022-01-07,Kara Soghigian,"MeridianLink Portal - Automation Package (Auto-booking, online banking registration, auto-disbursements for MeridianLink Consumer)-Changed annual fee to $1685",
2022-01-07,Kara Soghigian,MeridianLink Portal - Custom URL-Changed annual fee to $1125,
2022-01-07,Kara Soghigian,"MeridianLink Portal - Digital Engagement Package (co-browsing video chat)-Changed one time fee to $3310, changed annual fee to $1685",
2022-01-07,Kara Soghigian,MeridianLink Portal - Equifax InstaTouch-Changed one time fee to $1655,
2022-01-07,Kara Soghigian,MeridianLink Portal - Plus Package-Changed annual fee to $3370,
2022-01-07,Kara Soghigian,"MeridianLink Portal (96000-191999 apps)-Changed annual fee to $1685, changed annual fee to $31,710, updated comments to For existing customers, pricing changes when client re-ups (contract expiration and/or extension); level determined by previous year volume",
2022-01-07,Kara Soghigian,MeridianLink Portal (ML Entry -- years 4+ -- 0-2999 apps)-Changed annual fee to $2265,
2022-01-07,Kara Soghigian,"MeridianLink Portal Level 1 (0-2999 apps)-Changed annual fee to $1685, changed annual fee to $2265, updated comments to For existing customers, pricing changes when client re-ups (contract expiration and/or extension); level determined by previous year volume",
2022-01-07,Kara Soghigian,"MeridianLink Portal Level 2 (3000-5999 apps)-Changed annual fee to $1685, changed annual fee to $6795 updated comments to  For existing customers, pricing changes when client re-ups (contract expiration and/or extension); level determined by previous year volume",
2022-01-07,Kara Soghigian,"MeridianLink Portal Level 3 (6000-11999 apps)-Changed annual fee to $1685, changed annual fee to $10,195, updated comments to For existing customers, pricing changes when client re-ups (contract expiration and/or extension); level determined by previous year volume",
2022-01-07,Kara Soghigian,"MeridianLink Portal Level 4 (12000-23999 apps)-Changed annual fee to $1685, changed annual fee to $13,590, updated comments to For existing customers, pricing changes when client re-ups (contract expiration and/or extension); level determined by previous year volume",
2022-01-07,Kara Soghigian,"MeridianLink Portal Level 5 (24000-47999 apps)-Changed annual fee to $1685, changed annual fee to $16,990, updated comments to For existing customers, pricing changes when client re-ups (contract expiration and/or extension); level determined by previous year volume",
2022-01-07,Kara Soghigian,"MeridianLink Portal Level 6 (48000-95999 apps)-Changed annual fee to $1685, changed annual fee to $20,385, updated comments to For existing customers, pricing changes when client re-ups (contract expiration and/or extension); level determined by previous year volume",
2022-01-07,Kara Soghigian,MeridianLink Portal Mortgage - Additional Portal-Changed annual fee to $1125,
2022-01-07,Kara Soghigian,MeridianLink Portal Mortgage - Custom URL-Changed annual fee to $1125,
2022-01-07,Kara Soghigian,MeridianLink Portal Mortgage - Equifax InstaTouch-Changed one time fee to $1575,
2022-01-07,Kara Soghigian,MeridianLink Portal Mortgage - Site Analytics-Changed annual fee to $1125,
2022-01-07,Kara Soghigian,"MeridianLink Portal Mortgage Level 1 (0-9 Closed Loans/Mon)-Changed one time fee to $2365, changed annual fee to $32.10",
2022-01-07,Kara Soghigian,"MeridianLink Portal Mortgage Level 2 (10-24 Closed Loans/Mon)-Changed one time fee to $2365, changed annual fee to $26.80, changed monthly minimum to $268",
2022-01-07,Kara Soghigian,"MeridianLink Portal Mortgage Level 3 (25-49 Closed Loans/Mon)-Changed one time fee to $2365, changed annual fee to $22.50, changed monthly minimum to $562.50",
2022-01-07,Kara Soghigian,"MeridianLink Portal Mortgage Level 4 (50-99 Closed Loans/Mon)-Changed one time fee to $2365, changed annual fee to $18.75, changed monthly minimum to $937.50",
2022-01-07,Kara Soghigian,"MeridianLink Portal Mortgage Level 5 (100-399 Closed Loans/Mon)-Changed one time fee to $2365, changed annual fee to $15.55, changed monthly minimum to $1555",
2022-01-07,Kara Soghigian,"MeridianLink Portal Mortgage Level 6 (400+ Closed Loans/Mon)-Changed one time fee to $2365, changed annual fee to $12.85, changed monthly minimum to $5140",
2022-01-07,Kara Soghigian,"ML Consumer  CCM Interface with OSI-Changed one time fee to $3860, changed annual fee to $1690",
2022-01-07,Kara Soghigian,"ML Consumer  PSCU (Credit Card)-Changed one time fee to $3860, changed annual fee to $1690",
2022-01-07,Kara Soghigian,"ML Consumer  TMG-Changed one time fee to $3860, changed annual fee to $1690",
2022-01-07,Kara Soghigian,"ML Consumer  Tsys ADM-Changed one time fee to $3860, changed annual fee to $1690",
2022-01-07,Kara Soghigian,"ML Consumer  Visa Advanced ID Solutions (VAIS)-Changed one time fee to $3860, changed annual fee to $1690",
2022-01-07,Kara Soghigian,"ML Consumer Access Softek Mobile App Push-Changed one time fee to $4410, changed annual fee to $2250",
2022-01-07,Kara Soghigian,"ML Consumer Accurate Group-  Settlement Services-Changed one time fee to $2205, changed annual fee to $1690",
2022-01-07,Kara Soghigian,"ML Consumer Add Additional Lender-Changed one time fee to $5515, changed annual fee to $2250",
2022-01-07,Kara Soghigian,ML Consumer Additional Automated Actions-Changed annual fee to $1690,
2022-01-07,Kara Soghigian,ML Consumer Additional Scheduled Reports-Changed annual fee to $1690,
2022-01-07,Kara Soghigian,"ML Consumer Alkami Alkami QuickApply-Changed one time fee to $2760, changed annual fee to $1690",
2022-01-07,Kara Soghigian,"ML Consumer American Service Group (ASG)-Changed one time fee to $2205, changed annual fee to $1690",
2022-01-07,Kara Soghigian,"ML Consumer Auto Exam -Changed one time fee to $2205, changed annual fee to $1690",
2022-01-07,Kara Soghigian,"ML Consumer AutoApprove-Changed one time fee to $2205, changed annual fee to $1690",
2022-01-07,Kara Soghigian,"ML Consumer AutoPay-Changed one time fee to $2205, changed annual fee to $1690",
2022-01-07,Kara Soghigian,"ML Consumer Carfax Vehicle History and/or Vehicle Loss Report-Changed one time fee to $1105, changed annual fee to $565",
2022-01-07,Kara Soghigian,ML Consumer Changing Home Banking Vendor-Changed one time fee to $1115,
2022-01-07,Kara Soghigian,ML Consumer CLF Export Automated Action-Changed annual fee to $1125,
2022-01-07,Kara Soghigian,"ML Consumer ClickSWITCH (existing CS client)-Changed one time fee to $5515, annual fee to $3375",
2022-01-07,Kara Soghigian,ML Consumer ClickSWITCH (new CS client)-Changed one time fee to $8270,
2022-01-07,Kara Soghigian,ML Consumer Clinics-Changed one time fee to $4200,
2022-01-07,Kara Soghigian,"ML Consumer CMC Flex-Changed one time fee to $11,580, changed annual fee to $2950",
2022-01-07,Kara Soghigian,"ML Consumer COCC COCC-Changed one time fee to $11,580, changed annual fee to $2950",
2022-01-07,Kara Soghigian,ML Consumer Compliance Solutions CSi-Changed one time fee to $5515,
2022-01-07,Kara Soghigian,"ML Consumer Core Conversion-Changed one time fee to $11,025",
2022-01-07,Kara Soghigian,"ML Consumer Corelation KeyStone-Changed one time fee to $11,580, changed annual fee to $2950",
2022-01-07,Kara Soghigian,"ML Consumer CUAnswers CUBase-Changed one time fee to $11,580, changed annual fee to $2950",
2022-01-07,Kara Soghigian,"ML Consumer CUDP CUProdigy-Changed one time fee to $11,580, changed annual fee to $2950",
2022-01-07,Kara Soghigian,"ML Consumer CULA-Changed one time fee to $3150, changed annual fee to $3210",
2022-01-07,Kara Soghigian,"ML Consumer CUNA Loanlink Co-op-Changed one time fee to $3150, changed annual fee to $1125",
2022-01-07,Kara Soghigian,"ML Consumer Data Extraction Tool-Changed one time fee to $4410, changed annual fee to $1125",
2022-01-07,Kara Soghigian,ML Consumer DealerApp-Changed one time fee to $2760,
2022-01-07,Kara Soghigian,ML Consumer DNA Disbursements-Changed one time fee to $3310,
2022-01-07,Kara Soghigian,"ML Consumer DocDownload-Changed one time fee to $3860, changed annual fee to $3935",
2022-01-07,Kara Soghigian,ML Consumer Document Maintenance (additional environment)-Changed annual fee to $3310,
2022-01-07,Kara Soghigian,ML Consumer Document Mapping (deposits)-Changed annual fee to $3585,
2022-01-07,Kara Soghigian,ML Consumer Document Mapping (loans + deposits)-Changed annual fee to $7170,
2022-01-07,Kara Soghigian,ML Consumer Document Mapping (loans)-Changed annual fee to $3585,
2022-01-07,Kara Soghigian,"ML Consumer Document Mapping (overage) - custom-Changed one time fee to $335, changed annual fee to $225",
2022-01-07,Kara Soghigian,"ML Consumer Document Mapping (overage) - MeridianLink Consumer-Changed one time fee to $225, changed annual fee to $225",
2022-01-07,Kara Soghigian,"ML Consumer Document Mapping (overage) - MeridianLink Opening-Changed one time fee to $225, changed annual fee to $225",
2022-01-07,Kara Soghigian,ML Consumer Episys (Disbursement)-Changed one time fee to $3310,
2022-01-07,Kara Soghigian,"ML Consumer EPL iPower-Changed one time fee to $11,580, changed annual fee to $2950",
2022-01-07,Kara Soghigian,"ML Consumer ESP ESP (Forza)-Changed one time fee to $11,580, changed annual fee to $2950",
2022-01-07,Kara Soghigian,"ML Consumer Experian AutoCheck-Changed one time fee to $1105, changed annual fee to $1125",
2022-01-07,Kara Soghigian,"ML Consumer Experian AutoCheck with Buyback Protection-Changed one time fee to $1105, changed annual fee to $1125",
2022-01-07,Kara Soghigian,"ML Consumer Experian Decisioning as a Service (DaaS)-Changed one time fee to $10,500, changed annual fee to $5350",
2022-01-07,Kara Soghigian,ML Consumer Experian Fast Start-Changed annual fee to $1125,
2022-01-07,Kara Soghigian,"ML Consumer Fair Usaac Liquid Credit Integration-Changed one time fee to $5525, changed annual fee to $1690",
2022-01-07,Kara Soghigian,ML Consumer Finastra D+H DepositPro-Changed one time fee to $2760,
2022-01-07,Kara Soghigian,"ML Consumer Finastra D+H DepositPro Plus-Changed one time fee to $2760, changed annual fee to $1125",
2022-01-07,Kara Soghigian,ML Consumer Finastra D+H LaserPro-Changed one time fee to $2760,
2022-01-07,Kara Soghigian,"ML Consumer Finastra D+H LaserPro Plus-Changed one time fee to $2760, changed annual fee to $1125",
2022-01-07,Kara Soghigian,"ML Consumer Finastra Phoenix EFE-Changed one time fee to $11,580, changed annual fee to $2950",
2022-01-07,Kara Soghigian,"ML Consumer Finastra UltraData OpenPath-Changed one time fee to $11,580, changed annual fee to $2950",
2022-01-07,Kara Soghigian,"ML Consumer First Close - Settlement Services-Changed one time fee to $2205, changed annual fee to $1690",
2022-01-07,Kara Soghigian,"ML Consumer FirstClose DLP-Changed one time fee to $2205, changed annual fee to $1690",
2022-01-07,Kara Soghigian,"ML Consumer FIS Bankway (Metavante)-Changed one time fee to $11,580, changed annual fee to $2950",
2022-01-07,Kara Soghigian,"ML Consumer FIS eFunds IDV-Changed one time fee to $2760, changed annual fee to $1690",
2022-01-07,Kara Soghigian,"ML Consumer FIS Horizon-Changed one time fee to $11,580, changed annual fee to $2950",
2022-01-07,Kara Soghigian,"ML Consumer FIS IBS-Changed one time fee to $11,580, changed annual fee to $2950",
2022-01-07,Kara Soghigian,"ML Consumer FIS Miser-Changed one time fee to $11,580, changed annual fee to $2950",
2022-01-07,Kara Soghigian,"ML Consumer FIS RTDX / Base2000-Changed one time fee to $3860, changed annual fee to $1690",
2022-01-07,Kara Soghigian,"ML Consumer FISeFunds IDV & IDA-Changed one time fee to $2760, changed annual fee to $1690",
2022-01-07,Kara Soghigian,"ML Consumer Fiserv CPS-Changed one time fee to $3860, changed annual fee to $1690",
2022-01-07,Kara Soghigian,"ML Consumer FiServ Cunify-Changed one time fee to $11,580, changed annual fee to $2950",
2022-01-07,Kara Soghigian,"ML Consumer FiServ DataSafe-Changed one time fee to $11,580, changed annual fee to $2950",
2022-01-07,Kara Soghigian,"ML Consumer FiServ DNA-Changed one time fee to $11,580, changed annual fee to $2950",
2022-01-07,Kara Soghigian,"ML Consumer Fiserv Fiserv Data Center Direct Connection-Changed one time fee to $4965, changed annual fee to $5620",
2022-01-07,Kara Soghigian,"ML Consumer Fiserv Fiserv DNA Credit Push-Changed one time fee to $2205, changed annual fee to $1125",
2022-01-07,Kara Soghigian,"ML Consumer Fiserv Fiserv Premier-Changed one time fee to $11,580, changed annual fee to $2950",
2022-01-07,Kara Soghigian,"ML Consumer FiServ Galaxy-Changed one time fee to $11,580, changed annual fee to $2950",
2022-01-07,Kara Soghigian,"ML Consumer Fiserv Originate Loans-Changed one time fee to $3860, changed annual fee to $1690",
2022-01-07,Kara Soghigian,"ML Consumer FiServ Portico-Changed one time fee to $11,580, changed annual fee to $2950",
2022-01-07,Kara Soghigian,"ML Consumer FiServ Spectrum (Summit)-Changed one time fee to $11,580, changed annual fee to $2950",
2022-01-07,Kara Soghigian,"ML Consumer FiServ XP System (XP2)-Changed one time fee to $11,580, changed annual fee to $2950",
2022-01-07,Kara Soghigian,"ML Consumer fiVISION-Changed one time fee to $2205, changed annual fee to $1690",
2022-01-07,Kara Soghigian,"ML Consumer iLendingDirect-Changed one time fee to $2205, changed annual fee to $1690",
2022-01-07,Kara Soghigian,"ML Consumer IMM IMM XML (TotaleAtlas)-Changed one time fee to $3860, changed annual fee to $1690",
2022-01-07,Kara Soghigian,"ML Consumer IMM Ready-To-Sign (RTS)-Changed one time fee to $3860, changed annual fee to $1690",
2022-01-07,Kara Soghigian,"ML Consumer IMM Synergy Esign-Changed one time fee to $3860, changed annual fee to $1690",
2022-01-07,Kara Soghigian,"ML Consumer Innovative Funding Services (IFS)-Changed one time fee to $2205, changed annual fee to $1690",
2022-01-07,Kara Soghigian,"ML Consumer JHA Episys (Core)-Changed one time fee to $11,580, changed annual fee to $2950",
2022-01-07,Kara Soghigian,"ML Consumer JHA Jack Henry 20/20-Changed one time fee to $11,580, changed annual fee to $2950",
2022-01-07,Kara Soghigian,"ML Consumer JHA Jack Henry CoreDirector-Changed one time fee to $11,580, changed annual fee to $2950",
2022-01-07,Kara Soghigian,"ML Consumer JHA Jack Henry Silverlake-Changed one time fee to $11,580, changed annual fee to $2950",
2022-01-07,Kara Soghigian,ML Consumer JHA to JHA-Changed one time fee to $3860,
2022-01-07,Kara Soghigian,"ML Consumer Lender Close-  Settlement Services-Changed one time fee to $2205, changed annual fee to $1690",
2022-01-07,Kara Soghigian,"ML Consumer LendingTree-Changed one time fee to $2760, changed annual fee to $2810",
2022-01-07,Kara Soghigian,"ML Consumer LexisNexis Bridger OFAC Watchlist-Changed one time fee to $2205, changed annual fee to $1125",
2022-01-07,Kara Soghigian,"ML Consumer LoanStar Technologies-Changed one time fee to $2205, changed annual fee to $1690",
2022-01-07,Kara Soghigian,"ML Consumer LSI LSI-Changed one time fee to $3150, changed annual fee to $1125",
2022-01-07,Kara Soghigian,ML Consumer Mailing (1-5 Page Envelope)-Changed one time fee to $1105,
2022-01-07,Kara Soghigian,ML Consumer Mailing (21-40 Page Envelope)-Changed one time fee to $1105,
2022-01-07,Kara Soghigian,ML Consumer Mailing (41-60 Page Envelope)-Changed one time fee to $1105,
2022-01-07,Kara Soghigian,ML Consumer Mailing (61-80 Page Envelope)-Changed one time fee to $1105,
2022-01-07,Kara Soghigian,ML Consumer Mailing (6-20 Page Envelope)-Changed one time fee to $1105,
2022-01-07,Kara Soghigian,ML Consumer Mailing (81-100 Page Envelope)-Changed one time fee to $1105,
2022-01-07,Kara Soghigian,ML Consumer Modern Experience Module (existing customer)-Changed one time fee to $945,
2022-01-07,Kara Soghigian,"ML Consumer MotoRefi-Changed one time fee to $2205, changed annual fee to $1690",
2022-01-07,Kara Soghigian,"ML Consumer MoveCU-Changed one time fee to $2205, changed annual fee to $1690",
2022-01-07,Kara Soghigian,"ML Consumer NALN - National Auto Loan Network-Changed one time fee to $2205, changed annual fee to $1690",
2022-01-07,Kara Soghigian,"ML Consumer New Core Integration-Changed one time fee to $11,580, changed annual fee to $2950",
2022-01-07,Kara Soghigian,"ML Consumer New Vista - Settlement Services-Changed one time fee to $2205, changed annual fee to $1690",
2022-01-07,Kara Soghigian,"ML Consumer PSCU PSCU (Call Center)-Changed one time fee to $3150, changed annual fee to $1125",
2022-01-07,Kara Soghigian,"ML Consumer Rate Genius-Changed one time fee to $4410, changed annual fee to $1690",
2022-01-07,Kara Soghigian,"ML Consumer Rate Reset - Direct Core Reset-Changed one time fee to $3310, changed annual fee to $1690",
2022-01-07,Kara Soghigian,"ML Consumer Rate Reset - PreApproval API -Changed one time fee to $3310, changed annual fee to $1690",
2022-01-07,Kara Soghigian,ML Consumer Re-deployment-Changed one time fee to $5515,
2022-01-07,Kara Soghigian,ML Consumer Retrain: Administration Setup with SDC-Changed one time fee to $3860,
2022-01-07,Kara Soghigian,ML Consumer RouteOne eContracting-Changed one time fee to $3150,
2022-01-07,Kara Soghigian,ML Consumer Send Application Records to Core-Changed one time fee to $2760,
2022-01-07,Kara Soghigian,"ML Consumer Share One NewSolutions-Changed one time fee to $11,580, changed annual fee to $2950",
2022-01-07,Kara Soghigian,"ML Consumer SourcePoint - Settlement Services-Changed one time fee to $2205, changed annual fee to $1690",
2022-01-07,Kara Soghigian,ML Consumer Symitar Reconversion-Changed one time fee to $5515,
2022-01-07,Kara Soghigian,"ML Consumer U.S. Postal Services Address Verification (+8k apps)-Changed annual fee to $16,850",
2022-01-07,Kara Soghigian,ML Consumer U.S. Postal Services Address Verification (0 - 499 apps)-Changed annual fee to $1125,
2022-01-07,Kara Soghigian,ML Consumer U.S. Postal Services Address Verification (1k - 1.99k apps)-Changed annual fee to $6750,
2022-01-07,Kara Soghigian,"ML Consumer U.S. Postal Services Address Verification (2k - 3.99k apps)-Changed annual fee to $10,115",
2022-01-07,Kara Soghigian,"ML Consumer U.S. Postal Services Address Verification (4k - 7.99k apps)-Changed annual fee to $13,485",
2022-01-07,Kara Soghigian,ML Consumer U.S. Postal Services Address Verification (500 - 999 apps)-Changed annual fee to $3375,
2022-01-07,Kara Soghigian,"ML Consumer United One Resources - Settlement Services-Changed one time fee to $2205, changed annual fee to $1690",
2022-01-07,Kara Soghigian,"ML Consumer Universal Real Estate Services - Settlement Services-Changed one time fee to $2205, changed annual fee to $1690",
2022-01-07,Kara Soghigian,"ML Consumer VPN Configuration-Changed one time fee to $3860, changed annual fee to $1690",
2022-01-07,Kara Soghigian,"ML Consumer Worldpay fka Vantiv FDR Vantiv-Changed one time fee to $3860, changed annual fee to $1690",
2022-01-07,Kara Soghigian,"ML Consumer Worldpay fka Vantiv VantivFI-Changed one time fee to $3860, changed annual fee to $1690",
2022-01-07,Kara Soghigian,"ML Consumer/Opening Admin Pro-Changed annual fee to $22,000",
2022-01-07,Kara Soghigian,"ML Consumer/Opening Custom Scorecard-Changed one time fee from quote to $70,000",
2022-01-07,Kara Soghigian,"ML Consumer/Opening Decisioning Optimization-Changed one time fee from quote to $60,350",
2022-01-07,Kara Soghigian,"ML Consumer/Opening Enhanced Implementation-Changed one time fee from quote to $65,350",
2022-01-07,Kara Soghigian,ML Consumer/Opening Process and Strategy Maintenance-Removed annual fee,
2022-01-07,Kara Soghigian,"ML Consumer/Opening Software Configuration-Added one time fee, removed per transaction fee",
2022-01-07,Kara Soghigian,NADA-Changed per transaction fee to $0.42,
2022-01-07,Kara Soghigian,NADA Other-Changed per transaction fee to $0.42,
2022-01-07,Kara Soghigian,Offsite Server Production Updates-Changed one time fee to $5515,
2022-01-07,Kara Soghigian,Retrain: End User Workflow - Onsite Training-Changed one time fee to $2205,
2022-01-07,Kara Soghigian,Retrain: End User Workflow - Remote-Changed one time fee to $1655,
2022-01-07,Kara Soghigian,TazCloud Attachments over 5 MB-Changed per transaction fee to $0.26,
2022-01-07,Kara Soghigian,TazCloud Credit Report-Changed per transaction fee to $0.10,
2022-01-07,Kara Soghigian,TazCloud Customer Identification Verification (CIV) - Fail-Changed per transaction fee to $1.04,
2022-01-07,Kara Soghigian,TazCloud Customer Identification Verification (CIV) - Success-Changed per transaction fee to $5.20,
2022-01-07,Kara Soghigian,TazCloud Form I-9 Verification-Changed per transaction fee to $0.26,
2022-01-07,Kara Soghigian,TazCloud Insights Activation Fee-Changed one time fee to $104,
2022-01-07,Kara Soghigian,"TazCloud Insights Monthly Fee (Large + 1 year)-Changed annual fee to $4,992",
2022-01-07,Kara Soghigian,"TazCloud Insights Monthly Fee (Large + 10 years)-Changed annual fee to $10,608",
2022-01-07,Kara Soghigian,"TazCloud Insights Monthly Fee (Large + 11 years)-Changed annual fee to $11,232",
2022-01-07,Kara Soghigian,"TazCloud Insights Monthly Fee (Large + 12 years)-Changed annual fee to $11,856",
2022-01-07,Kara Soghigian,"TazCloud Insights Monthly Fee (Large + 13 years)-Changed annual fee to $12,480",
2022-01-07,Kara Soghigian,"TazCloud Insights Monthly Fee (Large + 14 years)-Changed annual fee to $13,104",
2022-01-07,Kara Soghigian,"TazCloud Insights Monthly Fee (Large + 15 years)-Changed annual fee to $13,728",
2022-01-07,Kara Soghigian,"TazCloud Insights Monthly Fee (Large + 2 years)-Changed annual fee to $5,616",
2022-01-07,Kara Soghigian,"TazCloud Insights Monthly Fee (Large + 3 years)-Changed annual fee to $6,240",
2022-01-07,Kara Soghigian,"TazCloud Insights Monthly Fee (Large + 4 years)-Changed annual fee to $6,864",
2022-01-07,Kara Soghigian,"TazCloud Insights Monthly Fee (Large + 5 years)-Changed annual fee to $7,488",
2022-01-07,Kara Soghigian,"TazCloud Insights Monthly Fee (Large + 6 years)-Changed annual fee to $8,112",
2022-01-07,Kara Soghigian,"TazCloud Insights Monthly Fee (Large + 7 years)-Changed annual fee to $8,736",
2022-01-07,Kara Soghigian,"TazCloud Insights Monthly Fee (Large + 8 years)-Changed annual fee to $9,360",
2022-01-07,Kara Soghigian,"TazCloud Insights Monthly Fee (Large + 9 years)-Changed annual fee to $9,984",
2022-01-07,Kara Soghigian,"TazCloud Insights Monthly Fee (Medium + 1 year)-Changed annual fee to $2,496",
2022-01-07,Kara Soghigian,"TazCloud Insights Monthly Fee (Medium + 10 years)-Changed annual fee to $8,112",
2022-01-07,Kara Soghigian,"TazCloud Insights Monthly Fee (Medium + 11 years)-Changed annual fee to $8,736",
2022-01-07,Kara Soghigian,"TazCloud Insights Monthly Fee (Medium + 12 years)-Changed annual fee to $9,360",
2022-01-07,Kara Soghigian,"TazCloud Insights Monthly Fee (Medium + 13 years)-Changed annual fee to $9,984",
2022-01-07,Kara Soghigian,"TazCloud Insights Monthly Fee (Medium + 14 years)-Changed annual fee to $10,608",
2022-01-07,Kara Soghigian,"TazCloud Insights Monthly Fee (Medium + 15 years)-Changed annual fee to $11,232",
2022-01-07,Kara Soghigian,"TazCloud Insights Monthly Fee (Medium + 2 years)-Changed annual fee to $3,120",
2022-01-07,Kara Soghigian,"TazCloud Insights Monthly Fee (Medium + 3 years)-Changed annual fee to $3,744",
2022-01-07,Kara Soghigian,"TazCloud Insights Monthly Fee (Medium + 4 years)-Changed annual fee to $4,368",
2022-01-07,Kara Soghigian,"TazCloud Insights Monthly Fee (Medium + 5 years)-Changed annual fee to $4,992",
2022-01-07,Kara Soghigian,"TazCloud Insights Monthly Fee (Medium + 6 years)-Changed annual fee to $5,616",
2022-01-07,Kara Soghigian,"TazCloud Insights Monthly Fee (Medium + 7 years)-Changed annual fee to $6,240",
2022-01-07,Kara Soghigian,"TazCloud Insights Monthly Fee (Medium + 8 years)-Changed annual fee to $6,864",
2022-01-07,Kara Soghigian,"TazCloud Insights Monthly Fee (Medium + 9 years)-Changed annual fee to $7,488",
2022-01-07,Kara Soghigian,"TazCloud Insights Monthly Fee (Small + 1 year)-Changed annual fee to $1,872",
2022-01-07,Kara Soghigian,"TazCloud Insights Monthly Fee (Small + 10 years)-Changed annual fee to $7,488",
2022-01-07,Kara Soghigian,"TazCloud Insights Monthly Fee (Small + 11 years)-Changed annual fee to $8,112",
2022-01-07,Kara Soghigian,"TazCloud Insights Monthly Fee (Small + 12 years)-Changed annual fee to $8,736",
2022-01-07,Kara Soghigian,"TazCloud Insights Monthly Fee (Small + 13 years)-Changed annual fee to $9,360",
2022-01-07,Kara Soghigian,"TazCloud Insights Monthly Fee (Small + 14 years)-Changed annual fee to $9,984",
2022-01-07,Kara Soghigian,"TazCloud Insights Monthly Fee (Small + 15 years)-Changed annual fee to $10,608",
2022-01-07,Kara Soghigian,"TazCloud Insights Monthly Fee (Small + 2 years)-Changed annual fee to $2,496",
2022-01-07,Kara Soghigian,"TazCloud Insights Monthly Fee (Small + 3 years)-Changed annual fee to $3,120",
2022-01-07,Kara Soghigian,"TazCloud Insights Monthly Fee (Small + 4 years)-Changed annual fee to $3,744",
2022-01-07,Kara Soghigian,"TazCloud Insights Monthly Fee (Small + 5 years)-Changed annual fee to $4,368",
2022-01-07,Kara Soghigian,"TazCloud Insights Monthly Fee (Small + 6 years)-Changed annual fee to $4,992",
2022-01-07,Kara Soghigian,"TazCloud Insights Monthly Fee (Small + 7 years)-Changed annual fee to $5,616",
2022-01-07,Kara Soghigian,"TazCloud Insights Monthly Fee (Small + 8 years)-Changed annual fee to $6,240",
2022-01-07,Kara Soghigian,"TazCloud Insights Monthly Fee (Small + 9 years)-Changed annual fee to $6,864",
2022-01-07,Kara Soghigian,"TazCloud TazData Connector-Changed one time fee to $10,500",
2022-01-07,Kara Soghigian,TazCloud Vanity URL Annual Fee-Changed one time fee to $105,
2022-01-07,Kara Soghigian,"TazWorks Software Platform - Basic-Changed one-time fee to $2625, changed per transaction fee to $0.52, changed monthly minimum to $364",
2022-01-07,Kara Soghigian,"TazWorks Software Platform - Enterprise-Changed one-time fee to $5250, changed per transaction fee to $0.26, changed montly minimum to $5200",
2022-01-07,Kara Soghigian,"TazWorks Software Platform - Enterprise Plus-Changed one-time fee to $7875, changed per transaction fee to $0.23, changed monthly minimum to $10,400",
2022-01-07,Kara Soghigian,"TazWorks Software Platform - Premium-Changed one-time fee to $3937.50, changed per transaction fee to $0.31, changed monthly minimum to $2600",
2022-01-07,Kara Soghigian,"TazWorks Software Platform - Professional-Changed one-time fee to $2625, changed per transaction fee to $0.36, changed monthly minimum to $520",
2022-01-07,Kara Soghigian,"TazWorks Software Platform - Professional Plus-Changed one-time fee to $2625, changed per transaction fee to $0.34, changed monthly minimum to $1040",
2022-01-07,Kara Soghigian,Time & Materials-Changed one time fee to 265,
2022-01-07,Kara Soghigian,"Declined Application Analysis, ML Consumer/Opening- added Annual Fee, removed Per Transaction Fee-",
2022-01-07,Kara Soghigian,"Disparate Impact, ML Consumer/Opening- added Annual Fee, removed Per Transaction Fee-",
2022-01-07,Kara Soghigian,"ML Consumer/Opening Capture Rate Analysis, removed per transaction fee, added annual fee-",
2022-01-07,Kara Soghigian,Tax Transcript MCL-Set per transaction fee to $0.75,
2022-01-07,Kara Soghigian,"MCL Fannie Mae - Consumer Credit Reports-Changed per transaction fee to $2.45, $2.70 for overdue invoices",
2022-01-07,Kara Soghigian,"MCL CreditXpert Wayfinder-Changed per transaction non-aggregate volume pricing to (1-5000 units) $4.00, (5001-10,000 units) $3.84, (10,001-20,000 units) $3.67, (20,001+ units) $3.19",
2022-01-07,Kara Soghigian,"MCL CreditXpert What-If Simulator-Changed per transaction non-aggregate volume pricing to (1-5000 units) $4.80, (5001-10,000 units) $4.55, (10,001-20,000 units) $4.31, (20,001+ units) $4.00",
2022-01-07,Kara Soghigian,"MCL CreditXpert Credit Assure-Changed name to Credit Assure, changed per transaction fee to $0.053",
2022-01-07,Kara Soghigian,"MCL CreditXpert Credit Radar-Changed name to Credit Radar, changed per transaction fee to $0.20",
2022-01-07,Kara Soghigian,MCL CreditXpert Trendscape-Changed per transaction fee to $0.06,
2022-01-07,Kara Soghigian,CX Bundle-Changed per transaction fee to $0.50,
2022-01-07,Kara Soghigian,ML Consulting Process & Strategy Maintenance- Removed from Price Card-,
2022-01-07,Kara Soghigian,ML Consulting Software Configuration-Removed quote transaction pricing,
2022-01-07,Kara Soghigian,ML Consulting Capture Rate Analysis-Removed quote transaction pricing,
2022-01-07,Kara Soghigian,"Removed ML Mortgage Additional Portal, separate Shared items exist- removed mortgage specific item from price card, sales should use the Shared product codes for this.",
2022-01-07,Kara Soghigian,"Removed ML Mortgage Custom URL, separateShared items exist- removed mortgage specific item from price card, sales should use the Shared product codes for this.",
2022-01-07,Kara Soghigian,Added Portal Merchant Lending to price card,
2022-01-07,Kara Soghigian,Added Zest AI Custom Score for Consumer,
2022-01-07,Kara Soghigian,Added Alpharank for ML Portal,
2022-01-07,Kara Soghigian,Added TransUnion TruValidate Full Bundle (IDV and IDA) and Verification Only (IDA) for ML Consumer,
2022-01-12,Kara Soghigian,"DocDownload setup fee previously removed accidentally, replaced with updated 2022 price of $3860",
2022-01-12,Ryan Mumphrey,"User can now filter add-ons by typing into the add on description field a search value and click the ""down"" arrow. Only options matching that search description will be shown. Delete the value in the cell to search for something different.",
2022-01-12,Ryan Mumphrey,A generate Generic SOW button has been added to the Quote Presentation tab for LPQ AM Team,
2022-01-18,Ryan Mumphrey,Added new export to CSV Functionality,
2022-02-07,Kara Soghigian,Updated fee on Episys Disbursement from $3150 to $3310,
2022-02-07,Kara Soghigian,Added tiers without setup for ML Mortgage- ML Portal Add-on,
2022-02-07,Kara Soghigian,Updated Carfax Title Brand Component Commitment Product Code to CONS-0494,
2022-02-07,Kara Soghigian,National-Level Criminal Records Alias Lead Generator removed THD-0040 from Additional Accounting  Items to Add,
2022-02-07,Kara Soghigian,National-Level Criminal Records Lead Generator removed THD-0039 from Additional Accounting  Items to Add,
2022-02-07,Kara Soghigian,State-Level Criminal Records Lead Generator removed THD-0041 from Additional Accounting  Items to Add,
2022-02-07,Kara Soghigian,"Black Book (Shared) added SHARED-0101, SHARED-0106, SHARED-0079 to Additional Accounting Items to Add",
2022-02-07,Kara Soghigian,"KBB (Shared) added SHARED-0093, SHARED-0106, SHARED-0079 to Additional Accounting Items to Add",
2022-02-07,Kara Soghigian,"NADA (Shared) added SHARED-0093, SHARED-0101, SHARED-0079 to Additional Accounting Items to Add",
2022-02-07,Kara Soghigian,"NADA Other (Shared) added SHARED-0093, SHARED-0101, SHARED-0106 to Additional Accounting Items to Add",
2022-02-07,Kara Soghigian,Denver County Fee for Statewide Criminal Search added THD-0064 to Additional Accounting Items to Add,
2022-02-07,Kara Soghigian,Colorado State Fee for Statewide Criminal Search added THD-0064 to Additional Accounting Items to Add,
2022-02-07,Kara Soghigian,MeridianLink Mortgage updated naming convention for better sorting/filtering capabilities in Quote Builder,
2022-02-11,Ryan Mumphrey,Corrected Module Tiers tab to pull in pricing,
2022-02-11,Ryan Mumphrey,New feature added to export quotes as DOCX allowing for markups,
2022-03-03,Kara Soghigian,"Telecheck, added internal note for sales, $0 fee for existing Telecheck customers",
2022-03-03,Kara Soghigian,"API Pro, updated internal notes for sales to ""one time fee includes 20 hours""",
2022-03-03,Kara Soghigian,DecisionLender4 Archive files - SFTP monthly Folder Delivery removed from price card,
2022-03-03,Kara Soghigian,DecisionLender4 BizChex removed from price card,
2022-03-03,Kara Soghigian,DecisionLender4 CBD removed from price card,
2022-03-03,Kara Soghigian,DecisionLender4 Experian Clarity Score removed from price card,
2022-03-03,Kara Soghigian,DecisionLender4 High Availability (HA) VPN changed description to Disaster Recovery VPN,
2022-03-03,Kara Soghigian,DecisionLender4 Laser Pro Export added internal notes for sales,
2022-03-03,Kara Soghigian,DecisionLender4 Point Predictive Integration changed Primary Service Category to Add On- Custom Score,
2022-03-03,Kara Soghigian,DecisionLender4 Scoring Solutions removed from price card,
2022-03-03,Kara Soghigian,DecisionLender4 XP2 Export and Interface changed Internal Product Name to L3APPS Export,
2022-03-03,Kara Soghigian,FiServ Integrasys removed from price card,
2022-03-03,Kara Soghigian,Paradata Export removed from price card,
2022-03-03,Kara Soghigian,"Trade House Data Person Search, changed pricing structure to five tiers with different prices based on monthly volume (both TazCloud and non-TazCloud users)",
2022-03-03,Kara Soghigian,"National-Level Criminal Records Lead Generator, changed pricing structure from three to five tiers (both TazCloud and non-TazCloud users)",
2022-03-03,Kara Soghigian,"National-Level Criminal Records Alias Lead Generator, changed pricing structure from three to five tiers (both TazCloud and non-TazCloud users)",
2022-03-03,Kara Soghigian,ML Consumer/Opening- Eltropy added to price card,
2021-03-22,Kara Soghigian,"SQL Transmission Service for Mortgage- seperated into two levels, updated pricing",
2022-04-29,Kara Soghigian,Added Beta Products Tab for items not yet available for GA,
2022-04-29,Kara Soghigian,LSI Setup and Annual Fees- changed to SHARED items,
2022-04-29,Kara Soghigian,Added LSI SHARED items to Beta Products for DecisionLender,
2022-04-29,Kara Soghigian,Added Automail to price card,
2022-04-29,Kara Soghigian,Added Booking Validation to price card,
2022-04-29,Kara Soghigian,Added Corporate Settlement Solutions to price card,
2022-04-29,Kara Soghigian,Added Car Solutions Auto Insurance Integration to price card,
2022-04-29,Kara Soghigian,Added First American Settlement Solutions to price card,
2022-04-29,Kara Soghigian,Yellow Hammer added setup fee of $2500,
2022-04-29,Kara Soghigian,ACH Processing (Magic Wrighter) added setup fee of $2500,
2022-04-29,Kara Soghigian,Credit Card Processing (Authorize.net) added setup fee of $2500,
2022-04-29,Kara Soghigian,Credit Card Processing (First Data) added setup fee of $2500,
2022-04-29,Kara Soghigian,"ML Consumer Mailing (1-5 Page Envelope), Increased Setup Fee to $1145",
2022-04-29,Kara Soghigian,"ML Consumer Mailing (21-40 Page Envelope), Increased Setup Fee to $1145",
2022-04-29,Kara Soghigian,"ML Consumer Mailing (41-60 Page Envelope), Increased Setup Fee to $1145",
2022-04-29,Kara Soghigian,"ML Consumer Mailing (61-80 Page Envelope), Increased Setup Fee to $1145",
2022-04-29,Kara Soghigian,"ML Consumer Mailing (6-20 Page Envelope), Increased Setup Fee to $1145",
2022-04-29,Kara Soghigian,"ML Consumer Mailing (81-100 Page Envelope), Increased Setup Fee to $1145",
2022-04-29,Kara Soghigian,"ML Consumer Address Verification (+8k apps),  Increased Annual Fee to $17170",
2022-04-29,Kara Soghigian,"ML Consumer Address Verification (0 - 499 apps), Increased Annual Fee to $1150",
2022-04-29,Kara Soghigian,"ML Consumer Address Verification (1k - 1.99k apps), Increased Annual Fee to $6870",
2022-04-29,Kara Soghigian,"ML Consumer Address Verification (2k - 3.99k apps), Increased Annual Fee to $10,300",
2022-04-29,Kara Soghigian,"ML Consumer Address Verification (4k - 7.99k apps), Increased Annual Fee to $13,735",
2022-04-29,Kara Soghigian,"ML Consumer Address Verification (500 - 999 apps), Increased Annual Fee to $3435",
2022-04-29,Kara Soghigian,"ML Consumer Co-op, Increased Setup Fee to $3270, increased Annual Fee to $1145",
2022-04-29,Kara Soghigian,"ML Consumer LSI, Increased Setup Fee to $3270, increased Annual Fee to $1145",
2022-04-29,Kara Soghigian,"ML Consumer PSCU (Call Center), Increased Setup Fee to $3270, increased Annual Fee to $1145",
2022-04-29,Kara Soghigian,"ML Consumer CCM Interface with OSI, Increased Setup Fee to $4005, increased Annual Fee to $1720",
2022-04-29,Kara Soghigian,"ML Consumer CPS, Increased Setup Fee to $4005, increased Annual Fee to $1720",
2022-04-29,Kara Soghigian,"ML Consumer FDR Vantiv, Increased Setup Fee to $4005, increased Annual Fee to $1720",
2022-04-29,Kara Soghigian,"ML Consumer Originate Loans, Increased Setup Fee to $4005, increased Annual Fee to $1720",
2022-04-29,Kara Soghigian,"ML Consumer PSCU (Credit Card), Increased Setup Fee to $4005, increased Annual Fee to $1720",
2022-04-29,Kara Soghigian,"ML Consumer RTDX / Base2000, Increased Setup Fee to $4005, increased Annual Fee to $1720",
2022-04-29,Kara Soghigian,"ML Consumer TMG, Increased Setup Fee to $4005, increased Annual Fee to $1720",
2022-04-29,Kara Soghigian,"ML Consumer Tsys ADM, Increased Setup Fee to $4005, increased Annual Fee to $1720",
2022-04-29,Kara Soghigian,"ML Consumer VantivFI, Increased Setup Fee to $4005, increased Annual Fee to $1720",
2022-04-29,Kara Soghigian,"ML Consumer Visa Advanced ID Solutions (VAIS), Increased Setup Fee to $4005, increased Annual Fee to $1720",
2022-04-29,Kara Soghigian,"ML Consumer Decisioning as a Service (DaaS), Increased Setup Fee to $10,900, increased Annual Fee to $5450",
2022-04-29,Kara Soghigian,"ML Consumer Liquid Credit Integration, Increased Setup Fee to $5725, increased Annual Fee to $1720",
2022-04-29,Kara Soghigian,"ML Consumer DNA Disbursements, Increased Setup Fee to $3435",
2022-04-29,Kara Soghigian,"ML Consumer Episys (Disbursement), Increased Setup Fee to $3435",
2022-04-29,Kara Soghigian,"ML Consumer Mailing (1-5 Page Envelope), Increased Setup Fee to $1145",
2022-04-29,Kara Soghigian,"ML Consumer Mailing (21-40 Page Envelope), Increased Setup Fee to $1145",
2022-04-29,Kara Soghigian,"ML Consumer Mailing (41-60 Page Envelope), Increased Setup Fee to $1145",
2022-04-29,Kara Soghigian,"ML Consumer Mailing (61-80 Page Envelope), Increased Setup Fee to $1145",
2022-04-29,Kara Soghigian,"ML Consumer Mailing (6-20 Page Envelope), Increased Setup Fee to $1145",
2022-04-29,Kara Soghigian,"ML Consumer Mailing (81-100 Page Envelope), Increased Setup Fee to $1145",
2022-04-29,Kara Soghigian,"ML Consumer DocDownload, Increased Setup Fee to $4010, increased Annual Fee to $4010",
2022-04-29,Kara Soghigian,"Shared Item JHA to JHA, Increased Setup Fee to $4010",
2022-04-29,Kara Soghigian,"Shared Item Symitar Reconversion, Increased Setup Fee to $5725",
2022-04-29,Kara Soghigian,"Shared Item Bankway (Metavante), Increased Setup Fee to $12,020, increased Annual Fee to $7500",
2022-04-29,Kara Soghigian,"Shared Item COCC, Increased Setup Fee to $12,020, increased Annual Fee to $7500",
2022-04-29,Kara Soghigian,"Shared Item CUBase, Increased Setup Fee to $12,020, increased Annual Fee to $7500",
2022-04-29,Kara Soghigian,"Shared Item Cunify, Increased Setup Fee to $12,020, increased Annual Fee to $7500",
2022-04-29,Kara Soghigian,"Shared Item CUProdigy, Increased Setup Fee to $12,020, increased Annual Fee to $7500",
2022-04-29,Kara Soghigian,"Shared Item DataSafe, Increased Setup Fee to $12,020, increased Annual Fee to $7500",
2022-04-29,Kara Soghigian,"Shared Item DNA, Increased Setup Fee to $12,020, increased Annual Fee to $7500",
2022-04-29,Kara Soghigian,"Shared Item Episys (Core), Increased Setup Fee to $12,020, increased Annual Fee to $7500",
2022-04-29,Kara Soghigian,"Shared Item ESP (Forza), Increased Setup Fee to $12,020, increased Annual Fee to $7500",
2022-04-29,Kara Soghigian,"Shared Item Fiserv Data Center Direct Connection, Increased Setup Fee to $5155, increased Annual Fee to $5725",
2022-04-29,Kara Soghigian,"Shared Item Fiserv DNA Credit Push, Increased Setup Fee to $2290, increased Annual Fee to $1145",
2022-04-29,Kara Soghigian,"Shared Item Fiserv Premier, Increased Setup Fee to $12,020, increased Annual Fee to $7500",
2022-04-29,Kara Soghigian,"Shared Item Flex, Increased Setup Fee to $12,020, increased Annual Fee to $7500",
2022-04-29,Kara Soghigian,"Shared Item Galaxy, Increased Setup Fee to $12,020, increased Annual Fee to $7500",
2022-04-29,Kara Soghigian,"Shared Item Horizon, Increased Setup Fee to $12,020, increased Annual Fee to $7500",
2022-04-29,Kara Soghigian,"Shared Item IBS, Increased Setup Fee to $12,020, increased Annual Fee to $7500",
2022-04-29,Kara Soghigian,"Shared Item iPower, Increased Setup Fee to $12,020, increased Annual Fee to $7500",
2022-04-29,Kara Soghigian,"Shared Item Jack Henry 20/20, Increased Setup Fee to $12,020, increased Annual Fee to $7500",
2022-04-29,Kara Soghigian,"Shared Item Jack Henry CoreDirector, Increased Setup Fee to $12,020, increased Annual Fee to $7500",
2022-04-29,Kara Soghigian,"Shared Item Jack Henry Silverlake, Increased Setup Fee to $12,020, increased Annual Fee to $7500",
2022-04-29,Kara Soghigian,"Shared Item KeyStone, Increased Setup Fee to $12,020, increased Annual Fee to $7500",
2022-04-29,Kara Soghigian,"Shared Item Miser, Increased Setup Fee to $12,020, increased Annual Fee to $7500",
2022-04-29,Kara Soghigian,"Shared Item New Core Integration, Increased Setup Fee to $12,020, increased Annual Fee to $7500",
2022-04-29,Kara Soghigian,"Shared Item NewSolutions, Increased Setup Fee to $12,020, increased Annual Fee to $7500",
2022-04-29,Kara Soghigian,"Shared Item Phoenix EFE, Increased Setup Fee to $12,020, increased Annual Fee to $7500",
2022-04-29,Kara Soghigian,"Shared Item Portico, Increased Setup Fee to $12,020, increased Annual Fee to $7500",
2022-04-29,Kara Soghigian,"Shared Item Spectrum (Summit), Increased Setup Fee to $12,020, increased Annual Fee to $7500",
2022-04-29,Kara Soghigian,"Shared Item UltraData OpenPath, Increased Setup Fee to $12,020, increased Annual Fee to $7500",
2022-04-29,Kara Soghigian,"Shared Item XP System (XP2), Increased Setup Fee to $12,020, increased Annual Fee to $7500",
2022-04-29,Kara Soghigian,"Shared Item Send Application Records to Core, Increased Setup Fee to $2865",
2022-04-29,Kara Soghigian,"ML Consumer CSi, Increased Setup Fee to $5725",
2022-04-29,Kara Soghigian,"ML Consumer D+H DepositPro, Increased Setup Fee to $2865",
2022-04-29,Kara Soghigian,"ML Consumer D+H LaserPro, Increased Setup Fee to $2865",
2022-04-29,Kara Soghigian,"ML Consumer D+H DepositPro Plus, Increased Setup Fee to $2865, increased Annual Fee to $1145",
2022-04-29,Kara Soghigian,"ML Consumer D+H LaserPro Plus, Increased Setup Fee to $2865, increased Annual Fee to $1145",
2022-04-29,Kara Soghigian,"ML Consumer Document Maintenance (additional environment), Increased Annual Fee to $3435",
2022-04-29,Kara Soghigian,"ML Consumer Document Mapping (deposits), Increased Annual Fee to $3720",
2022-04-29,Kara Soghigian,"ML Consumer Document Mapping (loans + deposits), Increased Annual Fee to $7440",
2022-04-29,Kara Soghigian,"ML Consumer Document Mapping (loans), Increased Annual Fee to $3720",
2022-04-29,Kara Soghigian,"ML Consumer Document Mapping (overage) - MeridianLink Opening, Increased Setup Fee to $230, increased Annual Fee to $230",
2022-04-29,Kara Soghigian,"ML Consumer Document Mapping (overage) - MeridianLink Consumer, Increased Setup Fee to $230, increased Annual Fee to $230",
2022-04-29,Kara Soghigian,"ML Consumer Document Mapping (overage) - custom, Increased Setup Fee to $345, increased Annual Fee to $230",
2022-04-29,Kara Soghigian,"ML Consumer IMM XML (TotaleAtlas), Increased Setup Fee to $4010, increased Annual Fee to $1720",
2022-04-29,Kara Soghigian,"ML Consumer Ready-To-Sign (RTS), Increased Setup Fee to $4010, increased Annual Fee to $1720",
2022-04-29,Kara Soghigian,"ML Consumer Synergy Esign, Increased Setup Fee to $4010, increased Annual Fee to $1720",
2022-04-29,Kara Soghigian,"Shared Item DocuSign ISV Tier 1 (50 envelopes included), Increased Setup Fee to $1635",
2022-04-29,Kara Soghigian,"Shared Item DocuSign ISV Tier 2 (100 envelopes included), Increased Setup Fee to $1635",
2022-04-29,Kara Soghigian,"Shared Item DocuSign ISV Tier 3 (150 envelopes included), Increased Setup Fee to $1635",
2022-04-29,Kara Soghigian,"Shared Item DocuSign ISV Tier 4 (200 envelopes included), Increased Setup Fee to $1635",
2022-04-29,Kara Soghigian,"Shared Item DocuSign ISV Tier 5 (300 envelopes included), Increased Setup Fee to $1635",
2022-04-29,Kara Soghigian,"Shared Item DocuSign ISV Tier 6 (500 envelopes included), Increased Setup Fee to $1635",
2022-04-29,Kara Soghigian,"Shared Item DocuSign ISV Tier 7 (501+ envelopes), Increased Setup Fee to $1635",
2022-04-29,Kara Soghigian,"ML Consumer Alkami QuickApply, Increased Setup Fee to $2865, increased Annual Fee to $1720",
2022-04-29,Kara Soghigian,"ML Consumer Changing Home Banking Vendor, Increased Setup Fee to $1145",
2022-04-29,Kara Soghigian,"ML Consumer Mobile App Push, Increased Setup Fee to $4580, increased Annual Fee to $2290",
2022-04-29,Kara Soghigian,"Shared Item Dedicated Server Production Updates, Increased Setup Fee to $5725",
2022-04-29,Kara Soghigian,"Shared Item Offsite Server Production Updates, Increased Setup Fee to $5725",
2022-04-29,Kara Soghigian,"ML Consumer eFunds IDV & IDA, Increased Setup Fee to $2865, increased Annual Fee to $1720",
2022-04-29,Kara Soghigian,"ML Consumer Bridger OFAC Watchlist, Increased Setup Fee to $2290, increased Annual Fee to $1145",
2022-04-29,Kara Soghigian,"ML Consumer eFunds IDV, Increased Setup Fee to $2865, increased Annual Fee to $1720",
2022-04-29,Kara Soghigian,"ML Consumer CULA, Increased Setup Fee to $3270, increased Annual Fee to $3270",
2022-04-29,Kara Soghigian,"ML Consumer DealerApp, Increased Setup Fee to $2865",
2022-04-29,Kara Soghigian,"ML Consumer Innovative Funding Services (IFS), Increased Setup Fee to $2290, increased Annual Fee to $1720",
2022-04-29,Kara Soghigian,"ML Consumer NALN - National Auto Loan Network, Increased Setup Fee to $2290, increased Annual Fee to $1720",
2022-04-29,Kara Soghigian,"ML Consumer RouteOne eContracting, Increased Setup Fee to $3270",
2022-04-29,Kara Soghigian,"ML Consumer Auto Approve, Increased Setup Fee to $2290, increased Annual Fee to $1720",
2022-04-29,Kara Soghigian,"ML Consumer Autopay, Increased Setup Fee to $2290, increased Annual Fee to $1720",
2022-04-29,Kara Soghigian,"ML Consumer FirstClose DLP, Increased Setup Fee to $2290, increased Annual Fee to $1720",
2022-04-29,Kara Soghigian,"ML Consumer fiVISION, Increased Setup Fee to $2290, increased Annual Fee to $1720",
2022-04-29,Kara Soghigian,"ML Consumer iLendingDirect, Increased Setup Fee to $2290, increased Annual Fee to $1720",
2022-04-29,Kara Soghigian,"ML Consumer LendingTree, Increased Setup Fee to $2865, increased Annual Fee to $2865",
2022-04-29,Kara Soghigian,"ML Consumer MotoRefi, Increased Setup Fee to $2290, increased Annual Fee to $1720",
2022-04-29,Kara Soghigian,"ML Consumer MoveCU, Increased Setup Fee to $2290, increased Annual Fee to $1720",
2022-04-29,Kara Soghigian,"ML Consumer Rate Genius, Increased Setup Fee to $4580, increased Annual Fee to $1720",
2022-04-29,Kara Soghigian,"ML Consumer Rate Reset - Direct Core Reset, Increased Setup Fee to $3435, increased Annual Fee to $1720",
2022-04-29,Kara Soghigian,"ML Consumer Rate Reset - PreApproval API , Increased Setup Fee to $3435, increased Annual Fee to $1720",
2022-04-29,Kara Soghigian,"ML Consumer Clinics, Increased Setup Fee to $4360",
2022-04-29,Kara Soghigian,"ML Consumer LoanStar Technologies, Increased Setup Fee to $2290, increased Annual Fee to $1720",
2022-04-29,Kara Soghigian,"Shared Item MeridianLink Portal - Additional Portal, Increased Annual Fee to $1145",
2022-04-29,Kara Soghigian,"Shared Item MeridianLink Portal - Custom URL, Increased Annual Fee to $1145",
2022-04-29,Kara Soghigian,"Shared Item MeridianLink Portal - Digital Engagement Package (co-browsing video chat), Increased Annual Fee to $1720",
2022-04-29,Kara Soghigian,"Shared Item MeridianLink Portal - Plus Package, Increased Annual Fee to $3435",
2022-04-29,Kara Soghigian,"ML Consumer Add Additional Lender, Increased Setup Fee to $5725, increased Annual Fee to $2290",
2022-04-29,Kara Soghigian,"ML Consumer Additional Automated Actions, Increased Annual Fee to $1720",
2022-04-29,Kara Soghigian,"ML Consumer Additional Scheduled Reports, Increased Annual Fee to $1720",
2022-04-29,Kara Soghigian,"ML Consumer CLF Export Automated Action, Increased Annual Fee to $1145",
2022-04-29,Kara Soghigian,"ML Consumer Data Extraction Tool, Increased Setup Fee to $4580, increased Annual Fee to $1145",
2022-04-29,Kara Soghigian,"ML Consumer Re-deployment, Increased Setup Fee to $5725",
2022-04-29,Kara Soghigian,"ML Consumer Retrain: Administration Setup with SDC, Increased Setup Fee to $4010",
2022-04-29,Kara Soghigian,"ML Consumer VPN Configuration, Increased Setup Fee to $4010, increased Annual Fee to $1720",
2022-04-29,Kara Soghigian,"Shared Item After Hours Assistance, Increased Setup Fee to $440",
2022-04-29,Kara Soghigian,"Shared Item After Hours Assistance - Expedite Fee, Increased Setup Fee to $1720",
2022-04-29,Kara Soghigian,"Shared Item API Web Services, Increased Setup Fee to $545, increased Annual Fee to $5450",
2022-04-29,Kara Soghigian,"Shared Item Disaster Recovery Testing, Increased Setup Fee to $655",
2022-04-29,Kara Soghigian,"Shared Item IT Unscheduled Change Request, Increased Setup Fee to $655",
2022-04-29,Kara Soghigian,"Shared Item Retrain: End User Workflow - Onsite Training, Increased Setup Fee to $2290",
2022-04-29,Kara Soghigian,"Shared Item Retrain: End User Workflow - Remote, Increased Setup Fee to $1720",
2022-04-29,Kara Soghigian,"Shared Item Time & Materials, Increased Setup Fee to $275",
2022-04-29,Kara Soghigian,"ML Consumer Modern Experience Module (existing customer), Increased Setup Fee to $985",
2022-04-29,Kara Soghigian,"ML Consumer Accurate Group-  Settlement Services, Increased Setup Fee to $2290, increased Annual Fee to $1720",
2022-04-29,Kara Soghigian,"ML Consumer First Close - Settlement Services, Increased Setup Fee to $2290, increased Annual Fee to $1720",
2022-04-29,Kara Soghigian,"ML Consumer Lender Close-  Settlement Services, Increased Setup Fee to $2290, increased Annual Fee to $1720",
2022-04-29,Kara Soghigian,"ML Consumer New Vista - Settlement Services, Increased Setup Fee to $2290, increased Annual Fee to $1720",
2022-04-29,Kara Soghigian,"ML Consumer SourcePoint - Settlement Services, Increased Setup Fee to $2290, increased Annual Fee to $1720",
2022-04-29,Kara Soghigian,"ML Consumer United One Resources - Settlement Services, Increased Setup Fee to $2290, increased Annual Fee to $1720",
2022-04-29,Kara Soghigian,"ML Consumer Universal Real Estate Services - Settlement Services, Increased Setup Fee to $2290, increased Annual Fee to $1720",
2022-04-29,Kara Soghigian,"ML Consumer ClickSWITCH (existing CS client), Increased Setup Fee to $5725, increased Annual Fee to $3435",
2022-04-29,Kara Soghigian,"ML Consumer ClickSWITCH (new CS client), Increased Setup Fee to $8585",
2022-04-29,Kara Soghigian,"ML Consumer AutoCheck, Increased Setup Fee to $1145, increased Annual Fee to $1145",
2022-04-29,Kara Soghigian,"ML Consumer AutoCheck with Buyback Protection, Increased Setup Fee to $1145, increased Annual Fee to $1145",
2022-04-29,Kara Soghigian,"ML Consumer Carfax Vehicle History and/or Vehicle Loss Report, Increased Setup Fee to $1145, increased Annual Fee to $575",
2022-04-29,Kara Soghigian,"ML Consumer American Service Group (ASG), Increased Setup Fee to $2290, increased Annual Fee to $1720",
2022-04-29,Kara Soghigian,"ML Consumer Auto Exam , Increased Setup Fee to $2290, increased Annual Fee to $1720",
2022-04-29,Kara Soghigian,"ML Consumer Car Solutions Auto Insurance Integration, Increased Setup Fee to $2290, increased Annual Fee to $1720",
2022-04-29,Kara Soghigian,"ML Consumer MeridianLink Consumer - Business Module (0-249 apps), Increased Setup Fee to $12020, increased Transaction Fee to $24",
2022-04-29,Kara Soghigian,"ML Consumer MeridianLink Consumer - Business Module (1000-1999 apps), Increased Setup Fee to $12020, increased Transaction Fee to $12",
2022-04-29,Kara Soghigian,"ML Consumer MeridianLink Consumer - Business Module (250-499 apps), Increased Setup Fee to $12020, increased Transaction Fee to $19.20",
2022-04-29,Kara Soghigian,"ML Consumer MeridianLink Consumer - Business Module (500-999 apps), Increased Setup Fee to $12020, increased Transaction Fee to $15.65",
2022-04-29,Kara Soghigian,"ML Consumer MeridianLink Consumer - Consumer Module (0-249 apps), Increased Setup Fee to $20430, increased Transaction Fee to $10.40",
2022-04-29,Kara Soghigian,"ML Consumer MeridianLink Consumer - Consumer Module (1000-1999 apps), Increased Setup Fee to $38460, increased Transaction Fee to $6.45",
2022-04-29,Kara Soghigian,"ML Consumer MeridianLink Consumer - Consumer Module (2000-3999 apps), Increased Setup Fee to $46870, increased Transaction Fee to $4.95",
2022-04-29,Kara Soghigian,"ML Consumer MeridianLink Consumer - Consumer Module (250-499 apps), Increased Setup Fee to $25240, increased Transaction Fee to $9.10",
2022-04-29,Kara Soghigian,"ML Consumer MeridianLink Consumer - Consumer Module (4000-7999 apps), Increased Setup Fee to $54080, increased Transaction Fee to $3.50",
2022-04-29,Kara Soghigian,"ML Consumer MeridianLink Consumer - Consumer Module (500-999 apps), Increased Setup Fee to $32450, increased Transaction Fee to $7.90",
2022-04-29,Kara Soghigian,"ML Consumer MeridianLink Consumer - Consumer Module (8000+ apps), Increased Setup Fee to $61290, increased Transaction Fee to $2.85",
2022-04-29,Kara Soghigian,"ML Consumer MeridianLink Consumer - Indirect Lending Module (0-249 apps), Increased Setup Fee to $8655, increased Transaction Fee to $6",
2022-04-29,Kara Soghigian,"ML Consumer MeridianLink Consumer - Indirect Lending Module (1000-1999 apps), Increased Setup Fee to $8655, increased Transaction Fee to $3.60",
2022-04-29,Kara Soghigian,"ML Consumer MeridianLink Consumer - Indirect Lending Module (2000-3999 apps), Increased Setup Fee to $8655, increased Transaction Fee to $3",
2022-04-29,Kara Soghigian,"ML Consumer MeridianLink Consumer - Indirect Lending Module (250-499 apps), Increased Setup Fee to $8655, increased Transaction Fee to $4.80",
2022-04-29,Kara Soghigian,"ML Consumer MeridianLink Consumer - Indirect Lending Module (4000-7999 apps), Increased Setup Fee to $8655, increased Transaction Fee to $2.70",
2022-04-29,Kara Soghigian,"ML Consumer MeridianLink Consumer - Indirect Lending Module (500-999 apps), Increased Setup Fee to $8655, increased Transaction Fee to $4.20",
2022-04-29,Kara Soghigian,"ML Consumer MeridianLink Consumer - Indirect Lending Module (8000+  apps), Increased Setup Fee to $8655, increased Transaction Fee to $2.40",
2022-04-29,Kara Soghigian,"ML Consumer MeridianLink Opening Module (0-249 apps), Increased Setup Fee to $13230, increased Transaction Fee to $10.40",
2022-04-29,Kara Soghigian,"ML Consumer MeridianLink Opening Module (1000-1999 apps), Increased Setup Fee to $24255, increased Transaction Fee to $6.45",
2022-04-29,Kara Soghigian,"ML Consumer MeridianLink Opening Module (2000-3999 apps), Increased Setup Fee to $29767, increased Transaction Fee to $4.95",
2022-04-29,Kara Soghigian,"ML Consumer MeridianLink Opening Module (250-499 apps), Increased Setup Fee to $16537, increased Transaction Fee to $9.10",
2022-04-29,Kara Soghigian,"ML Consumer MeridianLink Opening Module (4000-7999 apps), Increased Setup Fee to $35280, increased Transaction Fee to $3.50",
2022-04-29,Kara Soghigian,"ML Consumer MeridianLink Opening Module (500-999 apps), Increased Setup Fee to $19845, increased Transaction Fee to $7.90",
2022-04-29,Kara Soghigian,"ML Consumer MeridianLink Opening Module (8000+  apps), Increased Setup Fee to $42997, increased Transaction Fee to $2.85",
2022-04-29,Kara Soghigian,"DecisionLender Postal Verification Database (PVD), Increased Setup Fee to $1635",
2022-04-29,Kara Soghigian,"DecisionLender AccesSoftek SSO, Increased Annual Fee to $3435",
2022-04-29,Kara Soghigian,"DecisionLender Consumer Portal, Increased Setup Fee to $22,400",
2022-04-29,Kara Soghigian,"DecisionLender Digital Insight SSO, Increased Annual Fee to $3435",
2022-04-29,Kara Soghigian,"DecisionLender Net Teller SSO, Increased Annual Fee to $3435",
2022-04-29,Kara Soghigian,"DecisionLender CCMC Standard Export, Increased Setup Fee to $12020, increased Annual Fee to $7500",
2022-04-29,Kara Soghigian,"DecisionLender Core interface, Increased Setup Fee to $12020, increased Annual Fee to $7500",
2022-04-29,Kara Soghigian,"DecisionLender Corelation Interface, Increased Setup Fee to $12020, increased Annual Fee to $7500",
2022-04-29,Kara Soghigian,"DecisionLender CULA Seamless Integration, Increased Setup Fee to $3270, increased Annual Fee to $3270",
2022-04-29,Kara Soghigian,"DecisionLender Datasafe Export, Increased Setup Fee to $12020, increased Annual Fee to $7500",
2022-04-29,Kara Soghigian,"DecisionLender DealPack Export, Increased Setup Fee to $12020, increased Annual Fee to $7500",
2022-04-29,Kara Soghigian,"DecisionLender Finastra Application Exchange Interface, Increased Setup Fee to $12020, increased Annual Fee to $7500",
2022-04-29,Kara Soghigian,"DecisionLender FIS - ChexSystems, Increased Setup Fee to $1665, increased Annual Fee to $1000",
2022-04-29,Kara Soghigian,"DecisionLender FIS - Credit Card Export, Increased Setup Fee to $4080, increased Annual Fee to $1720",
2022-04-29,Kara Soghigian,"DecisionLender Goldpoint, Increased Setup Fee to $12020, increased Annual Fee to $7500",
2022-04-29,Kara Soghigian,"DecisionLender Lowenstein Export, Increased Setup Fee to $12020, increased Annual Fee to $7500",
2022-04-29,Kara Soghigian,"DecisionLender Megasys Export, Increased Setup Fee to $12020, increased Annual Fee to $7500",
2022-04-29,Kara Soghigian,"DecisionLender Nortridge NLS Export, Increased Setup Fee to $12020, increased Annual Fee to $7500",
2022-04-29,Kara Soghigian,"DecisionLender Point Predictive Integration, Increased Setup Fee to $5000, increased Annual Fee to $1720",
2022-04-29,Kara Soghigian,"DecisionLender Portico Interface, Increased Setup Fee to $12020, increased Annual Fee to $7500",
2022-04-29,Kara Soghigian,"DecisionLender Share Tech Export, Increased Setup Fee to $12020, increased Annual Fee to $7500",
2022-04-29,Kara Soghigian,"DecisionLender Shaw Solutions, Increased Setup Fee to $12020, increased Annual Fee to $7500",
2022-04-29,Kara Soghigian,"DecisionLender Spectrum Pathways Interface, Increased Setup Fee to $12020, increased Annual Fee to $7500",
2022-04-29,Kara Soghigian,"DecisionLender Symitar Interface, Increased Setup Fee to $12020, increased Annual Fee to $7500",
2022-04-29,Kara Soghigian,"DecisionLender L3APPS Export, Increased Setup Fee to $12240, increased Annual Fee to $7500",
2022-04-29,Kara Soghigian,"DecisionLender PSCU Export, Increased Setup Fee to $4080, increased Annual Fee to $1720",
2022-04-29,Kara Soghigian,"DecisionLender HYLS, Increased Setup Fee to $4080, increased Annual Fee to $1720",
2022-04-29,Kara Soghigian,"DecisionLender Image Transfer, Increased Setup Fee to $4005, increased Annual Fee to $4005",
2022-04-29,Kara Soghigian,"DecisionLender Synergy Image Export, Increased Setup Fee to $4005, increased Annual Fee to $4005",
2022-04-29,Kara Soghigian,"DecisionLender Archive files - Email notification of availability of monthly files in the Online Statement Management system, Increased Setup Fee to $825",
2022-04-29,Kara Soghigian,"DecisionLender Mailing service (1-2,499), Increased Setup Fee to $1145, increased Transaction Fee to $1.30",
2022-04-29,Kara Soghigian,"DecisionLender Mailing service (2,500-4,999), Increased Setup Fee to $1145",
2022-04-29,Kara Soghigian,"DecisionLender Mailing service (5,000 and over), Increased Setup Fee to $1145",
2022-04-29,Kara Soghigian,"DecisionLender Mailing service - Additional Letter Templates, Increased Setup Fee to $390",
2022-04-29,Kara Soghigian,"DecisionLender Document Mapping (overage) - DecisionLender4 Consumer, Increased Setup Fee to $230, increased Annual Fee to $230",
2022-04-29,Kara Soghigian,"DecisionLender Document Mapping (overage) - DecisionLender4 Custom, Increased Setup Fee to $345, increased Annual Fee to $230",
2022-04-29,Kara Soghigian,"DecisionLender Laser Pro Export, Increased Setup Fee to $5550, increased Annual Fee to $1145",
2022-04-29,Kara Soghigian,"DecisionLender The Work Number, Increased Setup Fee to $2775",
2022-04-29,Kara Soghigian,"DecisionLender DocuSign - Advanced API, Increased Setup Fee to $1665",
2022-04-29,Kara Soghigian,"DecisionLender IMM eSignature Hosted (on SAS), Increased Setup Fee to $1665",
2022-04-29,Kara Soghigian,"DecisionLender IMM eSignature on Premise, Increased Setup Fee to $5550, increased Annual Fee to $1070",
2022-04-29,Kara Soghigian,"DecisionLender AI Extract, Increased Setup Fee to $1000, increased Annual Fee to $330",
2022-04-29,Kara Soghigian,"DecisionLender eIDverifier , Increased Setup Fee to $1665",
2022-04-29,Kara Soghigian,"DecisionLender Identity Manager – ID Decision Bundle , Increased Setup Fee to $1665",
2022-04-29,Kara Soghigian,"DecisionLender IDV only, Increased Setup Fee to $1665",
2022-04-29,Kara Soghigian,"DecisionLender Lexis Nexis – Risk View , Increased Setup Fee to $2290",
2022-04-29,Kara Soghigian,"DecisionLender Lexis Nexis – Instant ID , Increased Setup Fee to $2290",
2022-04-29,Kara Soghigian,"DecisionLender DealerTrack DDS , Increased Setup Fee to $5550",
2022-04-29,Kara Soghigian,"DecisionLender RouteOne eContracting - DecisionLender, Increased Setup Fee to $3270",
2022-04-29,Kara Soghigian,"DecisionLender Cross-Sell (Existing Customers), Increased Setup Fee to $3885",
2022-04-29,Kara Soghigian,"DecisionLender Dedicated VPN Connection, Increased Setup Fee to $4010",
2022-04-29,Kara Soghigian,"DecisionLender Disaster Recovery VPN, Increased Setup Fee to $4010",
2022-04-29,Kara Soghigian,"DecisionLender Single SignOn via SAML, Increased Setup Fee to $4665",
2022-04-29,Kara Soghigian,"DecisionLender DecisionLender Standard Data Dump, Increased Setup Fee to $12,240",
2022-04-29,Kara Soghigian,"DecisionLender DecisionLender Standard Export, Increased Setup Fee to $12,240",
2022-04-29,Kara Soghigian,"DecisionLender Propay, Increased Setup Fee to $0",
2022-04-29,Kara Soghigian,"DecisionLender Carfax Vehicle History and/or Vehicle Loss Report (DecisionLender4), Increased Setup Fee to $1635, increased Annual Fee to $575",
2022-04-29,Kara Soghigian,"DecisionLender Allied Solutions IQQ, Increased Setup Fee to $2725",
2022-04-29,Kara Soghigian,"DecisionLender Protection Advisor, Increased Setup Fee to $2725",
2022-04-29,Kara Soghigian,"DecisionLender N.A.D.A. Guide Data - Classic, Collectible and Special Interest Car Values , Increased Annual Fee to $655",
2022-04-29,Kara Soghigian,"DecisionLender N.A.D.A. Guide Data - Marine Values , Increased Annual Fee to $655",
2022-04-29,Kara Soghigian,"DecisionLender N.A.D.A. Guide Data - Motorcycle, Snowmobile, ATV, Personal Watercraft Values , Increased Annual Fee to $655",
2022-04-29,Kara Soghigian,"DecisionLender N.A.D.A. Guide Data - Recreational Vehicle Values, Increased Annual Fee to $655",
2022-04-29,Kara Soghigian,"DecisionLender DL4 - Consumer Module, Increased Setup Fee to $22,400",
2022-04-29,Kara Soghigian,"DecisionLender DL4 - Home Equity Module, Increased Setup Fee to $16,650",
2022-04-29,Kara Soghigian,"DecisionLender DL4 - Indirect Lending Module (1000-1999 apps), Increased Setup Fee to $16,350",
2022-04-29,Kara Soghigian,"DecisionLender DL4 - Indirect Lending Module (2000-3999 apps), Increased Setup Fee to $18,530",
2022-04-29,Kara Soghigian,"DecisionLender DL4 - Indirect Lending Module (250-499 apps), Increased Setup Fee to $10,900",
2022-04-29,Kara Soghigian,"DecisionLender DL4 - Indirect Lending Module (4000-7999 apps), Increased Setup Fee to $21,800",
2022-04-29,Kara Soghigian,"DecisionLender DL4 - Indirect Lending Module (500-999 apps), Increased Setup Fee to $13,080",
2022-04-29,Kara Soghigian,"DecisionLender DL4 - Indirect Lending Module (8000+ apps), Increased Setup Fee to $32,700",
2022-04-29,Kara Soghigian,"DecisionLender PS Hourly: 1-2 hours, Increased Setup Fee to $555",
2022-04-29,Kara Soghigian,"DecisionLender PS Hourly: 3-4 hours, Increased Setup Fee to $1110",
2022-04-29,Kara Soghigian,"DecisionLender PS Hourly: 5+ hours, Increased Setup Fee to $250",
2022-04-29,Kara Soghigian,"DecisionLender DecisionLender Training, Increased Setup Fee to $280",
2022-04-29,Kara Soghigian,"ML Mortgage Level 0, Increased Transaction Fee to $104, increased Minimum to $1560",
2022-04-29,Kara Soghigian,"ML Mortgage Level 1, Increased Transaction Fee to $95, increased Minimum to $2850",
2022-04-29,Kara Soghigian,"ML Mortgage Level 2, Increased Transaction Fee to $85, increased Minimum to $4250",
2022-04-29,Kara Soghigian,"ML Mortgage Level 3, Increased Transaction Fee to $77.75, increased Minimum to $5831.25",
2022-04-29,Kara Soghigian,"ML Mortgage Level 4, Increased Transaction Fee to $73, increased Minimum to $7300",
2022-04-29,Kara Soghigian,"ML Mortgage Level 5, Increased Transaction Fee to $67, increased Minimum to $10,050",
2022-04-29,Kara Soghigian,"ML Mortgage Level 6, Increased Transaction Fee to $62.75, increased Minimum to $12,550",
2022-04-29,Kara Soghigian,"ML Mortgage Level 7, Increased Transaction Fee to $59.75, increased Minimum to $14,938",
2022-04-29,Kara Soghigian,"ML Mortgage Level 8, Increased Transaction Fee to $57.25, increased Minimum to $17,175",
2022-04-29,Kara Soghigian,"ML Mortgage Level 9, Increased Transaction Fee to $54, increased Minimum to $21,600",
2022-04-29,Kara Soghigian,"ML Mortgage Level 10, Increased Transaction Fee to $51.25, increased Minimum to $25,625",
2022-04-29,Kara Soghigian,"ML Mortgage Level 11, Increased Transaction Fee to $49.25, increased Minimum to $29,550",
2022-04-29,Kara Soghigian,"ML Mortgage Level 12, Increased Transaction Fee to $47.75, increased Minimum to $33,425",
2022-04-29,Kara Soghigian,"ML Mortgage Level 13, Increased Transaction Fee to $46, increased Minimum to $39,100",
2022-04-29,Kara Soghigian,"ML Mortgage Level 14, Increased Transaction Fee to $44, increased Minimum to $44,000",
2022-04-29,Kara Soghigian,"MeridianLink Collect - $1B+ Assets - Billed Annually, Increased Setup Fee to $54,000, increased Annual Fee to $77,760",
2022-04-29,Kara Soghigian,"MeridianLink Collect - $1B+ Assets - Billed Monthly, Increased Setup Fee to $16,200, increased Annual Fee to $77,760",
2022-04-29,Kara Soghigian,"MeridianLink Collect - $400M-$600M Assets - Billed Annually, Increased Setup Fee to $16,200, increased Annual Fee to $38,880",
2022-04-29,Kara Soghigian,"MeridianLink Collect - $400M-$600M Assets - Billed Monthly, Increased Setup Fee to $21,600, increased Annual Fee to $38,880",
2022-04-29,Kara Soghigian,"MeridianLink Collect - $601M-$800M Assets - Billed Annually, Increased Setup Fee to $21,600, increased Annual Fee to $51,840",
2022-04-29,Kara Soghigian,"MeridianLink Collect - $601M-$800M Assets - Billed Monthly, Increased Setup Fee to $32,400, increased Annual Fee to $51,840",
2022-04-29,Kara Soghigian,"MeridianLink Collect - $800M-$1B Assets - Billed Annually, Increased Setup Fee to $32,400, increased Annual Fee to $64,800",
2022-04-29,Kara Soghigian,"MeridianLink Collect - $800M-$1B Assets - Billed Monthly, Increased Setup Fee to $10,800, increased Annual Fee to $64,800",
2022-04-29,Kara Soghigian,"MeridianLink Collect - Up to $400M Assets - Billed Annually, Increased Setup Fee to $10,800, increased Annual Fee to $25,920",
2022-04-29,Kara Soghigian,"MeridianLink Collect - Up to $400M Assets - Billed Monthly, Increased Setup Fee to $10,800, increased Annual Fee to $25,920",
2022-04-29,Kara Soghigian,"MeridianLink Insight, Increased Setup Fee to $5500, increased Annual Fee to $17,500",
2022-04-29,Kara Soghigian,"MeridianLink Insight - Additional Power User, Increased Annual Fee to $1650",
2022-04-29,Kara Soghigian,"MeridianLink Insight - Additional Standard User, Increased Annual Fee to $125",
2022-04-29,Kara Soghigian,"ML Consumer IST CorrectAddress, Increased Transaction Fee to $0.12",
2022-04-29,Kara Soghigian,"Shared Item Business Credit Industry
Report 2.0 (BCIR2), Increased Transaction Fee to $2.18",
2022-04-29,Kara Soghigian,"Shared Item Experian Business Credit Reports, Increased Transaction Fee to $2.18",
2022-04-29,Kara Soghigian,"ML Consumer Telecheck- New Customer, Increased Transaction Fee to $2.41",
2022-04-29,Kara Soghigian,"ML Consumer Oddysey Faxing, Increased Transaction Fee to $0.40",
2022-04-29,Kara Soghigian,"ML Consumer FSSI Mailing (1-5 Page Envelope), Increased Transaction Fee to $1.85",
2022-04-29,Kara Soghigian,"ML Consumer FSSI Mailing (21-40 Page Envelope), Increased Transaction Fee to $10.36",
2022-04-29,Kara Soghigian,"ML Consumer FSSI Mailing (41-60 Page Envelope), Increased Transaction Fee to $19.13",
2022-04-29,Kara Soghigian,"ML Consumer FSSI Mailing (61-80 Page Envelope), Increased Transaction Fee to $22.32",
2022-04-29,Kara Soghigian,"ML Consumer FSSI Mailing (6-20 Page Envelope), Increased Transaction Fee to $6.67",
2022-04-29,Kara Soghigian,"ML Consumer FSSI Mailing (81-100 Page Envelope), Increased Transaction Fee to $24.70",
2022-04-29,Kara Soghigian,"ML Consumer eIDCompare with eIDVerifier, Increased Transaction Fee to $2.29",
2022-04-29,Kara Soghigian,"ML Consumer TransUnion IDMV & IDMA, Increased Transaction Fee to $2.57",
2022-04-29,Kara Soghigian,"ML Consumer Acuant ID Scanning, Increased Transaction Fee to $0.55",
2022-04-29,Kara Soghigian,"ML Consumer eIDCompare, Increased Transaction Fee to $1.14",
2022-04-29,Kara Soghigian,"ML Consumer ISTWatch OFAC Watchlist, Increased Transaction Fee to $0.26",
2022-04-29,Kara Soghigian,"ML Consumer TransUnion IDMV, Increased Transaction Fee to $1.43",
2022-04-29,Kara Soghigian,"ML Consumer ClickSWITCH (new CS client), Increased Transaction Fee to $28.61",
2022-04-29,Kara Soghigian,"ML Consumer AutoCheck, Increased Transaction Fee to $8.67",
2022-04-29,Kara Soghigian,"ML Consumer AutoCheck with Buyback Protection, Increased Transaction Fee to $11.45",
2022-04-29,Kara Soghigian,"ML Consumer Carfax Title Brand Component, Increased Transaction Fee to $0.28",
2022-04-29,Kara Soghigian,"ML Consumer Black Book – Used Car, Motorcycle, Car values , Increased Transaction Fee to $0.43",
2022-04-29,Kara Soghigian,"ML Consumer Black Book history AV, Increased Transaction Fee to $0.43",
2022-04-29,Kara Soghigian,"ML Consumer Black Book motorcycle, Increased Transaction Fee to $0.43",
2022-04-29,Kara Soghigian,"Shared Item Black Book, Increased Transaction Fee to $0.43",
2022-04-29,Kara Soghigian,"Shared Item KBB, Increased Transaction Fee to $0.43",
2022-04-29,Kara Soghigian,"Shared Item NADA, Increased Transaction Fee to $0.43",
2022-04-29,Kara Soghigian,"Shared Item NADA Other, Increased Transaction Fee to $0.43",
2022-04-29,Kara Soghigian,"DecisionLender N.A.D.A. Guide Data - Classic, Collectible and Special Interest Car Values , Increased Transaction Fee to $0.43",
2022-04-29,Kara Soghigian,"DecisionLender N.A.D.A. Guide Data - Marine Values , Increased Transaction Fee to $0.43",
2022-04-29,Kara Soghigian,"DecisionLender N.A.D.A. Guide Data - Motorcycle, Snowmobile, ATV, Personal Watercraft Values , Increased Transaction Fee to $0.43",
2022-04-29,Kara Soghigian,"DecisionLender N.A.D.A. Guide Data - Recreational Vehicle Values, Increased Transaction Fee to $0.43",
2022-04-29,Kara Soghigian,"DecisionLender N.A.D.A. Motorcycle Values , Increased Transaction Fee to $0.43",
2022-04-29,Kara Soghigian,"DecisionLender N.A.D.A. Used Car Values , Increased Transaction Fee to $0.43",
2022-04-29,Kara Soghigian,"ML Consumer CreditSnap, Increased Setup Fee to $2290, increased Annual Fee to $1720",
2022-04-29,Kara Soghigian,"ML Consumer AffordIT, Increased Setup Fee to $2290, increased Annual Fee to $1720",
2022-04-29,Kara Soghigian,"ML Mortgage MortgageSAT, Increased Setup Fee to $1500, increased Transaction Fee to $8.50",
2022-04-29,Kara Soghigian,Removed United One Settlement Services,
2022-04-29,Kara Soghigian,Added Targeted Lender Consumer Credit Report T1,
2022-04-29,Kara Soghigian,Added Targeted Lender Consumer Credit Report T2,
2022-04-29,Kara Soghigian,Added Targeted Lender Consumer Credit Report T3,
2022-04-29,Kara Soghigian,Added Targeted Lender Fannie Mae T1,
2022-04-29,Kara Soghigian,Added Targeted Lender Fannie Mae T2,
2022-04-29,Kara Soghigian,Added Targeted Lender Fannie Mae T3,
2022-04-29,Kara Soghigian,Added Targeted Lender FHLMC Direct - Consumer Credit Reports T1,
2022-04-29,Kara Soghigian,Added Targeted Lender FHLMC Direct - Consumer Credit Reports T2,
2022-04-29,Kara Soghigian,Added Targeted Lender FHLMC Direct - Consumer Credit Reports T3,
2022-04-29,Kara Soghigian,Added Targeted Lender Consumer Credit Report,
2022-04-29,Kara Soghigian,Added Targeted Lender FHLMC Direct - Consumer Credit Reports - Direct Reissue T1,
2022-04-29,Kara Soghigian,Added Targeted Lender FHLMC Direct - Consumer Credit Reports - Direct Reissue T2,
2022-04-29,Kara Soghigian,Added Targeted Lender FHLMC Direct - Consumer Credit Reports - Direct Reissue T3,
2022-04-29,Kara Soghigian,Added Targeted Lender PitchPoint BLJ T1,
2022-04-29,Kara Soghigian,Added Targeted Lender PitchPoint BLJ T2,
2022-04-29,Kara Soghigian,Added Targeted Lender PitchPoint BLJ T3,
2022-04-29,Kara Soghigian,Added Targeted Lender Credit Attributes T1,
2022-04-29,Kara Soghigian,Added Targeted Lender Credit Attributes T2,
2022-04-29,Kara Soghigian,Added Targeted Lender Credit Attributes T3,
2022-05-12,Kara Soghigian,Corrected Transaction Fee for DL4-Consumer Module,
2022-05-12,Kara Soghigian,Updated Primary Product field of SHARED products to reflect Product Line,
2022-05-12,Ryan Mumphrey,Product Family field removed from Quote Builder,
2022-05-31,Kara Soghigian,Added back Black Book SHARED item,
2022-05-31,Kara Soghigian,Added back Black Book SHARED item,
2022-05-31,Kara Soghigian,Added back KBB SHARED item,
2022-05-31,Kara Soghigian,Added back NADA SHARED item,
2022-05-31,Kara Soghigian,Added back NADA Other SHARED item,
2022-05-31,Kara Soghigian,Added Atlas- Complete,
2022-05-31,Kara Soghigian,Added Atlas- Enterprise,
2022-05-31,Kara Soghigian,Added Atlas Lending- Advanced (5 apps/month),
2022-05-31,Kara Soghigian,Added Atlas Lending- Advanced (6-10 apps/month),
2022-05-31,Kara Soghigian,Added Atlas Lending- Advanced (11-20 apps/month),
2022-05-31,Kara Soghigian,Added Atlas Lending- Advanced (21-30 apps/month),
2022-05-31,Kara Soghigian,Added Atlas Lending- Advanced (31-40 apps/month),
2022-05-31,Kara Soghigian,Added Atlas Lending- Advanced (41-50 apps/month),
2022-05-31,Kara Soghigian,Added Atlas Lending- Advanced (51-100+ apps/month),
2022-06-17,Kara Soghigian,Changed pricing of Black Book SHARED item from $2.00 to $0.43,
2022-06-17,Kara Soghigian,SQL Transmission Service (one extract/day after hours) removed Internal Note for Sales Setup fee does not cover Year 1 of service- annual fee is charged as soon as setup is complete,
2022-06-17,Kara Soghigian,SQL Transmission Service (one extract/hour including business hours) removed Internal Note for Sales Setup fee does not cover Year 1 of service- annual fee is charged as soon as setup is complete,
2022-06-17,Kara Soghigian,Removed Document Mapping (loans + deposits) for ML Consumer/Opening,
2022-06-17,Kara Soghigian,Changed product code for MeridianLink Opening Module (Entry) from CONS-0430 to CONS-0252 (same as MeridianLink Opening Module),
2022-06-17,Kara Soghigian,Changed product code for MeridianLink Consumer - Consumer Module (Entry) from CONS-0424 to CONS-0236,
2022-06-17,Kara Soghigian,"Mortgage- Loan Program Build/Maintenance, increased transaction fee from $250 to $275",
2022-06-17,Kara Soghigian,Admin Pro changed to SHARED item,
2022-06-17,Kara Soghigian,Enhanced Implementation changed to SHARED item,
2022-06-17,Kara Soghigian,Nortridge NLS Export changed to SHARED item,
2022-06-17,Kara Soghigian,Share Tech Export changed to SHARED item,
2022-06-17,Kara Soghigian,Shaw Solutions changed to SHARED item,
2022-06-17,Kara Soghigian,Point Predictive Integration changed to SHARED item,
2022-06-17,Kara Soghigian,CCM Interface with OSI changed to SHARED item,
2022-06-17,Kara Soghigian,CPS changed to SHARED item,
2022-06-17,Kara Soghigian,FDR Vantiv changed to SHARED item,
2022-06-17,Kara Soghigian,PSCU (Credit Card) changed to SHARED item,
2022-06-17,Kara Soghigian,RTDX / Base2000 changed to SHARED item,
2022-06-17,Kara Soghigian,TMG changed to SHARED item,
2022-06-17,Kara Soghigian,Tsys ADM changed to SHARED item,
2022-06-17,Kara Soghigian,VantivFI changed to SHARED item,
2022-06-17,Kara Soghigian,Visa Advanced ID Solutions (VAIS) changed to SHARED item,
2022-06-17,Kara Soghigian,Decisioning as a Service (DaaS) changed to SHARED item,
2022-06-17,Kara Soghigian,Fast Start changed to SHARED item,
2022-06-17,Kara Soghigian,Zest Custom Score changed to SHARED item,
2022-06-17,Kara Soghigian,D+H LaserPro changed to SHARED item,
2022-06-17,Kara Soghigian,D+H LaserPro Plus changed to SHARED item,
2022-06-17,Kara Soghigian,Document Mapping (loans) changed to SHARED item,
2022-06-17,Kara Soghigian,Document Mapping (overage) - custom changed to SHARED item,
2022-06-17,Kara Soghigian,Document Mapping (overage) - MeridianLink Consumer changed to SHARED item,
2022-06-17,Kara Soghigian,Ready-To-Sign (RTS) changed to SHARED item,
2022-06-17,Kara Soghigian,Synergy Esign changed to SHARED item,
2022-06-17,Kara Soghigian,eIDCompare with eIDVerifier changed to SHARED item,
2022-06-17,Kara Soghigian,TransUnion IDMV & IDMA changed to SHARED item,
2022-06-17,Kara Soghigian,TransUnion IDMV changed to SHARED item,
2022-06-17,Kara Soghigian,CUDL changed to SHARED item,
2022-06-17,Kara Soghigian,CULA changed to SHARED item,
2022-06-17,Kara Soghigian,RouteOne eContracting changed to SHARED item,
2022-06-17,Kara Soghigian,Expedited Deployment changed to SHARED item,
2022-06-17,Kara Soghigian,Reschedule Live Date changed to SHARED item,
2022-06-17,Kara Soghigian,VPN Configuration changed to SHARED item,
2022-06-17,Kara Soghigian,First Close - Settlement Services changed to SHARED item,
2022-06-17,Kara Soghigian,Carfax Vehicle History and/or Vehicle Loss Report changed to SHARED item,
2022-06-17,Kara Soghigian,CULA Seamless Integration changed to SHARED item,
2022-06-17,Kara Soghigian,Datasafe Export changed to SHARED item,
2022-06-17,Kara Soghigian,Dedicated VPN Connection changed to SHARED item,
2022-06-17,Kara Soghigian,Disaster Recovery VPN changed to SHARED item,
2022-06-17,Kara Soghigian,Black Book motorcycle changed to SHARED item,
2022-06-17,Kara Soghigian,NADA Motorcycle Values changed to SHARED item,
2022-06-17,Kara Soghigian,NADA Used Car Values changed to SHARED item,
2022-06-17,Kara Soghigian,DecisionLender Image Transfer merged into DocDownload Imaging,
2022-06-17,Kara Soghigian,AccesSoftek SSO changed to SHARED item,
2022-06-17,Kara Soghigian,Digital Insight SSO changed to SHARED item,
2022-06-17,Kara Soghigian,Net Teller SSO changed to SHARED item,
2022-06-17,Kara Soghigian,L3APPS Export removed from EPC,
2022-06-17,Kara Soghigian,Document Mapping (loans + deposits) removed from EPC,
2022-06-17,Kara Soghigian,TransUnion Identity Manager – ID Decision Bundle changed to SHARED item,
2022-06-17,Kara Soghigian,TransUnion IDV only changed to SHARED item,
2022-06-17,Kara Soghigian,"N.A.D.A. Guide Data - Classic, Collectible and Special Interest Car Values changed to SHARED item",
2022-06-17,Kara Soghigian,Corelation Interface changed to SHARED item,
2022-07-01,Kara Soghigian,Changed ML Collect Pricing Structure,
2022-07-01,Kara Soghigian,Added years 6 and 7 to ML Entry for ML Consumer Module,
2022-07-01,Kara Soghigian,Added years 6 and 7 to ML Entry for ML Opening Module,
2022-07-01,Kara Soghigian,Added MLM Training Package,
2022-07-01,Kara Soghigian,Added MLM Roles Training Package,
2022-07-01,Kara Soghigian,Added MLM Time & Materials Training Package,
2022-07-01,Kara Soghigian,Added CrossCore FraudNet DRS,
2022-07-01,Kara Soghigian,Added MX Instant Account Verification to Beta Tab,
2022-07-01,Kara Soghigian,"FiServ Portico Core, changed from DecisionLender to SHARED Product codes",
2022-07-01,Kara Soghigian,"JHA Symitar Core Conversion, changed from DecisionLender to SHARED product codes",
2022-07-01,Kara Soghigian,"Fidelity Information Services IBS Core Integration Setup Fee, changed product code",
2022-07-01,Kara Soghigian,"Fidelity Information Services IBS Core Integration Annual Fee, changed product code",
2022-07-01,Kara Soghigian,"Fidelity Information Services Miser Core Integration Setup Fee, changed product code",
2022-07-01,Kara Soghigian,"Fidelity Information Services Miser Core Integration Annual Fee, changed product code",
2022-07-01,Kara Soghigian,"Fidelity Information Services Bankway Core Integration Setup Fee, changed product code",
2022-07-01,Kara Soghigian,"Fidelity Information Services Bankway Core Integration Annual Fee, changed product code",
2022-07-01,Kara Soghigian,"CMCFlex FLEX Core Integration Setup Fee, changed product code",
2022-07-01,Kara Soghigian,"CMCFlex FLEX Core Integration Annual Fee, changed product code",
2022-07-01,Kara Soghigian,"Core Integrationlation Keystone Core Integration Setup Fee, changed product code",
2022-07-01,Kara Soghigian,"Core Integrationlation Keystone Core Integration Annual Fee, changed product code",
2022-07-01,Kara Soghigian,"CUProdigy CUDP Core Integration Setup Fee, changed product code",
2022-07-01,Kara Soghigian,"CUProdigy CUDP Core Integration Annual Fee, changed product code",
2022-07-01,Kara Soghigian,"EPL iPower Core Integration Setup Fee, changed product code",
2022-07-01,Kara Soghigian,"EPL iPower Core Integration Annual Fee, changed product code",
2022-07-01,Kara Soghigian,"ESP Forza Core Integration Setup Fee, changed product code",
2022-07-01,Kara Soghigian,"ESP Forza Core Integration Annual Fee, changed product code",
2022-07-01,Kara Soghigian,"Finastra UltraData Core Integration Setup Fee, changed product code",
2022-07-01,Kara Soghigian,"Finastra UltraData Core Integration Annual Fee, changed product code",
2022-07-01,Kara Soghigian,"Finastra Phoenix Core Integration Setup Fee, changed product code",
2022-07-01,Kara Soghigian,"Finastra Phoenix Core Integration Annual Fee, changed product code",
2022-07-01,Kara Soghigian,"Fiserv CUnify Core Integration Setup Fee, changed product code",
2022-07-01,Kara Soghigian,"Fiserv CUnify Core Integration Annual Fee, changed product code",
2022-07-01,Kara Soghigian,"Fiserv Portico Core Integration Setup Fee, changed product code",
2022-07-01,Kara Soghigian,"Fiserv Portico Core Integration Annual Fee, changed product code",
2022-07-01,Kara Soghigian,"Fiserv XP2 Core Integration Setup Fee, changed product code",
2022-07-01,Kara Soghigian,"Fiserv XP2 Core Integration Annual Fee, changed product code",
2022-07-01,Kara Soghigian,"Fiserv Galaxy Core Integration Setup Fee, changed product code",
2022-07-01,Kara Soghigian,"Fiserv Galaxy Core Integration Annual Fee, changed product code",
2022-07-01,Kara Soghigian,"Fiserv DNA Core Integration Setup Fee, changed product code",
2022-07-01,Kara Soghigian,"Fiserv DNA Core Integration Annual Fee, changed product code",
2022-07-01,Kara Soghigian,"Fiserv Premier Core Integration Setup Fee, changed product code",
2022-07-01,Kara Soghigian,"Fiserv Premier Core Integration Annual Fee, changed product code",
2022-07-01,Kara Soghigian,"Fiserv DataSafe Core Integration Setup Fee, changed product code",
2022-07-01,Kara Soghigian,"Fiserv DataSafe Core Integration Annual Fee, changed product code",
2022-07-01,Kara Soghigian,"Fiserv Spectrum Core Integration Setup Fee, changed product code",
2022-07-01,Kara Soghigian,"Fiserv Spectrum Core Integration Annual Fee, changed product code",
2022-07-01,Kara Soghigian,"CUAnswers CUBase Core Integration Setup Fee, changed product code",
2022-07-01,Kara Soghigian,"CUAnswers CUBase Core Integration Annual Fee, changed product code",
2022-07-01,Kara Soghigian,"JHA Symitar Core Integration Setup Fee, changed product code",
2022-07-01,Kara Soghigian,"JHA Symitar Core Integration Annual Fee, changed product code",
2022-07-01,Kara Soghigian,"ShareOne New Solutions Core Integration Setup Fee, changed product code",
2022-07-01,Kara Soghigian,"ShareOne New Solutions Core Integration Annual Fee, changed product code",
2022-07-01,Kara Soghigian,"Access Softek Home Banking Setup Fee, changed product code",
2022-07-01,Kara Soghigian,"Access Softek Home Banking Annual Fee, changed product code",
2022-07-01,Kara Soghigian,"NCR Digital Insights Home Banking Setup Fee, changed product code",
2022-07-01,Kara Soghigian,"NCR Digital Insights Home Banking Annual Fee, changed product code",
2022-07-01,Kara Soghigian,"JHA NetTeller Home Banking Setup Fee, changed product code",
2022-07-01,Kara Soghigian,"JHA NetTeller Home Banking Annual Fee, changed product code",
2022-07-06,Ryan Mumphrey,Updated module tiers to eliminate #N/A error,
2022-07-06,Kara Soghigian,Cleaned up any discrepancies from 7/1 and 6/17 versions due to SharePoint sync error,
2022-07-29,Kara Soghigian,Added JHA MeridianLink Consumer - Business Module Tier 1 (1000-1999 apps),
2022-07-29,Kara Soghigian,Added JHA MeridianLink Consumer - Business Module Tier 2 (500-999 apps),
2022-07-29,Kara Soghigian,Added JHA MeridianLink Consumer - Business Module Tier 3 (250-499 apps),
2022-07-29,Kara Soghigian,Added JHA MeridianLink Consumer - Business Module Tier 4 (up to 249 apps),
2022-07-29,Kara Soghigian,Added JHA MeridianLink Consumer - Indirect Lending Module Tier 1 (8000+  apps),
2022-07-29,Kara Soghigian,Added JHA MeridianLink Consumer - Indirect Lending Module Tier 2 (4000-7999 apps),
2022-07-29,Kara Soghigian,Added JHA MeridianLink Consumer - Indirect Lending Module Tier 3 (2000-3999 apps),
2022-07-29,Kara Soghigian,Added JHA MeridianLink Consumer - Indirect Lending Module Tier 4 (1000-1999 apps),
2022-07-29,Kara Soghigian,Added JHA MeridianLink Consumer - Indirect Lending Module Tier 5 (500-999 apps),
2022-07-29,Kara Soghigian,Added JHA MeridianLink Consumer - Indirect Lending Module Tier 6 (250-499 apps),
2022-07-29,Kara Soghigian,Added JHA MeridianLink Consumer - Indirect Lending Module Tier 7 (up to 249 apps),
2022-07-29,Kara Soghigian,Added JHA MeridianLink Consumer - Home Equity Module Tier 1 (1000-1999 apps),
2022-07-29,Kara Soghigian,Added JHA MeridianLink Consumer - Home Equity Module Tier 2 (500-999 apps),
2022-07-29,Kara Soghigian,Added JHA MeridianLink Consumer - Home Equity Module Tier 3 (250-499 apps),
2022-07-29,Kara Soghigian,Added JHA MeridianLink Consumer - Home Equity Module Tier 4 (up to 249 apps),
2022-07-29,Kara Soghigian,"Added JHA MeridianLink Portal Level 1 (96,000+ apps)",
2022-07-29,Kara Soghigian,"Added JHA MeridianLink Portal Level 2 (48,000-95,999 apps)",
2022-07-29,Kara Soghigian,"Added JHA MeridianLink Portal Level 3 (24,000-47,999 apps)",
2022-07-29,Kara Soghigian,"Added JHA MeridianLink Portal Level 4 (12,000-23,999 apps)",
2022-07-29,Kara Soghigian,"Added JHA MeridianLink Portal Level 5 (6000-11,999 apps)",
2022-07-29,Kara Soghigian,Added JHA MeridianLink Portal Level 6 (3000-5999 apps),
2022-07-29,Kara Soghigian,Added JHA MeridianLink Portal Level 7 (<3000 apps),
2022-07-29,Kara Soghigian,Added JHA MeridianLink Consumer - Consumer Module Tier 1 (8000+ apps),
2022-07-29,Kara Soghigian,Added JHA MeridianLink Consumer - Consumer Module Tier 2 (4000-7999 apps),
2022-07-29,Kara Soghigian,Added JHA MeridianLink Consumer - Consumer Module Tier 3 (2000-3999 apps),
2022-07-29,Kara Soghigian,Added JHA MeridianLink Consumer - Consumer Module Tier 4 (1000-1999 apps),
2022-07-29,Kara Soghigian,Added JHA MeridianLink Consumer - Consumer Module Tier 5 (500-999 apps),
2022-07-29,Kara Soghigian,Added JHA MeridianLink Consumer - Consumer Module Tier 6 (250-499 apps),
2022-07-29,Kara Soghigian,Added JHA MeridianLink Consumer - Consumer Module Tier 7 (up to 249 apps),
2022-07-29,Kara Soghigian,Added JHA MeridianLink Opening Module Tier 1 (8000+ apps),
2022-07-29,Kara Soghigian,Added JHA MeridianLink Opening Module Tier 2 (4000-7999 apps),
2022-07-29,Kara Soghigian,Added JHA MeridianLink Opening Module Tier 3 (2000-3999 apps),
2022-07-29,Kara Soghigian,Added JHA MeridianLink Opening Module Tier 4 (1000-1999 apps),
2022-07-29,Kara Soghigian,Added JHA MeridianLink Opening Module Tier 5 (500-999 apps),
2022-07-29,Kara Soghigian,Added JHA MeridianLink Opening Module Tier 6 (250-499 apps),
2022-07-29,Kara Soghigian,Added JHA MeridianLink Opening Module Tier 7 (up to 249 apps),
2022-07-29,Kara Soghigian,"Document Mapping (loans) - DecisionLender changed to SHARED item, Annual fee changed from $3655 to $3720",
2022-07-29,Kara Soghigian,Document Mapping (overage) - DecisionLender4 Consumer changed to SHARED item,
2022-07-29,Kara Soghigian,Document Mapping (overage) - DecisionLender4 Custom changed to SHARED item,
2022-07-29,Kara Soghigian,Added Auto Counter Offer (DecisionLender4),
2022-07-29,Kara Soghigian,Added Additional DecisionLender Sub-Lender,
2022-07-29,Kara Soghigian,Added eContracting Rule Validation Package,
2022-07-29,Kara Soghigian,DecisionLender Training Pricing changed from $280 to $275,
2022-07-29,Kara Soghigian,PS Hourly: 1-2 hours pricing changed from $555 to $550,
2022-07-29,Kara Soghigian,PS Hourly: 3-4 hours pricing changed from $1110.00 to $1100.00,
2022-07-29,Kara Soghigian,PS Hourly: 5+ hours pricing changed from $250 per hour to $275 per hour,
2022-07-29,Kara Soghigian,Added Reschedule Live Date (DecisionLender),
2022-07-29,Kara Soghigian,Removed Kelley Blue Book Used Car Values- duplicate of KBB Shared Item,
2022-07-29,Kara Soghigian,"Added Trade House Data Person Search Premium Non TazCloud User Tier 1 (20,000+ per month)",
2022-07-29,Kara Soghigian,"Added Trade House Data Person Search Premium Non TazCloud User Tier 2 (7,500-19,999 per month)",
2022-07-29,Kara Soghigian,"Added Trade House Data Person Search Premium Non TazCloud User Tier 3 (5,000-7,499 per month)",
2022-07-29,Kara Soghigian,"Added Trade House Data Person Search Premium Non TazCloud User Tier 4 (1,000-4,999 per month)",
2022-07-29,Kara Soghigian,"Added Trade House Data Person Search Premium Non TazCloud User Tier 5 (<1,000 per month)",
2022-07-29,Kara Soghigian,"Added Trade House Data Person Search Premium TazCloud User Tier 1 (20,000+ per month)",
2022-07-29,Kara Soghigian,"Added Trade House Data Person Search Premium TazCloud User Tier 2 (7,500-19,999 per month)",
2022-07-29,Kara Soghigian,"Added Trade House Data Person Search Premium TazCloud User Tier 3 (5,000-7,499 per month)",
2022-07-29,Kara Soghigian,"Added Trade House Data Person Search Premium TazCloud User Tier 4 (1,000-4,999 per month)",
2022-07-29,Kara Soghigian,"Added Trade House Data Person Search Premium TazCloud User Tier 5 (<1,000 per month)",
2022-07-29,Kara Soghigian,Added Certiifcation Program for Consumer,
2022-07-29,Kara Soghigian,Added Certification Retake Exam - Multiple-Choice for Consumer,
2022-07-29,Kara Soghigian,Added Certification Retake Exam - Practical for Consumer,
2022-07-29,Kara Soghigian,Added Certification Training Bundle for Consumer,
2022-07-29,Kara Soghigian,Engage - Card Module Tier 2 changed tier from $250M-$1B AUM to $500M-$1B AUM,
2022-07-29,Kara Soghigian,Engage - Card Module Tier 3 changed tier from $>250M AUM to $250M-$500M AUM,
2022-07-29,Kara Soghigian,Added Engage - Card Module Tier 4 >$250M AUM,
2022-07-29,Kara Soghigian,Engage - Account Module Tier 2 changed tier from $250M-$1B AUM to $500M-$1B AUM,
2022-07-29,Kara Soghigian,Engage - Account Module Tier 3 changed tier from $>250M AUM to $250M-$500M AUM,
2022-07-29,Kara Soghigian,Added Engage - Account Module Tier 4 >$250M AUM,
2022-07-29,Kara Soghigian,Engage - Consumer Lending Module Tier 2 changed tier from $250M-$1B AUM to $500M-$1B AUM,
2022-07-29,Kara Soghigian,Engage - Consumer Lending Module Tier 3 changed tier from $>250M AUM to $250M-$500M AUM,
2022-07-29,Kara Soghigian,Added Engage - Consumer Lending Module Tier 4 >$250M AUM,
2022-07-29,Kara Soghigian,Engage - Platform & Data Integration Mgmt Tier 2 changed tier from $250M-$1B AUM to $500M-$1B AUM,
2022-07-29,Kara Soghigian,Engage - Platform & Data Integration Mgmt Tier 3 changed tier from $>250M AUM to $250M-$500M AUM,
2022-07-29,Kara Soghigian,Added Engage - Platform & Data Integration Mgmt Tier 4 >$250M AUM,
2022-07-29,Kara Soghigian,"MeridianLink Portal Level 1 (96,000+ apps) name change for better sorting",
2022-07-29,Kara Soghigian,"MeridianLink Portal Level 2 (48,000-95,999 apps) name change for better sorting",
2022-07-29,Kara Soghigian,"MeridianLink Portal Level 3 (24,000-47,999 apps) name change for better sorting",
2022-07-29,Kara Soghigian,"MeridianLink Portal Level 4 (12,000-23,999 apps) name change for better sorting",
2022-07-29,Kara Soghigian,"MeridianLink Portal Level 5 (6000-11,999 apps) name change for better sorting",
2022-07-29,Kara Soghigian,MeridianLink Portal Level 6 (3000-5999 apps) name change for better sorting,
2022-07-29,Kara Soghigian,MeridianLink Portal Level 7 (<3000 apps) name change for better sorting,
2022-07-29,Kara Soghigian,Reward - Relationship360 Tier 1 (>10B AUM) name change to allow for better sorting,
2022-07-29,Kara Soghigian,Reward - Relationship360 Tier 2 ($5B-$10B AUM)  name change to allow for better sorting,
2022-07-29,Kara Soghigian,Reward - Relationship360 Tier 3 ($1B-$5B AUM)  name change to allow for better sorting,
2022-07-29,Kara Soghigian,Reward - Relationship360 Tier 4 ($500M-$1B AUM)  name change to allow for better sorting,
2022-07-29,Kara Soghigian,Reward - Relationship360 Tier 5 ($250M-$500M AUM)  name change to allow for better sorting,
2022-07-29,Kara Soghigian,Reward - Relationship360 Tier 6 (<250 AUM) name change to allow for better sorting,
2022-07-29,Kara Soghigian,"Reward - Relationship360 Tier 1 (>80,000 Accounts) name change to allow for better sorting",
2022-07-29,Kara Soghigian,"Reward - Relationship360 Tier 2 (70,000-79,999 Accounts) name change to allow for better sorting",
2022-07-29,Kara Soghigian,"Reward - Relationship360 Tier 3 (60,000-69,999 Accounts) name change to allow for better sorting",
2022-07-29,Kara Soghigian,"Reward - Relationship360 Tier 4 (50,000-59,9999 Accounts) name change to allow for better sorting",
2022-07-29,Kara Soghigian,"Reward - Relationship360 Tier 5 (40,000-49,999 Accounts) name change to allow for better sorting",
2022-07-29,Kara Soghigian,"Reward - Relationship360 Tier 6 (30,000-39,999 Accounts) name change to allow for better sorting",
2022-07-29,Kara Soghigian,"Reward - Relationship360 Tier 7 (20,000-29,999 Accounts) name change to allow for better sorting",
2022-07-29,Kara Soghigian,"Reward - Relationship360 Tier 8 (10,000-19,9999 Accounts) name change to allow for better sorting",
2022-07-29,Kara Soghigian,"Reward - Relationship360 Tier 9 (5,000-9,999 Accounts) name change to allow for better sorting",
2022-07-29,Kara Soghigian,"Reward - Relationship360 Tier 10 (<5,000 Accounts) name change to allow for better sorting",
2022-07-29,Kara Soghigian,DL4 - Indirect Lending Module Tier 4 (1000-1999 apps) name change to allow for better sorting,
2022-07-29,Kara Soghigian,DL4 - Indirect Lending Module Tier 3 (2000-3999 apps) name change to allow for better sorting,
2022-07-29,Kara Soghigian,DL4 - Indirect Lending Module Tier 6 (250-499 apps) name change to allow for better sorting,
2022-07-29,Kara Soghigian,DL4 - Indirect Lending Module Tier 2 (4000-7999 apps) name change to allow for better sorting,
2022-07-29,Kara Soghigian,DL4 - Indirect Lending Module Tier 5 (500-999 apps) name change to allow for better sorting,
2022-07-29,Kara Soghigian,DL4 - Indirect Lending Module Tier 1 (8000+ apps) name change to allow for better sorting,
2022-07-29,Kara Soghigian,MeridianLink Consumer - Business Module Tier 4 (up to 249 apps) name change to allow for better sorting,
2022-07-29,Kara Soghigian,MeridianLink Consumer - Business Module Tier 3 (250-499 apps) name change to allow for better sorting,
2022-07-29,Kara Soghigian,MeridianLink Consumer - Business Module Tier 2 (500-999 apps) name change to allow for better sorting,
2022-07-29,Kara Soghigian,MeridianLink Consumer - Business Module Tier 1 (1000-1999 apps) name change to allow for better sorting,
2022-07-29,Kara Soghigian,MeridianLink Consumer - Consumer Module Tier 7 (up to 249 apps) name change to allow for better sorting,
2022-07-29,Kara Soghigian,MeridianLink Consumer - Consumer Module Tier 6 (250-499 apps) name change to allow for better sorting,
2022-07-29,Kara Soghigian,MeridianLink Consumer - Consumer Module Tier 5 (500-999 apps) name change to allow for better sorting,
2022-07-29,Kara Soghigian,MeridianLink Consumer - Consumer Module Tier 4 (1000-1999 apps) name change to allow for better sorting,
2022-07-29,Kara Soghigian,MeridianLink Consumer - Consumer Module Tier 3 (2000-3999 apps) name change to allow for better sorting,
2022-07-29,Kara Soghigian,MeridianLink Consumer - Consumer Module Tier 2 (4000-7999 apps) name change to allow for better sorting,
2022-07-29,Kara Soghigian,MeridianLink Consumer - Consumer Module Tier 1 (8000+ apps) name change to allow for better sorting,
2022-07-29,Kara Soghigian,MeridianLink Consumer - Home Equity Module Tier 4 (up to 249 apps) name change for better sorting,
2022-07-29,Kara Soghigian,MeridianLink Consumer - Home Equity Module Tier 3 (250-499 apps) name change for better sorting,
2022-07-29,Kara Soghigian,MeridianLink Consumer - Home Equity Module Tier 2 (500-999 apps) name change for better sorting,
2022-07-29,Kara Soghigian,MeridianLink Consumer - Home Equity Module Tier 1 (1000-1999 apps) name change for better sorting,
2022-07-29,Kara Soghigian,MeridianLink Consumer - Indirect Lending Module Tier 1 (8000+  apps) name change for better sorting,
2022-07-29,Kara Soghigian,MeridianLink Consumer - Indirect Lending Module Tier 2 (4000-7999 apps) name change for better sorting,
2022-07-29,Kara Soghigian,MeridianLink Consumer - Indirect Lending Module Tier 3 (2000-3999 apps) name change for better sorting,
2022-07-29,Kara Soghigian,MeridianLink Consumer - Indirect Lending Module Tier 4 (1000-1999 apps) name change for better sorting,
2022-07-29,Kara Soghigian,MeridianLink Consumer - Indirect Lending Module Tier 5 (500-999 apps) name change for better sorting,
2022-07-29,Kara Soghigian,MeridianLink Consumer - Indirect Lending Module Tier 6 (250-499 apps) name change for better sorting,
2022-07-29,Kara Soghigian,MeridianLink Consumer - Indirect Lending Module Tier 7 (up to 249 apps) name change for better sorting,
2022-07-29,Kara Soghigian,MeridianLink Opening Module Tier 1 (8000+ apps) name change for better sorting,
2022-07-29,Kara Soghigian,MeridianLink Opening Module Tier 2 (4000-7999 apps) name change for better sorting,
2022-07-29,Kara Soghigian,MeridianLink Opening Module Tier 3 (2000-3999 apps) name change for better sorting,
2022-07-29,Kara Soghigian,MeridianLink Opening Module Tier 4 (1000-1999 apps) name change for better sorting,
2022-07-29,Kara Soghigian,MeridianLink Opening Module Tier 5 (500-999 apps) name change for better sorting,
2022-07-29,Kara Soghigian,MeridianLink Opening Module Tier 6 (250-499 apps) name change for better sorting,
2022-07-29,Kara Soghigian,MeridianLink Opening Module Tier 7 (up to 249 apps) name change for better sorting,
2022-07-29,Kara Soghigian,Atlas Lending- Advanced Tier 1 (50+ apps/month) name change for better sorting,
2022-07-29,Kara Soghigian,Atlas Lending- Advanced Tier 2 (40-49 apps/month) name change for better sorting,
2022-07-29,Kara Soghigian,Atlas Lending- Advanced Tier 3 (30-39 apps/month) name change for better sorting,
2022-07-29,Kara Soghigian,Atlas Lending- Advanced Tier 4 (20-29 apps/month) name change for better sorting,
2022-07-29,Kara Soghigian,Atlas Lending- Advanced Tier 5 (10-19 apps/month) name change for better sorting,
2022-07-29,Kara Soghigian,Atlas Lending- Advanced Tier 6 (5-9 apps/month) name change for better sorting,
2022-07-29,Kara Soghigian,Atlas Lending- Advanced Tier 7 (<5 apps/month) name change for better sorting,
2022-07-29,Kara Soghigian,MeridianLink Mortgage Tier 1 (1000+ Closed Loans/Mon) no implementations name change for better sorting,
2022-07-29,Kara Soghigian,MeridianLink Mortgage Tier 1 (1000+ Closed Loans/Mon) with 1 implementation name change for better sorting,
2022-07-29,Kara Soghigian,MeridianLink Mortgage Tier 1 (1000+ Closed Loans/Mon) with 2 implementations name change for better sorting,
2022-07-29,Kara Soghigian,MeridianLink Mortgage Tier 1 (1000+ Closed Loans/Mon) with 3 implementations name change for better sorting,
2022-07-29,Kara Soghigian,MeridianLink Mortgage Tier 2 (850-999 Closed Loans/Mon) no implementation name change for better sorting,
2022-07-29,Kara Soghigian,MeridianLink Mortgage Tier 2 (850-999 Closed Loans/Mon) with 1 implementation name change for better sorting,
2022-07-29,Kara Soghigian,MeridianLink Mortgage Tier 2 (850-999 Closed Loans/Mon) with 2 implementations name change for better sorting,
2022-07-29,Kara Soghigian,MeridianLink Mortgage Tier 2 (850-999 Closed Loans/Mon) with 3 implementations name change for better sorting,
2022-07-29,Kara Soghigian,MeridianLink Mortgage Tier 3 (700-849 Closed Loans/Mon) no implementation name change for better sorting,
2022-07-29,Kara Soghigian,MeridianLink Mortgage Tier 3 (700-849 Closed Loans/Mon) with 1 implementation name change for better sorting,
2022-07-29,Kara Soghigian,MeridianLink Mortgage Tier 3 (700-849 Closed Loans/Mon) with 2 implementations name change for better sorting,
2022-07-29,Kara Soghigian,MeridianLink Mortgage Tier 3 (700-849 Closed Loans/Mon) with 3 implementations name change for better sorting,
2022-07-29,Kara Soghigian,MeridianLink Mortgage Tier 4 (600-699 Closed Loans/Mon) no implementation name change for better sorting,
2022-07-29,Kara Soghigian,MeridianLink Mortgage Tier 4 (600-699 Closed Loans/Mon) with 1 implementation name change for better sorting,
2022-07-29,Kara Soghigian,MeridianLink Mortgage Tier 4 (600-699 Closed Loans/Mon) with 2 implementations name change for better sorting,
2022-07-29,Kara Soghigian,MeridianLink Mortgage Tier 4 (600-699 Closed Loans/Mon) with 3 implementations name change for better sorting,
2022-07-29,Kara Soghigian,MeridianLink Mortgage Tier 5 (500-599 Closed Loans/Mon) no implementation name change for better sorting,
2022-07-29,Kara Soghigian,MeridianLink Mortgage Tier 5 (500-599 Closed Loans/Mon) with 1 implementation name change for better sorting,
2022-07-29,Kara Soghigian,MeridianLink Mortgage Tier 5 (500-599 Closed Loans/Mon) with 2 implementations name change for better sorting,
2022-07-29,Kara Soghigian,MeridianLink Mortgage Tier 5 (500-599 Closed Loans/Mon) with 3 implementations name change for better sorting,
2022-07-29,Kara Soghigian,MeridianLink Mortgage Tier 6 (400-499 Closed Loans/Mon) no implementation name change for better sorting,
2022-07-29,Kara Soghigian,MeridianLink Mortgage Tier 6 (400-499 Closed Loans/Mon) with 1 implementation name change for better sorting,
2022-07-29,Kara Soghigian,MeridianLink Mortgage Tier 6 (400-499 Closed Loans/Mon) with 2 implementations name change for better sorting,
2022-07-29,Kara Soghigian,MeridianLink Mortgage Tier 6 (400-499 Closed Loans/Mon) with 3 implementations name change for better sorting,
2022-07-29,Kara Soghigian,MeridianLink Mortgage Tier 7 (300-399 Closed Loans/Mon) no implementation name change for better sorting,
2022-07-29,Kara Soghigian,MeridianLink Mortgage Tier 7 (300-399 Closed Loans/Mon) with 1 implementation name change for better sorting,
2022-07-29,Kara Soghigian,MeridianLink Mortgage Tier 7 (300-399 Closed Loans/Mon) with 2 implementations name change for better sorting,
2022-07-29,Kara Soghigian,MeridianLink Mortgage Tier 7 (300-399 Closed Loans/Mon) with 3 implementations name change for better sorting,
2022-07-29,Kara Soghigian,MeridianLink Mortgage Tier 8 (250-299 Closed Loans/Mon) no implementation name change for better sorting,
2022-07-29,Kara Soghigian,MeridianLink Mortgage Tier 8 (250-299 Closed Loans/Mon) with 1 implementation name change for better sorting,
2022-07-29,Kara Soghigian,MeridianLink Mortgage Tier 8 (250-299 Closed Loans/Mon) with 2 implementations name change for better sorting,
2022-07-29,Kara Soghigian,MeridianLink Mortgage Tier 8 (250-299 Closed Loans/Mon) with 3 implementations name change for better sorting,
2022-07-29,Kara Soghigian,MeridianLink Mortgage Tier 9 (200-249 Closed Loans/Mon) no implementation name change for better sorting,
2022-07-29,Kara Soghigian,MeridianLink Mortgage Tier 9 (200-249 Closed Loans/Mon) with 1 implementation name change for better sorting,
2022-07-29,Kara Soghigian,MeridianLink Mortgage Tier 9 (200-249 Closed Loans/Mon) with 2 implementations name change for better sorting,
2022-07-29,Kara Soghigian,MeridianLink Mortgage Tier 9 (200-249 Closed Loans/Mon) with 3 implementations name change for better sorting,
2022-07-29,Kara Soghigian,MeridianLink Mortgage Tier 10 (150-199 Closed Loans/Mon) no implementation name change for better sorting,
2022-07-29,Kara Soghigian,MeridianLink Mortgage Tier 10 (150-199 Closed Loans/Mon) with 1 implementation name change for better sorting,
2022-07-29,Kara Soghigian,MeridianLink Mortgage Tier 10 (150-199 Closed Loans/Mon) with 2 implementations name change for better sorting,
2022-07-29,Kara Soghigian,MeridianLink Mortgage Tier 10 (150-199 Closed Loans/Mon) with 3 implementations name change for better sorting,
2022-07-29,Kara Soghigian,MeridianLink Mortgage Tier 11 (100-149 Closed Loans/Mon) no implementation name change for better sorting,
2022-07-29,Kara Soghigian,MeridianLink Mortgage Tier 11 (100-149 Closed Loans/Mon) with 1 implementation name change for better sorting,
2022-07-29,Kara Soghigian,MeridianLink Mortgage Tier 11 (100-149 Closed Loans/Mon) with 2 implementations name change for better sorting,
2022-07-29,Kara Soghigian,MeridianLink Mortgage Tier 11 (100-149 Closed Loans/Mon) with 3 implementations name change for better sorting,
2022-07-29,Kara Soghigian,MeridianLink Mortgage Tier 12 (75-99 Closed Loans/Mon) no implementation name change for better sorting,
2022-07-29,Kara Soghigian,MeridianLink Mortgage Tier 12 (75-99 Closed Loans/Mon) with 1 implementation name change for better sorting,
2022-07-29,Kara Soghigian,MeridianLink Mortgage Tier 12 (75-99 Closed Loans/Mon) with 2 implementations name change for better sorting,
2022-07-29,Kara Soghigian,MeridianLink Mortgage Tier 12 (75-99 Closed Loans/Mon) with 3 implementations name change for better sorting,
2022-07-29,Kara Soghigian,MeridianLink Mortgage Tier 13 (50-74 Closed Loans/Mon) no implementation name change for better sorting,
2022-07-29,Kara Soghigian,MeridianLink Mortgage Tier 13 (50-74 Closed Loans/Mon) with 1 implementation name change for better sorting,
2022-07-29,Kara Soghigian,MeridianLink Mortgage Tier 13 (50-74 Closed Loans/Mon) with 2 implementations name change for better sorting,
2022-07-29,Kara Soghigian,MeridianLink Mortgage Tier 13 (50-74 Closed Loans/Mon) with 3 implementations name change for better sorting,
2022-07-29,Kara Soghigian,MeridianLink Mortgage Tier 14 (30-49 Closed Loans/Mon) no implementation name change for better sorting,
2022-07-29,Kara Soghigian,MeridianLink Mortgage Tier 14 (30-49 Closed Loans/Mon) with 1 implementation name change for better sorting,
2022-07-29,Kara Soghigian,MeridianLink Mortgage Tier 14 (30-49 Closed Loans/Mon) with 2 implementations name change for better sorting,
2022-07-29,Kara Soghigian,MeridianLink Mortgage Tier 14 (30-49 Closed Loans/Mon) with 3 implementations name change for better sorting,
2022-07-29,Kara Soghigian,MeridianLink Mortgage Tier 15 (<30 Closed Loans/Mon) no implementation name change for better sorting,
2022-07-29,Kara Soghigian,MeridianLink Mortgage Tier 15 (<30 Closed Loans/Mon) with 1 implementation name change for better sorting,
2022-07-29,Kara Soghigian,MeridianLink Mortgage Tier 15 (<30 Closed Loans/Mon) with 2 implementations name change for better sorting,
2022-07-29,Kara Soghigian,MeridianLink Mortgage Tier 15 (<30 Closed Loans/Mon) with 3 implementations name change for better sorting,
2022-07-29,Kara Soghigian,MeridianLink Collect Tier 1 ($5M+ Delinquencies) Billed Annually name change for better sorting,
2022-07-29,Kara Soghigian,MeridianLink Collect Tier 1 ($5M+ Delinquencies) Billed Monthly name change for better sorting,
2022-07-29,Kara Soghigian,MeridianLink Collect Tier 2 ($4M-$5M Delinquencies) Billed Annually name change for better sorting,
2022-07-29,Kara Soghigian,MeridianLink Collect Tier 2 ($4M-$5M Delinquencies) Billed Monthly name change for better sorting,
2022-07-29,Kara Soghigian,MeridianLink Collect Tier 3 ($3M-$4M Delinquencies) Billed Annually name change for better sorting,
2022-07-29,Kara Soghigian,MeridianLink Collect Tier 3 ($3M-$4M Delinquencies) Billed Monthly name change for better sorting,
2022-07-29,Kara Soghigian,MeridianLink Collect Tier 4 ($2M-$3M Delinquencies) Billed Annually name change for better sorting,
2022-07-29,Kara Soghigian,MeridianLink Collect Tier 4 ($2M-$3M Delinquencies) Billed Monthly name change for better sorting,
2022-07-29,Kara Soghigian,MeridianLink Collect Tier 5 ($1M-$2M Delinquencies) Billed Annually name change for better sorting,
2022-07-29,Kara Soghigian,MeridianLink Collect Tier 5 ($1M-$2M Delinquencies) Billed Monthly name change for better sorting,
2022-07-29,Kara Soghigian,"MeridianLink Collect Tier 6 ($600,000-$1M Delinquencies) Billed Annually name change for better sorting",
2022-07-29,Kara Soghigian,"MeridianLink Collect Tier 6 ($600,000-$1M Delinquencies) Billed Monthly name change for better sorting",
2022-07-29,Kara Soghigian,"MeridianLink Collect Tier 7 ($300,000-$599,999 Delinquencies) Billed Annually name change for better sorting",
2022-07-29,Kara Soghigian,"MeridianLink Collect Tier 7 ($300,000-$599,999 Delinquencies) Billed Monthly name change for better sorting",
2022-07-29,Kara Soghigian,"MeridianLink Collect Tier 8 (<$300,000 Delinquencies) Billed Annually name change for better sorting",
2022-07-29,Kara Soghigian,"MeridianLink Collect Tier 8 (<$300,000 Delinquencies) Billed Monthly name change for better sorting",
2022-07-29,Kara Soghigian,"Trade House Data Person Search Non TazCloud User Tier 5 (<1,000 per month) name change for better sorting",
2022-07-29,Kara Soghigian,"Trade House Data Person Search Non TazCloud User Tier 1 (20,000+ per month) name change for better sorting",
2022-07-29,Kara Soghigian,"Trade House Data Person Search Non TazCloud User Tier 2 (7,500-19,999 per month) name change for better sorting",
2022-07-29,Kara Soghigian,"Trade House Data Person Search Non TazCloud User Tier 3 (5,000-7,499 per month) name change for better sorting",
2022-07-29,Kara Soghigian,"Trade House Data Person Search Non TazCloud User Tier 4 (1,000-4,999 per month) name change for better sorting",
2022-07-29,Kara Soghigian,"Trade House Data Person Search TazCloud User Tier 5 (<1,000 per month) name change for better sorting",
2022-07-29,Kara Soghigian,"Trade House Data Person Search TazCloud User Tier 1 (20,000+ per month) name change for better sorting",
2022-07-29,Kara Soghigian,"Trade House Data Person Search TazCloud User Tier 2 (7,500-19,999 per month) name change for better sorting",
2022-07-29,Kara Soghigian,"Trade House Data Person Search TazCloud User Tier 3 (5,000-7,499 per month) name change for better sorting",
2022-07-29,Kara Soghigian,"Trade House Data Person Search TazCloud User Tier 4 (1,000-4,999 per month) name change for better sorting",
2022-07-29,Kara Soghigian,ComplianceOne - Consumer Credit Reports added Commitment Item,
2022-09-02,Kara Soghigian,Added MX Instant Account Verification,
2022-09-02,Kara Soghigian,PSCU (Credit Card)- corrected product codes,
2022-09-02,Kara Soghigian,Added Engage- Tech Enabled Marketing- Letter- D1,
2022-09-02,Kara Soghigian,Added Engage- Tech Enabled Marketing- Self Mailer- D1,
2022-09-02,Kara Soghigian,Added Engage- Tech Enabled Marketing- Postcard- D1,
2022-09-02,Kara Soghigian,Added Engage- Tech Enabled Marketing- Email- D1,
2022-09-02,Kara Soghigian,Added Engage- Tech Enabled Marketing- SMS- D1,
2022-09-02,Kara Soghigian,Added Engage- Tech Enabled Marketing- Email- G1,
2022-09-02,Kara Soghigian,Added Engage- Tech Enabled Marketing - Email - CR-1,
2022-09-02,Kara Soghigian,Added Engage- Tech Enabled Marketing - Explore- P-1,
2022-09-02,Kara Soghigian,Added Engage Tech Enabled Marketing - Cash Back,
2022-09-02,Kara Soghigian,Added Engage Tech Enabled Marketing - Home Banking -NCR,
2022-09-02,Kara Soghigian,Added Engage Tech Enabled Marketing - Design - LC-1,
2022-09-02,Kara Soghigian,Added Engage Tech Enabled Marketing - Design - ND-1,
2022-09-02,Kara Soghigian,Added Engage Tech Enabled Marketing - Design - SKM-1,
2022-09-02,Kara Soghigian,Added Explore Tech Enabled Marketing - Design - LC-1,
2022-09-02,Kara Soghigian,Added Explore Tech Enabled Marketing - Design - ND-1,
2022-09-02,Kara Soghigian,Added Exploer Tech Enabled Marketing - Design - SKM-1,
2022-09-02,Kara Soghigian,Added Explore Tech Enabled Marketing - Letter- D-1,
2022-09-02,Kara Soghigian,Added Explore Tech Enabled Marketing - Self-Mailer- D-1,
2022-09-02,Kara Soghigian,Added Explore Tech Enabled Marketing - Postcard- D-1,
2022-09-02,Kara Soghigian,Added Explore Tech Enabled Marketing - Email- D-1,
2022-09-02,Kara Soghigian,Added Explore Tech Enabled Marketing - SMS- D-1,
2022-09-02,Kara Soghigian,Added Explore Tech Enabled Marketing - Email- G-1,
2022-09-02,Kara Soghigian,Added Explore Tech Enabled Marketing - Gift Cards - P-1,
2022-09-02,Kara Soghigian,API Pro changed setup fee from $5000 to $5500,
2022-09-02,Kara Soghigian,API Pro changed transaction fee from $25 to $275,
2022-09-02,Kara Soghigian,API Web Services (DecisionLender) changed setup fee from $545 to $5000,
2022-09-02,Kara Soghigian,Added Scienaptic,
2022-09-02,Kara Soghigian,Added The Work Number Select,
2022-10-04,Kara Soghigian,Targeted Lender FHLMC Direct - Consumer Credit Reports - Direct Reissue T1-entered transaction fee item (was listed under annual fee in error),
2022-10-04,Kara Soghigian,Targeted Lender FHLMC Direct - Consumer Credit Reports - Direct Reissue T2-entered transaction fee item (was listed under annual fee in error),
2022-10-04,Kara Soghigian,Targeted Lender FHLMC Direct - Consumer Credit Reports - Direct Reissue T3-entered transaction fee item (was listed under annual fee in error),
2022-10-04,Kara Soghigian,DocuSign ISV Tier 1 (50 envelopes included) (Consumer)-added transaction fee item code,
2022-10-04,Kara Soghigian,DocuSign ISV Tier 2 (100 envelopes included) (Consumer)-added transaction fee item code,
2022-10-04,Kara Soghigian,DocuSign ISV Tier 3 (150 envelopes included) (Consumer)-added transaction fee item code,
2022-10-04,Kara Soghigian,DocuSign ISV Tier 4 (200 envelopes included) (Consumer)-added transaction fee item code,
2022-10-04,Kara Soghigian,DocuSign ISV Tier 5 (300 envelopes included) (Consumer)-added transaction fee item code,
2022-10-04,Kara Soghigian,DocuSign ISV Tier 6 (500 envelopes included) (Consumer)-added transaction fee item code,
2022-10-04,Kara Soghigian,DocuSign ISV Tier 7 (501+ envelopes) (Consumer)-added transaction fee item code,
2022-10-04,Kara Soghigian,DocuSign ISV Tier 1 (50 envelopes included) (Mortgage)-added transaction fee item code,
2022-10-04,Kara Soghigian,DocuSign ISV Tier 2 (100 envelopes included) (Mortgage)-added transaction fee item code,
2022-10-04,Kara Soghigian,DocuSign ISV Tier 3 (150 envelopes included) (Mortgage)-added transaction fee item code,
2022-10-04,Kara Soghigian,DocuSign ISV Tier 4 (200 envelopes included) (Mortgage)-added transaction fee item code,
2022-10-04,Kara Soghigian,DocuSign ISV Tier 5 (300 envelopes included) (Mortgage)-added transaction fee item code,
2022-10-04,Kara Soghigian,DocuSign ISV Tier 6 (500 envelopes included) (Mortgage)-added transaction fee item code,
2022-10-04,Kara Soghigian,DocuSign ISV Tier 7 (501+ envelopes) (Mortgage)-added transaction fee item code,
2022-10-04,Kara Soghigian,Horizon (Consumer) changed Setup fee from SHARED-0034 to SHARED-0358,
2022-10-04,Kara Soghigian,Horizon (Consumer) changed Annual fee from SHARED-0019 to SHARED-00363,
2022-10-04,Kara Soghigian,RouteOne eContracting added Annual fee item SHARED-0361,
2022-10-04,Kara Soghigian,Added SWBC CPI (Collateral Protection Insurance),
2022-10-04,Kara Soghigian,Added SWBC Unity,
2022-10-04,Kara Soghigian,Added Marketing Pro- Reward,
2022-10-04,Kara Soghigian,Denver County Fee for State-Level Criminal Records Lead Generator (Not a TazCloud User)-Increased transaction fee from $3.45 to $4.70,
2022-10-04,Kara Soghigian,Denver County Fee for State-Level Criminal Records Lead Generator (TazCloud User)-Increased transaction fee from $3.45 to $4.70,
2022-10-04,Kara Soghigian,Denver County Fee for Statewide Criminal Search (Not a TazCloud User)-Increased transaction fee from $3.45 to $4.70,
2022-10-04,Kara Soghigian,Denver County Fee for Statewide Criminal Search (TazCloud User)-Increased transaction fee from $3.45 to $4.70,
2022-10-04,Kara Soghigian,Moved Experian DAAS to Legacy Products tab,
2022-10-04,Kara Soghigian,Additional Automated Actions-Updated Internal Notes for Sales to match annual fee price,
2022-10-04,Kara Soghigian,Additional Scheduled Reports-Updated Internal Notes for Sales to match annual fee price,
2022-10-04,Kara Soghigian,Changed column widths for Internal Notes for Sales in Add Ons tabs,
2022-10-12,Kara Soghigian,CrossCore Precise ID with OTP and KIQ corrected Setup fee item to CONS-0250,
2022-10-12,Kara Soghigian,eIDCompare with eIDVerifier corrected transaction fee ID,
2022-10-12,Kara Soghigian,TransUnion IDMV & IDMA corrected transaction fee ID,
2022-10-12,Kara Soghigian,TransUnion IDMV corrected transaction fee ID,
2022-10-12,Kara Soghigian,DealerTrack (Consumer) corrected transaction fee ID,
2022-10-12,Kara Soghigian,RouteOne (Consumer) corrected transaction fee ID,
2022-10-12,Kara Soghigian,RouteOne eContracting (Consumer) corrected transaction fee ID,
2022-10-12,Kara Soghigian,MeridianLink Portal - Equifax InstaTouch (Consumer) corrected transaction fee ID,
2022-10-12,Kara Soghigian,MX Instant Account Verification corrected transaction fee ID,
2022-10-12,Kara Soghigian,Plaid Instant Account Verification: $1B to $3B AUM (Consumer) corrected transaction fee ID,
2022-10-12,Kara Soghigian,Plaid Instant Account Verification: $3B to $10B AUM (Consumer) corrected transaction fee ID,
2022-10-12,Kara Soghigian,Plaid Instant Account Verification: <$1B AUM (Consumer) corrected transaction fee ID,
2022-10-12,Kara Soghigian,CoreLogic GeoAVM (MeridianLink Consumer) corrected transaction fee ID,
2022-10-12,Kara Soghigian,CoreLogic Home Value Explorer (HVE) - MeridianLink Consumer corrected transaction fee ID,
2022-10-12,Kara Soghigian,CoreLogic IVAL (Consumer) corrected transaction fee ID,
2022-10-12,Kara Soghigian,CoreLogic PASS (Consumer) corrected transaction fee ID,
2022-10-12,Kara Soghigian,Flood Transaction (Consumer) corrected transaction fee ID,
2022-10-12,Kara Soghigian,Flood Zone Determination - Basic (CoreLogic) (Consumer) corrected transaction fee ID,
2022-10-12,Kara Soghigian,Flood Zone Determination - Basic (Lereta) (Consumer) corrected transaction fee ID,
2022-10-12,Kara Soghigian,Flood Zone Determination - Basic (ServiceLink) (Consumer) corrected transaction fee ID,
2022-10-12,Kara Soghigian,Flood Zone Determination - Life of Loan (CoreLogic) (Consumer) corrected transaction fee ID,
2022-10-12,Kara Soghigian,Flood Zone Determination - Life of Loan (Lereta) (Consumer) corrected transaction fee ID,
2022-10-12,Kara Soghigian,Flood Zone Determination - Life of Loan (ServiceLink) (Consumer) corrected transaction fee ID,
2022-10-12,Kara Soghigian,PMC (Consumer) corrected transaction fee ID,
2022-10-12,Kara Soghigian,Black Book (Consumer) corrected transaction fee ID,
2022-10-12,Kara Soghigian,KBB corrected transaction fee ID,
2022-10-12,Kara Soghigian,NADA corrected transaction fee ID,
2022-10-12,Kara Soghigian,NADA Other corrected transaction fee ID,
2022-10-12,Kara Soghigian,SHARED item DealerTrack changed from Consumer to DecisionLender- not yet available for Consumer,
2022-10-12,Kara Soghigian,MeridianLink Mortgage Tier 15 (<30 Closed Loans/Mon) no implementation corrected Transaction Fee ID,
2022-10-12,Kara Soghigian,"NADA Motorcycle Values corrected Setup item, added commitment items",
2022-10-12,Kara Soghigian,"NADA Used Car Values corrected Setup item, added commitment items",
2022-10-12,Kara Soghigian,NADA Other corrected setup and transaction items,
2022-10-12,Kara Soghigian,Added DealerTrack Digital Contracting (DecisionLender),
2023-01-03,Kara Soghigian,VPN Configuration moved to Legacy Products,
2023-01-03,Kara Soghigian,"Alpharank $500M-$2B AUM, Consumer and Opening changed name to  Alpharank T2: $500M-$2B AUM, Consumer and Opening",
2023-01-03,Kara Soghigian,"Alpharank $500M-$2B AUM, Consumer only changed name to  Alpharank T2: $500M-$2B AUM, Consumer only",
2023-01-03,Kara Soghigian,"Alpharank $500M-$2B AUM, Opening only changed name to  Alpharank T2: $500M-$2B AUM, Opening only",
2023-01-03,Kara Soghigian,"Alpharank over $2B AUM, Consumer and Opening changed name to  Alpharank T1: $2B+ AUM, Consumer and Opening",
2023-01-03,Kara Soghigian,"Alpharank over $2B AUM, Consumer only changed name to  Alpharank T1: $2B+ AUM, Consumer only",
2023-01-03,Kara Soghigian,"Alpharank over $2B AUM, Opening only changed name to  Alpharank T1: $2B+ AUM, Opening only",
2023-01-03,Kara Soghigian,"Alpharank under $500M AUM, Consumer and Opening changed name to  Alpharank T3: <$500M AUM, Consumer and Opening",
2023-01-03,Kara Soghigian,"Alpharank under $500M AUM, Consumer only changed name to  Alpharank T3: <$500M AUM, Consumer only",
2023-01-03,Kara Soghigian,"Alpharank under $500M AUM, Opening only changed name to  Alpharank T3: <$500M AUM, Opening only",
2023-01-03,Kara Soghigian,CuneXus ($100M - $250M) changed name to  CuneXus Tier 5: $100M - $250M,
2023-01-03,Kara Soghigian,CuneXus ($1B - $5B) changed name to  CuneXus Tier 2: $1B - $5B,
2023-01-03,Kara Soghigian,CuneXus ($250M - $500M) changed name to  CuneXus Tier 4: $250M - $500M,
2023-01-03,Kara Soghigian,CuneXus ($500M - $1B) changed name to  CuneXus Tier 5: $100M - $250M,
2023-01-03,Kara Soghigian,CuneXus ($5B+) changed name to  CuneXus Tier 1: $5B+,
2023-01-03,Kara Soghigian,DocuSign ISV Tier 1 (50 envelopes included) (Consumer) changed name to DocuSign ISV Tier 7 (up to 49 envelopes included) (Consumer),
2023-01-03,Kara Soghigian,DocuSign ISV Tier 2 (100 envelopes included) (Consumer) changed name to DocuSign ISV Tier 6 (50-99 envelopes included) (Consumer),
2023-01-03,Kara Soghigian,DocuSign ISV Tier 3 (150 envelopes included) (Consumer) changed name to DocuSign ISV Tier 5 (100-149 envelopes included) (Consumer),
2023-01-03,Kara Soghigian,DocuSign ISV Tier 4 (200 envelopes included) (Consumer) changed name to DocuSign ISV Tier 4 (200-299 envelopes included) (Consumer),
2023-01-03,Kara Soghigian,DocuSign ISV Tier 5 (200 envelopes included) (Consumer) changed name to DocuSign ISV Tier 3 (300-399 envelopes included) (Consumer),
2023-01-03,Kara Soghigian,DocuSign ISV Tier 6 (500 envelopes included) (Consumer) changed name to DocuSign ISV Tier 2 (400-499 envelopes included) (Consumer),
2023-01-03,Kara Soghigian,DocuSign ISV Tier 7 (501+ envelopes) (Consumer) changed name to DocuSign ISV Tier 1 (500+ envelopes) (Consumer),
2023-01-03,Kara Soghigian,DocuSign ISV Tier 1 (50 envelopes included) (Mortgage) changed name to DocuSign ISV Tier 7 (up to 49 envelopes included) (Mortgage),
2023-01-03,Kara Soghigian,DocuSign ISV Tier 2 (100 envelopes included) (Mortgage) changed name to DocuSign ISV Tier 6 (50-99 envelopes included) (Mortgage),
2023-01-03,Kara Soghigian,DocuSign ISV Tier 3 (150 envelopes included) (Mortgage) changed name to DocuSign ISV Tier 5 (100-149 envelopes included) (Mortgage),
2023-01-03,Kara Soghigian,DocuSign ISV Tier 4 (200 envelopes included) (Mortgage) changed name to DocuSign ISV Tier 4 (200-299 envelopes included) (Mortgage),
2023-01-03,Kara Soghigian,DocuSign ISV Tier 5 (300 envelopes included) (Mortgage) changed name to DocuSign ISV Tier 3 (300-399 envelopes included) (Mortgage),
2023-01-03,Kara Soghigian,DocuSign ISV Tier 6 (500 envelopes included) (Mortgage) changed name to DocuSign ISV Tier 2 (400-499 envelopes included) (Mortgage),
2023-01-03,Kara Soghigian,DocuSign ISV Tier 7 (501+ envelopes) (Mortgage) changed name to DocuSign ISV Tier 1 (500+ envelopes) (Mortgage),
2023-01-03,Kara Soghigian,Explore - FIS Monthly Volume Triggers: 1.65B-1.8B changed name to Explore- FIS Monthly Volume Triggers,
2023-01-03,Kara Soghigian,Explore - MC MPA Active Cards Tier 1 changed name to Explore - MC MPA Active Cards Tier 1: >100M,
2023-01-03,Kara Soghigian,Explore - MC MPA Active Cards Tier 2 changed name to Explore - MC MPA Active Cards Tier 2: 50-100M,
2023-01-03,Kara Soghigian,Explore - MC MPA Active Cards Tier 3 changed name to Explore - MC MPA Active Cards Tier 3: 35-50M,
2023-01-03,Kara Soghigian,Explore - MC MPA Active Cards Tier 4 changed name to Explore - MC MPA Active Cards Tier 4: 25-35M,
2023-01-03,Kara Soghigian,Explore - MC MPA Active Cards Tier 5 changed name to Explore - MC MPA Active Cards Tier 5: 15-25M,
2023-01-03,Kara Soghigian,Explore - MC MPA Active Cards Tier 6 changed name to Explore - MC MPA Active Cards Tier 6: 7.5-15M,
2023-01-03,Kara Soghigian,Explore - MC MPA Active Cards Tier 7 changed name to Explore - MC MPA Active Cards Tier 7: 5-7.5M,
2023-01-03,Kara Soghigian,Explore - MC MPA Active Cards Tier 8 changed name to Explore - MC MPA Active Cards Tier 8: 2-5M,
2023-01-03,Kara Soghigian,Explore - MC MPA Active Cards Tier 9 changed name to Explore - MC MPA Active Cards Tier 9: Up to 2M,
2023-01-03,Kara Soghigian,Explore - MC MPA Total Txn Tier 1: 0-1M changed name to Explore - MC MPA Total Txn Tier 6: Up to 1M,
2023-01-03,Kara Soghigian,Explore - MC MPA Total Txn Tier 2: 1M-2.5M changed name to Explore - MC MPA Total Txn Tier 5: 1M-2.5M,
2023-01-03,Kara Soghigian,Explore - MC MPA Total Txn Tier 3: 2.5M-5M changed name to Explore - MC MPA Total Txn Tier 4: 2.5M-5M,
2023-01-03,Kara Soghigian,Explore - MC MPA Total Txn Tier 4: 5M-10M changed name to Explore - MC MPA Total Txn Tier 3: 5M-10M,
2023-01-03,Kara Soghigian,Explore - MC MPA Total Txn Tier 5: 10M-25M changed name to Explore - MC MPA Total Txn Tier 2: 10M-25M,
2023-01-03,Kara Soghigian,Explore - MC MPA Total Txn Tier 6: >25M changed name to Explore - MC MPA Total Txn Tier 1: >25M,
2023-01-03,Kara Soghigian,Increase max upload file size to 10 MB changed name to  Increase max upload file size Tier 8: 10 MB,
2023-01-03,Kara Soghigian,Increase max upload file size to 15 MB changed name to  Increase max upload file size Tier 7: 15 MB,
2023-01-03,Kara Soghigian,Increase max upload file size to 20 MB changed name to  Increase max upload file size Tier 6: 20 MB,
2023-01-03,Kara Soghigian,Increase max upload file size to 25 MB changed name to  Increase max upload file size Tier 5: 25 MB,
2023-01-03,Kara Soghigian,Increase max upload file size to 30 MB changed name to  Increase max upload file size Tier 4: 30 MB,
2023-01-03,Kara Soghigian,Increase max upload file size to 35 MB changed name to  Increase max upload file size Tier 3: 35 MB,
2023-01-03,Kara Soghigian,Increase max upload file size to 40 MB changed name to  Increase max upload file size Tier 2: 40 MB,
2023-01-03,Kara Soghigian,Increase max upload file size to 45 MB changed name to  Increase max upload file size Tier 1: 45 MB,
2023-01-03,Kara Soghigian,MeridianLink Mortgage Tier 1 (1000+ Closed Loans/Mon) with 3 implementations changed name to MeridianLink Mortgage Tier 1 (1200+ Closed Loans/Mon) no implementation,
2023-01-03,Kara Soghigian,MeridianLink Mortgage Tier 2 (850-999 Closed Loans/Mon) no implementation changed name to MeridianLink Mortgage Tier 1 (1200+ Closed Loans/Mon) with 1 implementation,
2023-01-03,Kara Soghigian,MeridianLink Mortgage Tier 2 (850-999 Closed Loans/Mon) with 1 implementation changed name to MeridianLink Mortgage Tier 1 (1200+ Closed Loans/Mon) with 2 implementations,
2023-01-03,Kara Soghigian,MeridianLink Mortgage Tier 2 (850-999 Closed Loans/Mon) with 2 implementations changed name to MeridianLink Mortgage Tier 1 (1200+ Closed Loans/Mon) with 3 implementations,
2023-01-03,Kara Soghigian,MeridianLink Mortgage Tier 2 (850-999 Closed Loans/Mon) with 3 implementations changed name to MeridianLink Mortgage Tier 2 (900-1199 Closed Loans/Mon) no implementation,
2023-01-03,Kara Soghigian,MeridianLink Mortgage Tier 3 (700-849 Closed Loans/Mon) no implementation changed name to MeridianLink Mortgage Tier 2 (900-1199 Closed Loans/Mon) with 1 implementation,
2023-01-03,Kara Soghigian,MeridianLink Mortgage Tier 3 (700-849 Closed Loans/Mon) with 1 implementation changed name to MeridianLink Mortgage Tier 2 (900-1199 Closed Loans/Mon) with 2 implementations,
2023-01-03,Kara Soghigian,MeridianLink Mortgage Tier 3 (700-849 Closed Loans/Mon) with 2 implementations changed name to MeridianLink Mortgage Tier 2 (900-1199 Closed Loans/Mon) with 3 implementations,
2023-01-03,Kara Soghigian,MeridianLink Mortgage Tier 3 (700-849 Closed Loans/Mon) with 3 implementations changed name to MeridianLink Mortgage Tier 3 (675-899 Closed Loans/Mon) no implementation,
2023-01-03,Kara Soghigian,MeridianLink Mortgage Tier 4 (600-699 Closed Loans/Mon) no implementation changed name to MeridianLink Mortgage Tier 3 (675-899 Closed Loans/Mon) with 1 implementation,
2023-01-03,Kara Soghigian,MeridianLink Mortgage Tier 4 (600-699 Closed Loans/Mon) with 1 implementation changed name to MeridianLink Mortgage Tier 3 (675-899 Closed Loans/Mon) with 2 implementations,
2023-01-03,Kara Soghigian,MeridianLink Mortgage Tier 4 (600-699 Closed Loans/Mon) with 2 implementations changed name to MeridianLink Mortgage Tier 3 (675-899 Closed Loans/Mon) with 3 implementations,
2023-01-03,Kara Soghigian,MeridianLink Mortgage Tier 4 (600-699 Closed Loans/Mon) with 3 implementations changed name to MeridianLink Mortgage Tier 4 (525-674 Closed Loans/Mon) no implementation,
2023-01-03,Kara Soghigian,MeridianLink Mortgage Tier 5 (500-599 Closed Loans/Mon) no implementation changed name to MeridianLink Mortgage Tier 4 (525-674 Closed Loans/Mon) with 1 implementation,
2023-01-03,Kara Soghigian,MeridianLink Mortgage Tier 5 (500-599 Closed Loans/Mon) with 1 implementation changed name to MeridianLink Mortgage Tier 4 (525-674 Closed Loans/Mon) with 2 implementations,
2023-01-03,Kara Soghigian,MeridianLink Mortgage Tier 5 (500-599 Closed Loans/Mon) with 2 implementations changed name to MeridianLink Mortgage Tier 4 (525-674 Closed Loans/Mon) with 3 implementations,
2023-01-03,Kara Soghigian,MeridianLink Mortgage Tier 5 (500-599 Closed Loans/Mon) with 3 implementations changed name to MeridianLink Mortgage Tier 5 (400-524 Closed Loans/Mon) no implementation,
2023-01-03,Kara Soghigian,MeridianLink Mortgage Tier 6 (400-499 Closed Loans/Mon) no implementation changed name to MeridianLink Mortgage Tier 5 (400-524 Closed Loans/Mon) with 1 implementation,
2023-01-03,Kara Soghigian,MeridianLink Mortgage Tier 6 (400-499 Closed Loans/Mon) with 1 implementation changed name to MeridianLink Mortgage Tier 5 (400-524 Closed Loans/Mon) with 2 implementations,
2023-01-03,Kara Soghigian,MeridianLink Mortgage Tier 6 (400-499 Closed Loans/Mon) with 2 implementations changed name to MeridianLink Mortgage Tier 5 (400-524 Closed Loans/Mon) with 3 implementations,
2023-01-03,Kara Soghigian,MeridianLink Mortgage Tier 6 (400-499 Closed Loans/Mon) with 3 implementations changed name to MeridianLink Mortgage Tier 6 (300-399 Closed Loans/Mon) no implementation,
2023-01-03,Kara Soghigian,MeridianLink Mortgage Tier 7 (300-399 Closed Loans/Mon) no implementation changed name to MeridianLink Mortgage Tier 6 (300-399 Closed Loans/Mon) with 1 implementation,
2023-01-03,Kara Soghigian,MeridianLink Mortgage Tier 7 (300-399 Closed Loans/Mon) with 1 implementation changed name to MeridianLink Mortgage Tier 6 (300-399 Closed Loans/Mon) with 2 implementations,
2023-01-03,Kara Soghigian,MeridianLink Mortgage Tier 7 (300-399 Closed Loans/Mon) with 2 implementations changed name to MeridianLink Mortgage Tier 6 (300-399 Closed Loans/Mon) with 3 implementations,
2023-01-03,Kara Soghigian,MeridianLink Mortgage Tier 7 (300-399 Closed Loans/Mon) with 3 implementations changed name to MeridianLink Mortgage Tier 7 (225-299 Closed Loans/Mon) no implementation,
2023-01-03,Kara Soghigian,MeridianLink Mortgage Tier 8 (250-299 Closed Loans/Mon) no implementation changed name to MeridianLink Mortgage Tier 7 (225-299 Closed Loans/Mon) with 1 implementation,
2023-01-03,Kara Soghigian,MeridianLink Mortgage Tier 8 (250-299 Closed Loans/Mon) with 1 implementation changed name to MeridianLink Mortgage Tier 7 (225-299 Closed Loans/Mon) with 2 implementations,
2023-01-03,Kara Soghigian,MeridianLink Mortgage Tier 8 (250-299 Closed Loans/Mon) with 2 implementations changed name to MeridianLink Mortgage Tier 7 (225-299 Closed Loans/Mon) with 3 implementations,
2023-01-03,Kara Soghigian,MeridianLink Mortgage Tier 8 (250-299 Closed Loans/Mon) with 3 implementations changed name to MeridianLink Mortgage Tier 8 (170-224 Closed Loans/Mon) no implementation,
2023-01-03,Kara Soghigian,MeridianLink Mortgage Tier 9 (200-249 Closed Loans/Mon) no implementation changed name to MeridianLink Mortgage Tier 8 (170-224 Closed Loans/Mon) with 1 implementation,
2023-01-03,Kara Soghigian,MeridianLink Mortgage Tier 9 (200-249 Closed Loans/Mon) with 1 implementation changed name to MeridianLink Mortgage Tier 8 (170-224 Closed Loans/Mon) with 2 implementations,
2023-01-03,Kara Soghigian,MeridianLink Mortgage Tier 9 (200-249 Closed Loans/Mon) with 2 implementations changed name to MeridianLink Mortgage Tier 8 (170-224 Closed Loans/Mon) with 3 implementations,
2023-01-03,Kara Soghigian,MeridianLink Mortgage Tier 9 (200-249 Closed Loans/Mon) with 3 implementations changed name to MeridianLink Mortgage Tier 9 (135-169 Closed Loans/Mon) no implementation,
2023-01-03,Kara Soghigian,MeridianLink Mortgage Tier 10 (150-199 Closed Loans/Mon) no implementation changed name to MeridianLink Mortgage Tier 9 (135-169 Closed Loans/Mon) with 1 implementation,
2023-01-03,Kara Soghigian,MeridianLink Mortgage Tier 10 (150-199 Closed Loans/Mon) with 1 implementation changed name to MeridianLink Mortgage Tier 9 (135-169 Closed Loans/Mon) with 2 implementations,
2023-01-03,Kara Soghigian,MeridianLink Mortgage Tier 10 (150-199 Closed Loans/Mon) with 2 implementations changed name to MeridianLink Mortgage Tier 9 (135-169 Closed Loans/Mon) with 3 implementations,
2023-01-03,Kara Soghigian,MeridianLink Mortgage Tier 10 (110-134 Closed Loans/Mon) no implementation changed name to MeridianLink Mortgage Tier 10 (110-134 Closed Loans/Mon) with no implementations,
2023-01-03,Kara Soghigian,MeridianLink Mortgage Tier 10 (110-134 Closed Loans/Mon) with 1 implementation changed name to MeridianLink Mortgage Tier 10 (110-134 Closed Loans/Mon) with 1 implementation,
2023-01-03,Kara Soghigian,MeridianLink Mortgage Tier 10 (110-134 Closed Loans/Mon) with 2 implementations changed name to MeridianLink Mortgage Tier 10 (110-134 Closed Loans/Mon) with 2 implementations,
2023-01-03,Kara Soghigian,MeridianLink Mortgage Tier 10 (150-199 Closed Loans/Mon) with 3 implementations changed name to MeridianLink Mortgage Tier 10 (110-134 Closed Loans/Mon) with 3 implementations,
2023-01-03,Kara Soghigian,MeridianLink Mortgage Tier 11 (100-149 Closed Loans/Mon) no implementation changed name to MeridianLink Mortgage Tier 11 (90-109 Closed Loans/Mon) no implementation,
2023-01-03,Kara Soghigian,MeridianLink Mortgage Tier 11 (100-149 Closed Loans/Mon) with 1 implementation changed name to MeridianLink Mortgage Tier 11 (90-109 Closed Loans/Mon) with 1 implementation,
2023-01-03,Kara Soghigian,MeridianLink Mortgage Tier 11 (100-149 Closed Loans/Mon) with 2 implementations changed name to MeridianLink Mortgage Tier 11 (90-109 Closed Loans/Mon) with 2 implementations,
2023-01-03,Kara Soghigian,MeridianLink Mortgage Tier 11 (100-149 Closed Loans/Mon) with 3 implementations changed name to MeridianLink Mortgage Tier 11 (90-109 Closed Loans/Mon) with 3 implementations,
2023-01-03,Kara Soghigian,MeridianLink Mortgage Tier 12 (75-99 Closed Loans/Mon) no implementation changed name to MeridianLink Mortgage Tier 12 (75-89 Closed Loans/Mon) no implementation,
2023-01-03,Kara Soghigian,MeridianLink Mortgage Tier 12 (75-99 Closed Loans/Mon) with 1 implementation changed name to MeridianLink Mortgage Tier 12 (75-89 Closed Loans/Mon) with 1 implementation,
2023-01-03,Kara Soghigian,MeridianLink Mortgage Tier 12 (75-99 Closed Loans/Mon) with 2 implementations changed name to MeridianLink Mortgage Tier 12 (75-89 Closed Loans/Mon) with 2 implementations,
2023-01-03,Kara Soghigian,MeridianLink Mortgage Tier 12 (75-99 Closed Loans/Mon) with 3 implementations changed name to MeridianLink Mortgage Tier 12 (75-89 Closed Loans/Mon) with 3 implementations,
2023-01-03,Kara Soghigian,MeridianLink Mortgage Tier 13 (50-74 Closed Loans/Mon) no implementation changed name to MeridianLink Mortgage Tier 13 (60-74 Closed Loans/Mon) no implementation,
2023-01-03,Kara Soghigian,MeridianLink Mortgage Tier 13 (50-74 Closed Loans/Mon) with 1 implementation changed name to MeridianLink Mortgage Tier 13 (60-74 Closed Loans/Mon) with 1 implementation,
2023-01-03,Kara Soghigian,MeridianLink Mortgage Tier 13 (50-74 Closed Loans/Mon) with 2 implementations changed name to MeridianLink Mortgage Tier 13 (60-74 Closed Loans/Mon) with 2 implementations,
2023-01-03,Kara Soghigian,MeridianLink Mortgage Tier 13 (50-74 Closed Loans/Mon) with 3 implementations changed name to MeridianLink Mortgage Tier 13 (60-74 Closed Loans/Mon) with 3 implementations,
2023-01-03,Kara Soghigian,MeridianLink Mortgage Tier 14 (30-49 Closed Loans/Mon) no implementation changed name to MeridianLink Mortgage Tier 14 (45-59 Closed Loans/Mon) no implementation,
2023-01-03,Kara Soghigian,MeridianLink Mortgage Tier 14 (30-49 Closed Loans/Mon) with 1 implementation changed name to MeridianLink Mortgage Tier 14 (45-59 Closed Loans/Mon) with 1 implementation,
2023-01-03,Kara Soghigian,MeridianLink Mortgage Tier 14 (30-49 Closed Loans/Mon) with 2 implementations changed name to MeridianLink Mortgage Tier 14 (45-59 Closed Loans/Mon) with 2 implementations,
2023-01-03,Kara Soghigian,MeridianLink Mortgage Tier 14 (30-49 Closed Loans/Mon) with 3 implementations changed name to MeridianLink Mortgage Tier 14 (45-59 Closed Loans/Mon) with 3 implementations,
2023-01-03,Kara Soghigian,MeridianLink Mortgage Tier 15 (<30 Closed Loans/Mon) no implementation changed name to MeridianLink Mortgage Tier 15 (30-44 Closed Loans/Mon) no implementation,
2023-01-03,Kara Soghigian,MeridianLink Mortgage Tier 15 (<30 Closed Loans/Mon) with 1 implementation changed name to MeridianLink Mortgage Tier 15 (30-44 Closed Loans/Mon) with 1 implementation,
2023-01-03,Kara Soghigian,MeridianLink Mortgage Tier 15 (<30 Closed Loans/Mon) with 2 implementations changed name to MeridianLink Mortgage Tier 15 (30-44 Closed Loans/Mon) with 2 implementations,
2023-01-03,Kara Soghigian,MeridianLink Mortgage Tier 15 (<30 Closed Loans/Mon) with 3 implementations changed name to MeridianLink Mortgage Tier 15 (30-44 Closed Loans/Mon) with 3 implementations,
2023-01-03,Kara Soghigian,Added MeridianLink Mortgage Tier 16 (<30 Closed Loans/Mon) no implementation,
2023-01-03,Kara Soghigian,Added MeridianLink Mortgage Tier 16 (<30 Closed Loans/Mon) with 1 implementation,
2023-01-03,Kara Soghigian,Added MeridianLink Mortgage Tier 16 (<30 Closed Loans/Mon) with 2 implementations,
2023-01-03,Kara Soghigian,Added MeridianLink Mortgage Tier 16 (<30 Closed Loans/Mon) with 3 implementations,
2023-01-03,Kara Soghigian,Removed Enhanced Implementation,
2023-01-03,Kara Soghigian,Added Enhanced Implementation Banks,
2023-01-03,Kara Soghigian,Added Enhanced Implementation CU,
2023-01-03,Kara Soghigian,Added Enhanced Implementation Opening,
2023-01-03,Kara Soghigian,Added Enhanced Implementation Small Business,
2023-01-03,Kara Soghigian,Insights Monthly Fee (Large + 1 year) changed name to Insights Monthly Fee Large Tier 15: + 1 year,
2023-01-03,Kara Soghigian,Insights Monthly Fee (Large + 10 years) changed name to Insights Monthly Fee Large Tier 6: + 10 years,
2023-01-03,Kara Soghigian,Insights Monthly Fee (Large + 11 years) changed name to Insights Monthly Fee Large Tier 5: + 11 years,
2023-01-03,Kara Soghigian,Insights Monthly Fee (Large + 12 years) changed name to Insights Monthly Fee Large Tier 4: + 12 years,
2023-01-03,Kara Soghigian,Insights Monthly Fee (Large + 13 years) changed name to Insights Monthly Fee Large Tier 3: + 13 years,
2023-01-03,Kara Soghigian,Insights Monthly Fee (Large + 14 years) changed name to Insights Monthly Fee Large Tier 2: + 14 years,
2023-01-03,Kara Soghigian,Insights Monthly Fee (Large + 15 years) changed name to Insights Monthly Fee Large Tier 1:  + 15 years,
2023-01-03,Kara Soghigian,Insights Monthly Fee (Large + 2 years) changed name to Insights Monthly Fee Large Tier 14: + 2 years,
2023-01-03,Kara Soghigian,Insights Monthly Fee (Large + 3 years) changed name to Insights Monthly Fee Large Tier 13: + 3 years,
2023-01-03,Kara Soghigian,Insights Monthly Fee (Large + 4 years) changed name to Insights Monthly Fee Large Tier 12: + 4 years,
2023-01-03,Kara Soghigian,Insights Monthly Fee (Large + 5 years) changed name to Insights Monthly Fee Large Tier 11: + 5 years,
2023-01-03,Kara Soghigian,Insights Monthly Fee (Large + 6 years) changed name to Insights Monthly Fee Large Tier 10: + 6 years,
2023-01-03,Kara Soghigian,Insights Monthly Fee (Large + 7 years) changed name to Insights Monthly Fee Large Tier 9: + 7 years,
2023-01-03,Kara Soghigian,Insights Monthly Fee (Large + 8 years) changed name to Insights Monthly Fee Large Tier 8: + 8 years,
2023-01-03,Kara Soghigian,Insights Monthly Fee (Large + 9 years) changed name to Insights Monthly Fee Large Tier 7: + 9 years,
2023-01-03,Kara Soghigian,Insights Monthly Fee (Medium + 1 year) changed name to Insights Monthly Fee Medium Tier 15: + 1 year,
2023-01-03,Kara Soghigian,Insights Monthly Fee (Medium + 10 years) changed name to Insights Monthly Fee Medium Tier 6: + 10 years,
2023-01-03,Kara Soghigian,Insights Monthly Fee (Medium + 11 years) changed name to Insights Monthly Fee Medium Tier 5: + 11 years,
2023-01-03,Kara Soghigian,Insights Monthly Fee (Medium + 12 years) changed name to Insights Monthly Fee Medium Tier 4: + 12 years,
2023-01-03,Kara Soghigian,Insights Monthly Fee (Medium + 13 years) changed name to Insights Monthly Fee Medium Tier 3: + 13 years,
2023-01-03,Kara Soghigian,Insights Monthly Fee (Medium + 14 years) changed name to Insights Monthly Fee Medium Tier 2: + 14 years,
2023-01-03,Kara Soghigian,Insights Monthly Fee (Medium + 15 years) changed name to Insights Monthly Fee Medium Tier 1: + 15 years,
2023-01-03,Kara Soghigian,Insights Monthly Fee (Medium + 2 years) changed name to Insights Monthly Fee Large Tier 14: + 2 years,
2023-01-03,Kara Soghigian,Insights Monthly Fee (Medium + 3 years) changed name to Insights Monthly Fee Medium Tier 13: + 3 years,
2023-01-03,Kara Soghigian,Insights Monthly Fee (Medium + 4 years) changed name to Insights Monthly Fee Medium Tier 12: + 4 years,
2023-01-03,Kara Soghigian,Insights Monthly Fee (Medium + 5 years) changed name to Insights Monthly Fee Medium Tier 11:+ 5 years,
2023-01-03,Kara Soghigian,Insights Monthly Fee (Medium + 6 years) changed name to Insights Monthly Fee Medium Tier 10: + 6 years,
2023-01-03,Kara Soghigian,Insights Monthly Fee (Medium + 7 years) changed name to Insights Monthly Fee Medium Tier 9: + 7 years,
2023-01-03,Kara Soghigian,Insights Monthly Fee (Medium + 8 years) changed name to Insights Monthly Fee Medium Tier 8: + 8 years,
2023-01-03,Kara Soghigian,Insights Monthly Fee (Medium + 9 years) changed name to Insights Monthly Fee Medium Tier 7: + 9 years,
2023-01-03,Kara Soghigian,Insights Monthly Fee (Small + 1 year) changed name to Insights Monthly Fee Small Tier 15: + 1 year,
2023-01-03,Kara Soghigian,Insights Monthly Fee (Small + 10 years) changed name to Insights Monthly Fee Small Tier 6: + 10 years,
2023-01-03,Kara Soghigian,Insights Monthly Fee (Small + 11 years) changed name to Insights Monthly Fee Small Tier 5: + 11 years,
2023-01-03,Kara Soghigian,Insights Monthly Fee (Small + 12 years) changed name to Insights Monthly Fee Small Tier 4: + 12 years,
2023-01-03,Kara Soghigian,Insights Monthly Fee (Small + 13 years) changed name to Insights Monthly Fee Small Tier 3: + 13 years,
2023-01-03,Kara Soghigian,Insights Monthly Fee (Small + 14 years) changed name to Insights Monthly Fee Small Tier 2: + 14 years,
2023-01-03,Kara Soghigian,Insights Monthly Fee (Small + 15 years) changed name to Insights Monthly Fee Small Tier 1: + 15 years,
2023-01-03,Kara Soghigian,Insights Monthly Fee (Small + 2 years) changed name to Insights Monthly Fee Small Tier 14: + 2 years,
2023-01-03,Kara Soghigian,Insights Monthly Fee (Small + 3 years) changed name to Insights Monthly Fee Small Tier 13: + 3 years,
2023-01-03,Kara Soghigian,Insights Monthly Fee (Small + 4 years) changed name to Insights Monthly Fee Small Tier 12: + 4 years,
2023-01-03,Kara Soghigian,Insights Monthly Fee (Small + 5 years) changed name to Insights Monthly Fee Small Tier 11: + 5 years,
2023-01-03,Kara Soghigian,Insights Monthly Fee (Small + 6 years) changed name to Insights Monthly Fee Small Tier 10: + 6 years,
2023-01-03,Kara Soghigian,Insights Monthly Fee (Small + 7 years) changed name to Insights Monthly Fee Small Tier 9: + 7 years,
2023-01-03,Kara Soghigian,Insights Monthly Fee (Small + 8 years) changed name to Insights Monthly Fee Small Tier 8: + 8 years,
2023-01-03,Kara Soghigian,Insights Monthly Fee (Small + 9 years) changed name to Insights Monthly Fee Small Tier 7: + 9 years,
2023-01-03,Kara Soghigian,TazWorks Software Platform - Basic changed name to TazWorks Software Platform Tier 6: Basic,
2023-01-03,Kara Soghigian,TazWorks Software Platform - Enterprise changed name to TazWorks Software Platform Tier 2: Enterprise,
2023-01-03,Kara Soghigian,TazWorks Software Platform - Enterprise Plus changed name to TazWorks Software Platform Tier 1: Enterprise Plus,
2023-01-03,Kara Soghigian,TazWorks Software Platform - Premium changed name to TazWorks Software Platform Tier 3: Premium,
2023-01-03,Kara Soghigian,TazWorks Software Platform - Professional changed name to TazWorks Software Platform Tier 5: Professional,
2023-01-03,Kara Soghigian,TazWorks Software Platform - Professional Plus changed name to TazWorks Software Platform Tier 4: Professional Plus,
2023-01-03,Kara Soghigian,National-Level Criminal Records Alias Lead Generator - Discounted 0-499 monthly searches (Not a TazCloud User) changed name to National-Level Criminal Records Alias Lead Generator (Not a TazCloud User) Tier 5: 0-499 monthly searches,
2023-01-03,Kara Soghigian,National-Level Criminal Records Alias Lead Generator - Discounted 0-499 monthly searches (TazCloud User) changed name to National-Level Criminal Records Alias Lead Generator (TazCloud User) Tier 5: 0-499 monthly searches,
2023-01-03,Kara Soghigian,National-Level Criminal Records Alias Lead Generator - Discounted 10000+ monthly searches (Not a TazCloud User) changed name to National-Level Criminal Records Alias Lead Generator (Not a TazCloud User) Tier 1: 10000+ monthly searches ,
2023-01-03,Kara Soghigian,National-Level Criminal Records Alias Lead Generator - Discounted 10000+ monthly searches (TazCloud User) changed name to National-Level Criminal Records Alias Lead Generator (TazCloud User) Tier 1: 10000+ monthly searches ,
2023-01-03,Kara Soghigian,National-Level Criminal Records Alias Lead Generator - Discounted 1000-4999 monthly searches (Not a TazCloud User) changed name to National-Level Criminal Records Alias Lead Generator (Not a TazCloud User) Tier 3: 1000-4999 monthly searches,
2023-01-03,Kara Soghigian,National-Level Criminal Records Alias Lead Generator - Discounted 1000-4999 monthly searches (TazCloud User) changed name to National-Level Criminal Records Alias Lead Generator (TazCloud User) Tier 3: 1000-4999 monthly searches,
2023-01-03,Kara Soghigian,National-Level Criminal Records Alias Lead Generator - Discounted 5000-9999 monthly searches (Not a TazCloud User) changed name to National-Level Criminal Records Alias Lead Generator (Not a TazCloud User) Tier 2: 5000-9999 monthly searches ,
2023-01-03,Kara Soghigian,National-Level Criminal Records Alias Lead Generator - Discounted 5000-9999 monthly searches (TazCloud User) changed name to National-Level Criminal Records Alias Lead Generator (TazCloud User) Tier 2: 5000-9999 monthly searches ,
2023-01-03,Kara Soghigian,National-Level Criminal Records Alias Lead Generator - Discounted 500-999 monthly searches (Not a TazCloud User) changed name to National-Level Criminal Records Alias Lead Generator (Not a TazCloud User) Tier 4: 500-999 monthly searches,
2023-01-03,Kara Soghigian,National-Level Criminal Records Alias Lead Generator - Discounted 500-999 monthly searches (TazCloud User) changed name to National-Level Criminal Records Alias Lead Generator (TazCloud User) Tier 4: 500-999 monthly searches,
2023-01-03,Kara Soghigian,National-Level Criminal Records Alias Lead Generator (Not a TazCloud User) changed name to National-Level Criminal Records Alias Lead Generator (Not a TazCloud User) Tier 6: (no discount),
2023-01-03,Kara Soghigian,National-Level Criminal Records Alias Lead Generator (TazCloud User) changed name to National-Level Criminal Records Alias Lead Generator (TazCloud User) Tier 6: (no discount),
2023-01-03,Kara Soghigian,State-Level Criminal Records Lead Generator - Discounted (Not a TazCloud User) changed name to State-Level Criminal Records Lead Generator (Not a TazCloud User) Tier 3: Up to 99 monthly searches,
2023-01-03,Kara Soghigian,State-Level Criminal Records Lead Generator - Discounted (TazCloud User) changed name to State-Level Criminal Records Lead Generator (TazCloud User) Tier 3: Up to 99 monthly searches,
2023-01-03,Kara Soghigian,State-Level Criminal Records Lead Generator - Discounted 100+ monthly searches (Not a TazCloud User) changed name to State-Level Criminal Records Lead Generator (Not a TazCloud User) Tier 2: 100-499 monthly searches,
2023-01-03,Kara Soghigian,State-Level Criminal Records Lead Generator - Discounted 100+ monthly searches (TazCloud User) changed name to State-Level Criminal Records Lead Generator (TazCloud User) Tier 2: 100-499 monthly searches,
2023-01-03,Kara Soghigian,State-Level Criminal Records Lead Generator - Discounted 500+ monthly searches (Not a TazCloud User) changed name to State-Level Criminal Records Lead Generator (Not a TazCloud User) Tier 1: 500+ monthly searches,
2023-01-03,Kara Soghigian,State-Level Criminal Records Lead Generator - Discounted 500+ monthly searches (TazCloud User) changed name to State-Level Criminal Records Lead Generator (TazCloud User) Tier 1: 500+ monthly searches,
2023-01-03,Kara Soghigian,State-Level Criminal Records Lead Generator (Not a TazCloud User) changed name to State-Level Criminal Records Lead Generator (Not a TazCloud User) Tier 4 (no discount),
2023-01-03,Kara Soghigian,State-Level Criminal Records Lead Generator (TazCloud User) changed name to State-Level Criminal Records Lead Generator (TazCloud User) Tier 4 (no discount),
2023-01-03,Kara Soghigian,National-Level Criminal Records Lead Generator - Discounted 0-499 monthly searches (Not a TazCloud User) changed name to National-Level Criminal Records Lead Generator (Not a TazCloud User) Tier 6: 0-499 monthly searches,
2023-01-03,Kara Soghigian,National-Level Criminal Records Lead Generator - Discounted 0-499 monthly searches (TazCloud User) changed name to National-Level Criminal Records Lead Generator (TazCloud User) Tier 6: 0-499 monthly searches,
2023-01-03,Kara Soghigian,National-Level Criminal Records Lead Generator - Discounted 10000+ monthly searches (Not a TazCloud User) changed name to National-Level Criminal Records Lead Generator (Not a TazCloud User) Tier 1: 10000+ monthly searches ,
2023-01-03,Kara Soghigian,National-Level Criminal Records Lead Generator - Discounted 10000+ monthly searches(TazCloud User) changed name to National-Level Criminal Records Lead Generator (TazCloud User) Tier 1: 10000+ monthly searches,
2023-01-03,Kara Soghigian,National-Level Criminal Records Lead Generator - Discounted 1000-4999 monthly searches (Not a TazCloud User) changed name to National-Level Criminal Records Lead Generator (Not a TazCloud User) Tier 3: 1000-4999 monthly searches,
2023-01-03,Kara Soghigian,National-Level Criminal Records Lead Generator - Discounted 1000-4999 monthly searches (TazCloud User) changed name to National-Level Criminal Records Lead Generator (TazCloud User) Tier 3: 1000-4999 monthly searches,
2023-01-03,Kara Soghigian,National-Level Criminal Records Lead Generator - Discounted 5000-9999 monthly searches (Not a TazCloud User) changed name to National-Level Criminal Records Lead Generator (Not a TazCloud User) Tier 2: 5000-9999 monthly searches,
2023-01-03,Kara Soghigian,National-Level Criminal Records Lead Generator - Discounted 5000-9999 monthly searches (TazCloud User) changed name to National-Level Criminal Records Lead Generator (TazCloud User) Tier 2: 5000-9999 monthly searches,
2023-01-03,Kara Soghigian,National-Level Criminal Records Lead Generator - Discounted 500-999 monthly searches (Not a TazCloud User) changed name to National-Level Criminal Records Lead Generator (Not a TazCloud User) Tier 5: 500-999 monthly searches,
2023-01-03,Kara Soghigian,National-Level Criminal Records Lead Generator - Discounted 500-999 monthly searches (TazCloud User) changed name to National-Level Criminal Records Lead Generator (TazCloud User) Tier 5: 500-999 monthly searches,
2023-01-03,Kara Soghigian,National-Level Criminal Records Lead Generator (Not a TazCloud User) changed name to National-Level Criminal Records Lead Generator (Not a TazCloud User): Tier 7 (no discount),
2023-01-03,Kara Soghigian,National-Level Criminal Records Lead Generator (TazCloud User) changed name to National-Level Criminal Records Lead Generator (TazCloud User): Tier 7 (no discount),
2023-01-03,Kara Soghigian,Plaid Instant Account Verification: $1B to $3B AUM (Consumer) changed name to Plaid Instant Account Verification Tier 2: $1B to $3B AUM (Consumer),
2023-01-03,Kara Soghigian,Plaid Instant Account Verification: $3B to $10B AUM (Consumer) changed name to Plaid Instant Account Verification Tier 1: $3B to $10B AUM (Consumer),
2023-01-03,Kara Soghigian,Plaid Instant Account Verification: <$1B AUM (Consumer) changed name to Plaid Instant Account Verification Tier 3: <$1B AUM (Consumer),
2023-01-03,Kara Soghigian,Plaid Instant Account Verification: >=$10B AUM (Referral to Plaid) (Consumer) changed name to Plaid Instant Account Verification $10B+ AUM (Referral to Plaid) (Consumer),
2023-01-03,Kara Soghigian,Address Verification (+8k apps) changed name to Address Verification Tier 1: 8K+ Apps,
2023-01-03,Kara Soghigian,Address Verification (0 - 499 apps) changed name to Address Verification Tier 2: 4K - 7.99K Apps,
2023-01-03,Kara Soghigian,Address Verification (1k - 1.99k apps) changed name to Address Verification Tier 3: 2K - 3.99K Apps,
2023-01-03,Kara Soghigian,Address Verification (2k - 3.99k apps) changed name to Address Verification Tier 4: 1K - 1.99K Apps,
2023-01-03,Kara Soghigian,Address Verification (4k - 7.99k apps) changed name to Address Verification Tier 5: 500 - 999 Apps,
2023-01-03,Kara Soghigian,Address Verification (500 - 999 apps) changed name to Address Verification Tier 6: 0 - 499 Apps,
2023-01-03,Kara Soghigian,Engage- Tech Enabled Marketing - Gift Cards Letter - P-1 changed vendor from D3 Logics to Solutions by Text,
2023-01-03,Kara Soghigian,Engage- Tech Enabled Marketing- SMS- D1 changed name to Engage- Tech Enabled Marketing- SBT- D1,
2023-01-03,Kara Soghigian,Marketing Pro- Reward changed name to Marketing Pro- Engage,
2023-01-03,Kara Soghigian,Explore Tech Enabled Marketing - SMS- D-1 changed vendor from D3 Logics to Solutions by Text,
2023-01-03,Kara Soghigian,Explore Tech Enabled Marketing - SMS- D-1 changed name to Explore Tech Enabled Marketing- SMS- D-1 to Explore Tech Enabled Marketing- SBT- D-1,
2023-01-03,Kara Soghigian,"NADA. Guide Data - Classic, Collectible and Special Interest Car Values - changed setup fee from $275 to $302.50",
2023-01-03,Kara Soghigian,NADA. Guide Data - Marine Values - changed setup fee from $275 to $302.50,
2023-01-03,Kara Soghigian,"NADA. Guide Data - Motorcycle, Snowmobile, ATV, Personal Watercraft Values - changed setup fee from $275 to $302.50",
2023-01-03,Kara Soghigian,NADA. Guide Data - Recreational Vehicle Values- changed setup fee from $275 to $300,
2023-01-03,Kara Soghigian,AutoCheck- changed setup fee from $1145 to $1260,
2023-01-03,Kara Soghigian,AutoCheck with Buyback Protection- changed setup fee from $1145 to $1260,
2023-01-03,Kara Soghigian,RouteOne eContracting (DecisionLender)- changed setup fee from $3270 to $3600,
2023-01-03,Kara Soghigian,RouteOne eContracting (Consumer)- changed setup fee from $3270 to $3600,
2023-01-03,Kara Soghigian,Inbound Faxing - changed annual fee from $1930 to $2095,
2023-01-03,Kara Soghigian,"NADA. Guide Data - Classic, Collectible and Special Interest Car Values - changed annual fee from $655 to $720.50",
2023-01-03,Kara Soghigian,NADA. Guide Data - Marine Values - changed annual fee from $655 to $720.50,
2023-01-03,Kara Soghigian,"NADA. Guide Data - Motorcycle, Snowmobile, ATV, Personal Watercraft Values - changed annual fee from $655 to $720.50",
2023-01-03,Kara Soghigian,NADA. Guide Data - Recreational Vehicle Values- changed annual fee from $655 to $715,
2023-01-03,Kara Soghigian,AutoCheck- changed annual fee from $1145 to $1260,
2023-01-03,Kara Soghigian,AutoCheck with Buyback Protection- changed annual fee from $1145 to $1260,
2023-01-03,Kara Soghigian,RouteOne eContracting (DecisionLender)- changed annual fee from $3000 to $3300,
2023-01-03,Kara Soghigian,RouteOne eContracting (Consumer)- changed annual fee from $3000 to $3300,
2023-01-03,Kara Soghigian,Inbound Faxing - changed transaction fee from $0.2 to $0.25,
2023-01-03,Kara Soghigian,"NADA. Guide Data - Classic, Collectible and Special Interest Car Values - changed transaction fee from $0.43 to $0.5",
2023-01-03,Kara Soghigian,NADA. Guide Data - Marine Values - changed transaction fee from $0.43 to $0.5,
2023-01-03,Kara Soghigian,"NADA. Guide Data - Motorcycle, Snowmobile, ATV, Personal Watercraft Values - changed transaction fee from $0.43 to $0.5",
2023-01-03,Kara Soghigian,NADA. Guide Data - Recreational Vehicle Values- changed transaction fee from $0.43 to $0.5,
2023-01-03,Kara Soghigian,AutoCheck- changed transaction fee from $8.67 to $9.55,
2023-01-03,Kara Soghigian,AutoCheck with Buyback Protection- changed transaction fee from $11.45 to $12.6,
2023-01-03,Kara Soghigian,RouteOne eContracting (DecisionLender)- changed transaction fee from $1 to $1.1,
2023-01-03,Kara Soghigian,RouteOne eContracting (Consumer)- changed transaction fee from $6.3 to $6.95,
2023-01-03,Kara Soghigian,MeridianLink Insight- changed setup fee from $5500 to $5900,
2023-01-03,Kara Soghigian,"JHA MeridianLink Portal Tier 1 (96,000+ apps)- changed setup fee from $6510 to $7165",
2023-01-03,Kara Soghigian,"JHA MeridianLink Portal Tier 2 (48,000-95,999 apps)- changed setup fee from $6510 to $7165",
2023-01-03,Kara Soghigian,"JHA MeridianLink Portal Tier 3 (24,000-47,999 apps)- changed setup fee from $6510 to $7165",
2023-01-03,Kara Soghigian,"JHA MeridianLink Portal Tier 4 (12,000-23,999 apps)- changed setup fee from $6510 to $7165",
2023-01-03,Kara Soghigian,"JHA MeridianLink Portal Tier 5 (6000-11,999 apps)- changed setup fee from $6510 to $7165",
2023-01-03,Kara Soghigian,JHA MeridianLink Portal Tier 6 (3000-5999 apps)- changed setup fee from $6510 to $7165,
2023-01-03,Kara Soghigian,JHA MeridianLink Portal Tier 7 (<3000 apps)- changed setup fee from $6510 to $7165,
2023-01-03,Kara Soghigian,"MeridianLink Portal Tier 1 (96,000+ apps)- changed setup fee from $6510 to $7165",
2023-01-03,Kara Soghigian,"MeridianLink Portal Tier 2 (48,000-95,999 apps)- changed setup fee from $6510 to $7165",
2023-01-03,Kara Soghigian,"MeridianLink Portal Tier 3 (24,000-47,999 apps)- changed setup fee from $6510 to $7165",
2023-01-03,Kara Soghigian,"MeridianLink Portal Tier 4 (12,000-23,999 apps)- changed setup fee from $6510 to $7165",
2023-01-03,Kara Soghigian,"MeridianLink Portal Tier 5 (6000-11,999 apps)- changed setup fee from $6510 to $7165",
2023-01-03,Kara Soghigian,MeridianLink Portal Tier 6 (3000-5999 apps)- changed setup fee from $6510 to $7165,
2023-01-03,Kara Soghigian,MeridianLink Portal Tier 7 (<3000 apps)- changed setup fee from $6510 to $7165,
2023-01-03,Kara Soghigian,Consumer Portal- changed setup fee from $22400 to $24640,
2023-01-03,Kara Soghigian,CCMC Standard Export- changed setup fee from $12020 to $13222,
2023-01-03,Kara Soghigian,Core interface- changed setup fee from $12020 to $13222,
2023-01-03,Kara Soghigian,Corelation Interface- changed setup fee from $12020 to $13222,
2023-01-03,Kara Soghigian,Spectrum Pathways Interface- changed setup fee from $12020 to $13222,
2023-01-03,Kara Soghigian,Symitar Core Conversion (DecisionLender)- changed setup fee from $12020 to $13225,
2023-01-03,Kara Soghigian,Auto Counter Offer- changed setup fee from $5625 to $6187,
2023-01-03,Kara Soghigian,HYLS- changed setup fee from $4080 to $4488,
2023-01-03,Kara Soghigian,Image Transfer- changed setup fee from $4005 to $4405.50,
2023-01-03,Kara Soghigian,Document Mapping (overage) - DecisionLender4 Consumer- changed setup fee from $230 to $255,
2023-01-03,Kara Soghigian,Document Mapping (overage) - DecisionLender4 Custom- changed setup fee from $345 to $380,
2023-01-03,Kara Soghigian,Indirect Document Package- changed setup fee from $1040 to $1144,
2023-01-03,Kara Soghigian,Laser Pro Export- changed setup fee from $5550 to $6105,
2023-01-03,Kara Soghigian,The Work Number- changed setup fee from $2775 to $3052.50,
2023-01-03,Kara Soghigian,IMM eSignature on Premise- changed setup fee from $5550 to $6105,
2023-01-03,Kara Soghigian,Synergy Esign - DecisionLender- changed setup fee from $3860 to $4246,
2023-01-03,Kara Soghigian,AI Extract- changed setup fee from $1000 to $1100,
2023-01-03,Kara Soghigian,DecisionLender DLX – One Way- changed setup fee from $5000 to $5500,
2023-01-03,Kara Soghigian,DecisionLender DLX – Two Way- changed setup fee from $5000 to $5500,
2023-01-03,Kara Soghigian,Champion Challenger- changed setup fee from $5000 to $5500,
2023-01-03,Kara Soghigian,Cross-Sell (Existing Customers)- changed setup fee from $3885 to $4273.50,
2023-01-03,Kara Soghigian,CUAC Sub-Lender Standard Export- changed setup fee from $6760 to $7436,
2023-01-03,Kara Soghigian,DecisionLender Standard Data Dump- changed setup fee from $12240 to $13464,
2023-01-03,Kara Soghigian,DecisionLender Standard Export- changed setup fee from $12240 to $13464,
2023-01-03,Kara Soghigian,Single SignOn via SAML- changed setup fee from $4665 to $5131.50,
2023-01-03,Kara Soghigian,Additional DecisionLender Sub-Lender- changed setup fee from $2000 to $2200,
2023-01-03,Kara Soghigian,eContracting Rule Validation Package- changed setup fee from $2500 to $2750,
2023-01-03,Kara Soghigian,Carfax Vehicle History and/or Vehicle Loss Report (DecisionLender4)- changed setup fee from $1635 to $1798.50,
2023-01-03,Kara Soghigian,Allied Solutions IQQ- changed setup fee from $2725 to $2997.50,
2023-01-03,Kara Soghigian,Frost Visual Gap- changed setup fee from $3500 to $3850,
2023-01-03,Kara Soghigian,Protection Advisor- changed setup fee from $2725 to $2997.50,
2023-01-03,Kara Soghigian,MeridianLink Collect Tier 5 ($1M-$2M Delinquencies) Billed Annually- changed setup fee from $28000 to $29400,
2023-01-03,Kara Soghigian,MeridianLink Collect Tier 5 ($1M-$2M Delinquencies) Billed Monthly- changed setup fee from $28000 to $29400,
2023-01-03,Kara Soghigian,"MeridianLink Collect Tier 6 ($600,000-$1M Delinquencies) Billed Annually- changed setup fee from $15000 to $15750",
2023-01-03,Kara Soghigian,"MeridianLink Collect Tier 6 ($600,000-$1M Delinquencies) Billed Monthly- changed setup fee from $15000 to $15750",
2023-01-03,Kara Soghigian,"MeridianLink Collect Tier 7 ($300,000-$599,999 Delinquencies) Billed Annually- changed setup fee from $10000 to $10500",
2023-01-03,Kara Soghigian,"MeridianLink Collect Tier 7 ($300,000-$599,999 Delinquencies) Billed Monthly- changed setup fee from $10000 to $10500",
2023-01-03,Kara Soghigian,"MeridianLink Collect Tier 8 (<$300,000 Delinquencies) Billed Annually- changed setup fee from $6000 to $6300",
2023-01-03,Kara Soghigian,"MeridianLink Collect Tier 8 (<$300,000 Delinquencies) Billed Monthly- changed setup fee from $6000 to $6300",
2023-01-03,Kara Soghigian,Co-op- changed setup fee from $3270 to $3600,
2023-01-03,Kara Soghigian,PSCU (Call Center)- changed setup fee from $3270 to $3600,
2023-01-03,Kara Soghigian,Originate Loans- changed setup fee from $4005 to $4410,
2023-01-03,Kara Soghigian,Liquid Credit Integration- changed setup fee from $5725 to $6300,
2023-01-03,Kara Soghigian,D+H DepositPro Plus- changed setup fee from $2865 to $3160,
2023-01-03,Kara Soghigian,Document Mapping (overage) - MeridianLink Opening- changed setup fee from $230 to $255,
2023-01-03,Kara Soghigian,IMM XML (TotaleAtlas)- changed setup fee from $4010 to $4415,
2023-01-03,Kara Soghigian,Alkami QuickApply- changed setup fee from $2865 to $3155,
2023-01-03,Kara Soghigian,Mobile App Push- changed setup fee from $4580 to $5040,
2023-01-03,Kara Soghigian,eFunds IDV & IDA- changed setup fee from $2865 to $3155,
2023-01-03,Kara Soghigian,Bridger OFAC Watchlist- changed setup fee from $2290 to $2520,
2023-01-03,Kara Soghigian,eFunds IDV- changed setup fee from $2865 to $3155,
2023-01-03,Kara Soghigian,Innovative Funding Services (IFS)- changed setup fee from $2290 to $2520,
2023-01-03,Kara Soghigian,NALN - National Auto Loan Network- New Customer- changed setup fee from $2290 to $2520,
2023-01-03,Kara Soghigian,Auto Approve- changed setup fee from $2290 to $2520,
2023-01-03,Kara Soghigian,Autopay- changed setup fee from $2290 to $2520,
2023-01-03,Kara Soghigian,Caribou- changed setup fee from $2290 to $2520,
2023-01-03,Kara Soghigian,CreditSnap- changed setup fee from $2290 to $2520,
2023-01-03,Kara Soghigian,CuneXus Tier 1: $5B+- changed setup fee from $6000 to $6600,
2023-01-03,Kara Soghigian,CuneXus Tier 2: $1B - $5B- changed setup fee from $6000 to $6600,
2023-01-03,Kara Soghigian,CuneXus Tier 3: $500M - $1B- changed setup fee from $6000 to $6600,
2023-01-03,Kara Soghigian,CuneXus Tier 4: $250M - $500M- changed setup fee from $6000 to $6600,
2023-01-03,Kara Soghigian,CuneXus Tier 5: $100M - $250M- changed setup fee from $6000 to $6600,
2023-01-03,Kara Soghigian,FirstClose DLP- changed setup fee from $2290 to $2520,
2023-01-03,Kara Soghigian,fiVISION- changed setup fee from $2290 to $2520,
2023-01-03,Kara Soghigian,iLendingDirect- changed setup fee from $2290 to $2520,
2023-01-03,Kara Soghigian,LendingTree- changed setup fee from $2865 to $3155,
2023-01-03,Kara Soghigian,MoveCU- changed setup fee from $2290 to $2520,
2023-01-03,Kara Soghigian,Rate Genius- changed setup fee from $4580 to $5040,
2023-01-03,Kara Soghigian,Rate Reset - Direct Core Reset- changed setup fee from $3435 to $3780,
2023-01-03,Kara Soghigian,Rate Reset - PreApproval API - changed setup fee from $3435 to $3780,
2023-01-03,Kara Soghigian,LoanStar Technologies- changed setup fee from $2290 to $2520,
2023-01-03,Kara Soghigian,Add Additional Lender- changed setup fee from $5725 to $6300,
2023-01-03,Kara Soghigian,AffordIT- changed setup fee from $2290 to $2520,
2023-01-03,Kara Soghigian,Data Extraction Tool- changed setup fee from $4580 to $5040,
2023-01-03,Kara Soghigian,Eltropy- changed setup fee from $2205 to $2430,
2023-01-03,Kara Soghigian,Accurate Group-  Settlement Services- changed setup fee from $2290 to $2520,
2023-01-03,Kara Soghigian,Corporate Settlement Solutions- Settlement Services- changed setup fee from $2290 to $2520,
2023-01-03,Kara Soghigian,First American- Settlement Services- changed setup fee from $2290 to $2520,
2023-01-03,Kara Soghigian,Lender Close-  Settlement Services- changed setup fee from $2290 to $2520,
2023-01-03,Kara Soghigian,New Vista - Settlement Services- changed setup fee from $2290 to $2520,
2023-01-03,Kara Soghigian,SourcePoint - Settlement Services- changed setup fee from $2290 to $2520,
2023-01-03,Kara Soghigian,Universal Real Estate Services - Settlement Services- changed setup fee from $2290 to $2520,
2023-01-03,Kara Soghigian,ClickSWITCH (existing CS client)- changed setup fee from $5725 to $6300,
2023-01-03,Kara Soghigian,American Service Group (ASG)- changed setup fee from $2290 to $2520,
2023-01-03,Kara Soghigian,Auto Exam - changed setup fee from $2290 to $2520,
2023-01-03,Kara Soghigian,Car Solutions Auto Insurance Integration- changed setup fee from $2290 to $2520,
2023-01-03,Kara Soghigian,SQL Transmission Service (one extract/day after hours)- changed setup fee from $4410 to $4785,
2023-01-03,Kara Soghigian,SQL Transmission Service (one extract/hour including business hours)- changed setup fee from $4410 to $4785,
2023-01-03,Kara Soghigian,CUBase (DecisionLender)- changed setup fee from $12020 to $13225,
2023-01-03,Kara Soghigian,CULA Seamless Integration- changed setup fee from $3270 to $3600,
2023-01-03,Kara Soghigian,DataSafe (DecisionLender)- changed setup fee from $12020 to $13225,
2023-01-03,Kara Soghigian,DealPack Export- changed setup fee from $12020 to $13225,
2023-01-03,Kara Soghigian,Finastra Application Exchange Interface- changed setup fee from $12020 to $13225,
2023-01-03,Kara Soghigian,FIS - ChexSystems- changed setup fee from $1665 to $1835,
2023-01-03,Kara Soghigian,FIS - Credit Card Export- changed setup fee from $4080 to $4490,
2023-01-03,Kara Soghigian,Goldpoint- changed setup fee from $12020 to $13225,
2023-01-03,Kara Soghigian,Lowenstein Export- changed setup fee from $12020 to $13225,
2023-01-03,Kara Soghigian,Megasys Export- changed setup fee from $12020 to $13225,
2023-01-03,Kara Soghigian,Nortridge NLS Export- changed setup fee from $12020 to $13225,
2023-01-03,Kara Soghigian,Portico (DecisionLender)- changed setup fee from $12020 to $13225,
2023-01-03,Kara Soghigian,Share Tech Export- changed setup fee from $12020 to $13225,
2023-01-03,Kara Soghigian,Shaw Solutions- changed setup fee from $12020 to $13225,
2023-01-03,Kara Soghigian,PSCU Export- changed setup fee from $4080 to $4490,
2023-01-03,Kara Soghigian,Imaging (DocDownload)- changed setup fee from $4010 to $4415,
2023-01-03,Kara Soghigian,Synergy Image Export- changed setup fee from $4005 to $4410,
2023-01-03,Kara Soghigian,API Web Services (DecisionLender)- changed setup fee from $5000 to $5500,
2023-01-03,Kara Soghigian,Dedicated VPN Connection- changed setup fee from $4010 to $4415,
2023-01-03,Kara Soghigian,Disaster Recovery VPN- changed setup fee from $4010 to $4415,
2023-01-03,Kara Soghigian,Point Predictive Integration- changed setup fee from $5000 to $5500,
2023-01-03,Kara Soghigian,Unity- changed setup fee from $2750 to $3025,
2023-01-03,Kara Soghigian,LSI- changed setup fee from $3270 to $3600,
2023-01-03,Kara Soghigian,Bankway (Metavante) (Consumer)- changed setup fee from $12020 to $13225,
2023-01-03,Kara Soghigian,COCC (Consumer)- changed setup fee from $12020 to $13225,
2023-01-03,Kara Soghigian,CUBase (Consumer)- changed setup fee from $12020 to $13225,
2023-01-03,Kara Soghigian,Cunify (Consumer)- changed setup fee from $12020 to $13225,
2023-01-03,Kara Soghigian,CUProdigy (Consumer)- changed setup fee from $12020 to $13225,
2023-01-03,Kara Soghigian,DataSafe (Consumer)- changed setup fee from $12020 to $13225,
2023-01-03,Kara Soghigian,DNA (Consumer)- changed setup fee from $12020 to $13225,
2023-01-03,Kara Soghigian,Episys (Core) (Consumer)- changed setup fee from $12020 to $13225,
2023-01-03,Kara Soghigian,ESP (Forza) (Consumer)- changed setup fee from $12020 to $13225,
2023-01-03,Kara Soghigian,Fiserv Data Center Direct Connection (Consumer)- changed setup fee from $5155 to $5675,
2023-01-03,Kara Soghigian,Fiserv DNA Credit Push (Consumer)- changed setup fee from $2290 to $2520,
2023-01-03,Kara Soghigian,Fiserv Premier (Consumer)- changed setup fee from $12020 to $13225,
2023-01-03,Kara Soghigian,Flex (Consumer)- changed setup fee from $12020 to $13225,
2023-01-03,Kara Soghigian,Galaxy (Consumer)- changed setup fee from $12020 to $13225,
2023-01-03,Kara Soghigian,Horizon (Consumer)- changed setup fee from $12020 to $13225,
2023-01-03,Kara Soghigian,IBS (Consumer)- changed setup fee from $12020 to $13225,
2023-01-03,Kara Soghigian,iPower (Consumer)- changed setup fee from $12020 to $13225,
2023-01-03,Kara Soghigian,Jack Henry 20/20 (Consumer)- changed setup fee from $12020 to $13225,
2023-01-03,Kara Soghigian,Jack Henry CoreDirector (Consumer)- changed setup fee from $12020 to $13225,
2023-01-03,Kara Soghigian,Jack Henry Silverlake (Consumer)- changed setup fee from $12020 to $13225,
2023-01-03,Kara Soghigian,KeyStone (Consumer)- changed setup fee from $12020 to $13225,
2023-01-03,Kara Soghigian,Miser (Consumer)- changed setup fee from $12020 to $13225,
2023-01-03,Kara Soghigian,ML Entry Core Integration (Consumer)- changed setup fee from $5513 to $6065,
2023-01-03,Kara Soghigian,New Core Integration (Consumer)- changed setup fee from $12020 to $13225,
2023-01-03,Kara Soghigian,NewSolutions (Consumer)- changed setup fee from $12020 to $13225,
2023-01-03,Kara Soghigian,Phoenix EFE (Consumer)- changed setup fee from $12020 to $13225,
2023-01-03,Kara Soghigian,Portico (Consumer)- changed setup fee from $12020 to $13225,
2023-01-03,Kara Soghigian,Spectrum (Summit) (Consumer)- changed setup fee from $12020 to $13225,
2023-01-03,Kara Soghigian,UltraData OpenPath (Consumer)- changed setup fee from $12020 to $13225,
2023-01-03,Kara Soghigian,XP System (XP2) (Consumer)- changed setup fee from $12020 to $13225,
2023-01-03,Kara Soghigian,CCM Interface with OSI- changed setup fee from $4005 to $4410,
2023-01-03,Kara Soghigian,CPS- changed setup fee from $4005 to $4410,
2023-01-03,Kara Soghigian,FDR Vantiv- changed setup fee from $4005 to $4410,
2023-01-03,Kara Soghigian,PSCU (Credit Card)- changed setup fee from $4005 to $4410,
2023-01-03,Kara Soghigian,RTDX / Base2000- changed setup fee from $4005 to $4410,
2023-01-03,Kara Soghigian,TMG- changed setup fee from $4005 to $4410,
2023-01-03,Kara Soghigian,TSYS ADM- changed setup fee from $4005 to $4410,
2023-01-03,Kara Soghigian,VantivFI- changed setup fee from $4005 to $4410,
2023-01-03,Kara Soghigian,Visa Advanced ID Solutions (VAIS)- changed setup fee from $4005 to $4410,
2023-01-03,Kara Soghigian,Scienaptic- changed setup fee from $10000 to $11000,
2023-01-03,Kara Soghigian,Zest Custom Score- changed setup fee from $10000 to $11000,
2023-01-03,Kara Soghigian,Imaging (DocDownload)- changed setup fee from $4010 to $4415,
2023-01-03,Kara Soghigian,D+H LaserPro Plus- changed setup fee from $2865 to $3155,
2023-01-03,Kara Soghigian,Document Mapping (overage) - custom- changed setup fee from $345 to $380,
2023-01-03,Kara Soghigian,Document Mapping (overage) - MeridianLink Consumer- changed setup fee from $230 to $255,
2023-01-03,Kara Soghigian,Ready-To-Sign (RTS)- changed setup fee from $4010 to $4415,
2023-01-03,Kara Soghigian,Synergy Esign- changed setup fee from $4010 to $4415,
2023-01-03,Kara Soghigian,CULA- changed setup fee from $3270 to $3600,
2023-01-03,Kara Soghigian,MeridianLink Portal - Digital Engagement Package (co-browsing video chat) (Consumer)- changed setup fee from $3310 to $3645,
2023-01-03,Kara Soghigian,API Web Services (Consumer)- changed setup fee from $545 to $600,
2023-01-03,Kara Soghigian,First Close - Settlement Services- changed setup fee from $2290 to $2520,
2023-01-03,Kara Soghigian,Carfax Vehicle History and/or Vehicle Loss Report- changed setup fee from $1145 to $1260,
2023-01-03,Kara Soghigian,DNA (Mortgage)- changed setup fee from $12020 to $13225,
2023-01-03,Kara Soghigian,Episys (Core) (Mortgage)- changed setup fee from $12020 to $13225,
2023-01-03,Kara Soghigian,KeyStone (Mortgage)- changed setup fee from $12020 to $13225,
2023-01-03,Kara Soghigian,Spectrum (Summit) (Mortgage)- changed setup fee from $12020 to $13225,
2023-01-03,Kara Soghigian,XP System (XP2) (Mortgage)- changed setup fee from $12020 to $13225,
2023-01-03,Kara Soghigian,MeridianLink Insight- changed annual fee from $17500 to $19055,
2023-01-03,Kara Soghigian,"JHA MeridianLink Portal Tier 1 (96,000+ apps)- changed annual fee from $31710 to $34885",
2023-01-03,Kara Soghigian,"JHA MeridianLink Portal Tier 2 (48,000-95,999 apps)- changed annual fee from $20385 to $22425",
2023-01-03,Kara Soghigian,"JHA MeridianLink Portal Tier 3 (24,000-47,999 apps)- changed annual fee from $16990 to $18690",
2023-01-03,Kara Soghigian,"JHA MeridianLink Portal Tier 4 (12,000-23,999 apps)- changed annual fee from $13590 to $14950",
2023-01-03,Kara Soghigian,"JHA MeridianLink Portal Tier 5 (6000-11,999 apps)- changed annual fee from $10195 to $11215",
2023-01-03,Kara Soghigian,JHA MeridianLink Portal Tier 6 (3000-5999 apps)- changed annual fee from $6795 to $7475,
2023-01-03,Kara Soghigian,JHA MeridianLink Portal Tier 7 (<3000 apps)- changed annual fee from $2265 to $2495,
2023-01-03,Kara Soghigian,"MeridianLink Portal Tier 1 (96,000+ apps)- changed annual fee from $31710 to $34885",
2023-01-03,Kara Soghigian,"MeridianLink Portal Tier 2 (48,000-95,999 apps)- changed annual fee from $20385 to $22425",
2023-01-03,Kara Soghigian,"MeridianLink Portal Tier 3 (24,000-47,999 apps)- changed annual fee from $16990 to $18690",
2023-01-03,Kara Soghigian,"MeridianLink Portal Tier 4 (12,000-23,999 apps)- changed annual fee from $13590 to $14950",
2023-01-03,Kara Soghigian,"MeridianLink Portal Tier 5 (6000-11,999 apps)- changed annual fee from $10195 to $11215",
2023-01-03,Kara Soghigian,MeridianLink Portal Tier 6 (3000-5999 apps)- changed annual fee from $6795 to $7475,
2023-01-03,Kara Soghigian,MeridianLink Portal Tier 7 (<3000 apps)- changed annual fee from $2265 to $2495,
2023-01-03,Kara Soghigian,Consumer Portal- changed annual fee from $16800 to $18480,
2023-01-03,Kara Soghigian,CCMC Standard Export- changed annual fee from $7500 to $8250,
2023-01-03,Kara Soghigian,Core interface- changed annual fee from $7500 to $8250,
2023-01-03,Kara Soghigian,Corelation Interface- changed annual fee from $7500 to $8250,
2023-01-03,Kara Soghigian,Spectrum Pathways Interface- changed annual fee from $7500 to $8250,
2023-01-03,Kara Soghigian,Symitar Core Conversion (DecisionLender)- changed annual fee from $7500 to $8250,
2023-01-03,Kara Soghigian,Auto Counter Offer- changed annual fee from $1635 to $1798,
2023-01-03,Kara Soghigian,HYLS- changed annual fee from $1720 to $1892,
2023-01-03,Kara Soghigian,Image Transfer- changed annual fee from $4005 to $4405.50,
2023-01-03,Kara Soghigian,Document Mapping (overage) - DecisionLender4 Consumer- changed annual fee from $230 to $255,
2023-01-03,Kara Soghigian,Document Mapping (overage) - DecisionLender4 Custom- changed annual fee from $230 to $255,
2023-01-03,Kara Soghigian,Indirect Document Package- changed annual fee from $520 to $572,
2023-01-03,Kara Soghigian,Laser Pro Export- changed annual fee from $1145 to $1259.50,
2023-01-03,Kara Soghigian,The Work Number- changed annual fee from $1000 to $1100,
2023-01-03,Kara Soghigian,IMM eSignature on Premise- changed annual fee from $1070 to $1177,
2023-01-03,Kara Soghigian,Synergy Esign - DecisionLender- changed annual fee from $3935 to $4328.50,
2023-01-03,Kara Soghigian,AI Extract- changed annual fee from $330 to $363,
2023-01-03,Kara Soghigian,DecisionLender DLX – One Way- changed annual fee from $1500 to $1650,
2023-01-03,Kara Soghigian,DecisionLender DLX – Two Way- changed annual fee from $1500 to $1650,
2023-01-03,Kara Soghigian,Champion Challenger- changed annual fee from $6000 to $6600,
2023-01-03,Kara Soghigian,Cross-Sell (Existing Customers)- changed annual fee from $4200 to $4620,
2023-01-03,Kara Soghigian,CUAC Sub-Lender Standard Export- changed annual fee from $2870 to $3157,
2023-01-03,Kara Soghigian,DecisionLender Standard Data Dump- changed annual fee from $2760 to $3036,
2023-01-03,Kara Soghigian,DecisionLender Standard Export- changed annual fee from $2760 to $3036,
2023-01-03,Kara Soghigian,Single SignOn via SAML- changed annual fee from $1685 to $1853.50,
2023-01-03,Kara Soghigian,Additional DecisionLender Sub-Lender- changed annual fee from $1000 to $1100,
2023-01-03,Kara Soghigian,eContracting Rule Validation Package- changed annual fee from $500 to $550,
2023-01-03,Kara Soghigian,Carfax Vehicle History and/or Vehicle Loss Report (DecisionLender4)- changed annual fee from $575 to $632.50,
2023-01-03,Kara Soghigian,Allied Solutions IQQ- changed annual fee from $1000 to $1100,
2023-01-03,Kara Soghigian,Frost Visual Gap- changed annual fee from $1500 to $1650,
2023-01-03,Kara Soghigian,Protection Advisor- changed annual fee from $1000 to $1100,
2023-01-03,Kara Soghigian,MeridianLink Collect Tier 5 ($1M-$2M Delinquencies) Billed Annually- changed annual fee from $56000 to $58800,
2023-01-03,Kara Soghigian,MeridianLink Collect Tier 5 ($1M-$2M Delinquencies) Billed Monthly- changed annual fee from $56000 to $58800,
2023-01-03,Kara Soghigian,"MeridianLink Collect Tier 6 ($600,000-$1M Delinquencies) Billed Annually- changed annual fee from $34000 to $35700",
2023-01-03,Kara Soghigian,"MeridianLink Collect Tier 6 ($600,000-$1M Delinquencies) Billed Monthly- changed annual fee from $34000 to $35700",
2023-01-03,Kara Soghigian,"MeridianLink Collect Tier 7 ($300,000-$599,999 Delinquencies) Billed Annually- changed annual fee from $20000 to $21000",
2023-01-03,Kara Soghigian,"MeridianLink Collect Tier 7 ($300,000-$599,999 Delinquencies) Billed Monthly- changed annual fee from $20000 to $21000",
2023-01-03,Kara Soghigian,"MeridianLink Collect Tier 8 (<$300,000 Delinquencies) Billed Annually- changed annual fee from $15000 to $15750",
2023-01-03,Kara Soghigian,"MeridianLink Collect Tier 8 (<$300,000 Delinquencies) Billed Monthly- changed annual fee from $15000 to $15750",
2023-01-03,Kara Soghigian,Co-op- changed annual fee from $1145 to $1260,
2023-01-03,Kara Soghigian,PSCU (Call Center)- changed annual fee from $1145 to $1260,
2023-01-03,Kara Soghigian,Originate Loans- changed annual fee from $1720 to $1895,
2023-01-03,Kara Soghigian,Liquid Credit Integration- changed annual fee from $1720 to $1895,
2023-01-03,Kara Soghigian,D+H DepositPro Plus- changed annual fee from $1145 to $1260,
2023-01-03,Kara Soghigian,Document Mapping (overage) - MeridianLink Opening- changed annual fee from $230 to $255,
2023-01-03,Kara Soghigian,IMM XML (TotaleAtlas)- changed annual fee from $1720 to $1895,
2023-01-03,Kara Soghigian,Alkami QuickApply- changed annual fee from $1720 to $1895,
2023-01-03,Kara Soghigian,Mobile App Push- changed annual fee from $2290 to $2520,
2023-01-03,Kara Soghigian,eFunds IDV & IDA- changed annual fee from $1720 to $1895,
2023-01-03,Kara Soghigian,Bridger OFAC Watchlist- changed annual fee from $1145 to $1260,
2023-01-03,Kara Soghigian,eFunds IDV- changed annual fee from $1720 to $1895,
2023-01-03,Kara Soghigian,Innovative Funding Services (IFS)- changed annual fee from $1720 to $1895,
2023-01-03,Kara Soghigian,NALN - National Auto Loan Network- New Customer- changed annual fee from $1720 to $1895,
2023-01-03,Kara Soghigian,Auto Approve- changed annual fee from $1720 to $1895,
2023-01-03,Kara Soghigian,Autopay- changed annual fee from $1720 to $1895,
2023-01-03,Kara Soghigian,Caribou- changed annual fee from $1720 to $1895,
2023-01-03,Kara Soghigian,CreditSnap- changed annual fee from $1720 to $1895,
2023-01-03,Kara Soghigian,CuneXus Tier 1: $5B+- changed annual fee from $15000 to $16275,
2023-01-03,Kara Soghigian,CuneXus Tier 2: $1B - $5B- changed annual fee from $12500 to $13565,
2023-01-03,Kara Soghigian,CuneXus Tier 3: $500M - $1B- changed annual fee from $7500 to $8140,
2023-01-03,Kara Soghigian,CuneXus Tier 4: $250M - $500M- changed annual fee from $5000 to $5425,
2023-01-03,Kara Soghigian,CuneXus Tier 5: $100M - $250M- changed annual fee from $5000 to $5425,
2023-01-03,Kara Soghigian,FirstClose DLP- changed annual fee from $1720 to $1895,
2023-01-03,Kara Soghigian,fiVISION- changed annual fee from $1720 to $1895,
2023-01-03,Kara Soghigian,iLendingDirect- changed annual fee from $1720 to $1895,
2023-01-03,Kara Soghigian,LendingTree- changed annual fee from $2865 to $3155,
2023-01-03,Kara Soghigian,MoveCU- changed annual fee from $1720 to $1895,
2023-01-03,Kara Soghigian,Rate Genius- changed annual fee from $1720 to $1895,
2023-01-03,Kara Soghigian,Rate Reset - Direct Core Reset- changed annual fee from $1720 to $1895,
2023-01-03,Kara Soghigian,Rate Reset - PreApproval API - changed annual fee from $1720 to $1895,
2023-01-03,Kara Soghigian,LoanStar Technologies- changed annual fee from $1720 to $1895,
2023-01-03,Kara Soghigian,Add Additional Lender- changed annual fee from $2290 to $2519,
2023-01-03,Kara Soghigian,AffordIT- changed annual fee from $1720 to $1895,
2023-01-03,Kara Soghigian,Data Extraction Tool- changed annual fee from $1145 to $1260,
2023-01-03,Kara Soghigian,Eltropy- changed annual fee from $1690 to $1895,
2023-01-03,Kara Soghigian,Accurate Group-  Settlement Services- changed annual fee from $1720 to $1895,
2023-01-03,Kara Soghigian,Corporate Settlement Solutions- Settlement Services- changed annual fee from $1720 to $1895,
2023-01-03,Kara Soghigian,First American- Settlement Services- changed annual fee from $1720 to $1895,
2023-01-03,Kara Soghigian,Lender Close-  Settlement Services- changed annual fee from $1720 to $1895,
2023-01-03,Kara Soghigian,New Vista - Settlement Services- changed annual fee from $1720 to $1895,
2023-01-03,Kara Soghigian,SourcePoint - Settlement Services- changed annual fee from $1720 to $1895,
2023-01-03,Kara Soghigian,Universal Real Estate Services - Settlement Services- changed annual fee from $1720 to $1895,
2023-01-03,Kara Soghigian,ClickSWITCH (existing CS client)- changed annual fee from $3435 to $3780,
2023-01-03,Kara Soghigian,American Service Group (ASG)- changed annual fee from $1720 to $1895,
2023-01-03,Kara Soghigian,Auto Exam - changed annual fee from $1720 to $1895,
2023-01-03,Kara Soghigian,Car Solutions Auto Insurance Integration- changed annual fee from $1720 to $1895,
2023-01-03,Kara Soghigian,SQL Transmission Service (one extract/day after hours)- changed annual fee from $2250 to $2450,
2023-01-03,Kara Soghigian,SQL Transmission Service (one extract/hour including business hours)- changed annual fee from $9000 to $9765,
2023-01-03,Kara Soghigian,CUBase (DecisionLender)- changed annual fee from $7500 to $8250,
2023-01-03,Kara Soghigian,CULA Seamless Integration- changed annual fee from $3270 to $3600,
2023-01-03,Kara Soghigian,DataSafe (DecisionLender)- changed annual fee from $7500 to $8250,
2023-01-03,Kara Soghigian,DealPack Export- changed annual fee from $7500 to $8250,
2023-01-03,Kara Soghigian,Finastra Application Exchange Interface- changed annual fee from $7500 to $8250,
2023-01-03,Kara Soghigian,FIS - ChexSystems- changed annual fee from $1000 to $1100,
2023-01-03,Kara Soghigian,FIS - Credit Card Export- changed annual fee from $1720 to $1895,
2023-01-03,Kara Soghigian,Goldpoint- changed annual fee from $7500 to $8250,
2023-01-03,Kara Soghigian,Lowenstein Export- changed annual fee from $7500 to $8250,
2023-01-03,Kara Soghigian,Megasys Export- changed annual fee from $7500 to $8250,
2023-01-03,Kara Soghigian,Nortridge NLS Export- changed annual fee from $7500 to $8250,
2023-01-03,Kara Soghigian,Portico (DecisionLender)- changed annual fee from $7500 to $8250,
2023-01-03,Kara Soghigian,Share Tech Export- changed annual fee from $7500 to $8250,
2023-01-03,Kara Soghigian,Shaw Solutions- changed annual fee from $7500 to $8250,
2023-01-03,Kara Soghigian,PSCU Export- changed annual fee from $1720 to $1895,
2023-01-03,Kara Soghigian,Imaging (DocDownload)- changed annual fee from $4010 to $4415,
2023-01-03,Kara Soghigian,Synergy Image Export- changed annual fee from $4005 to $4410,
2023-01-03,Kara Soghigian,API Web Services (DecisionLender)- changed annual fee from $5450 to $5995,
2023-01-03,Kara Soghigian,Dedicated VPN Connection- changed annual fee from $2250 to $2475,
2023-01-03,Kara Soghigian,Disaster Recovery VPN- changed annual fee from $2250 to $2475,
2023-01-03,Kara Soghigian,Point Predictive Integration- changed annual fee from $1720 to $1895,
2023-01-03,Kara Soghigian,Unity- changed annual fee from $1000 to $1100,
2023-01-03,Kara Soghigian,LSI- changed annual fee from $1145 to $1260,
2023-01-03,Kara Soghigian,Bankway (Metavante) (Consumer)- changed annual fee from $7500 to $8250,
2023-01-03,Kara Soghigian,COCC (Consumer)- changed annual fee from $7500 to $8250,
2023-01-03,Kara Soghigian,CUBase (Consumer)- changed annual fee from $7500 to $8250,
2023-01-03,Kara Soghigian,Cunify (Consumer)- changed annual fee from $7500 to $8250,
2023-01-03,Kara Soghigian,CUProdigy (Consumer)- changed annual fee from $7500 to $8250,
2023-01-03,Kara Soghigian,DataSafe (Consumer)- changed annual fee from $7500 to $8250,
2023-01-03,Kara Soghigian,DNA (Consumer)- changed annual fee from $7500 to $8250,
2023-01-03,Kara Soghigian,Episys (Core) (Consumer)- changed annual fee from $7500 to $8250,
2023-01-03,Kara Soghigian,ESP (Forza) (Consumer)- changed annual fee from $7500 to $8250,
2023-01-03,Kara Soghigian,Fiserv Data Center Direct Connection (Consumer)- changed annual fee from $5725 to $6300,
2023-01-03,Kara Soghigian,Fiserv DNA Credit Push (Consumer)- changed annual fee from $1145 to $1260,
2023-01-03,Kara Soghigian,Fiserv Premier (Consumer)- changed annual fee from $7500 to $8250,
2023-01-03,Kara Soghigian,Flex (Consumer)- changed annual fee from $7500 to $8250,
2023-01-03,Kara Soghigian,Galaxy (Consumer)- changed annual fee from $7500 to $8250,
2023-01-03,Kara Soghigian,Horizon (Consumer)- changed annual fee from $7500 to $8250,
2023-01-03,Kara Soghigian,IBS (Consumer)- changed annual fee from $7500 to $8250,
2023-01-03,Kara Soghigian,iPower (Consumer)- changed annual fee from $7500 to $8250,
2023-01-03,Kara Soghigian,Jack Henry 20/20 (Consumer)- changed annual fee from $7500 to $8250,
2023-01-03,Kara Soghigian,Jack Henry CoreDirector (Consumer)- changed annual fee from $7500 to $8250,
2023-01-03,Kara Soghigian,Jack Henry Silverlake (Consumer)- changed annual fee from $7500 to $8250,
2023-01-03,Kara Soghigian,KeyStone (Consumer)- changed annual fee from $7500 to $8250,
2023-01-03,Kara Soghigian,Miser (Consumer)- changed annual fee from $7500 to $8250,
2023-01-03,Kara Soghigian,ML Entry Core Integration (Consumer)- changed annual fee from $2756 to $3035,
2023-01-03,Kara Soghigian,New Core Integration (Consumer)- changed annual fee from $7500 to $8250,
2023-01-03,Kara Soghigian,NewSolutions (Consumer)- changed annual fee from $7500 to $8250,
2023-01-03,Kara Soghigian,Phoenix EFE (Consumer)- changed annual fee from $7500 to $8250,
2023-01-03,Kara Soghigian,Portico (Consumer)- changed annual fee from $7500 to $8250,
2023-01-03,Kara Soghigian,Spectrum (Summit) (Consumer)- changed annual fee from $7500 to $8250,
2023-01-03,Kara Soghigian,UltraData OpenPath (Consumer)- changed annual fee from $7500 to $8250,
2023-01-03,Kara Soghigian,XP System (XP2) (Consumer)- changed annual fee from $7500 to $8250,
2023-01-03,Kara Soghigian,CCM Interface with OSI- changed annual fee from $1720 to $1895,
2023-01-03,Kara Soghigian,CPS- changed annual fee from $1720 to $1895,
2023-01-03,Kara Soghigian,FDR Vantiv- changed annual fee from $1720 to $1895,
2023-01-03,Kara Soghigian,PSCU (Credit Card)- changed annual fee from $1720 to $1895,
2023-01-03,Kara Soghigian,RTDX / Base2000- changed annual fee from $1720 to $1895,
2023-01-03,Kara Soghigian,TMG- changed annual fee from $1720 to $1895,
2023-01-03,Kara Soghigian,TSYS ADM- changed annual fee from $1720 to $1895,
2023-01-03,Kara Soghigian,VantivFI- changed annual fee from $1720 to $1895,
2023-01-03,Kara Soghigian,Visa Advanced ID Solutions (VAIS)- changed annual fee from $1720 to $1895,
2023-01-03,Kara Soghigian,Scienaptic- changed annual fee from $5000 to $5500,
2023-01-03,Kara Soghigian,Zest Custom Score- changed annual fee from $5000 to $5500,
2023-01-03,Kara Soghigian,Imaging (DocDownload)- changed annual fee from $4010 to $4415,
2023-01-03,Kara Soghigian,D+H LaserPro Plus- changed annual fee from $1145 to $1260,
2023-01-03,Kara Soghigian,Document Mapping (overage) - custom- changed annual fee from $230 to $255,
2023-01-03,Kara Soghigian,Document Mapping (overage) - MeridianLink Consumer- changed annual fee from $230 to $255,
2023-01-03,Kara Soghigian,Ready-To-Sign (RTS)- changed annual fee from $1720 to $1895,
2023-01-03,Kara Soghigian,Synergy Esign- changed annual fee from $1720 to $1895,
2023-01-03,Kara Soghigian,CULA- changed annual fee from $3270 to $3600,
2023-01-03,Kara Soghigian,MeridianLink Portal - Digital Engagement Package (co-browsing video chat) (Consumer)- changed annual fee from $1720 to $1895,
2023-01-03,Kara Soghigian,API Web Services (Consumer)- changed annual fee from $5450 to $5995,
2023-01-03,Kara Soghigian,First Close - Settlement Services- changed annual fee from $1720 to $1895,
2023-01-03,Kara Soghigian,Carfax Vehicle History and/or Vehicle Loss Report- changed annual fee from $575 to $635,
2023-01-03,Kara Soghigian,DNA (Mortgage)- changed annual fee from $7500 to $8250,
2023-01-03,Kara Soghigian,Episys (Core) (Mortgage)- changed annual fee from $7500 to $8250,
2023-01-03,Kara Soghigian,KeyStone (Mortgage)- changed annual fee from $7500 to $8250,
2023-01-03,Kara Soghigian,Spectrum (Summit) (Mortgage)- changed annual fee from $7500 to $8250,
2023-01-03,Kara Soghigian,XP System (XP2) (Mortgage)- changed annual fee from $7500 to $8250,
2023-01-03,Kara Soghigian,API Pro- changed setup fee from $5500 to $6000,
2023-01-03,Kara Soghigian,API Pro additional 50 hours- changed setup fee from $10000 to $11000,
2023-01-03,Kara Soghigian,Cross-Sell Analysis- changed setup fee from $5000 to $5500,
2023-01-03,Kara Soghigian,Custom Scorecard- changed setup fee from $70000 to $85000,
2023-01-03,Kara Soghigian,Decisioning Optimization- changed setup fee from $60350 to $70350,
2023-01-03,Kara Soghigian,Tune-Up- changed setup fee from $20350 to $25350,
2023-01-03,Kara Soghigian,Archive files - Email notification of availability of monthly files in the Online Statement Management system- changed setup fee from $825 to $907.50,
2023-01-03,Kara Soghigian,Mailing service - Additional Letter Templates- changed setup fee from $390 to $429,
2023-01-03,Kara Soghigian,IDV only- changed setup fee from $1665 to $1831.50,
2023-01-03,Kara Soghigian,Carleton Monthly Payment Calculation- changed setup fee from $165 to $181.50,
2023-01-03,Kara Soghigian,DecisionLender Training- changed setup fee from $275 to $302.50,
2023-01-03,Kara Soghigian,PS Hourly: 1-2 hours- changed setup fee from $550 to $605,
2023-01-03,Kara Soghigian,PS Hourly: 3-4 hours- changed setup fee from $1100 to $1320,
2023-01-03,Kara Soghigian,PS Hourly: 5+ hours- changed setup fee from $275 to $302.50,
2023-01-03,Kara Soghigian,DNA Disbursements- changed setup fee from $3435 to $3780,
2023-01-03,Kara Soghigian,Episys (Disbursement)- changed setup fee from $3435 to $3780,
2023-01-03,Kara Soghigian,CSi- changed setup fee from $5725 to $6300,
2023-01-03,Kara Soghigian,D+H DepositPro- changed setup fee from $2865 to $3160,
2023-01-03,Kara Soghigian,Changing Home Banking Vendor- changed setup fee from $1145 to $1260,
2023-01-03,Kara Soghigian,DealerApp- changed setup fee from $2865 to $3155,
2023-01-03,Kara Soghigian,Clinics- changed setup fee from $4360 to $4800,
2023-01-03,Kara Soghigian,Automail- changed setup fee from $1103 to $1220,
2023-01-03,Kara Soghigian,Re-deployment- changed setup fee from $5725 to $6300,
2023-01-03,Kara Soghigian,Retrain: Administration Setup with SDC- changed setup fee from $4010 to $4415,
2023-01-03,Kara Soghigian,Web Server Migration- changed setup fee from $5513 to $6065,
2023-01-03,Kara Soghigian,Yellow Hammer- changed setup fee from $2500 to $2750,
2023-01-03,Kara Soghigian,Modern Experience Module (existing customer)- changed setup fee from $985 to $1085,
2023-01-03,Kara Soghigian,ACH Processing (Magic Wrighter)- changed setup fee from $2500 to $2750,
2023-01-03,Kara Soghigian,Credit Card Processing (Authorize.net)- changed setup fee from $2500 to $2750,
2023-01-03,Kara Soghigian,Credit Card Processing (First Data)- changed setup fee from $2500 to $2750,
2023-01-03,Kara Soghigian,ClickSWITCH (new CS client)- changed setup fee from $8585 to $9445,
2023-01-03,Kara Soghigian,Debt Optimization & Cross-Sell- changed setup fee from $1000 to $1100,
2023-01-03,Kara Soghigian,TransUnion Identity Manager ID Decision Bundle- changed setup fee from $1665 to $1835,
2023-01-03,Kara Soghigian,Core Conversion (Consumer)- changed setup fee from $11580 to $12740,
2023-01-03,Kara Soghigian,JHA to JHA (Consumer)- changed setup fee from $4010 to $4415,
2023-01-03,Kara Soghigian,Symitar Reconversion (Consumer)- changed setup fee from $5725 to $6300,
2023-01-03,Kara Soghigian,Send Application Records to Core (Consumer)- changed setup fee from $2760 to $3040,
2023-01-03,Kara Soghigian,D+H LaserPro- changed setup fee from $2865 to $3155,
2023-01-03,Kara Soghigian,Equifax The Work Number Select- changed setup fee from $2500 to $2750,
2023-01-03,Kara Soghigian,DocuSign ISV Tier 1 (500+ envelopes) (Consumer)- changed setup fee from $1635 to $1800,
2023-01-03,Kara Soghigian,DocuSign ISV Tier 2 (400-499 envelopes included) (Consumer)- changed setup fee from $1635 to $1800,
2023-01-03,Kara Soghigian,DocuSign ISV Tier 3 (300-399 envelopes included) (Consumer)- changed setup fee from $1635 to $1800,
2023-01-03,Kara Soghigian,DocuSign ISV Tier 4 (200-299 envelopes included) (Consumer)- changed setup fee from $1635 to $1800,
2023-01-03,Kara Soghigian,DocuSign ISV Tier 5 (100-149 envelopes included) (Consumer)- changed setup fee from $1635 to $1800,
2023-01-03,Kara Soghigian,DocuSign ISV Tier 6 (50-99 envelopes included) (Consumer)- changed setup fee from $1635 to $1800,
2023-01-03,Kara Soghigian,DocuSign ISV Tier 7 (up to 49 envelopes included) (Consumer)- changed setup fee from $1635 to $1800,
2023-01-03,Kara Soghigian,Dedicated Server Production Updates (Consumer)- changed setup fee from $5725 to $10000,
2023-01-03,Kara Soghigian,Offsite Server Production Updates (Consumer)- changed setup fee from $5725 to $6300,
2023-01-03,Kara Soghigian,Admin Pro additional 50 hours- changed setup fee from $10500 to $11250,
2023-01-03,Kara Soghigian,Enhanced Implementation Banks- changed setup fee from $75350 to $80350,
2023-01-03,Kara Soghigian,Enhanced Implementation CU- changed setup fee from $65350 to $70350,
2023-01-03,Kara Soghigian,Enhanced Implementation Opening- changed setup fee from $30000 to $33000,
2023-01-03,Kara Soghigian,Enhanced Implementation Small Business- changed setup fee from $25000 to $30000,
2023-01-03,Kara Soghigian,MeridianLink Portal - Equifax InstaTouch (Consumer)- changed setup fee from $1655 to $1825,
2023-01-03,Kara Soghigian,After Hours Assistance - Expedite Fee (Consumer)- changed setup fee from $1720 to $1895,
2023-01-03,Kara Soghigian,After Hours Assistance (Consumer)- changed setup fee from $440 to $485,
2023-01-03,Kara Soghigian,Certification Program (Consumer)- changed setup fee from $499 to $550,
2023-01-03,Kara Soghigian,Certification Retake Exam - Multiple-Choice (Consumer)- changed setup fee from $100 to $110,
2023-01-03,Kara Soghigian,Certification Retake Exam - Practical (Consumer)- changed setup fee from $200 to $220,
2023-01-03,Kara Soghigian,Certification Training Bundle  (Consumer)- changed setup fee from $999 to $1100,
2023-01-03,Kara Soghigian,Disaster Recovery Testing (Consumer)- changed setup fee from $655 to $725,
2023-01-03,Kara Soghigian,IT Unscheduled Change Request (Consumer)- changed setup fee from $655 to $725,
2023-01-03,Kara Soghigian,Retrain: End User Workflow - Onsite Training (Consumer)- changed setup fee from $2290 to $2520,
2023-01-03,Kara Soghigian,Retrain: End User Workflow - Remote (Consumer)- changed setup fee from $1720 to $1895,
2023-01-03,Kara Soghigian,Time & Materials (Consumer)- changed setup fee from $275 to $305,
2023-01-03,Kara Soghigian,MX Instant Account Verification- changed setup fee from $2500 to $2750,
2023-01-03,Kara Soghigian,Plaid Instant Account Verification $10B+ AUM (Referral to Plaid) (Consumer)- changed setup fee from $2500 to $2750,
2023-01-03,Kara Soghigian,Core Conversion (Mortgage)- changed setup fee from $11580 to $12740,
2023-01-03,Kara Soghigian,DocuSign ISV Tier 1 (500+ envelopes) (Mortgage)- changed setup fee from $1635 to $1800,
2023-01-03,Kara Soghigian,DocuSign ISV Tier 2 (400-499 envelopes included) (Mortgage)- changed setup fee from $1635 to $1800,
2023-01-03,Kara Soghigian,DocuSign ISV Tier 3 (300-399 envelopes included) (Mortgage)- changed setup fee from $1635 to $1800,
2023-01-03,Kara Soghigian,DocuSign ISV Tier 4 (200-299 envelopes included) (Mortgage)- changed setup fee from $1635 to $1800,
2023-01-03,Kara Soghigian,DocuSign ISV Tier 5 (100-199 envelopes included) (Mortgage)- changed setup fee from $1635 to $1800,
2023-01-03,Kara Soghigian,DocuSign ISV Tier 6 (50-99 envelopes included) (Mortgage)- changed setup fee from $1635 to $1800,
2023-01-03,Kara Soghigian,DocuSign ISV Tier 7 (up to 49 envelopes included) (Mortgage)- changed setup fee from $1635 to $1800,
2023-01-03,Kara Soghigian,MeridianLink Portal - Equifax InstaTouch (Mortgage)- changed setup fee from $1655 to $1825,
2023-01-03,Kara Soghigian,Insights Activation Fee- changed setup fee from $104 to $113,
2023-01-03,Kara Soghigian,TazData Connector- changed setup fee from $5000 to $5425,
2023-01-03,Kara Soghigian,Bullhorn Access Fee- changed setup fee from $1000 to $1085,
2023-01-03,Kara Soghigian,Bullhorn Searches- changed setup fee from $2500 to $2713,
2023-01-03,Kara Soghigian,Client Implementation on ClearCompany Integration- changed setup fee from $250 to $272,
2023-01-03,Kara Soghigian,Integration with Workday from Mercer using Bronze Package- changed setup fee from $9500 to $10308,
2023-01-03,Kara Soghigian,Integration with Workday from Mercer using Silver Package- changed setup fee from $11000 to $11935,
2023-01-03,Kara Soghigian,25 Professional Services Hours- changed setup fee from $5000 to $5425,
2023-01-03,Kara Soghigian,TazWorks Technical Configuration Time & Materials- changed setup fee from $250 to $272,
2023-01-03,Kara Soghigian,QuickLease Pro Setup Fee- changed setup fee from $5000 to $5425,
2023-01-03,Kara Soghigian,Vanity URL- changed setup fee from $105 to $114,
2023-01-03,Kara Soghigian,Postal Verification Database (PVD)- changed setup fee from $1635 to $1798,
2023-01-03,Kara Soghigian,"Mailing service (1-2,499)- changed setup fee from $1145 to $1259.50",
2023-01-03,Kara Soghigian,"Mailing service (2,500-4,999)- changed setup fee from $1145 to $1259.50",
2023-01-03,Kara Soghigian,"Mailing service (5,000 and over)- changed setup fee from $1145 to $1259.50",
2023-01-03,Kara Soghigian,Lexis Nexis – Instant ID - changed setup fee from $2290 to $2519,
2023-01-03,Kara Soghigian,Lexis Nexis – Risk View - changed setup fee from $2290 to $2519,
2023-01-03,Kara Soghigian,DealerTrack DDS - changed setup fee from $5550 to $6105,
2023-01-03,Kara Soghigian,DL4 - Consumer Module- changed setup fee from $22400 to $24640,
2023-01-03,Kara Soghigian,DL4 - Home Equity Module- changed setup fee from $16650 to $18315,
2023-01-03,Kara Soghigian,DL4 - Indirect Lending Module Tier 1 (8000+ apps)- changed setup fee from $32700 to $35970,
2023-01-03,Kara Soghigian,DL4 - Indirect Lending Module Tier 2 (4000-7999 apps)- changed setup fee from $21800 to $23980,
2023-01-03,Kara Soghigian,DL4 - Indirect Lending Module Tier 3 (2000-3999 apps)- changed setup fee from $18530 to $20383,
2023-01-03,Kara Soghigian,DL4 - Indirect Lending Module Tier 4 (1000-1999 apps)- changed setup fee from $16350 to $17985,
2023-01-03,Kara Soghigian,DL4 - Indirect Lending Module Tier 5 (500-999 apps)- changed setup fee from $13080 to $14388,
2023-01-03,Kara Soghigian,DL4 - Indirect Lending Module Tier 6 (250-499 apps)- changed setup fee from $10900 to $11990,
2023-01-03,Kara Soghigian,Mailing (1-5 Page Envelope)- changed setup fee from $1145 to $1260,
2023-01-03,Kara Soghigian,Mailing (21-40 Page Envelope)- changed setup fee from $1145 to $1260,
2023-01-03,Kara Soghigian,Mailing (41-60 Page Envelope)- changed setup fee from $1145 to $1260,
2023-01-03,Kara Soghigian,Mailing (61-80 Page Envelope)- changed setup fee from $1145 to $1260,
2023-01-03,Kara Soghigian,Mailing (6-20 Page Envelope)- changed setup fee from $1145 to $1260,
2023-01-03,Kara Soghigian,Mailing (81-100 Page Envelope)- changed setup fee from $1145 to $1260,
2023-01-03,Kara Soghigian,CrossCore Precise ID for Compliance (aka Prescreen)- changed setup fee from $5000 to $5500,
2023-01-03,Kara Soghigian,CrossCore Precise ID with OTP and KIQ- changed setup fee from $5000 to $5500,
2023-01-03,Kara Soghigian,CrossCore Precise ID- changed setup fee from $5000 to $5500,
2023-01-03,Kara Soghigian,TransUnion TruValidate Full Bundle (IDV and IDA)- changed setup fee from $4500 to $4950,
2023-01-03,Kara Soghigian,TransUnion TruValidate Verification Only (IDV)- without Full Bundle- changed setup fee from $4500 to $4950,
2023-01-03,Kara Soghigian,JHA MeridianLink Consumer - Business Module Tier 1 (1000-1999 apps)- changed setup fee from $12020 to $13225,
2023-01-03,Kara Soghigian,JHA MeridianLink Consumer - Business Module Tier 2 (500-999 apps)- changed setup fee from $12020 to $13225,
2023-01-03,Kara Soghigian,JHA MeridianLink Consumer - Business Module Tier 3 (250-499 apps)- changed setup fee from $12020 to $13225,
2023-01-03,Kara Soghigian,JHA MeridianLink Consumer - Business Module Tier 4 (up to 249 apps)- changed setup fee from $12020 to $13225,
2023-01-03,Kara Soghigian,JHA MeridianLink Consumer - Consumer Module Tier 1 (8000+ apps)- changed setup fee from $61290 to $67420,
2023-01-03,Kara Soghigian,JHA MeridianLink Consumer - Consumer Module Tier 2 (4000-7999 apps)- changed setup fee from $54080 to $59490,
2023-01-03,Kara Soghigian,JHA MeridianLink Consumer - Consumer Module Tier 3 (2000-3999 apps)- changed setup fee from $46870 to $51560,
2023-01-03,Kara Soghigian,JHA MeridianLink Consumer - Consumer Module Tier 4 (1000-1999 apps)- changed setup fee from $38460 to $42310,
2023-01-03,Kara Soghigian,JHA MeridianLink Consumer - Consumer Module Tier 5 (500-999 apps)- changed setup fee from $32450 to $35695,
2023-01-03,Kara Soghigian,JHA MeridianLink Consumer - Consumer Module Tier 6 (250-499 apps)- changed setup fee from $25240 to $27765,
2023-01-03,Kara Soghigian,JHA MeridianLink Consumer - Consumer Module Tier 7 (up to 249 apps)- changed setup fee from $20430 to $22475,
2023-01-03,Kara Soghigian,JHA MeridianLink Consumer - Home Equity Module Tier 1 (1000-1999 apps)- changed setup fee from $12020 to $13225,
2023-01-03,Kara Soghigian,JHA MeridianLink Consumer - Home Equity Module Tier 2 (500-999 apps)- changed setup fee from $12020 to $13225,
2023-01-03,Kara Soghigian,JHA MeridianLink Consumer - Home Equity Module Tier 3 (250-499 apps)- changed setup fee from $12020 to $13225,
2023-01-03,Kara Soghigian,JHA MeridianLink Consumer - Home Equity Module Tier 4 (up to 249 apps)- changed setup fee from $12020 to $13225,
2023-01-03,Kara Soghigian,JHA MeridianLink Consumer - Indirect Lending Module Tier 1 (8000+  apps)- changed setup fee from $8655 to $9525,
2023-01-03,Kara Soghigian,JHA MeridianLink Consumer - Indirect Lending Module Tier 2 (4000-7999 apps)- changed setup fee from $8655 to $9525,
2023-01-03,Kara Soghigian,JHA MeridianLink Consumer - Indirect Lending Module Tier 3 (2000-3999 apps)- changed setup fee from $8655 to $9525,
2023-01-03,Kara Soghigian,JHA MeridianLink Consumer - Indirect Lending Module Tier 4 (1000-1999 apps)- changed setup fee from $8655 to $9525,
2023-01-03,Kara Soghigian,JHA MeridianLink Consumer - Indirect Lending Module Tier 5 (500-999 apps)- changed setup fee from $8655 to $9525,
2023-01-03,Kara Soghigian,JHA MeridianLink Consumer - Indirect Lending Module Tier 6 (250-499 apps)- changed setup fee from $8655 to $9525,
2023-01-03,Kara Soghigian,JHA MeridianLink Consumer - Indirect Lending Module Tier 7 (up to 249 apps)- changed setup fee from $8655 to $9525,
2023-01-03,Kara Soghigian,JHA MeridianLink Opening Module Tier 1 (8000+ apps)- changed setup fee from $42997 to $47300,
2023-01-03,Kara Soghigian,JHA MeridianLink Opening Module Tier 2 (4000-7999 apps)- changed setup fee from $35280 to $38810,
2023-01-03,Kara Soghigian,JHA MeridianLink Opening Module Tier 3 (2000-3999 apps)- changed setup fee from $29767 to $32745,
2023-01-03,Kara Soghigian,JHA MeridianLink Opening Module Tier 4 (1000-1999 apps)- changed setup fee from $24255 to $26685,
2023-01-03,Kara Soghigian,JHA MeridianLink Opening Module Tier 5 (500-999 apps)- changed setup fee from $19845 to $21830,
2023-01-03,Kara Soghigian,JHA MeridianLink Opening Module Tier 6 (250-499 apps)- changed setup fee from $16537 to $18195,
2023-01-03,Kara Soghigian,JHA MeridianLink Opening Module Tier 7 (up to 249 apps)- changed setup fee from $13230 to $14555,
2023-01-03,Kara Soghigian,MeridianLink Consumer - Business Module Tier 1 (1000-1999 apps)- changed setup fee from $12020 to $13225,
2023-01-03,Kara Soghigian,MeridianLink Consumer - Business Module Tier 2 (500-999 apps)- changed setup fee from $12020 to $13225,
2023-01-03,Kara Soghigian,MeridianLink Consumer - Business Module Tier 3 (250-499 apps)- changed setup fee from $12020 to $13225,
2023-01-03,Kara Soghigian,MeridianLink Consumer - Business Module Tier 4 (up to 249 apps)- changed setup fee from $12020 to $13225,
2023-01-03,Kara Soghigian,MeridianLink Consumer - Consumer Module (ML Entry - year 1)- changed setup fee from $11869 to $13060,
2023-01-03,Kara Soghigian,MeridianLink Consumer - Consumer Module Tier 1 (8000+ apps)- changed setup fee from $61290 to $67420,
2023-01-03,Kara Soghigian,MeridianLink Consumer - Consumer Module Tier 2 (4000-7999 apps)- changed setup fee from $54080 to $59490,
2023-01-03,Kara Soghigian,MeridianLink Consumer - Consumer Module Tier 3 (2000-3999 apps)- changed setup fee from $46870 to $51560,
2023-01-03,Kara Soghigian,MeridianLink Consumer - Consumer Module Tier 4 (1000-1999 apps)- changed setup fee from $38460 to $42310,
2023-01-03,Kara Soghigian,MeridianLink Consumer - Consumer Module Tier 5 (500-999 apps)- changed setup fee from $32450 to $35695,
2023-01-03,Kara Soghigian,MeridianLink Consumer - Consumer Module Tier 6 (250-499 apps)- changed setup fee from $25240 to $27765,
2023-01-03,Kara Soghigian,MeridianLink Consumer - Consumer Module Tier 7 (up to 249 apps)- changed setup fee from $20430 to $22475,
2023-01-03,Kara Soghigian,MeridianLink Consumer - Home Equity Module Tier 1 (1000-1999 apps)- changed setup fee from $12020 to $13225,
2023-01-03,Kara Soghigian,MeridianLink Consumer - Home Equity Module Tier 2 (500-999 apps)- changed setup fee from $12020 to $13225,
2023-01-03,Kara Soghigian,MeridianLink Consumer - Home Equity Module Tier 3 (250-499 apps)- changed setup fee from $12020 to $13225,
2023-01-03,Kara Soghigian,MeridianLink Consumer - Home Equity Module Tier 4 (up to 249 apps)- changed setup fee from $12020 to $13225,
2023-01-03,Kara Soghigian,MeridianLink Consumer - Indirect Lending Module Tier 1 (8000+  apps)- changed setup fee from $8655 to $9525,
2023-01-03,Kara Soghigian,MeridianLink Consumer - Indirect Lending Module Tier 2 (4000-7999 apps)- changed setup fee from $8655 to $9525,
2023-01-03,Kara Soghigian,MeridianLink Consumer - Indirect Lending Module Tier 3 (2000-3999 apps)- changed setup fee from $8655 to $9525,
2023-01-03,Kara Soghigian,MeridianLink Consumer - Indirect Lending Module Tier 4 (1000-1999 apps)- changed setup fee from $8655 to $9525,
2023-01-03,Kara Soghigian,MeridianLink Consumer - Indirect Lending Module Tier 5 (500-999 apps)- changed setup fee from $8655 to $9525,
2023-01-03,Kara Soghigian,MeridianLink Consumer - Indirect Lending Module Tier 6 (250-499 apps)- changed setup fee from $8655 to $9525,
2023-01-03,Kara Soghigian,MeridianLink Consumer - Indirect Lending Module Tier 7 (up to 249 apps)- changed setup fee from $8655 to $9525,
2023-01-03,Kara Soghigian,MeridianLink Opening Module (ML Entry - year 1)- changed setup fee from $9786 to $10765,
2023-01-03,Kara Soghigian,MeridianLink Opening Module Tier 1 (8000+ apps)- changed setup fee from $42997 to $47300,
2023-01-03,Kara Soghigian,MeridianLink Opening Module Tier 2 (4000-7999 apps)- changed setup fee from $35280 to $38810,
2023-01-03,Kara Soghigian,MeridianLink Opening Module Tier 3 (2000-3999 apps)- changed setup fee from $29767 to $32745,
2023-01-03,Kara Soghigian,MeridianLink Opening Module Tier 4 (1000-1999 apps)- changed setup fee from $24255 to $26685,
2023-01-03,Kara Soghigian,MeridianLink Opening Module Tier 5 (500-999 apps)- changed setup fee from $19845 to $21830,
2023-01-03,Kara Soghigian,MeridianLink Opening Module Tier 6 (250-499 apps)- changed setup fee from $16537 to $18195,
2023-01-03,Kara Soghigian,MeridianLink Opening Module Tier 7 (up to 249 apps)- changed setup fee from $13230 to $14555,
2023-01-03,Kara Soghigian,MeridianLink Mortgage Tier 1 (1200+ Closed Loans/Mon) with 1 implementation- changed setup fee from $46500 to $52250,
2023-01-03,Kara Soghigian,MeridianLink Mortgage Tier 1 (1200+ Closed Loans/Mon) with 2 implementations- changed setup fee from $69750 to $78375,
2023-01-03,Kara Soghigian,MeridianLink Mortgage Tier 1 (1200+ Closed Loans/Mon) with 3 implementations- changed setup fee from $81500 to $91300,
2023-01-03,Kara Soghigian,MeridianLink Mortgage Tier 10 (110-134 Closed Loans/Mon) with 1 implementation- changed setup fee from $28500 to $31900,
2023-01-03,Kara Soghigian,MeridianLink Mortgage Tier 10 (110-134 Closed Loans/Mon) with 2 implementations- changed setup fee from $42750 to $47850,
2023-01-03,Kara Soghigian,MeridianLink Mortgage Tier 10 (110-134 Closed Loans/Mon) with 3 implementations- changed setup fee from $50000 to $55825,
2023-01-03,Kara Soghigian,MeridianLink Mortgage Tier 11 (90-109 Closed Loans/Mon) with 1 implementation- changed setup fee from $28500 to $30250,
2023-01-03,Kara Soghigian,MeridianLink Mortgage Tier 11 (90-109 Closed Loans/Mon) with 2 implementations- changed setup fee from $42750 to $45375,
2023-01-03,Kara Soghigian,MeridianLink Mortgage Tier 11 (90-109 Closed Loans/Mon) with 3 implementations- changed setup fee from $50000 to $52800,
2023-01-03,Kara Soghigian,MeridianLink Mortgage Tier 12 (75-89 Closed Loans/Mon) with 1 implementation- changed setup fee from $23000 to $28600,
2023-01-03,Kara Soghigian,MeridianLink Mortgage Tier 12 (75-89 Closed Loans/Mon) with 2 implementations- changed setup fee from $34500 to $42900,
2023-01-03,Kara Soghigian,MeridianLink Mortgage Tier 12 (75-89 Closed Loans/Mon) with 3 implementations- changed setup fee from $40250 to $50050,
2023-01-03,Kara Soghigian,MeridianLink Mortgage Tier 13 (60-74 Closed Loans/Mon) with 1 implementation- changed setup fee from $23000 to $26675,
2023-01-03,Kara Soghigian,MeridianLink Mortgage Tier 13 (60-74 Closed Loans/Mon) with 2 implementations- changed setup fee from $34500 to $40150,
2023-01-03,Kara Soghigian,MeridianLink Mortgage Tier 13 (60-74 Closed Loans/Mon) with 3 implementations- changed setup fee from $40250 to $46750,
2023-01-03,Kara Soghigian,MeridianLink Mortgage Tier 14 (45-59 Closed Loans/Mon) with 1 implementation- changed setup fee from $19000 to $24475,
2023-01-03,Kara Soghigian,MeridianLink Mortgage Tier 14 (45-59 Closed Loans/Mon) with 2 implementations- changed setup fee from $28500 to $36575,
2023-01-03,Kara Soghigian,MeridianLink Mortgage Tier 14 (45-59 Closed Loans/Mon) with 3 implementations- changed setup fee from $33250 to $42625,
2023-01-03,Kara Soghigian,MeridianLink Mortgage Tier 15 (30-44 Closed Loans/Mon) with 1 implementation- changed setup fee from $13500 to $20900,
2023-01-03,Kara Soghigian,MeridianLink Mortgage Tier 15 (30-44 Closed Loans/Mon) with 2 implementations- changed setup fee from $20250 to $31350,
2023-01-03,Kara Soghigian,MeridianLink Mortgage Tier 15 (30-44 Closed Loans/Mon) with 3 implementations- changed setup fee from $23750 to $36575,
2023-01-03,Kara Soghigian,MeridianLink Mortgage Tier 2 (900-1199 Closed Loans/Mon) with 1 implementation- changed setup fee from $43750 to $49775,
2023-01-03,Kara Soghigian,MeridianLink Mortgage Tier 2 (900-1199 Closed Loans/Mon) with 2 implementations- changed setup fee from $65750 to $74800,
2023-01-03,Kara Soghigian,MeridianLink Mortgage Tier 2 (900-1199 Closed Loans/Mon) with 3 implementations- changed setup fee from $76750 to $87175,
2023-01-03,Kara Soghigian,MeridianLink Mortgage Tier 3 (675-899 Closed Loans/Mon) with 1 implementation- changed setup fee from $43750 to $47300,
2023-01-03,Kara Soghigian,MeridianLink Mortgage Tier 3 (675-899 Closed Loans/Mon) with 2 implementations- changed setup fee from $65750 to $70950,
2023-01-03,Kara Soghigian,MeridianLink Mortgage Tier 3 (675-899 Closed Loans/Mon) with 3 implementations- changed setup fee from $76750 to $82775,
2023-01-03,Kara Soghigian,MeridianLink Mortgage Tier 4 (525-674 Closed Loans/Mon) with 1 implementation- changed setup fee from $39250 to $45375,
2023-01-03,Kara Soghigian,MeridianLink Mortgage Tier 4 (525-674 Closed Loans/Mon) with 2 implementations- changed setup fee from $59000 to $67925,
2023-01-03,Kara Soghigian,MeridianLink Mortgage Tier 4 (525-674 Closed Loans/Mon) with 3 implementations- changed setup fee from $69000 to $79200,
2023-01-03,Kara Soghigian,MeridianLink Mortgage Tier 5 (400-524 Closed Loans/Mon) with 1 implementation- changed setup fee from $39250 to $42900,
2023-01-03,Kara Soghigian,MeridianLink Mortgage Tier 5 (400-524 Closed Loans/Mon) with 2 implementations- changed setup fee from $59000 to $64350,
2023-01-03,Kara Soghigian,MeridianLink Mortgage Tier 5 (400-524 Closed Loans/Mon) with 3 implementations- changed setup fee from $69000 to $75075,
2023-01-03,Kara Soghigian,MeridianLink Mortgage Tier 6 (300-399 Closed Loans/Mon) with 1 implementation- changed setup fee from $39250 to $40425,
2023-01-03,Kara Soghigian,MeridianLink Mortgage Tier 6 (300-399 Closed Loans/Mon) with 2 implementations- changed setup fee from $59000 to $60775,
2023-01-03,Kara Soghigian,MeridianLink Mortgage Tier 6 (300-399 Closed Loans/Mon) with 3 implementations- changed setup fee from $69000 to $70675,
2023-01-03,Kara Soghigian,MeridianLink Mortgage Tier 7 (225-299 Closed Loans/Mon) with 1 implementation- changed setup fee from $34000 to $37950,
2023-01-03,Kara Soghigian,MeridianLink Mortgage Tier 7 (225-299 Closed Loans/Mon) with 2 implementations- changed setup fee from $51000 to $56925,
2023-01-03,Kara Soghigian,MeridianLink Mortgage Tier 7 (225-299 Closed Loans/Mon) with 3 implementations- changed setup fee from $59500 to $66550,
2023-01-03,Kara Soghigian,MeridianLink Mortgage Tier 8 (170-224 Closed Loans/Mon) with 1 implementation- changed setup fee from $34000 to $35750,
2023-01-03,Kara Soghigian,MeridianLink Mortgage Tier 8 (170-224 Closed Loans/Mon) with 2 implementations- changed setup fee from $51000 to $53350,
2023-01-03,Kara Soghigian,MeridianLink Mortgage Tier 8 (170-224 Closed Loans/Mon) with 3 implementations- changed setup fee from $59500 to $62425,
2023-01-03,Kara Soghigian,MeridianLink Mortgage Tier 9 (135-169 Closed Loans/Mon) with 1 implementation- changed setup fee from $34000 to $33825,
2023-01-03,Kara Soghigian,MeridianLink Mortgage Tier 9 (135-169 Closed Loans/Mon) with 2 implementations- changed setup fee from $51000 to $50600,
2023-01-03,Kara Soghigian,MeridianLink Mortgage Tier 9 (135-169 Closed Loans/Mon) with 3 implementations- changed setup fee from $59500 to $58850,
2023-01-03,Kara Soghigian,DocuSign - Advanced API- changed setup fee from $1665 to $1835,
2023-01-03,Kara Soghigian,IMM eSignature Hosted (on SAS)- changed setup fee from $1665 to $1835,
2023-01-03,Kara Soghigian,DealerTrack Digital Contracting (DecisionLender)- changed setup fee from $3270 to $3600,
2023-01-03,Kara Soghigian,Plaid Instant Account Verification Tier 1: $3B to $10B AUM (Consumer)- changed setup fee from $2500 to $2750,
2023-01-03,Kara Soghigian,Plaid Instant Account Verification Tier 2: $1B to $3B AUM (Consumer)- changed setup fee from $2500 to $2750,
2023-01-03,Kara Soghigian,Plaid Instant Account Verification Tier 3: <$1B AUM (Consumer)- changed setup fee from $2500 to $2750,
2023-01-03,Kara Soghigian,TazWorks Software Platform Tier 1: Enterprise Plus- changed setup fee from $7875 to $8545,
2023-01-03,Kara Soghigian,TazWorks Software Platform Tier 2: Enterprise- changed setup fee from $5250 to $5697,
2023-01-03,Kara Soghigian,TazWorks Software Platform Tier 3: Premium- changed setup fee from $3937.5 to $4273,
2023-01-03,Kara Soghigian,TazWorks Software Platform Tier 4: Professional Plus- changed setup fee from $2625 to $2849,
2023-01-03,Kara Soghigian,TazWorks Software Platform Tier 5: Professional- changed setup fee from $2625 to $2849,
2023-01-03,Kara Soghigian,TazWorks Software Platform Tier 6: Basic- changed setup fee from $2625 to $2849,
2023-01-03,Kara Soghigian,Postal Verification Database (PVD)- changed transaction fee from $0.06 to $0.10,
2023-01-03,Kara Soghigian,"Mailing service (1-2,499)- changed transaction fee from $1.3 to $1.45",
2023-01-03,Kara Soghigian,"Mailing service (2,500-4,999)- changed transaction fee from $1.25 to $1.4",
2023-01-03,Kara Soghigian,"Mailing service (5,000 and over)- changed transaction fee from $1.03 to $1.15",
2023-01-03,Kara Soghigian,Lexis Nexis – Instant ID - changed transaction fee from $0.25 to $0.3,
2023-01-03,Kara Soghigian,Lexis Nexis – Risk View - changed transaction fee from $0.25 to $0.3,
2023-01-03,Kara Soghigian,DealerTrack DDS - changed transaction fee from $1 to $1.1,
2023-01-03,Kara Soghigian,DL4 - Consumer Module- changed transaction fee from $10.15 to $11.20,
2023-01-03,Kara Soghigian,DL4 - Home Equity Module- changed transaction fee from $16.55 to $18.25,
2023-01-03,Kara Soghigian,DL4 - Indirect Lending Module Tier 1 (8000+ apps)- changed transaction fee from $2.45 to $2.7,
2023-01-03,Kara Soghigian,DL4 - Indirect Lending Module Tier 2 (4000-7999 apps)- changed transaction fee from $2.75 to $3.05,
2023-01-03,Kara Soghigian,DL4 - Indirect Lending Module Tier 3 (2000-3999 apps)- changed transaction fee from $3.05 to $3.40,
2023-01-03,Kara Soghigian,DL4 - Indirect Lending Module Tier 4 (1000-1999 apps)- changed transaction fee from $3.65 to $4.05,
2023-01-03,Kara Soghigian,DL4 - Indirect Lending Module Tier 5 (500-999 apps)- changed transaction fee from $4.25 to $4.70,
2023-01-03,Kara Soghigian,DL4 - Indirect Lending Module Tier 6 (250-499 apps)- changed transaction fee from $4.8 to $5.30,
2023-01-03,Kara Soghigian,Mailing (1-5 Page Envelope)- changed transaction fee from $1.853 to $2.05,
2023-01-03,Kara Soghigian,Mailing (21-40 Page Envelope)- changed transaction fee from $10.355 to $11.4,
2023-01-03,Kara Soghigian,Mailing (41-60 Page Envelope)- changed transaction fee from $19.1295 to $21,
2023-01-03,Kara Soghigian,Mailing (61-80 Page Envelope)- changed transaction fee from $22.3232 to $24.55,
2023-01-03,Kara Soghigian,Mailing (6-20 Page Envelope)- changed transaction fee from $6.6708 to $7.35,
2023-01-03,Kara Soghigian,Mailing (81-100 Page Envelope)- changed transaction fee from $24.6994 to $27.2,
2023-01-03,Kara Soghigian,CrossCore Precise ID for Compliance (aka Prescreen)- changed transaction fee from $3 to $3.3,
2023-01-03,Kara Soghigian,CrossCore Precise ID with OTP and KIQ- changed transaction fee from $3 to $3.3,
2023-01-03,Kara Soghigian,CrossCore Precise ID- changed transaction fee from $1.95 to $2.15,
2023-01-03,Kara Soghigian,TransUnion TruValidate Full Bundle (IDV and IDA)- changed transaction fee from $3.55 to $3.9,
2023-01-03,Kara Soghigian,TransUnion TruValidate Verification Only (IDV)- without Full Bundle- changed transaction fee from $1.95 to $2.15,
2023-01-03,Kara Soghigian,JHA MeridianLink Consumer - Business Module Tier 1 (1000-1999 apps)- changed transaction fee from $12 to $13.2,
2023-01-03,Kara Soghigian,JHA MeridianLink Consumer - Business Module Tier 2 (500-999 apps)- changed transaction fee from $15.65 to $17.25,
2023-01-03,Kara Soghigian,JHA MeridianLink Consumer - Business Module Tier 3 (250-499 apps)- changed transaction fee from $19.2 to $21.15,
2023-01-03,Kara Soghigian,JHA MeridianLink Consumer - Business Module Tier 4 (up to 249 apps)- changed transaction fee from $24 to $26.4,
2023-01-03,Kara Soghigian,JHA MeridianLink Consumer - Consumer Module Tier 1 (8000+ apps)- changed transaction fee from $2.85 to $3.15,
2023-01-03,Kara Soghigian,JHA MeridianLink Consumer - Consumer Module Tier 2 (4000-7999 apps)- changed transaction fee from $3.5 to $3.85,
2023-01-03,Kara Soghigian,JHA MeridianLink Consumer - Consumer Module Tier 3 (2000-3999 apps)- changed transaction fee from $4.95 to $5.45,
2023-01-03,Kara Soghigian,JHA MeridianLink Consumer - Consumer Module Tier 4 (1000-1999 apps)- changed transaction fee from $6.45 to $7.1,
2023-01-03,Kara Soghigian,JHA MeridianLink Consumer - Consumer Module Tier 5 (500-999 apps)- changed transaction fee from $7.9 to $8.7,
2023-01-03,Kara Soghigian,JHA MeridianLink Consumer - Consumer Module Tier 6 (250-499 apps)- changed transaction fee from $9.1 to $10.05,
2023-01-03,Kara Soghigian,JHA MeridianLink Consumer - Consumer Module Tier 7 (up to 249 apps)- changed transaction fee from $10.4 to $11.45,
2023-01-03,Kara Soghigian,JHA MeridianLink Consumer - Home Equity Module Tier 1 (1000-1999 apps)- changed transaction fee from $8.6 to $9.5,
2023-01-03,Kara Soghigian,JHA MeridianLink Consumer - Home Equity Module Tier 2 (500-999 apps)- changed transaction fee from $11.05 to $12.2,
2023-01-03,Kara Soghigian,JHA MeridianLink Consumer - Home Equity Module Tier 3 (250-499 apps)- changed transaction fee from $14.7 to $16.2,
2023-01-03,Kara Soghigian,JHA MeridianLink Consumer - Home Equity Module Tier 4 (up to 249 apps)- changed transaction fee from $18.4 to $20.25,
2023-01-03,Kara Soghigian,JHA MeridianLink Consumer - Indirect Lending Module Tier 1 (8000+  apps)- changed transaction fee from $2.4 to $2.65,
2023-01-03,Kara Soghigian,JHA MeridianLink Consumer - Indirect Lending Module Tier 2 (4000-7999 apps)- changed transaction fee from $2.7 to $3,
2023-01-03,Kara Soghigian,JHA MeridianLink Consumer - Indirect Lending Module Tier 3 (2000-3999 apps)- changed transaction fee from $3 to $3.3,
2023-01-03,Kara Soghigian,JHA MeridianLink Consumer - Indirect Lending Module Tier 4 (1000-1999 apps)- changed transaction fee from $3.6 to $4,
2023-01-03,Kara Soghigian,JHA MeridianLink Consumer - Indirect Lending Module Tier 5 (500-999 apps)- changed transaction fee from $4.2 to $4.65,
2023-01-03,Kara Soghigian,JHA MeridianLink Consumer - Indirect Lending Module Tier 6 (250-499 apps)- changed transaction fee from $4.8 to $5.3,
2023-01-03,Kara Soghigian,JHA MeridianLink Consumer - Indirect Lending Module Tier 7 (up to 249 apps)- changed transaction fee from $6 to $6.6,
2023-01-03,Kara Soghigian,JHA MeridianLink Opening Module Tier 1 (8000+ apps)- changed transaction fee from $2.85 to $3.15,
2023-01-03,Kara Soghigian,JHA MeridianLink Opening Module Tier 2 (4000-7999 apps)- changed transaction fee from $3.5 to $3.85,
2023-01-03,Kara Soghigian,JHA MeridianLink Opening Module Tier 3 (2000-3999 apps)- changed transaction fee from $4.95 to $5.45,
2023-01-03,Kara Soghigian,JHA MeridianLink Opening Module Tier 4 (1000-1999 apps)- changed transaction fee from $6.45 to $7.1,
2023-01-03,Kara Soghigian,JHA MeridianLink Opening Module Tier 5 (500-999 apps)- changed transaction fee from $7.9 to $8.7,
2023-01-03,Kara Soghigian,JHA MeridianLink Opening Module Tier 6 (250-499 apps)- changed transaction fee from $9.1 to $10.05,
2023-01-03,Kara Soghigian,JHA MeridianLink Opening Module Tier 7 (up to 249 apps)- changed transaction fee from $10.4 to $11.45,
2023-01-03,Kara Soghigian,MeridianLink Consumer - Business Module Tier 1 (1000-1999 apps)- changed transaction fee from $12 to $13.2,
2023-01-03,Kara Soghigian,MeridianLink Consumer - Business Module Tier 2 (500-999 apps)- changed transaction fee from $15.65 to $17.25,
2023-01-03,Kara Soghigian,MeridianLink Consumer - Business Module Tier 3 (250-499 apps)- changed transaction fee from $19.2 to $21.15,
2023-01-03,Kara Soghigian,MeridianLink Consumer - Business Module Tier 4 (up to 249 apps)- changed transaction fee from $24 to $26.4,
2023-01-03,Kara Soghigian,MeridianLink Consumer - Consumer Module (ML Entry - year 1)- changed transaction fee from $11 to $12.1,
2023-01-03,Kara Soghigian,MeridianLink Consumer - Consumer Module Tier 1 (8000+ apps)- changed transaction fee from $2.85 to $3.15,
2023-01-03,Kara Soghigian,MeridianLink Consumer - Consumer Module Tier 2 (4000-7999 apps)- changed transaction fee from $3.5 to $3.85,
2023-01-03,Kara Soghigian,MeridianLink Consumer - Consumer Module Tier 3 (2000-3999 apps)- changed transaction fee from $4.95 to $5.45,
2023-01-03,Kara Soghigian,MeridianLink Consumer - Consumer Module Tier 4 (1000-1999 apps)- changed transaction fee from $6.45 to $7.1,
2023-01-03,Kara Soghigian,MeridianLink Consumer - Consumer Module Tier 5 (500-999 apps)- changed transaction fee from $7.9 to $8.7,
2023-01-03,Kara Soghigian,MeridianLink Consumer - Consumer Module Tier 6 (250-499 apps)- changed transaction fee from $9.1 to $10.05,
2023-01-03,Kara Soghigian,MeridianLink Consumer - Consumer Module Tier 7 (up to 249 apps)- changed transaction fee from $10.4 to $11.45,
2023-01-03,Kara Soghigian,MeridianLink Consumer - Home Equity Module Tier 1 (1000-1999 apps)- changed transaction fee from $8.6 to $9.5,
2023-01-03,Kara Soghigian,MeridianLink Consumer - Home Equity Module Tier 2 (500-999 apps)- changed transaction fee from $11.05 to $12.2,
2023-01-03,Kara Soghigian,MeridianLink Consumer - Home Equity Module Tier 3 (250-499 apps)- changed transaction fee from $14.7 to $16.2,
2023-01-03,Kara Soghigian,MeridianLink Consumer - Home Equity Module Tier 4 (up to 249 apps)- changed transaction fee from $18.4 to $20.25,
2023-01-03,Kara Soghigian,MeridianLink Consumer - Indirect Lending Module Tier 1 (8000+  apps)- changed transaction fee from $2.4 to $2.65,
2023-01-03,Kara Soghigian,MeridianLink Consumer - Indirect Lending Module Tier 2 (4000-7999 apps)- changed transaction fee from $2.7 to $3,
2023-01-03,Kara Soghigian,MeridianLink Consumer - Indirect Lending Module Tier 3 (2000-3999 apps)- changed transaction fee from $3 to $3.3,
2023-01-03,Kara Soghigian,MeridianLink Consumer - Indirect Lending Module Tier 4 (1000-1999 apps)- changed transaction fee from $3.6 to $4,
2023-01-03,Kara Soghigian,MeridianLink Consumer - Indirect Lending Module Tier 5 (500-999 apps)- changed transaction fee from $4.2 to $4.65,
2023-01-03,Kara Soghigian,MeridianLink Consumer - Indirect Lending Module Tier 6 (250-499 apps)- changed transaction fee from $4.8 to $5.3,
2023-01-03,Kara Soghigian,MeridianLink Consumer - Indirect Lending Module Tier 7 (up to 249 apps)- changed transaction fee from $6 to $6.6,
2023-01-03,Kara Soghigian,MeridianLink Opening Module (ML Entry - year 1)- changed transaction fee from $11 to $12.1,
2023-01-03,Kara Soghigian,MeridianLink Opening Module Tier 1 (8000+ apps)- changed transaction fee from $2.85 to $3.15,
2023-01-03,Kara Soghigian,MeridianLink Opening Module Tier 2 (4000-7999 apps)- changed transaction fee from $3.5 to $3.85,
2023-01-03,Kara Soghigian,MeridianLink Opening Module Tier 3 (2000-3999 apps)- changed transaction fee from $4.95 to $5.45,
2023-01-03,Kara Soghigian,MeridianLink Opening Module Tier 4 (1000-1999 apps)- changed transaction fee from $6.45 to $7.1,
2023-01-03,Kara Soghigian,MeridianLink Opening Module Tier 5 (500-999 apps)- changed transaction fee from $7.9 to $8.7,
2023-01-03,Kara Soghigian,MeridianLink Opening Module Tier 6 (250-499 apps)- changed transaction fee from $9.1 to $10.05,
2023-01-03,Kara Soghigian,MeridianLink Opening Module Tier 7 (up to 249 apps)- changed transaction fee from $10.4 to $11.45,
2023-01-03,Kara Soghigian,MeridianLink Mortgage Tier 1 (1200+ Closed Loans/Mon) with 1 implementation- changed transaction fee from $44 to $46,
2023-01-03,Kara Soghigian,MeridianLink Mortgage Tier 1 (1200+ Closed Loans/Mon) with 2 implementations- changed transaction fee from $44 to $46,
2023-01-03,Kara Soghigian,MeridianLink Mortgage Tier 1 (1200+ Closed Loans/Mon) with 3 implementations- changed transaction fee from $44 to $46,
2023-01-03,Kara Soghigian,MeridianLink Mortgage Tier 10 (110-134 Closed Loans/Mon) with 1 implementation- changed transaction fee from $67 to $77.75,
2023-01-03,Kara Soghigian,MeridianLink Mortgage Tier 10 (110-134 Closed Loans/Mon) with 2 implementations- changed transaction fee from $67 to $77.75,
2023-01-03,Kara Soghigian,MeridianLink Mortgage Tier 10 (110-134 Closed Loans/Mon) with 3 implementations- changed transaction fee from $67 to $77.75,
2023-01-03,Kara Soghigian,MeridianLink Mortgage Tier 11 (90-109 Closed Loans/Mon) with 1 implementation- changed transaction fee from $73 to $81.25,
2023-01-03,Kara Soghigian,MeridianLink Mortgage Tier 11 (90-109 Closed Loans/Mon) with 2 implementations- changed transaction fee from $73 to $81.25,
2023-01-03,Kara Soghigian,MeridianLink Mortgage Tier 11 (90-109 Closed Loans/Mon) with 3 implementations- changed transaction fee from $73 to $81.25,
2023-01-03,Kara Soghigian,MeridianLink Mortgage Tier 12 (75-89 Closed Loans/Mon) with 1 implementation- changed transaction fee from $77.75 to $84.5,
2023-01-03,Kara Soghigian,MeridianLink Mortgage Tier 12 (75-89 Closed Loans/Mon) with 2 implementations- changed transaction fee from $77.75 to $84.5,
2023-01-03,Kara Soghigian,MeridianLink Mortgage Tier 12 (75-89 Closed Loans/Mon) with 3 implementations- changed transaction fee from $77.75 to $84.5,
2023-01-03,Kara Soghigian,MeridianLink Mortgage Tier 13 (60-74 Closed Loans/Mon) with 1 implementation- changed transaction fee from $85 to $88.75,
2023-01-03,Kara Soghigian,MeridianLink Mortgage Tier 13 (60-74 Closed Loans/Mon) with 2 implementations- changed transaction fee from $85 to $88.75,
2023-01-03,Kara Soghigian,MeridianLink Mortgage Tier 13 (60-74 Closed Loans/Mon) with 3 implementations- changed transaction fee from $85 to $88.75,
2023-01-03,Kara Soghigian,MeridianLink Mortgage Tier 14 (45-59 Closed Loans/Mon) with 1 implementation- changed transaction fee from $95 to $94.5,
2023-01-03,Kara Soghigian,MeridianLink Mortgage Tier 14 (45-59 Closed Loans/Mon) with 2 implementations- changed transaction fee from $95 to $94.5,
2023-01-03,Kara Soghigian,MeridianLink Mortgage Tier 14 (45-59 Closed Loans/Mon) with 3 implementations- changed transaction fee from $95 to $94.5,
2023-01-03,Kara Soghigian,MeridianLink Mortgage Tier 15 (30-44 Closed Loans/Mon) with 1 implementation- changed transaction fee from $104 to $103.25,
2023-01-03,Kara Soghigian,MeridianLink Mortgage Tier 15 (30-44 Closed Loans/Mon) with 2 implementations- changed transaction fee from $104 to $103.25,
2023-01-03,Kara Soghigian,MeridianLink Mortgage Tier 15 (30-44 Closed Loans/Mon) with 3 implementations- changed transaction fee from $104 to $103.25,
2023-01-03,Kara Soghigian,MeridianLink Mortgage Tier 2 (900-1199 Closed Loans/Mon) with 1 implementation- changed transaction fee from $46 to $49,
2023-01-03,Kara Soghigian,MeridianLink Mortgage Tier 2 (900-1199 Closed Loans/Mon) with 2 implementations- changed transaction fee from $46 to $49,
2023-01-03,Kara Soghigian,MeridianLink Mortgage Tier 2 (900-1199 Closed Loans/Mon) with 3 implementations- changed transaction fee from $46 to $49,
2023-01-03,Kara Soghigian,MeridianLink Mortgage Tier 3 (675-899 Closed Loans/Mon) with 1 implementation- changed transaction fee from $47.75 to $52.25,
2023-01-03,Kara Soghigian,MeridianLink Mortgage Tier 3 (675-899 Closed Loans/Mon) with 2 implementations- changed transaction fee from $47.75 to $52.25,
2023-01-03,Kara Soghigian,MeridianLink Mortgage Tier 3 (675-899 Closed Loans/Mon) with 3 implementations- changed transaction fee from $47.75 to $52.25,
2023-01-03,Kara Soghigian,MeridianLink Mortgage Tier 4 (525-674 Closed Loans/Mon) with 1 implementation- changed transaction fee from $49.25 to $55.25,
2023-01-03,Kara Soghigian,MeridianLink Mortgage Tier 4 (525-674 Closed Loans/Mon) with 2 implementations- changed transaction fee from $49.25 to $55.25,
2023-01-03,Kara Soghigian,MeridianLink Mortgage Tier 4 (525-674 Closed Loans/Mon) with 3 implementations- changed transaction fee from $49.25 to $55.25,
2023-01-03,Kara Soghigian,MeridianLink Mortgage Tier 5 (400-524 Closed Loans/Mon) with 1 implementation- changed transaction fee from $51.25 to $58.5,
2023-01-03,Kara Soghigian,MeridianLink Mortgage Tier 5 (400-524 Closed Loans/Mon) with 2 implementations- changed transaction fee from $51.25 to $58.5,
2023-01-03,Kara Soghigian,MeridianLink Mortgage Tier 5 (400-524 Closed Loans/Mon) with 3 implementations- changed transaction fee from $51.25 to $58.5,
2023-01-03,Kara Soghigian,MeridianLink Mortgage Tier 6 (300-399 Closed Loans/Mon) with 1 implementation- changed transaction fee from $54 to $62.25,
2023-01-03,Kara Soghigian,MeridianLink Mortgage Tier 6 (300-399 Closed Loans/Mon) with 2 implementations- changed transaction fee from $54 to $62.25,
2023-01-03,Kara Soghigian,MeridianLink Mortgage Tier 6 (300-399 Closed Loans/Mon) with 3 implementations- changed transaction fee from $54 to $62.25,
2023-01-03,Kara Soghigian,MeridianLink Mortgage Tier 7 (225-299 Closed Loans/Mon) with 1 implementation- changed transaction fee from $57.25 to $66.5,
2023-01-03,Kara Soghigian,MeridianLink Mortgage Tier 7 (225-299 Closed Loans/Mon) with 2 implementations- changed transaction fee from $57.25 to $66.5,
2023-01-03,Kara Soghigian,MeridianLink Mortgage Tier 7 (225-299 Closed Loans/Mon) with 3 implementations- changed transaction fee from $57.25 to $66.5,
2023-01-03,Kara Soghigian,MeridianLink Mortgage Tier 8 (170-224 Closed Loans/Mon) with 1 implementation- changed transaction fee from $59.75 to $70.75,
2023-01-03,Kara Soghigian,MeridianLink Mortgage Tier 8 (170-224 Closed Loans/Mon) with 2 implementations- changed transaction fee from $59.75 to $70.75,
2023-01-03,Kara Soghigian,MeridianLink Mortgage Tier 8 (170-224 Closed Loans/Mon) with 3 implementations- changed transaction fee from $59.75 to $70.75,
2023-01-03,Kara Soghigian,MeridianLink Mortgage Tier 9 (135-169 Closed Loans/Mon) with 1 implementation- changed transaction fee from $62.75 to $74.25,
2023-01-03,Kara Soghigian,MeridianLink Mortgage Tier 9 (135-169 Closed Loans/Mon) with 2 implementations- changed transaction fee from $62.75 to $74.25,
2023-01-03,Kara Soghigian,MeridianLink Mortgage Tier 9 (135-169 Closed Loans/Mon) with 3 implementations- changed transaction fee from $62.75 to $74.25,
2023-01-03,Kara Soghigian,DocuSign - Advanced API- changed transaction fee from $1 to $1.1,
2023-01-03,Kara Soghigian,IMM eSignature Hosted (on SAS)- changed transaction fee from $1 to $1.1,
2023-01-03,Kara Soghigian,DealerTrack Digital Contracting (DecisionLender)- changed transaction fee from $1 to $1.1,
2023-01-03,Kara Soghigian,Plaid Instant Account Verification Tier 1: $3B to $10B AUM (Consumer)- changed transaction fee from $2 to $2.1,
2023-01-03,Kara Soghigian,Plaid Instant Account Verification Tier 2: $1B to $3B AUM (Consumer)- changed transaction fee from $2 to $2.1,
2023-01-03,Kara Soghigian,Plaid Instant Account Verification Tier 3: <$1B AUM (Consumer)- changed transaction fee from $2 to $2.1,
2023-01-03,Kara Soghigian,TazWorks Software Platform Tier 1: Enterprise Plus- changed transaction fee from $0.23 to $0.25,
2023-01-03,Kara Soghigian,TazWorks Software Platform Tier 2: Enterprise- changed transaction fee from $0.26 to $0.29,
2023-01-03,Kara Soghigian,TazWorks Software Platform Tier 3: Premium- changed transaction fee from $0.31 to $0.34,
2023-01-03,Kara Soghigian,TazWorks Software Platform Tier 4: Professional Plus- changed transaction fee from $0.34 to $0.37,
2023-01-03,Kara Soghigian,TazWorks Software Platform Tier 5: Professional- changed transaction fee from $0.36 to $0.4,
2023-01-03,Kara Soghigian,TazWorks Software Platform Tier 6: Basic- changed transaction fee from $0.52 to $0.57,
2023-01-03,Kara Soghigian,"Mailing service (1-2,499)- changed minimum commitment from $50 to $55",
2023-01-03,Kara Soghigian,"Mailing service (2,500-4,999)- changed minimum commitment from $50 to $55",
2023-01-03,Kara Soghigian,"Mailing service (5,000 and over)- changed minimum commitment from $50 to $55",
2023-01-03,Kara Soghigian,DL4 - Consumer Module- changed minimum commitment from $1940 to $2135,
2023-01-03,Kara Soghigian,DL4 - Home Equity Module- changed minimum commitment from $1590 to $1750,
2023-01-03,Kara Soghigian,DL4 - Indirect Lending Module Tier 1 (8000+ apps)- changed minimum commitment from $19200 to $21120,
2023-01-03,Kara Soghigian,DL4 - Indirect Lending Module Tier 2 (4000-7999 apps)- changed minimum commitment from $10600 to $11660,
2023-01-03,Kara Soghigian,DL4 - Indirect Lending Module Tier 3 (2000-3999 apps)- changed minimum commitment from $5900 to $6490,
2023-01-03,Kara Soghigian,DL4 - Indirect Lending Module Tier 4 (1000-1999 apps)- changed minimum commitment from $3550 to $3905,
2023-01-03,Kara Soghigian,DL4 - Indirect Lending Module Tier 5 (500-999 apps)- changed minimum commitment from $2075 to $2285,
2023-01-03,Kara Soghigian,DL4 - Indirect Lending Module Tier 6 (250-499 apps)- changed minimum commitment from $1187.5 to $1310,
2023-01-03,Kara Soghigian,JHA MeridianLink Consumer - Business Module Tier 1 (1000-1999 apps)- changed minimum commitment from $11800 to $13200,
2023-01-03,Kara Soghigian,JHA MeridianLink Consumer - Business Module Tier 2 (500-999 apps)- changed minimum commitment from $7675 to $8625,
2023-01-03,Kara Soghigian,JHA MeridianLink Consumer - Business Module Tier 3 (250-499 apps)- changed minimum commitment from $4725 to $5287.5,
2023-01-03,Kara Soghigian,JHA MeridianLink Consumer - Consumer Module Tier 1 (8000+ apps)- changed minimum commitment from $22000 to $25200,
2023-01-03,Kara Soghigian,JHA MeridianLink Consumer - Consumer Module Tier 2 (4000-7999 apps)- changed minimum commitment from $13200 to $15400,
2023-01-03,Kara Soghigian,JHA MeridianLink Consumer - Consumer Module Tier 3 (2000-3999 apps)- changed minimum commitment from $9500 to $10900,
2023-01-03,Kara Soghigian,JHA MeridianLink Consumer - Consumer Module Tier 4 (1000-1999 apps)- changed minimum commitment from $6150 to $7100,
2023-01-03,Kara Soghigian,JHA MeridianLink Consumer - Consumer Module Tier 5 (500-999 apps)- changed minimum commitment from $3775 to $4350,
2023-01-03,Kara Soghigian,JHA MeridianLink Consumer - Consumer Module Tier 6 (250-499 apps)- changed minimum commitment from $2187.5 to $2512.5,
2023-01-03,Kara Soghigian,JHA MeridianLink Consumer - Home Equity Module Tier 1 (1000-1999 apps)- changed minimum commitment from $8300 to $9500,
2023-01-03,Kara Soghigian,JHA MeridianLink Consumer - Home Equity Module Tier 2 (500-999 apps)- changed minimum commitment from $5325 to $6100,
2023-01-03,Kara Soghigian,JHA MeridianLink Consumer - Home Equity Module Tier 3 (250-499 apps)- changed minimum commitment from $3550 to $4050,
2023-01-03,Kara Soghigian,JHA MeridianLink Consumer - Indirect Lending Module Tier 1 (8000+  apps)- changed minimum commitment from $19200 to $21200,
2023-01-03,Kara Soghigian,JHA MeridianLink Consumer - Indirect Lending Module Tier 2 (4000-7999 apps)- changed minimum commitment from $10600 to $12000,
2023-01-03,Kara Soghigian,JHA MeridianLink Consumer - Indirect Lending Module Tier 3 (2000-3999 apps)- changed minimum commitment from $5900 to $6600,
2023-01-03,Kara Soghigian,JHA MeridianLink Consumer - Indirect Lending Module Tier 4 (1000-1999 apps)- changed minimum commitment from $3550 to $4000,
2023-01-03,Kara Soghigian,JHA MeridianLink Consumer - Indirect Lending Module Tier 5 (500-999 apps)- changed minimum commitment from $2075 to $2325,
2023-01-03,Kara Soghigian,JHA MeridianLink Consumer - Indirect Lending Module Tier 6 (250-499 apps)- changed minimum commitment from $1187.5 to $1325,
2023-01-03,Kara Soghigian,JHA MeridianLink Opening Module Tier 1 (8000+ apps)- changed minimum commitment from $22000 to $25200,
2023-01-03,Kara Soghigian,JHA MeridianLink Opening Module Tier 2 (4000-7999 apps)- changed minimum commitment from $13200 to $15400,
2023-01-03,Kara Soghigian,JHA MeridianLink Opening Module Tier 3 (2000-3999 apps)- changed minimum commitment from $9500 to $10900,
2023-01-03,Kara Soghigian,JHA MeridianLink Opening Module Tier 4 (1000-1999 apps)- changed minimum commitment from $6150 to $7100,
2023-01-03,Kara Soghigian,JHA MeridianLink Opening Module Tier 5 (500-999 apps)- changed minimum commitment from $3775 to $4350,
2023-01-03,Kara Soghigian,JHA MeridianLink Opening Module Tier 6 (250-499 apps)- changed minimum commitment from $2187.5 to $2512.5,
2023-01-03,Kara Soghigian,MeridianLink Consumer - Business Module Tier 1 (1000-1999 apps)- changed minimum commitment from $11800 to $13200,
2023-01-03,Kara Soghigian,MeridianLink Consumer - Business Module Tier 2 (500-999 apps)- changed minimum commitment from $7675 to $8625,
2023-01-03,Kara Soghigian,MeridianLink Consumer - Business Module Tier 3 (250-499 apps)- changed minimum commitment from $4725 to $5287.5,
2023-01-03,Kara Soghigian,MeridianLink Consumer - Consumer Module (ML Entry - year 1)- changed minimum commitment from $550 to $605,
2023-01-03,Kara Soghigian,MeridianLink Consumer - Consumer Module Tier 1 (8000+ apps)- changed minimum commitment from $22000 to $25200,
2023-01-03,Kara Soghigian,MeridianLink Consumer - Consumer Module Tier 2 (4000-7999 apps)- changed minimum commitment from $13200 to $15400,
2023-01-03,Kara Soghigian,MeridianLink Consumer - Consumer Module Tier 3 (2000-3999 apps)- changed minimum commitment from $9500 to $10900,
2023-01-03,Kara Soghigian,MeridianLink Consumer - Consumer Module Tier 4 (1000-1999 apps)- changed minimum commitment from $6150 to $7100,
2023-01-03,Kara Soghigian,MeridianLink Consumer - Consumer Module Tier 5 (500-999 apps)- changed minimum commitment from $3775 to $4350,
2023-01-03,Kara Soghigian,MeridianLink Consumer - Consumer Module Tier 6 (250-499 apps)- changed minimum commitment from $2187.5 to $2512.5,
2023-01-03,Kara Soghigian,MeridianLink Consumer - Home Equity Module Tier 1 (1000-1999 apps)- changed minimum commitment from $8300 to $9500,
2023-01-03,Kara Soghigian,MeridianLink Consumer - Home Equity Module Tier 2 (500-999 apps)- changed minimum commitment from $5325 to $6100,
2023-01-03,Kara Soghigian,MeridianLink Consumer - Home Equity Module Tier 3 (250-499 apps)- changed minimum commitment from $3550 to $4050,
2023-01-03,Kara Soghigian,MeridianLink Consumer - Indirect Lending Module Tier 1 (8000+  apps)- changed minimum commitment from $19200 to $21200,
2023-01-03,Kara Soghigian,MeridianLink Consumer - Indirect Lending Module Tier 2 (4000-7999 apps)- changed minimum commitment from $10600 to $12000,
2023-01-03,Kara Soghigian,MeridianLink Consumer - Indirect Lending Module Tier 3 (2000-3999 apps)- changed minimum commitment from $5900 to $6600,
2023-01-03,Kara Soghigian,MeridianLink Consumer - Indirect Lending Module Tier 4 (1000-1999 apps)- changed minimum commitment from $3550 to $4000,
2023-01-03,Kara Soghigian,MeridianLink Consumer - Indirect Lending Module Tier 5 (500-999 apps)- changed minimum commitment from $2075 to $2325,
2023-01-03,Kara Soghigian,MeridianLink Consumer - Indirect Lending Module Tier 6 (250-499 apps)- changed minimum commitment from $1187.5 to $1325,
2023-01-03,Kara Soghigian,MeridianLink Opening Module (ML Entry - year 1)- changed minimum commitment from $550 to $605,
2023-01-03,Kara Soghigian,MeridianLink Opening Module Tier 1 (8000+ apps)- changed minimum commitment from $22000 to $25200,
2023-01-03,Kara Soghigian,MeridianLink Opening Module Tier 2 (4000-7999 apps)- changed minimum commitment from $13200 to $15400,
2023-01-03,Kara Soghigian,MeridianLink Opening Module Tier 3 (2000-3999 apps)- changed minimum commitment from $9500 to $10900,
2023-01-03,Kara Soghigian,MeridianLink Opening Module Tier 4 (1000-1999 apps)- changed minimum commitment from $6150 to $7100,
2023-01-03,Kara Soghigian,MeridianLink Opening Module Tier 5 (500-999 apps)- changed minimum commitment from $3775 to $4350,
2023-01-03,Kara Soghigian,MeridianLink Opening Module Tier 6 (250-499 apps)- changed minimum commitment from $2187.5 to $2512.5,
2023-01-03,Kara Soghigian,MeridianLink Mortgage Tier 1 (1200+ Closed Loans/Mon) with 1 implementation- changed minimum commitment from $44000 to $55200,
2023-01-03,Kara Soghigian,MeridianLink Mortgage Tier 1 (1200+ Closed Loans/Mon) with 2 implementations- changed minimum commitment from $44000 to $55200,
2023-01-03,Kara Soghigian,MeridianLink Mortgage Tier 1 (1200+ Closed Loans/Mon) with 3 implementations- changed minimum commitment from $44000 to $55200,
2023-01-03,Kara Soghigian,MeridianLink Mortgage Tier 10 (110-134 Closed Loans/Mon) with 1 implementation- changed minimum commitment from $10050 to $8552.5,
2023-01-03,Kara Soghigian,MeridianLink Mortgage Tier 10 (110-134 Closed Loans/Mon) with 2 implementations- changed minimum commitment from $10050 to $8552.5,
2023-01-03,Kara Soghigian,MeridianLink Mortgage Tier 10 (110-134 Closed Loans/Mon) with 3 implementations- changed minimum commitment from $10050 to $8552.5,
2023-01-03,Kara Soghigian,MeridianLink Mortgage Tier 12 (75-89 Closed Loans/Mon) with 1 implementation- changed minimum commitment from $5831.25 to $6337.5,
2023-01-03,Kara Soghigian,MeridianLink Mortgage Tier 12 (75-89 Closed Loans/Mon) with 2 implementations- changed minimum commitment from $5831.25 to $6337.5,
2023-01-03,Kara Soghigian,MeridianLink Mortgage Tier 12 (75-89 Closed Loans/Mon) with 3 implementations- changed minimum commitment from $5831.25 to $6337.5,
2023-01-03,Kara Soghigian,MeridianLink Mortgage Tier 13 (60-74 Closed Loans/Mon) with 1 implementation- changed minimum commitment from $4250 to $5325,
2023-01-03,Kara Soghigian,MeridianLink Mortgage Tier 13 (60-74 Closed Loans/Mon) with 2 implementations- changed minimum commitment from $4250 to $5325,
2023-01-03,Kara Soghigian,MeridianLink Mortgage Tier 13 (60-74 Closed Loans/Mon) with 3 implementations- changed minimum commitment from $4250 to $5325,
2023-01-03,Kara Soghigian,MeridianLink Mortgage Tier 14 (45-59 Closed Loans/Mon) with 1 implementation- changed minimum commitment from $2850 to $4252.5,
2023-01-03,Kara Soghigian,MeridianLink Mortgage Tier 14 (45-59 Closed Loans/Mon) with 2 implementations- changed minimum commitment from $2850 to $4252.5,
2023-01-03,Kara Soghigian,MeridianLink Mortgage Tier 14 (45-59 Closed Loans/Mon) with 3 implementations- changed minimum commitment from $2850 to $4252.5,
2023-01-03,Kara Soghigian,MeridianLink Mortgage Tier 15 (30-44 Closed Loans/Mon) with 1 implementation- changed minimum commitment from $1560 to $3097.5,
2023-01-03,Kara Soghigian,MeridianLink Mortgage Tier 15 (30-44 Closed Loans/Mon) with 2 implementations- changed minimum commitment from $1560 to $3097.5,
2023-01-03,Kara Soghigian,MeridianLink Mortgage Tier 15 (30-44 Closed Loans/Mon) with 3 implementations- changed minimum commitment from $1560 to $3097.5,
2023-01-03,Kara Soghigian,MeridianLink Mortgage Tier 2 (900-1199 Closed Loans/Mon) with 1 implementation- changed minimum commitment from $39100 to $44100,
2023-01-03,Kara Soghigian,MeridianLink Mortgage Tier 2 (900-1199 Closed Loans/Mon) with 2 implementations- changed minimum commitment from $39100 to $44100,
2023-01-03,Kara Soghigian,MeridianLink Mortgage Tier 2 (900-1199 Closed Loans/Mon) with 3 implementations- changed minimum commitment from $39100 to $44100,
2023-01-03,Kara Soghigian,MeridianLink Mortgage Tier 3 (675-899 Closed Loans/Mon) with 1 implementation- changed minimum commitment from $33425 to $35268.75,
2023-01-03,Kara Soghigian,MeridianLink Mortgage Tier 3 (675-899 Closed Loans/Mon) with 2 implementations- changed minimum commitment from $33425 to $35268.75,
2023-01-03,Kara Soghigian,MeridianLink Mortgage Tier 3 (675-899 Closed Loans/Mon) with 3 implementations- changed minimum commitment from $33425 to $35268.75,
2023-01-03,Kara Soghigian,MeridianLink Mortgage Tier 4 (525-674 Closed Loans/Mon) with 1 implementation- changed minimum commitment from $29550 to $29006.25,
2023-01-03,Kara Soghigian,MeridianLink Mortgage Tier 4 (525-674 Closed Loans/Mon) with 2 implementations- changed minimum commitment from $29550 to $29006.25,
2023-01-03,Kara Soghigian,MeridianLink Mortgage Tier 4 (525-674 Closed Loans/Mon) with 3 implementations- changed minimum commitment from $29550 to $29006.25,
2023-01-03,Kara Soghigian,MeridianLink Mortgage Tier 5 (400-524 Closed Loans/Mon) with 1 implementation- changed minimum commitment from $25625 to $23400,
2023-01-03,Kara Soghigian,MeridianLink Mortgage Tier 5 (400-524 Closed Loans/Mon) with 2 implementations- changed minimum commitment from $25625 to $23400,
2023-01-03,Kara Soghigian,MeridianLink Mortgage Tier 5 (400-524 Closed Loans/Mon) with 3 implementations- changed minimum commitment from $25625 to $23400,
2023-01-03,Kara Soghigian,MeridianLink Mortgage Tier 6 (300-399 Closed Loans/Mon) with 1 implementation- changed minimum commitment from $21600 to $18675,
2023-01-03,Kara Soghigian,MeridianLink Mortgage Tier 6 (300-399 Closed Loans/Mon) with 2 implementations- changed minimum commitment from $21600 to $18675,
2023-01-03,Kara Soghigian,MeridianLink Mortgage Tier 6 (300-399 Closed Loans/Mon) with 3 implementations- changed minimum commitment from $21600 to $18675,
2023-01-03,Kara Soghigian,MeridianLink Mortgage Tier 7 (225-299 Closed Loans/Mon) with 1 implementation- changed minimum commitment from $17175 to $14962.5,
2023-01-03,Kara Soghigian,MeridianLink Mortgage Tier 7 (225-299 Closed Loans/Mon) with 2 implementations- changed minimum commitment from $17175 to $14962.5,
2023-01-03,Kara Soghigian,MeridianLink Mortgage Tier 7 (225-299 Closed Loans/Mon) with 3 implementations- changed minimum commitment from $17175 to $14962.5,
2023-01-03,Kara Soghigian,MeridianLink Mortgage Tier 8 (170-224 Closed Loans/Mon) with 1 implementation- changed minimum commitment from $14937.5 to $12027.5,
2023-01-03,Kara Soghigian,MeridianLink Mortgage Tier 8 (170-224 Closed Loans/Mon) with 2 implementations- changed minimum commitment from $14937.5 to $12027.5,
2023-01-03,Kara Soghigian,MeridianLink Mortgage Tier 8 (170-224 Closed Loans/Mon) with 3 implementations- changed minimum commitment from $14937.5 to $12027.5,
2023-01-03,Kara Soghigian,MeridianLink Mortgage Tier 9 (135-169 Closed Loans/Mon) with 1 implementation- changed minimum commitment from $12550 to $10023.75,
2023-01-03,Kara Soghigian,MeridianLink Mortgage Tier 9 (135-169 Closed Loans/Mon) with 2 implementations- changed minimum commitment from $12550 to $10023.75,
2023-01-03,Kara Soghigian,MeridianLink Mortgage Tier 9 (135-169 Closed Loans/Mon) with 3 implementations- changed minimum commitment from $12550 to $10023.75,
2023-01-03,Kara Soghigian,Explore - CO-OP Revelation Level 1 Tier 1: >2.5M TXN- changed annual fee from $1800 to $1890,
2023-01-03,Kara Soghigian,Explore - CO-OP Revelation Level 1 Tier 2: 1M-2.5M TXN- changed annual fee from $1500 to $1575,
2023-01-03,Kara Soghigian,Explore - CO-OP Revelation Level 1 Tier 3: 500K-1M TXN- changed annual fee from $1200 to $1260,
2023-01-03,Kara Soghigian,Explore - CO-OP Revelation Level 1 Tier 4: 150K-500K TXN- changed annual fee from $900 to $945,
2023-01-03,Kara Soghigian,Explore - CO-OP Revelation Level 1 Tier 5: 50K-150K TXN- changed annual fee from $600 to $630,
2023-01-03,Kara Soghigian,Explore - CO-OP Revelation Level 1 Tier 6: 0-50K TXN- changed annual fee from $600 to $630,
2023-01-03,Kara Soghigian,Explore - CO-OP Revelation Level 2 Tier 1: >2.5M TXN- changed annual fee from $7200 to $6930,
2023-01-03,Kara Soghigian,Explore - CO-OP Revelation Level 2 Tier 2: 1M-2.5M TXN- changed annual fee from $6300 to $6174,
2023-01-03,Kara Soghigian,Explore - CO-OP Revelation Level 2 Tier 3: 500K-1M TXN- changed annual fee from $5400 to $5292,
2023-01-03,Kara Soghigian,Explore - CO-OP Revelation Level 2 Tier 4: 150K-500K TXN- changed annual fee from $4500 to $4410,
2023-01-03,Kara Soghigian,Explore - CO-OP Revelation Level 2 Tier 5: 50K-150K TXN- changed annual fee from $2400 to $2331,
2023-01-03,Kara Soghigian,Explore - CO-OP Revelation Level 2 Tier 6: 0-50K TXN- changed annual fee from $1200 to $1134,
2023-01-03,Kara Soghigian,Explore - CO-OP Revelation Level 3 Tier 1: >2.5M TXN- changed annual fee from $13200 to $21420,
2023-01-03,Kara Soghigian,Explore - CO-OP Revelation Level 3 Tier 2: 1M-2.5M TXN- changed annual fee from $8700 to $15750,
2023-01-03,Kara Soghigian,Explore - CO-OP Revelation Level 3 Tier 3: 500K-1M TXN- changed annual fee from $6000 to $11970,
2023-01-03,Kara Soghigian,Explore - CO-OP Revelation Level 3 Tier 4: 150K-500K TXN- changed annual fee from $3900 to $8820,
2023-01-03,Kara Soghigian,Explore - CO-OP Revelation Level 3 Tier 5: 50K-150K TXN- changed annual fee from $2400 to $5040,
2023-01-03,Kara Soghigian,Explore - CO-OP Revelation Level 3 Tier 6: 0-50K TXN- changed annual fee from $1500 to $2835,
2023-01-03,Kara Soghigian,Explore - FIS Debit Insights- changed annual fee from $1400000 to $1476000,
2023-01-03,Kara Soghigian,Explore - MC MPA Active Cards Tier 1: >100M- changed annual fee from $132000 to $803400,
2023-01-03,Kara Soghigian,Explore - MC MPA Active Cards Tier 2: 50-100M- changed annual fee from $222000 to $228660,
2023-01-03,Kara Soghigian,Explore - MC MPA Active Cards Tier 3: 35-50M- changed annual fee from $330000 to $339900,
2023-01-03,Kara Soghigian,Explore - MC MPA Active Cards Tier 4: 25-35M- changed annual fee from $450000 to $463500,
2023-01-03,Kara Soghigian,Explore - MC MPA Active Cards Tier 5: 15-25M- changed annual fee from $540000 to $556200,
2023-01-03,Kara Soghigian,Explore - MC MPA Active Cards Tier 6: 7.5-15M- changed annual fee from $660000 to $679800,
2023-01-03,Kara Soghigian,Explore - MC MPA Active Cards Tier 7: 5-7.5M- changed annual fee from $720000 to $741600,
2023-01-03,Kara Soghigian,Explore - MC MPA Active Cards Tier 8: 2-5M- changed annual fee from $780000 to $803400,
2023-01-03,Kara Soghigian,Explore - MC MPA Active Cards Tier 9: Up to 2M- changed annual fee from $162000 to $166860,
2023-01-03,Kara Soghigian,Explore - MC MPA Total Txn Tier 1: >25M- changed annual fee from $42000 to $43260,
2023-01-03,Kara Soghigian,Explore - MC MPA Total Txn Tier 2: 10M-25M- changed annual fee from $36000 to $37080,
2023-01-03,Kara Soghigian,Explore - MC MPA Total Txn Tier 3: 5M-10M- changed annual fee from $30000 to $30900,
2023-01-03,Kara Soghigian,Explore - MC MPA Total Txn Tier 4: 2.5M-5M- changed annual fee from $24000 to $24720,
2023-01-03,Kara Soghigian,Explore - MC MPA Total Txn Tier 5: 1M-2.5M- changed annual fee from $18000 to $18540,
2023-01-03,Kara Soghigian,Explore - MC MPA Total Txn Tier 6: Up to 1M- changed annual fee from $9000 to $9270,
2023-01-03,Kara Soghigian,Capture Rate Analysis- changed annual fee from $15000 to $17000,
2023-01-03,Kara Soghigian,Declined Application Analysis- changed annual fee from $15000 to $17000,
2023-01-03,Kara Soghigian,Disparate Impact- changed annual fee from $15000 to $17000,
2023-01-03,Kara Soghigian,"Alpharank T1: $2B+ AUM, Consumer and Opening- changed annual fee from $45000 to $49500",
2023-01-03,Kara Soghigian,"Alpharank T1: $2B+ AUM, Consumer only- changed annual fee from $30150 to $33165",
2023-01-03,Kara Soghigian,"Alpharank T1: $2B+ AUM, Opening only- changed annual fee from $30150 to $33165",
2023-01-03,Kara Soghigian,"Alpharank T2: $500M-$2B AUM, Consumer and Opening- changed annual fee from $33900 to $37290",
2023-01-03,Kara Soghigian,"Alpharank T2: $500M-$2B AUM, Consumer only- changed annual fee from $22800 to $25080",
2023-01-03,Kara Soghigian,"Alpharank T2: $500M-$2B AUM, Opening only- changed annual fee from $22800 to $25080",
2023-01-03,Kara Soghigian,"Alpharank T3: <$500M AUM, Consumer and Opening- changed annual fee from $22500 to $24750",
2023-01-03,Kara Soghigian,"Alpharank T3: <$500M AUM, Consumer only- changed annual fee from $15075 to $16585",
2023-01-03,Kara Soghigian,"Alpharank T3: <$500M AUM, Opening only- changed annual fee from $15075 to $16585",
2023-01-03,Kara Soghigian,"MeridianLink Portal - Automation Package (Auto-booking, online banking registration, auto-disbursements for MeridianLink Consumer)- changed annual fee from $1685 to $1855",
2023-01-03,Kara Soghigian,MeridianLink Portal (ML Entry -- years 1 to 3 -- 0-1999 apps)- changed annual fee from $1500 to $1650,
2023-01-03,Kara Soghigian,MeridianLink Portal (ML Entry -- years 4+ -- 0-2999 apps)- changed annual fee from $2265 to $2495,
2023-01-03,Kara Soghigian,MeridianLink Portal Mortgage - Site Analytics- changed annual fee from $1125 to $1240,
2023-01-03,Kara Soghigian,Inbound Faxing - Additional Storage- changed annual fee from $385 to $423.50,
2023-01-03,Kara Soghigian,Document Mapping (loans) - DecisionLender- changed annual fee from $3720 to $4095,
2023-01-03,Kara Soghigian,Propay- changed annual fee from $1090 to $1199,
2023-01-03,Kara Soghigian,Address Verification Tier 1: 8K+ Apps- changed annual fee from $17170 to $18890,
2023-01-03,Kara Soghigian,Address Verification Tier 2: 4K - 7.99K Apps- changed annual fee from $13735 to $15110,
2023-01-03,Kara Soghigian,Address Verification Tier 3: 2K - 3.99K Apps- changed annual fee from $10300 to $11330,
2023-01-03,Kara Soghigian,Address Verification Tier 4: 1K - 1.99K Apps- changed annual fee from $6870 to $7560,
2023-01-03,Kara Soghigian,Address Verification Tier 5: 500 - 999 Apps- changed annual fee from $3435 to $3780,
2023-01-03,Kara Soghigian,Address Verification Tier 6: 0 - 499 Apps- changed annual fee from $1150 to $1265,
2023-01-03,Kara Soghigian,Document Maintenance (additional environment)- changed annual fee from $3435 to $3780,
2023-01-03,Kara Soghigian,Document Mapping (deposits)- changed annual fee from $3720 to $4095,
2023-01-03,Kara Soghigian,Document Mapping (deposits) - ML Entry- changed annual fee from $1500 to $1650,
2023-01-03,Kara Soghigian,Document Mapping (loans) - ML Entry- changed annual fee from $1500 to $1650,
2023-01-03,Kara Soghigian,NALN - National Auto Loan Network- Existing Customer- changed annual fee from $1720 to $1895,
2023-01-03,Kara Soghigian,Additional Automated Actions- changed annual fee from $1720 to $1895,
2023-01-03,Kara Soghigian,Additional Scheduled Reports- changed annual fee from $1720 to $1895,
2023-01-03,Kara Soghigian,CLF Export Automated Action- changed annual fee from $1145 to $1260,
2023-01-03,Kara Soghigian,AccesSoftek SSO- changed annual fee from $3435 to $3780,
2023-01-03,Kara Soghigian,Digital Insight SSO- changed annual fee from $3435 to $3780,
2023-01-03,Kara Soghigian,Net Teller SSO- changed annual fee from $3435 to $3780,
2023-01-03,Kara Soghigian,MeridianLink Portal - Home Banking SSO (DecisionLender)- changed annual fee from $1635 to $1800,
2023-01-03,Kara Soghigian,Fast Start- changed annual fee from $1145 to $1260,
2023-01-03,Kara Soghigian,Document Mapping (loans)- changed annual fee from $3720 to $4095,
2023-01-03,Kara Soghigian,Admin Pro- changed annual fee from $22000 to $23000,
2023-01-03,Kara Soghigian,MeridianLink Portal - Additional Portal (Consumer)- changed annual fee from $1145 to $1260,
2023-01-03,Kara Soghigian,MeridianLink Portal - Custom URL (Consumer)- changed annual fee from $1145 to $1260,
2023-01-03,Kara Soghigian,MeridianLink Portal - Home Banking SSO (Consumer)- changed annual fee from $1635 to $1800,
2023-01-03,Kara Soghigian,MeridianLink Portal - Plus Package (Consumer)- changed annual fee from $3435 to $3780,
2023-01-03,Kara Soghigian,MeridianLink Portal - Additional Portal (Mortgage)- changed annual fee from $1145 to $1260,
2023-01-03,Kara Soghigian,MeridianLink Portal - Custom URL (Mortgage)- changed annual fee from $1145 to $1260,
2023-01-03,Kara Soghigian,MeridianLink Portal - Home Banking SSO (Mortgage)- changed annual fee from $1635 to $1800,
2023-01-03,Kara Soghigian,Insights Monthly Fee Large Tier 1:  + 15 years- changed annual fee from $13728 to $15000,
2023-01-03,Kara Soghigian,Insights Monthly Fee Large Tier 10: + 6 years- changed annual fee from $8112 to $8844,
2023-01-03,Kara Soghigian,Insights Monthly Fee Large Tier 11: + 5 years- changed annual fee from $7488 to $8160,
2023-01-03,Kara Soghigian,Insights Monthly Fee Large Tier 12: + 4 years- changed annual fee from $6864 to $7476,
2023-01-03,Kara Soghigian,Insights Monthly Fee Large Tier 13: + 3 years- changed annual fee from $6240 to $6792,
2023-01-03,Kara Soghigian,Insights Monthly Fee Large Tier 14: + 2 years- changed annual fee from $5616 to $6108,
2023-01-03,Kara Soghigian,Insights Monthly Fee Large Tier 15: + 1 year- changed annual fee from $4992 to $5424,
2023-01-03,Kara Soghigian,Insights Monthly Fee Large Tier 2: + 14 years- changed annual fee from $13104 to $14316,
2023-01-03,Kara Soghigian,Insights Monthly Fee Large Tier 3: + 13 years- changed annual fee from $12480 to $13632,
2023-01-03,Kara Soghigian,Insights Monthly Fee Large Tier 4: + 12 years- changed annual fee from $11856 to $12948,
2023-01-03,Kara Soghigian,Insights Monthly Fee Large Tier 5: + 11 years- changed annual fee from $11232 to $12264,
2023-01-03,Kara Soghigian,Insights Monthly Fee Large Tier 6: + 10 years- changed annual fee from $10608 to $11580,
2023-01-03,Kara Soghigian,Insights Monthly Fee Large Tier 7: + 9 years- changed annual fee from $9984 to $10896,
2023-01-03,Kara Soghigian,Insights Monthly Fee Large Tier 8: + 8 years- changed annual fee from $8360 to $10212,
2023-01-03,Kara Soghigian,Insights Monthly Fee Large Tier 9: + 7 years- changed annual fee from $8736 to $9528,
2023-01-03,Kara Soghigian,Insights Monthly Fee Medium Tier 1: 15 years- changed annual fee from $11232 to $12276,
2023-01-03,Kara Soghigian,Insights Monthly Fee Medium Tier 10: + 6 years- changed annual fee from $5616 to $6120,
2023-01-03,Kara Soghigian,Insights Monthly Fee Medium Tier 11:+ 5 years- changed annual fee from $4992 to $5436,
2023-01-03,Kara Soghigian,Insights Monthly Fee Medium Tier 12: + 4 years- changed annual fee from $4368 to $4752,
2023-01-03,Kara Soghigian,Insights Monthly Fee Medium Tier 13: + 3 years- changed annual fee from $3744 to $4068,
2023-01-03,Kara Soghigian,Insights Monthly Fee Medium Tier 14: + 2 years- changed annual fee from $3120 to $3384,
2023-01-03,Kara Soghigian,Insights Monthly Fee Medium Tier 15: + 1 year- changed annual fee from $2496 to $2700,
2023-01-03,Kara Soghigian,Insights Monthly Fee Medium Tier 2: + 14 years- changed annual fee from $10608 to $11592,
2023-01-03,Kara Soghigian,Insights Monthly Fee Medium Tier 3: + 13 years- changed annual fee from $9984 to $10908,
2023-01-03,Kara Soghigian,Insights Monthly Fee Medium Tier 4: + 12 years- changed annual fee from $9360 to $10224,
2023-01-03,Kara Soghigian,Insights Monthly Fee Medium Tier 5: + 11 years- changed annual fee from $8736 to $9540,
2023-01-03,Kara Soghigian,Insights Monthly Fee Medium Tier 6: + 10 years- changed annual fee from $8112 to $8856,
2023-01-03,Kara Soghigian,Insights Monthly Fee Medium Tier 7: + 9 years- changed annual fee from $7488 to $8172,
2023-01-03,Kara Soghigian,Insights Monthly Fee Medium Tier 8: + 8 years- changed annual fee from $6864 to $7488,
2023-01-03,Kara Soghigian,Insights Monthly Fee Medium Tier 9: + 7 years- changed annual fee from $6240 to $6804,
2023-01-03,Kara Soghigian,Insights Monthly Fee Small Tier 1: + 15 years- changed annual fee from $10608 to $11616,
2023-01-03,Kara Soghigian,Insights Monthly Fee Small Tier 10: + 6 years- changed annual fee from $4992 to $5460,
2023-01-03,Kara Soghigian,Insights Monthly Fee Small Tier 11: + 5 years- changed annual fee from $4368 to $4776,
2023-01-03,Kara Soghigian,Insights Monthly Fee Small Tier 12: + 4 years- changed annual fee from $3744 to $4092,
2023-01-03,Kara Soghigian,Insights Monthly Fee Small Tier 13: + 3 years- changed annual fee from $3120 to $3408,
2023-01-03,Kara Soghigian,Insights Monthly Fee Small Tier 14: + 2 years- changed annual fee from $2496 to $2724,
2023-01-03,Kara Soghigian,Insights Monthly Fee Small Tier 15: + 1 year- changed annual fee from $1872 to $2040,
2023-01-03,Kara Soghigian,Insights Monthly Fee Small Tier 2: + 14 years- changed annual fee from $9984 to $10932,
2023-01-03,Kara Soghigian,Insights Monthly Fee Small Tier 3: + 13 years- changed annual fee from $9360 to $10248,
2023-01-03,Kara Soghigian,Insights Monthly Fee Small Tier 4: + 12 years- changed annual fee from $8736 to $9564,
2023-01-03,Kara Soghigian,Insights Monthly Fee Small Tier 5: + 11 years- changed annual fee from $8112 to $8880,
2023-01-03,Kara Soghigian,Insights Monthly Fee Small Tier 6: + 10 years- changed annual fee from $7488 to $8196,
2023-01-03,Kara Soghigian,Insights Monthly Fee Small Tier 7: + 9 years- changed annual fee from $6864 to $7512,
2023-01-03,Kara Soghigian,Insights Monthly Fee Small Tier 8: + 8 years- changed annual fee from $6240 to $6828,
2023-01-03,Kara Soghigian,Insights Monthly Fee Small Tier 9: + 7 years- changed annual fee from $5616 to $6144,
2023-01-03,Kara Soghigian,QuickLease Pro Vanity URL Annual Fee- changed annual fee from $750 to $814,
2023-01-03,Kara Soghigian,Engage- Tech Enabled Marketing - Email - CR-1- changed transaction fee from $0.25 to $0.3,
2023-01-03,Kara Soghigian,Engage- Tech Enabled Marketing - Gift Cards Letter - P-1- changed transaction fee from $-1234 to $4.5,
2023-01-03,Kara Soghigian,Engage- Tech Enabled Marketing- Email- D1- changed transaction fee from $0.25 to $0.3,
2023-01-03,Kara Soghigian,Engage- Tech Enabled Marketing- Email- G1- changed transaction fee from $0.25 to $0.3,
2023-01-03,Kara Soghigian,Engage- Tech Enabled Marketing- Letter- D1- changed transaction fee from $1.5 to $1.55,
2023-01-03,Kara Soghigian,Engage- Tech Enabled Marketing- Postcard- D1- changed transaction fee from $0.99 to $1.1,
2023-01-03,Kara Soghigian,Engage- Tech Enabled Marketing- Self Mailer- D1- changed transaction fee from $1.25 to $1.4,
2023-01-03,Kara Soghigian,Explore Tech Enabled Marketing - Email- D-1- changed transaction fee from $0.25 to $0.3,
2023-01-03,Kara Soghigian,Explore Tech Enabled Marketing - Email- G-1- changed transaction fee from $0.25 to $0.3,
2023-01-03,Kara Soghigian,Explore Tech Enabled Marketing - Gift Cards Letter - P-1- changed transaction fee from $-1234 to $4.5,
2023-01-03,Kara Soghigian,Explore Tech Enabled Marketing - Letter- D-1- changed transaction fee from $1.25 to $1.55,
2023-01-03,Kara Soghigian,Explore Tech Enabled Marketing - Postcard- D-1- changed transaction fee from $0.99 to $1.1,
2023-01-03,Kara Soghigian,Explore Tech Enabled Marketing - Self-Mailer- D-1- changed transaction fee from $1.5 to $1.4,
2023-01-03,Kara Soghigian,Document Faxing- Outbound - changed transaction fee from $0.17 to $0.2,
2023-01-03,Kara Soghigian,OFAC- changed transaction fee from $0.25 to $0.3,
2023-01-03,Kara Soghigian,Carleton HOEPA/HPML Validation- changed transaction fee from $0.17 to $0.2,
2023-01-03,Kara Soghigian,Carleton Regulation Z Calculation- changed transaction fee from $0.17 to $0.2,
2023-01-03,Kara Soghigian,Application Storage (monthly payment)- changed transaction fee from $0.02 to $0.05,
2023-01-03,Kara Soghigian,"Black Book – Used Car, Motorcycle, Car values - changed transaction fee from $0.43 to $0.5",
2023-01-03,Kara Soghigian,Black Book history AV- changed transaction fee from $0.43 to $0.5,
2023-01-03,Kara Soghigian,IST CorrectAddress- changed transaction fee from $0.12 to $0.15,
2023-01-03,Kara Soghigian,Telecheck- New Customer- changed transaction fee from $2.41 to $2.65,
2023-01-03,Kara Soghigian,Faxing- changed transaction fee from $0.4 to $0.45,
2023-01-03,Kara Soghigian,ISTWatch OFAC Watchlist- changed transaction fee from $0.26 to $0.3,
2023-01-03,Kara Soghigian,RouteOne eContracting Authoritative Copy Conversion (ACC)- changed transaction fee from $21 to $23,
2023-01-03,Kara Soghigian,RouteOne Electronic Contracting Per Faxed Page- changed transaction fee from $0.17 to $0.2,
2023-01-03,Kara Soghigian,RouteOne Electronic Contracting Per Vaulted Transaction- changed transaction fee from $0.42 to $0.5,
2023-01-03,Kara Soghigian,SMS Text Feature- changed transaction fee from $0.05 to $0.1,
2023-01-03,Kara Soghigian,Carfax Title Brand Component- changed transaction fee from $0.28 to $0.3,
2023-01-03,Kara Soghigian,TransUnion TruValidate Verification Only (IDV)- with Full Bundle (IDV and IDA)- changed transaction fee from $1.95 to $2.15,
2023-01-03,Kara Soghigian,MeridianLink Consumer - Consumer Module (ML Entry - year 2)- changed transaction fee from $9.8 to $10.8,
2023-01-03,Kara Soghigian,MeridianLink Consumer - Consumer Module (ML Entry - year 3)- changed transaction fee from $9.26 to $10.2,
2023-01-03,Kara Soghigian,MeridianLink Consumer - Consumer Module (ML Entry - year 4)- changed transaction fee from $9.26 to $10.2,
2023-01-03,Kara Soghigian,MeridianLink Consumer - Consumer Module (ML Entry - year 5)- changed transaction fee from $9.26 to $10.2,
2023-01-03,Kara Soghigian,MeridianLink Consumer - Consumer Module (ML Entry - year 6)- changed transaction fee from $9.26 to $10.2,
2023-01-03,Kara Soghigian,MeridianLink Consumer - Consumer Module (ML Entry - year 7)- changed transaction fee from $9.26 to $10.2,
2023-01-03,Kara Soghigian,MeridianLink Opening Module (ML Entry - year 2)- changed transaction fee from $9.8 to $10.8,
2023-01-03,Kara Soghigian,MeridianLink Opening Module (ML Entry - year 3)- changed transaction fee from $9.26 to $10.2,
2023-01-03,Kara Soghigian,MeridianLink Opening Module (ML Entry - year 4)- changed transaction fee from $9.26 to $10.2,
2023-01-03,Kara Soghigian,MeridianLink Opening Module (ML Entry - year 5)- changed transaction fee from $9.26 to $10.2,
2023-01-03,Kara Soghigian,MeridianLink Opening Module (ML Entry - year 6)- changed transaction fee from $9.26 to $10.2,
2023-01-03,Kara Soghigian,MeridianLink Opening Module (ML Entry - year 7)- changed transaction fee from $9.26 to $10.2,
2023-01-03,Kara Soghigian,MeridianLink Mortgage Tier 1 (1200+ Closed Loans/Mon) no implementation- changed transaction fee from $44 to $46,
2023-01-03,Kara Soghigian,MeridianLink Mortgage Tier 10 (110-134 Closed Loans/Mon) no implementation- changed transaction fee from $67 to $77.75,
2023-01-03,Kara Soghigian,MeridianLink Mortgage Tier 11 (90-109 Closed Loans/Mon) no implementation- changed transaction fee from $73 to $81.25,
2023-01-03,Kara Soghigian,MeridianLink Mortgage Tier 12 (75-89 Closed Loans/Mon) no implementation- changed transaction fee from $77.75 to $84.5,
2023-01-03,Kara Soghigian,MeridianLink Mortgage Tier 13 (60-74 Closed Loans/Mon) no implementation- changed transaction fee from $85 to $88.75,
2023-01-03,Kara Soghigian,MeridianLink Mortgage Tier 14 (45-59 Closed Loans/Mon) no implementation- changed transaction fee from $95 to $94.5,
2023-01-03,Kara Soghigian,MeridianLink Mortgage Tier 15 (30-44 Closed Loans/Mon) no implementation- changed transaction fee from $104 to $103.25,
2023-01-03,Kara Soghigian,MeridianLink Mortgage Tier 2 (900-1199 Closed Loans/Mon) no implementation- changed transaction fee from $46 to $49,
2023-01-03,Kara Soghigian,MeridianLink Mortgage Tier 3 (675-899 Closed Loans/Mon) no implementation- changed transaction fee from $47.75 to $52.25,
2023-01-03,Kara Soghigian,MeridianLink Mortgage Tier 4 (525-674 Closed Loans/Mon) no implementation- changed transaction fee from $49.25 to $55.25,
2023-01-03,Kara Soghigian,MeridianLink Mortgage Tier 5 (400-524 Closed Loans/Mon) no implementation- changed transaction fee from $51.25 to $58.5,
2023-01-03,Kara Soghigian,MeridianLink Mortgage Tier 6 (300-399 Closed Loans/Mon) no implementation- changed transaction fee from $54 to $62.25,
2023-01-03,Kara Soghigian,MeridianLink Mortgage Tier 7 (225-299 Closed Loans/Mon) no implementation- changed transaction fee from $57.25 to $66.5,
2023-01-03,Kara Soghigian,MeridianLink Mortgage Tier 8 (170-224 Closed Loans/Mon) no implementation- changed transaction fee from $59.75 to $70.75,
2023-01-03,Kara Soghigian,MeridianLink Mortgage Tier 9 (135-169 Closed Loans/Mon) no implementation- changed transaction fee from $62.75 to $74.25,
2023-01-03,Kara Soghigian,DealerTrack (DecisionLender)- changed transaction fee from $3.68 to $4.05,
2023-01-03,Kara Soghigian,Black Book Motorcycle- changed transaction fee from $0.43 to $0.5,
2023-01-03,Kara Soghigian,NADA Motorcycle Values- changed transaction fee from $0.43 to $0.5,
2023-01-03,Kara Soghigian,NADA Used Car Values- changed transaction fee from $0.43 to $0.5,
2023-01-03,Kara Soghigian,TransUnion IDMV & IDMA- changed transaction fee from $2.5724 to $2.95,
2023-01-03,Kara Soghigian,TransUnion IDMV- changed transaction fee from $1.43 to $1.65,
2023-01-03,Kara Soghigian,RouteOne (Consumer)- changed transaction fee from $3.68 to $3.75,
2023-01-03,Kara Soghigian,CoreLogic GeoAVM (MeridianLink Consumer)- changed transaction fee from $26.25 to $28.9,
2023-01-03,Kara Soghigian,CoreLogic Home Value Explorer (HVE) - MeridianLink Consumer- changed transaction fee from $21 to $23.1,
2023-01-03,Kara Soghigian,CoreLogic IVAL (Consumer)- changed transaction fee from $2 to $2.2,
2023-01-03,Kara Soghigian,CoreLogic PASS (Consumer)- changed transaction fee from $2 to $2.2,
2023-01-03,Kara Soghigian,Flood Transaction (Consumer)- changed transaction fee from $1 to $1.1,
2023-01-03,Kara Soghigian,PMC (Consumer)- changed transaction fee from $2 to $2.2,
2023-01-03,Kara Soghigian,Cross Core Precise ID- changed transaction fee from $1.95 to $4,
2023-01-03,Kara Soghigian,Black Book (Consumer)- changed transaction fee from $0.43 to $0.5,
2023-01-03,Kara Soghigian,KBB- changed transaction fee from $0.43 to $0.5,
2023-01-03,Kara Soghigian,NADA- changed transaction fee from $0.43 to $0.5,
2023-01-03,Kara Soghigian,NADA Other- changed transaction fee from $0.43 to $0.5,
2023-01-03,Kara Soghigian,Credit Assure- changed transaction fee from $0.053 to $0.06,
2023-01-03,Kara Soghigian,CX Bundle- changed transaction fee from $0.5 to $0.55,
2023-01-03,Kara Soghigian,TrendScape- changed transaction fee from $0.06 to $0.07,
2023-01-03,Kara Soghigian,Freddie Mac LQA Secondary Use - Individual- changed transaction fee from $-14 to $-1234,
2023-01-03,Kara Soghigian,Freddie Mac LQA Secondary Use - Joint- changed transaction fee from $-28 to $-1234,
2023-01-03,Kara Soghigian,Attachments over 5 MB- changed transaction fee from $0.26 to $0.29,
2023-01-03,Kara Soghigian,BackgroundConnect per Transaction- changed transaction fee from $3 to $3.26,
2023-01-03,Kara Soghigian,Consent Identity Verification (CIV) - Fail- changed transaction fee from $1.04 to $1.13,
2023-01-03,Kara Soghigian,Consent Identity Verification (CIV) - Success- changed transaction fee from $5.2 to $5.65,
2023-01-03,Kara Soghigian,Credit Report- changed transaction fee from $0.1 to $0.11,
2023-01-03,Kara Soghigian,CreditConnect per Transaction- changed transaction fee from $2 to $2.17,
2023-01-03,Kara Soghigian,Form I-9 Verification- changed transaction fee from $0.26 to $0.29,
2023-01-03,Kara Soghigian,QuickLease Pro Per Applicant - Lease Plan- changed transaction fee from $1.5 to $1.63,
2023-01-03,Kara Soghigian,QuickLease Pro Per Applicant - Standard Plan- changed transaction fee from $0.66 to $0.72,
2023-01-03,Kara Soghigian,QuickLease Pro Per Applicant - Upload Plan- changed transaction fee from $1 to $1.09,
2023-01-03,Kara Soghigian,QuickLease Pro Per Applicant - Upload Plan,
2023-01-03,Kara Soghigian,Engage - Managed Service changed Primary Service Category from Primary Service to Add On- MeridianLink Consulting,
2023-01-03,Kara Soghigian,Explore - MC MPA Total Txn Tier 1: >25M changed Primary Service Category from Primary Service to Add On- Monthly Volume Triggers,
2023-01-03,Kara Soghigian,Explore - MC MPA Total Txn Tier 2: 10M-25M changed Primary Service Category from Primary Service to Add On- Monthly Volume Triggers,
2023-01-03,Kara Soghigian,Explore - MC MPA Total Txn Tier 3: 5M-10M changed Primary Service Category from Primary Service to Add On- Monthly Volume Triggers,
2023-01-03,Kara Soghigian,Explore - MC MPA Total Txn Tier 4: 2.5M-5M changed Primary Service Category from Primary Service to Add On- Monthly Volume Triggers,
2023-01-03,Kara Soghigian,Explore - MC MPA Total Txn Tier 5: 1M-2.5M changed Primary Service Category from Primary Service to Add On- Monthly Volume Triggers,
2023-01-03,Kara Soghigian,Explore - MC MPA Total Txn Tier 6: Up to 1M changed Primary Service Category from Primary Service to Add On- Monthly Volume Triggers,
2023-01-03,Kara Soghigian,"Reward - Relationship360 Tier 1 (>80,000 Accounts) changed Primary Service Category from Primary Service to Add On- Monthly Enrolled Accounts",
2023-01-03,Kara Soghigian,"Reward - Relationship360 Tier 2 (70,000-79,999 Accounts) changed Primary Service Category from Primary Service to Add On- Monthly Enrolled Accounts",
2023-01-03,Kara Soghigian,"Reward - Relationship360 Tier 3 (60,000-69,999 Accounts) changed Primary Service Category from Primary Service to Add On- Monthly Enrolled Accounts",
2023-01-03,Kara Soghigian,"Reward - Relationship360 Tier 4 (50,000-59,9999 Accounts) changed Primary Service Category from Primary Service to Add On- Monthly Enrolled Accounts",
2023-01-03,Kara Soghigian,"Reward - Relationship360 Tier 5 (40,000-49,999 Accounts) changed Primary Service Category from Primary Service to Add On- Monthly Enrolled Accounts",
2023-01-03,Kara Soghigian,"Reward - Relationship360 Tier 6 (30,000-39,999 Accounts) changed Primary Service Category from Primary Service to Add On- Monthly Enrolled Accounts",
2023-01-03,Kara Soghigian,"Reward - Relationship360 Tier 7 (20,000-29,999 Accounts) changed Primary Service Category from Primary Service to Add On- Monthly Enrolled Accounts",
2023-01-03,Kara Soghigian,"Reward - Relationship360 Tier 8 (10,000-19,9999 Accounts) changed Primary Service Category from Primary Service to Add On- Monthly Enrolled Accounts",
2023-01-03,Kara Soghigian,"Reward - Relationship360 Tier 9 (5,000-9,999 Accounts) changed Primary Service Category from Primary Service to Add On- Monthly Enrolled Accounts",
2023-01-03,Kara Soghigian,"Reward - Relationship360 Tier10 (<5,000 Accounts) changed Primary Service Category from Primary Service to Add On- Monthly Enrolled Accounts",
2023-01-03,Kara Soghigian,Equifax eIDverifier moved to Legacy products ,
2023-01-03,Kara Soghigian,Equifax eIDCompare moved to Legacy products,
2023-01-03,Kara Soghigian,Equifax eIDCompare with eIDVerifier moved to Legacy products,
2023-01-03,Kara Soghigian,Inbound Faxing - changed setup fee from $555 to $610.50,
2023-01-03,Kara Soghigian,Added WithClutch to Master Inventory tab,
2023-01-03,Kara Soghigian,Added Auto Financial Group (AFG) to Master Inventory Tab,
2023-01-03,Kara Soghigian,Added Marketing Pro- Reward to Master Inventory Tab,
2023-01-03,Kara Soghigian,Added First Innovations to Master Inventory Tab,
2023-01-03,Kara Soghigian,Added CrossCore FraudNet DRS to Master Inventory Tab,
2023-01-17,Kara Soghigian,JHA MeridianLink Consumer - Consumer Module changed Transaction product code to CONS-0013,
2023-01-17,Kara Soghigian,MeridianLink Consumer - Consumer Module changed Transaction product code to CONS-0013,
2023-01-17,Kara Soghigian,JHA MeridianLink Consumer - Business Module changed Transaction product code to CONS-0009,
2023-01-17,Kara Soghigian,MeridianLink Consumer - Business Module changed Transactoin product code to CONS-0009,
2023-01-17,Kara Soghigian,JHA MeridianLink Consumer - Home Equity Module changed Transaction product code to CONS-0022,
2023-01-17,Kara Soghigian,MeridianLink Consumer - Home Equity Module changed Transaction product code to CONS-0022,
2023-01-17,Kara Soghigian,JHA MeridianLink Consumer - Indirect Lending Module changed Transaction product code to CONS-0015,
2023-01-17,Kara Soghigian,MeridianLink Consumer - Indirect Lending Module changed Transaction product code to CONS-0015,
2023-01-17,Kara Soghigian,DL4 - Indirect Lending Module changed Transaction product code to TCI-0267,
2023-01-17,Kara Soghigian,JHA MeridianLink Opening Module changed Overage product code to CONS-0013,
2023-01-17,Kara Soghigian,TazWorks Software Platform changed Transaction product code to TAZ-0009,
2023-01-17,Kara Soghigian,MeridianLink Portal Mortgage changed Transaction product code to PORT-00006,
2023-01-17,Kara Soghigian,MeridianLink Opening Module changed Transaction product code to CONS-0423,
2023-01-17,Kara Soghigian,DL4 - Consumer Module changed Transaction product code to TCI-0242,
2023-01-17,Kara Soghigian,DL4 - Home Equity Module changed Transaction product code to TCI-0286,
2023-01-17,Kara Soghigian,"Moved CONS-0402, CONS-0400, CONS-0397, CONS-0401, CONS-0398, CONS-0399 to Additional Accounting Items for Modern Experience Module",
2023-01-17,Kara Soghigian,CULA Seamless Integration Annual Fee changed item code to SHARED-0143,
2023-01-17,Kara Soghigian,Explore - CO-OP Revelation New ETL changed setup product code to DATA-0106,
2023-01-17,Kara Soghigian,Explore - FIS Debit Insights New ETL changed setup product code to DATA-0106,
2023-01-17,Kara Soghigian,Explore - MC MPA New ETL changed setup product code to DATA-0106,
2023-01-17,Kara Soghigian,"Explore - MC MPA Total Txn All Tiers, changed setup product code to DATA-0108",
2023-01-17,Kara Soghigian,"Explore - MC MPA Total Txn All Tiers, changed annual fee product code to DATA-0113",
2023-01-17,Kara Soghigian,Explore Tech Enabled Marketing - Gift Cards - P-1 added setup item DATA-0099,
2023-01-17,Kara Soghigian,"Explore - FIS Debit Insights changed setup item to DATA-0104, changed annual fee item to DATA-0097, added transaction item DATA-0111",
2023-01-17,Kara Soghigian,"Explore - MC MPA Active Cards, all tiers- changed setup item to DATA-0115, changed annual fee item to DATA-0100",
2023-01-17,Kara Soghigian,"Explore Tech Enabled Marketing - Letter- D-1 added setup item DATA-0116, changed transaction item to DATA-0098",
2023-01-17,Kara Soghigian,"Explore Tech Enabled Marketing - Postcard- D-1 added setup item DATA-0103, changed transaction item to DATA-0102",
2023-01-17,Kara Soghigian,"Explore Tech Enabled Marketing - Self-Mailer- D-1 added setup item DATA-0112, changed transaction item to DATA-0110",
2023-01-17,Kara Soghigian,"Explore - CO-OP Revelation all levels/tiers- changed setup item to DATA-0096, changed annual fee item to DATA-0107",
2023-01-17,Kara Soghigian,"Atlas Lending- Advanced all tiers- changed setup item to CONS-0567, changed commitment item to CONS-0568, changed transaction item to CONS-0574",
2023-01-17,Kara Soghigian,"Atlas Lending- Complete changed setup item to CONS-0567, changed commitment item to CONS-0568, changed transaction item to CONS-0574",
2023-01-17,Kara Soghigian,"Atlas Lending- Enterprise changed setup item to CONS-0567, changed commitment item to CONS-0568, changed transaction item to CONS-0574",
2023-01-17,Kara Soghigian,"Reward - Relationship360 all tiers, changed setup item to DATA-0109",
2023-01-17,Kara Soghigian,Engage- Tech Enabled Marketing - Gift Cards Letter - P-1 changed transaction item to DATA-0121,
2023-01-17,Kara Soghigian,"Engage Tech Enabled Marketing - Home Banking -NCR added setup item DATA-0117, changed transaction item to DATA-0125",
2023-01-17,Kara Soghigian,"Engage- Tech Enabled Marketing- Letter- D1 added setup item DATA-0118, changed transaction item to DATA-0123",
2023-01-17,Kara Soghigian,"Engage- Tech Enabled Marketing- Postcard- D1 added setup item DATA-0119, changed transaction item to DATA-0124",
2023-01-17,Kara Soghigian,"Engage- Tech Enabled Marketing- Self Mailer- D1 added setup item DATA-0120, changed transaction fee to DATA-0122",
2023-01-17,Kara Soghigian,Postal Verification Database (PVD) changed setup fee to $1800,
2023-01-17,Kara Soghigian,CCMC Standard Export changed setup fee to $13225,
2023-01-17,Kara Soghigian,Core interface changed setup fee to $13225,
2023-01-17,Kara Soghigian,Corelation Interface changed setup fee to $13225,
2023-01-17,Kara Soghigian,Spectrum Pathways Interface changed setup fee to $13225,
2023-01-17,Kara Soghigian,Symitar Core Conversion (DecisionLender) changed setup fee to $13225,
2023-01-17,Kara Soghigian,Auto Counter Offer changed setup fee to $6190,
2023-01-17,Kara Soghigian,HYLS changed setup fee to $4490,
2023-01-17,Kara Soghigian,Image Transfer changed setup fee to $4410,
2023-01-17,Kara Soghigian,Archive files - Email notification of availability of monthly files in the Online Statement Management system changed setup fee to $910,
2023-01-17,Kara Soghigian,Inbound Faxing  changed setup fee to $615,
2023-01-17,Kara Soghigian,Mailing service - Additional Letter Templates changed setup fee to $430,
2023-01-17,Kara Soghigian,"Mailing service (1-2,499) changed setup fee to $1260",
2023-01-17,Kara Soghigian,"Mailing service (2,500-4,999) changed setup fee to $1260",
2023-01-17,Kara Soghigian,"Mailing service (5,000 and over) changed setup fee to $1260",
2023-01-17,Kara Soghigian,Indirect Document Package changed setup fee to $1145,
2023-01-17,Kara Soghigian,The Work Number changed setup fee to $3055,
2023-01-17,Kara Soghigian,Synergy Esign - DecisionLender changed setup fee to $4250,
2023-01-17,Kara Soghigian,IDV only changed setup fee to $1835,
2023-01-17,Kara Soghigian,Lexis Nexis – Instant ID  changed setup fee to $2520,
2023-01-17,Kara Soghigian,Lexis Nexis – Risk View  changed setup fee to $2520,
2023-01-17,Kara Soghigian,Carleton Monthly Payment Calculation changed setup fee to $185,
2023-01-17,Kara Soghigian,Cross-Sell (Existing Customers) changed setup fee to $4275,
2023-01-17,Kara Soghigian,CUAC Sub-Lender Standard Export changed setup fee to $7440,
2023-01-17,Kara Soghigian,DecisionLender Standard Data Dump changed setup fee to $13465,
2023-01-17,Kara Soghigian,DecisionLender Standard Export changed setup fee to $13465,
2023-01-17,Kara Soghigian,Single SignOn via SAML changed setup fee to $5135,
2023-01-17,Kara Soghigian,Standard Data Warehouse Export – Hosted by Subscriber changed setup fee to $-1234,
2023-01-17,Kara Soghigian,DecisionLender Training changed setup fee to $305,
2023-01-17,Kara Soghigian,On Site Requirements Gathering changed setup fee to $-1234,
2023-01-17,Kara Soghigian,PS Hourly: 1-2 hours changed setup fee to $610,
2023-01-17,Kara Soghigian,PS Hourly: 3-4 hours changed setup fee to $1220,
2023-01-17,Kara Soghigian,PS Hourly: 5+ hours changed setup fee to $1525,
2023-01-17,Kara Soghigian,Carfax Vehicle History and/or Vehicle Loss Report (DecisionLender4) changed setup fee to $1800,
2023-01-17,Kara Soghigian,Allied Solutions IQQ changed setup fee to $3000,
2023-01-17,Kara Soghigian,Protection Advisor changed setup fee to $3000,
2023-01-17,Kara Soghigian,"NADA. Guide Data - Classic, Collectible and Special Interest Car Values  changed setup fee to $305",
2023-01-17,Kara Soghigian,NADA. Guide Data - Marine Values  changed setup fee to $305,
2023-01-17,Kara Soghigian,"NADA. Guide Data - Motorcycle, Snowmobile, ATV, Personal Watercraft Values  changed setup fee to $305",
2023-01-17,Kara Soghigian,NADA. Guide Data - Recreational Vehicle Values changed setup fee to $305,
2023-01-17,Kara Soghigian,DL4 - Indirect Lending Module Tier 3 (2000-3999 apps) changed setup fee to $20385,
2023-01-17,Kara Soghigian,DL4 - Indirect Lending Module Tier 5 (500-999 apps) changed setup fee to $14390,
2023-01-17,Kara Soghigian,Finastra Application Exchange Interface changed setup fee to $13255,
2023-01-17,Kara Soghigian,Auto Counter Offer changed annual fee to $1800,
2023-01-17,Kara Soghigian,HYLS changed annual fee to $1800,
2023-01-17,Kara Soghigian,Image Transfer changed annual fee to $4410,
2023-01-17,Kara Soghigian,Inbound Faxing  changed annual fee to $2125,
2023-01-17,Kara Soghigian,Indirect Document Package changed annual fee to $575,
2023-01-17,Kara Soghigian,Laser Pro Export changed annual fee to $1260,
2023-01-17,Kara Soghigian,IMM eSignature on Premise changed annual fee to $1180,
2023-01-17,Kara Soghigian,Synergy Esign - DecisionLender changed annual fee to $4330,
2023-01-17,Kara Soghigian,AI Extract changed annual fee to $365,
2023-01-17,Kara Soghigian,CUAC Sub-Lender Standard Export changed annual fee to $3160,
2023-01-17,Kara Soghigian,DecisionLender Standard Data Dump changed annual fee to $3040,
2023-01-17,Kara Soghigian,DecisionLender Standard Export changed annual fee to $3040,
2023-01-17,Kara Soghigian,Single SignOn via SAML changed annual fee to $1855,
2023-01-17,Kara Soghigian,Standard Data Warehouse Export – Hosted by Subscriber changed annual fee to $(1234.00,
2023-01-17,Kara Soghigian,Propay changed annual fee to $1200,
2023-01-17,Kara Soghigian,Carfax Vehicle History and/or Vehicle Loss Report (DecisionLender4) changed annual fee to $635,
2023-01-17,Kara Soghigian,"NADA. Guide Data - Classic, Collectible and Special Interest Car Values  changed annual fee to $725",
2023-01-17,Kara Soghigian,NADA. Guide Data - Marine Values  changed annual fee to $725,
2023-01-17,Kara Soghigian,"NADA. Guide Data - Motorcycle, Snowmobile, ATV, Personal Watercraft Values  changed annual fee to $725",
2023-01-17,Kara Soghigian,NADA. Guide Data - Recreational Vehicle Values changed annual fee to $725,
2023-01-17,Kara Soghigian,DealerTrack Digital Contracting (DecisionLender) changed annual fee to $3300,
2023-01-17,Kara Soghigian,RouteOne eContracting (DecisionLender) added transaction fee of $1.10,
2023-01-17,Kara Soghigian,"Mailing service (1-2,499) changed commitment to $65.00",
2023-01-17,Kara Soghigian,"Mailing service (2,500-4,999) changed commitment to $65.00",
2023-01-17,Kara Soghigian,"Mailing service (5,000 and over) changed commitment to $65.00",
2023-01-17,Ryan Mumphrey,Consumer Multi-Module Discounts removed from Quote Builder,
2023-01-17,Ryan Mumphrey,Added Taz Quote Builder,
2023-01-19,Ryan Mumphrey,"ITBA removed links to dev EPC (IT-40325) which were creating workbook permissions, error pop-ups, and disabled content issues",
2023-02-16,Kara Soghigian,Added annual fee to D+H LaserPro,
2023-02-16,Kara Soghigian,Added annual fee to D+H DepositPro,
2023-02-16,Kara Soghigian,"Replaced Document Mapping (overage) - MeridianLink Opening (SHARED-0033) with Opening and Consumer (SHARED-0036, SHARED-0034 annual items)",
2023-02-16,Kara Soghigian,"Vanity URL, removed Annual Fee",
2023-02-16,Kara Soghigian,QuickLease Pro Vanity URL Annual Fee changed to TAZ-0016,
2023-02-16,Kara Soghigian,Changed Atlas Lending- Advanced to MeridianLink Business- Advanced,
2023-02-16,Kara Soghigian,Changed Atlas Lending- Complete to MeridianLink Business- Complete,
2023-02-16,Kara Soghigian,Changed Atlas Lending- EnterpriseMeridianLink Business- Enterprise,
2023-02-16,Kara Soghigian,Changed Primary Service StreetShares to MeridianLink Business,
2023-02-16,Kara Soghigian,Moved WithClutch from Master Inventory to Beta Products tab,
2023-02-16,Kara Soghigian,"Added DecisionLender Indirect Lending Advanced, Select, and Essentials Bundles",
2023-02-16,Kara Soghigian,Renamed MeridianLink Mortgage to MeridianLink Mortgage LendingQB,
2023-02-16,Kara Soghigian,Added MeridianLink Mortgage OpenClose Module,
2023-02-16,Kara Soghigian,Added MeridianLink Mortgage Access Module,
2023-02-16,Kara Soghigian,Added MeridiankLink Mortgage Insight,
2023-02-16,Kara Soghigian,Added Core Image Booking,
2023-02-16,Kara Soghigian,Added Standard Warehouse Extract Service,
2023-02-16,Kara Soghigian,Added White Glove Optical Document Recovery Service,
2023-02-16,Kara Soghigian,Added MeridianLink Mortgage Access Full Story,
2023-03-07,Kara Soghigian,TazWorks Software Platforms updated Monthly Minimum fees,
2023-03-07,Kara Soghigian,Moved Gravity Lending from Beta tab to Master Inventory,
2023-03-07,Kara Soghigian,Changed Lender Close Settlement Services to Coviance Settlement Services,
2023-03-07,Kara Soghigian,Added DecisionLender Prequalification Functionality,
2023-03-07,Kara Soghigian,Added Enhanced Grid Functionality,
2023-03-07,Kara Soghigian,Added Automatic USA,
2023-03-07,Kara Soghigian,Added LexisNexis FraudPoint,
2023-03-07,Kara Soghigian,Added Annual Fee item for DealerTrack Digital Contracting,
2023-03-07,Kara Soghigian,Added MTS Group Settlement Services,
2023-03-07,Kara Soghigian,Added Select Business Services,
2023-03-07,Kara Soghigian,Added CRIF Select to Beta Items,
2023-03-07,Kara Soghigian,Added LendOne Settlement Services,
2023-03-07,Kara Soghigian,Added United One Resources Settlement Services to Beta Items,
2023-03-07,Kara Soghigian,Additional Automated Actions- updated notes to reflect current list price of $1895,
2023-03-07,Kara Soghigian,Additional Scheduled Reports- updated notes to reflect current list price of $1895,
2023-03-07,Kara Soghigian,MeridiankLink Mortgage Insight Tier 3 (850-1000 Closed Loans/Month) Corrected Setup Price,
2023-03-07,Kara Soghigian,White Glove Optical Document Recognition Service added setup fee item code,
2023-03-07,Kara Soghigian,MeridianLink Mortgage Access Tier 14 (45-60 Closed Loans/Month) Corrected Commitment price,
2023-03-07,Kara Soghigian,"Removed Cross Core Precise ID SHARED items (SHARED-0130, SHARED-0131, SHARED-0132)",
2023-03-07,Kara Soghigian,DecisionLender Packages- updated upper bounds of tiers,
2023-03-07,Kara Soghigian,"DecisionLender Indirect Lending - Select Tier 2 (8,000-14,999 apps) corrected transaction price",
2023-03-07,Kara Soghigian,"DecisionLender Indirect Lending - Essentials Tier 2 (8000-14,999 apps) corrected transaction price",
2023-03-07,Kara Soghigian,DecisionLender Indirect Lending - Essentials Tier 3 (4000-7999 apps) corrected transaction price,
2023-03-07,Kara Soghigian,DecisionLender Indirect Lending - Essentials Tier 4 (3000-3999) corrected transaction price,
2023-03-07,Kara Soghigian,DecisionLender Indirect Lending - Essentials Tier 5 (2500-2999 apps) corrected transaction price,
2023-03-07,Kara Soghigian,DecisionLender Indirect Lending - Essentials Tier 6 (1000-2499 apps) corrected transaction price,
2023-03-07,Kara Soghigian,DecisionLender Indirect Lending - Essentials Tier 7 (750-999 apps) corrected transaction price,
2023-03-07,Kara Soghigian,DecisionLender Indirect Lending - Essentials Tier 8 (500-749 apps) corrected transaction price,
2023-03-07,Kara Soghigian,DecisionLender Indirect Lending - Essentials Tier 9 (250-499 apps) corrected transaction price,
2023-03-07,Kara Soghigian,DecisionLender Indirect Lending - Essentials Tier 10 (175-249 apps) corrected transaction price,
2023-03-07,Kara Soghigian,DecisionLender Indirect Lending - Essentials Tier 11 (100-175 apps) corrected transaction price,
2023-03-07,Kara Soghigian,"DecisionLender Indirect Lending - Select Tier 2 (8,000-14,999 apps) corrected monthly minimum",
2023-03-07,Kara Soghigian,"DecisionLender Indirect Lending - Essentials Tier 2 (8000-14,999 apps) corrected monthly minimum",
2023-03-07,Kara Soghigian,DecisionLender Indirect Lending - Essentials Tier 10 (175-250 apps) corrected monthly minimum,
2023-03-07,Kara Soghigian,Lending Science 360 (formerly Scoring Solutions) moved from Legacy to Master Inventory,
2023-03-07,Kara Soghigian,Added MeasureOne,
2023-03-07,Kara Soghigian,Added Conductiv to Beta products,
2023-03-07,Kara Soghigian,Added LexisNexis Verification of Occupancy to Beta products,
2023-03-07,Kara Soghigian,Added Mercury Insurance to Beta products,
2023-03-07,Kara Soghigian,Added Socure ID Verification,
2023-03-07,Kara Soghigian,Added Socure Doc Verification,
2023-03-07,Kara Soghigian,Removed CUDL- included as additional accounting item for Consumer Indirect Lending module. Cannot be sold independently.,
2023-03-07,Kara Soghigian,Added FourStars,
2023-03-07,Kara Soghigian,Updated upper bounds of OpenClose product tiers to align with ML Mortgage tiers,
2023-03-07,Kara Soghigian,Updated Taz Quote Builder pricing to reflect current TazWorks list price,
2023-03-08,Kara Soghigian,Moved Socure ID Verification from Master Inventory to Beta tab,
2023-03-08,Kara Soghigian,Moved Socure Doc Verification from Master Inventory to Beta tab,
2023-03-08,Kara Soghigian,Changed Primary Service Category of MeasureOne to Add On - Employment/Income/Asset Verification,
2023-03-08,Kara Soghigian,Corrected ML Mortgage lookup in Module Tiers tab,
2023-04-17,Kara Soghigian,Updated ML Opening Module Transaction and Overage product codes to CONS-0262,
2023-04-17,Kara Soghigian,Moved CONS-0431 (Document Mapping (deposits) - ML Entry) to Legacy Products tab,
2023-04-17,Kara Soghigian,Moved CONS-0432 (Document Mapping (loans) - ML Entry) to Legacy Products tab,
2023-04-17,Kara Soghigian,Added Fintel Connect to Beta Items,
2023-04-17,Kara Soghigian,Added Glia Integration to Beta Items,
2023-04-17,Kara Soghigian,Changed product code for Marketing Pro - Reward setup fee to SHARED-0380,
2023-04-17,Kara Soghigian,Changed product code for Marketing Pro - Reward annual fee to SHARED-0379,
2023-04-17,Kara Soghigian,"Changed product code for Atlas Lending Enterprise, Advanced, and Complete setup from CONS-0567 to STSH-0045",
2023-04-17,Kara Soghigian,"Changed product code for Atlas Lending Enterprise, Advanced, and Complete annual fee from CONS-0574 to STSH-0047",
2023-04-17,Kara Soghigian,"Changed product code for Atlas Lending Enterprise, Advanced, and Complete transaction fee from CONS-0568 to STSH-0046",
2023-04-17,Kara Soghigian,"Changed Primary Service Category for Engage- Tech Enabled Marketing - Email, Cash Back, Design, Explore, Home Banking, Letter, SMS, Self Mailer, Letter",
2023-04-17,Kara Soghigian,"Updated Primary Service Category from ""Add On- Explore Tech Enabled Marketing"" to ""Add On - Explore Tech Enabled Marketing"" (added space between On and Explore)",
2023-04-17,Kara Soghigian,Updated Product Name for DATA-0091 (Explore was misspelled),
2023-04-17,Kara Soghigian,Modern Experience Existing Customer changed price from $1085 to $1100,
2023-04-17,Ryan Mumphrey,Taz Quote Builder updated to reference pricing on Master Inventory tab,
2023-04-17,Ryan Mumphrey,Module Tiers tab updated to include MeridianLink Mortgage Access,
2023-04-17,Kara Soghigian,Updated MeridianLink Mortgage LendingQB to MeridianLink Mortgage LOS,
2023-04-17,Kara Soghigian,Moved Relationship360 All In to Legacy Products ,
2023-04-17,Kara Soghigian,Added Annual Fee for LexisNexis Instant ID,
2023-04-17,Kara Soghigian,Explore Marketing- Custom Creative Design moved to Legacy products,
2023-04-17,Kara Soghigian,Explore Marketing - Direct Mail - Postcard moved to Legacy products,
2023-04-17,Kara Soghigian,Explore Marketing - Direct Mail - Self Mailer moved to Legacy products,
2023-04-17,Kara Soghigian,Explore Marketing - Email moved to Legacy products,
2023-04-17,Kara Soghigian,Explore Marketing - Reward Gift Card moved to Legacy products,
2023-04-17,Kara Soghigian,Added setup product code for Engage- Tech Enabled Marketing - Explore- P-1,
2023-04-17,Kara Soghigian,Explore Tech Enabled Marketing - Gift Cards - P-1 changed transaction fee item ID from DATA-0073 to DATA-0105,
2023-04-17,Kara Soghigian,Added CreditXpert Global Minimum,
2023-04-17,Kara Soghigian,Carfax Vehicle History and/or Vehicle Loss Report (DecisionLender4) replaced product code TCI-0129 with SHARED-0166,
2023-04-17,Kara Soghigian,Carfax Vehicle History and/or Vehicle Loss Report (DecisionLender4) replaced product code TCI-0007 with SHARED-0226,
2023-04-17,Kara Soghigian,NADA Other replaced product code SHARED-0106 with SHARED-0079,
2023-04-17,Kara Soghigian,NADA Other replaced product code SHARED-0052 with SHARED-0053,
2023-04-17,Kara Soghigian,Freddie Mac Setup removed usage fee,
2023-04-17,Kara Soghigian,KBB replaced product code SHARED-0050 with SHARED-0051,
2023-04-17,Kara Soghigian,Document Mapping (overage) DecisionLender Custom moved $375 fee from transaction to set up column,
2023-04-17,Kara Soghigian,Document Mapping (overage) DecisionLender Consumer changed setup fee to $375,
2023-04-17,Kara Soghigian,Document Mapping (overage) - DecisionLender4 Custom replaced product code SHARED-0141 with SHARED-0203,
2023-04-17,Kara Soghigian,Document Mapping (overage) - DecisionLender4 Consumer replaced product code SHARED-0203 with SHARED-0141,
2023-04-17,Kara Soghigian,Portal for ML Entry replaced product code PORT-0034 with PORT-0010,
2023-04-17,Kara Soghigian,"Added CRED-0077, $1200 annual fee (billed monthly) to AccountChek VOA 30, 60, 90 day and one time and monthly options",
2023-04-17,Kara Soghigian,"AccountChek VOA Monthly Minimum for 30, 60, 90 day and one time options moved to Legacy products",
2023-04-17,Kara Soghigian,Added Blend Identity Verification,
2023-04-17,Kara Soghigian,Added Blue Sage Identity Verification,
2023-04-17,Kara Soghigian,Added Blend Flood,
2023-04-17,Kara Soghigian,Added Blue Sage Flood,
2023-04-17,Kara Soghigian,Added Blend Automated Valuation Model,
2023-04-17,Kara Soghigian,Added Blue Sage Automated Valuation Model,
2023-04-17,Kara Soghigian,Moved Wayfinder (Consumer) to Legacy products,
2023-04-17,Kara Soghigian,Moved What-If Simulator (Consumer) to Legacy products,
2023-04-17,Kara Soghigian,Flood Transaction (Consumer) changed price to $1.00,
2023-04-17,Kara Soghigian,Added CCM Credit Card,
2023-05-19,Kara Soghigian,HC3 Mailing service changed Transaction product code from TCI-0268 to TCI-0102,
2023-05-19,Kara Soghigian,Moved WithClutch from Beta Products to Master Inventory tab,
2023-05-19,Kara Soghigian,Socure Doc Verification - updated transaction fee from $1.95 to $2.15,
2023-05-19,Kara Soghigian,Removed Socure Doc Verification from Master Inventory tab (should only exist in Beta),
2023-05-19,Kara Soghigian,Mortgage Access- added no set up fee options to each tier,
2023-05-19,Kara Soghigian,"Batch Field Update Service added setup and transaction fee product codes, changed setup price to $0 and transaction fee to ($1234) quote pricing",
2023-05-19,Kara Soghigian,Added Verafin to Beta tab,
2023-05-19,Kara Soghigian,DealerTrack Digital Contracting Per Vaulted Transaction added to Master Inventory Tab,
2023-06-05,Kara Soghigian,Plaid Instant Account Verification $10B+ AUM (Referral to Plaid) (Consumer) changed annual fee to $0,
2023-06-05,Kara Soghigian,"Plaid Instant Account Verification Tier 1: $3B to $10B AUM (Consumer) changed annual fee to $24,840",
2023-06-05,Kara Soghigian,"Plaid Instant Account Verification Tier 2: $1B to $3B AUM (Consumer) changed annual fee to $13,800",
2023-06-05,Kara Soghigian,Plaid Instant Account Verification Tier 3: <$1B AUM (Consumer) changed annual fee to $6900,
2023-06-05,Kara Soghigian,Zest Custom Score changed annual fee to $0,
2023-06-05,Ryan Mumphrey,Corrected error linking to external file,
2023-06-13,Kara Soghigian,Zest Custom Score changed setup fee to $0,
2023-06-29,Kara Soghigian,"MeridianLink Mortgage Access, Primary Service Category from Primary Service to Add On - Open Close",
2023-06-29,Kara Soghigian,"Portal, Conductiv moved from Beta to Master Inventory tab",
2023-06-29,Kara Soghigian,"Explore - FIS Debit Insights, added Commitment item",
2023-06-29,Kara Soghigian,Added Premium Plus Support (Consumer) to Master Inventory,
2023-06-29,Kara Soghigian,Added Experian PowerCurve (Consumer) to Master Inventory,
2023-06-29,Kara Soghigian,DealerTrack Digital Contracting Per Valuted added Commitment Item,
2023-06-29,Kara Soghigian,Added Data Connect to Master Inventory,
2023-06-29,Kara Soghigian,Added Data Connect & MeridianLink Insight Bundle to Master Inventory,
2023-06-29,Kara Soghigian,Updated MeasureOne to MeasureOne Education,
2023-06-29,Kara Soghigian,Added MeasureOne Income & Employment to Master Inventory,
2023-06-29,Kara Soghigian,Added MeasureOne Bank Verification to Master Inventory,
2023-06-29,Kara Soghigian,Added RouteOne TOLEC to Master Inventory,
2023-06-29,Kara Soghigian,Vanity URL increased setup fee from $114 to $600,
2023-08-01,Kara Soghigian,Added Automated Supplements to Beta Products,
2023-08-01,Kara Soghigian,Added Mortgage LOS Subordinate Liens to Master Inventory,
2023-08-01,Kara Soghigian,Added Advanced Decisioning for New and Existing Customers to Master Inventory,
2023-08-01,Kara Soghigian,Added DealerTrack eContracting (Consumer) to Master Inventory,
2023-08-01,Kara Soghigian,Added DealerTrack eContracting Authoritative Copy Conversion (ACC) (Consumer) to Master Inventory,
2023-08-01,Kara Soghigian,Added DealerTrack eContracting Per Vaulted Transaction (Consumer) to Master Inventory,
2023-08-01,Kara Soghigian,Data Connect & MeridianLink Insight Bundle changed setup product code from INSI-0009 to INSI-0012,
2023-08-01,Kara Soghigian,AutoCheck with Buyback Protection changed commitment item to CONS-0599,
2023-08-01,Kara Soghigian,AutoCheck changed commitment item to CONS-0437,
2023-08-10,Kara Soghigian,Moved DealerTrack eContracting Authoritative Copy Conversion (ACC) (Consumer) to Legacy Products,
2023-08-07,Kara Soghigian,Updated DealerTrack eContracting Per Vaulted Transaction fee to $0.50,
2023-09-11,Kara Soghigian,Removed Premium Plus Support from Master Inventory,
2023-09-11,Kara Soghigian,"Added Monthly Criminal Monitoring Service from DataDivers (1-year, 12 updates) to Master Inventory",
2023-09-11,Kara Soghigian,"Added Annual Criminal Monitoring Service from DataDivers (1-year, 1 update) to Master Inventory",
2023-09-11,Kara Soghigian,"Added Semi-Annual Criminal Monitoring Service from DataDivers (1-year, 2 updates) to Master Inventory",
2023-09-11,Kara Soghigian,"Added Weekly Criminal Monitoring Service from DataDivers (1-year, 52 updates) to Master Inventory",
2023-09-11,Kara Soghigian,Added DocuSign Enterprise SMS Delivery to Master Inventory,
2023-09-11,Kara Soghigian,Added MeridianLink Mortgage Cenlar Data Extract Service to Master Inventory,
2023-09-11,Kara Soghigian,Added MeridianLink Mortgage Test (Beta) Environment to Master Inventory,
2023-09-11,Kara Soghigian,Added MeridianLink Mortgage Test (Beta) Environment Resync from Production to Master Inventory,
2023-09-11,Kara Soghigian,Added Solutions by Text to Master Inventory,
2023-09-11,Kara Soghigian,Added Lightico to Master Inventory,
2023-09-11,Kara Soghigian,Added Financial Statement Services Mailing Documents Envelope to Beta Products,
2023-09-11,Kara Soghigian,Added Equifax InstaTouch (DecisionLender) to Beta Products,
2023-09-11,Kara Soghigian,"MeridianLink Mortgage Access Full Story transaction fees removed, increased setup fees",
2023-09-11,Kara Soghigian,Moved MeridianLink Portal Mortgage to Legacy Products,
2023-09-11,Kara Soghigian,"Moved MeridianLink Portal Mortgage - AccountChek (30,60,90 day and one time monitoring to Legacy Products",
2023-09-11,Kara Soghigian,Moved MeridianLink Portal Mortgage - Site Analytics to Legacy Products,
2023-09-11,Kara Soghigian,Moved MeridianLink Portal - Additional Portal (Mortgage) to Legacy Products,
2023-09-11,Kara Soghigian,Moved MeridianLink Portal - Custom URL (Mortgage) to Legacy Products,
2023-09-11,Kara Soghigian,Moved MeridianLink Portal - Equifax InstaTouch (Mortgage) to Legacy Products,
2023-09-11,Kara Soghigian,Moved MeridianLink Portal - Home Banking SSO (Mortgage) to Legacy Products,
2023-09-11,Kara Soghigian,Moved Socure Doc and ID Verification from Beta to Master Inventory,
2023-09-13,Kara Soghigian,"Alpharank, added Tier 1: $10B+ AUM",
2023-09-13,Kara Soghigian,Alpharank T2 updated $2B-$10B AUM,
2023-09-13,Kara Soghigian,Alpharank T3 updated $500M-$2B AUM,
2023-09-13,Kara Soghigian,Alpharank T4 updated <$500M AUM,
2023-09-13,Kara Soghigian,Alpharank annual fees increased across all tiers,
2023-09-13,Kara Soghigian,Added setup fees to Socure Doc and ID Verification,
2023-10-19,Kara Soghigian,Added Imaging (Mortgage DocDownload) to Master Inventory,
2023-10-19,Kara Soghigian,Updated tier names and pricing for Mortgage Test (Beta) Environment,
2023-10-19,Kara Soghigian,Updated tier names and pricing for Mortgage Test (Beta) Environment Resync,
2023-10-19,Kara Soghigian,Added D+H LaserPro for ML Business to Master Inventory,
2023-10-19,Kara Soghigian,Added D+H LaserPro Plus for ML Business to Master Inventory,
2023-10-19,Kara Soghigian,Added $7500 Setup fee to ML Business Advanced,
2023-10-19,Kara Soghigian,"Combined Socure ID & Doc Verification to one service with transaction fee of $4.30, updated name to include Socure",
2023-10-19,Kara Soghigian,Moved MeridianLink Mortgage Access Full Story to Legacy Products,
2023-10-19,Kara Soghigian,Added Transaction fee SHARED-0371 to Admin Pro- per hour overage fee,
2023-10-19,Kara Soghigian,Removed DealerTrack eContracting Per Vaulted Transaction for DecisionLender,
2023-10-19,Kara Soghigian,Added MeridianLink Access to Master Inventory,
2023-10-19,Kara Soghigian,Removed United One Settlement Services from Beta Products,
2023-10-19,Kara Soghigian,Changed United One Settlement Services to United One Resources (Master Inventory),
2023-10-19,Kara Soghigian,"Updated pricing for CCM Credit Card: Setup fee: $4410, Annual Fee: $1895",
2023-10-19,Kara Soghigian,Changed name of CrossCore Fraudnet DRS to Experian Digital Risk Score and moved from DecisionLender to Consumer/Opening for ML Portal,
2023-10-19,Kara Soghigian,Moved Engage Card Module to Legacy Products,
2023-10-19,Kara Soghigian,Moved Engage Account Module to Legacy Products,
2023-10-19,Kara Soghigian,Moved Engage - Additional Data Integration & Management to Legacy Products,
2023-10-19,Kara Soghigian,Moved Engage Consumer Lending Module to Legacy Products,
2023-10-19,Kara Soghigian,Changed name of Engage - Platform & Data Integration Mgmt to Engage Platform,
2023-10-19,Kara Soghigian,"Changed pricing of Engage Platform T1 to setup fee: $12,500, annual fee: $50,000",
2023-10-19,Kara Soghigian,"Changed pricing of Engage Platform T2 to setup fee: $12,500, annual fee: $40,000",
2023-10-19,Kara Soghigian,"Changed pricing of Engage Platform T3 to setup fee: $12,500, annual fee: $28,000",
2023-10-19,Kara Soghigian,"Changed pricing of Engage Platform T1 to setup fee: $12,500, annual fee: $20,000",
2023-10-19,Kara Soghigian,Added Engage Lite to Master Inventory,
2023-10-19,Kara Soghigian,Changed name of FirstClose DLP to FirstClose Equity IQ,
2023-10-19,Kara Soghigian,Removed CRIF Select from Beta Products,
2023-10-19,Kara Soghigian,Updated Primary Service Category for WithClutch to Add On - Lead Intake,
2023-10-19,Kara Soghigian,Changed WithClutch Primary Service from DecisionLender to ML Consumer/Opening,
2023-10-19,Kara Soghigian,Updated COCC (Consumer) product codes to CONS-0604 (Setup Fee) and CONS-0605 (Recurring Fee),
2023-10-19,Kara Soghigian,"Updated COCC (Consumer) Annual Fee pricing to T1: $30,000, T2: $25,000, T3: $20,000, T4: $15,000, T5: $10,000, T6: $8500",
2023-10-19,Kara Soghigian,"MeridianLink Consumer - Consumer Module added additional 5 tiers, renamed existing tiers",
2023-10-19,Kara Soghigian,"MeridianLink Consumer - Indirect Lending Module added additional 5 tiers, renamed existing tiers",
2023-10-19,Kara Soghigian,"MeridianLink Opening Module added additional 5 tiers, renamed existing tiers",
2023-10-19,Kara Soghigian,"JHA MeridianLink Consumer - Consumer Module added additional 5 tiers, renamed existing tiers",
2023-10-19,Kara Soghigian,"JHA MeridianLink Consumer - Indirect Lending Module added additional 5 tiers, renamed existing tiers",
2023-10-19,Kara Soghigian,"JHA MeridianLink Opening Module added additional 5 tiers, renamed existing tiers",
2023-10-19,Ryan Mumphrey,Removed Portal for Mortgage from Module Tiers Tab,
2023-10-19,Ryan Mumphrey,"Added new tiers/updated existing tiers for ML Consumer- Consumer Module, Opening Module, Indirect Module and ML Consumer JHA Consumer Module, Opening Module and Indirect Module",
2023-10-20,Kara Soghigian,Added Socure Portfolio Scrub to Master Inventory,
2023-10-20,Kara Soghigian,"Allied Solutions IQQ changed to SHARED product codes, added for ML Consumer/Opening",
2023-10-20,Kara Soghigian,"Changed Alpharank to Initial and Each Additional Service, updated pricing, added for ML Mortgage",
2024-01-02,Kara Soghigian,Added Business Credit Card to ML Businss,
2024-01-02,Kara Soghigian,CoreLogic GeoAVM replaced Setup Item with SHARED-0094,
2024-01-02,Kara Soghigian,"MeasureOne Bank Deposit Verification changed setup fee to SHARED-0412, changed Transaction Item to SHARED-0407",
2024-01-02,Kara Soghigian,"MeasureOne Income & Employment changed setup fee to SHARED-0409, changed Transaction Fee to SHARED-0408",
2024-01-02,Kara Soghigian,MeridianLink Portal ML Entry replaced Setup Item with PORT-0034,
2024-01-02,Kara Soghigian,Moved Engage - Advanced Modeling to Legacy Products,
2024-01-02,Kara Soghigian,"Updated the following MCL products to tiered pricing: Business Credit Reports, Comparison Report, CBSV, CoreLogic Home Value Explorer, Wayfinder, VOE Products, Faxes, Flood Transactions, Manual VOE, Mortgage Participant Verification, PitchPoint SSA-89, Service Flood Postback, Verification of Employment Ordered from National Credit-reporting System, Encompass Integration, What-If Simulator",
2024-01-02,Kara Soghigian,Updated tier structure for ML Businss,
2024-01-02,Kara Soghigian,Alkami Quick Apply changed product codes to SHARED-0324 (Setup) and SHARED-0269 (Annual Fee),
2024-01-02,Kara Soghigian,Added DATA-0117 setup item to Engage Tech Enabled Marketing Home Banking,
2024-01-02,Kara Soghigian,Lexis Nexis – Instant ID removed Transaction fee,
2024-01-02,Kara Soghigian,LexisNexis FraudPoint removed Transaction fee,
2024-01-02,Kara Soghigian,Lexis Nexis – Risk View removed Transaction fee,
2024-01-02,Kara Soghigian,Lexis Nexis Verification of Occupancy (Beta) removed Transaction fee,
2024-01-02,Kara Soghigian,Core interface (DecisionLender) moved to Legacy products,
2024-01-02,Kara Soghigian,DataSafe (DecisionLender) moved to Legacy products,
2024-01-02,Kara Soghigian,HYLS (DecisionLender) moved to Legacy products,
2024-01-02,Kara Soghigian,AI Extract (DecisionLender) moved to Legacy products,
2024-01-02,Kara Soghigian,Propay (DecisionLender) moved to Legacy products,
2024-01-02,Kara Soghigian,MeridianLink Consumer - Consumer Module (ML Entry) changed transaction product code from CONS-0013 to CONS-0426,
2024-01-02,Kara Soghigian,Decisioning Optimization moved to Legacy products,
2024-01-02,Kara Soghigian,Postal Verification Database (PVD) setup fee changed to $1980,
2024-01-02,Kara Soghigian,Consumer Portal setup fee changed to $27105,
2024-01-02,Kara Soghigian,Tru Decision setup fee changed to $12100,
2024-01-02,Kara Soghigian,LexisNexis Verification of Occupancy setup fee changed to $2775,
2024-01-02,Kara Soghigian,PS Hourly: 1-2 hours setup fee changed to $660,
2024-01-02,Kara Soghigian,PS Hourly: 3-4 hours setup fee changed to $1320,
2024-01-02,Kara Soghigian,PS Hourly: 5+ hours setup fee changed to $1650,
2024-01-02,Kara Soghigian,Allied Solutions IQQ setup fee changed to $3300,
2024-01-02,Kara Soghigian,Frost Visual Gap setup fee changed to $4235,
2024-01-02,Kara Soghigian,Protection Advisor setup fee changed to $3300,
2024-01-02,Kara Soghigian,"NADA. Guide Data - Classic, Collectible and Special Interest Car Values  setup fee changed to $340",
2024-01-02,Kara Soghigian,NADA. Guide Data - Marine Values  setup fee changed to $340,
2024-01-02,Kara Soghigian,"NADA. Guide Data - Motorcycle, Snowmobile, ATV, Personal Watercraft Values  setup fee changed to $340",
2024-01-02,Kara Soghigian,NADA. Guide Data - Recreational Vehicle Values setup fee changed to $340,
2024-01-02,Kara Soghigian,"DecisionLender Indirect Lending - Advanced Tier 1 (15,000+ apps) setup fee changed to $67100",
2024-01-02,Kara Soghigian,"DecisionLender Indirect Lending - Advanced Tier 2 (8,000-14,999 apps) setup fee changed to $67100",
2024-01-02,Kara Soghigian,"DecisionLender Indirect Lending - Advanced Tier 3 (4,000-7,999 apps) setup fee changed to $67100",
2024-01-02,Kara Soghigian,"DecisionLender Indirect Lending - Advanced Tier 4 (3,000-3,999 apps) setup fee changed to $67100",
2024-01-02,Kara Soghigian,"DecisionLender Indirect Lending - Advanced Tier 5 (2,500-2,999 apps) setup fee changed to $67100",
2024-01-02,Kara Soghigian,"DecisionLender Indirect Lending - Essentials Tier 1 (15,000+ apps) setup fee changed to $10065",
2024-01-02,Kara Soghigian,DecisionLender Indirect Lending - Essentials Tier 10 (175-249 apps) setup fee changed to $10065,
2024-01-02,Kara Soghigian,DecisionLender Indirect Lending - Essentials Tier 11 (100-174 apps) setup fee changed to $10065,
2024-01-02,Kara Soghigian,"DecisionLender Indirect Lending - Essentials Tier 2 (8,000-14,999 apps) setup fee changed to $10065",
2024-01-02,Kara Soghigian,"DecisionLender Indirect Lending - Essentials Tier 3 (4,000-7,999 apps) setup fee changed to $10065",
2024-01-02,Kara Soghigian,"DecisionLender Indirect Lending - Essentials Tier 4 (3,000-3,999) setup fee changed to $10065",
2024-01-02,Kara Soghigian,"DecisionLender Indirect Lending - Essentials Tier 5 (2,500-2,999 apps) setup fee changed to $10065",
2024-01-02,Kara Soghigian,"DecisionLender Indirect Lending - Essentials Tier 6 (1,000-2,499 apps) setup fee changed to $10065",
2024-01-02,Kara Soghigian,DecisionLender Indirect Lending - Essentials Tier 7 (750-999 apps) setup fee changed to $10065,
2024-01-02,Kara Soghigian,DecisionLender Indirect Lending - Essentials Tier 8 (500-749 apps) setup fee changed to $10065,
2024-01-02,Kara Soghigian,DecisionLender Indirect Lending - Essentials Tier 9 (250-499 apps) setup fee changed to $10065,
2024-01-02,Kara Soghigian,"DecisionLender Indirect Lending - Select Tier 1 (15,000+ apps) setup fee changed to $40260",
2024-01-02,Kara Soghigian,"DecisionLender Indirect Lending - Select Tier 2 (8,000-14,999 apps) setup fee changed to $40260",
2024-01-02,Kara Soghigian,"DecisionLender Indirect Lending - Select Tier 3 (4,000-7,999 apps) setup fee changed to $40260",
2024-01-02,Kara Soghigian,"DecisionLender Indirect Lending - Select Tier 4 (3,000-3,999 apps) setup fee changed to $40260",
2024-01-02,Kara Soghigian,"DecisionLender Indirect Lending - Select Tier 5 (2,500-2,999 apps) setup fee changed to $40260",
2024-01-02,Kara Soghigian,"DecisionLender Indirect Lending - Select Tier 6 (1,000-2,499 apps) setup fee changed to $40260",
2024-01-02,Kara Soghigian,DecisionLender Indirect Lending - Select Tier 7 (750-999 apps) setup fee changed to $40260,
2024-01-02,Kara Soghigian,DecisionLender Indirect Lending - Select Tier 8 (500-749 apps) setup fee changed to $40260,
2024-01-02,Kara Soghigian,DL4 - Consumer Module setup fee changed to $27105,
2024-01-02,Kara Soghigian,DL4 - Home Equity Module setup fee changed to $20150,
2024-01-02,Kara Soghigian,DL4 - Indirect Lending Module Tier 1 (8000+ apps) setup fee changed to $39570,
2024-01-02,Kara Soghigian,DL4 - Indirect Lending Module Tier 2 (4000-7999 apps) setup fee changed to $26380,
2024-01-02,Kara Soghigian,DL4 - Indirect Lending Module Tier 3 (2000-3999 apps) setup fee changed to $22425,
2024-01-02,Kara Soghigian,DL4 - Indirect Lending Module Tier 4 (1000-1999 apps) setup fee changed to $19785,
2024-01-02,Kara Soghigian,DL4 - Indirect Lending Module Tier 5 (500-999 apps) setup fee changed to $15830,
2024-01-02,Kara Soghigian,DL4 - Indirect Lending Module Tier 6 (250-499 apps) setup fee changed to $13190,
2024-01-02,Kara Soghigian,Lightico setup fee changed to $2860,
2024-01-02,Kara Soghigian,Solutions by Text setup fee changed to $2860,
2024-01-02,Kara Soghigian,CCMC Standard Export setup fee changed to $14550,
2024-01-02,Kara Soghigian,Core interface setup fee changed to $14550,
2024-01-02,Kara Soghigian,Corelation Interface setup fee changed to $14550,
2024-01-02,Kara Soghigian,CUBase (DecisionLender) setup fee changed to $14550,
2024-01-02,Kara Soghigian,CULA Seamless Integration setup fee changed to $3960,
2024-01-02,Kara Soghigian,DataSafe (DecisionLender) setup fee changed to $14550,
2024-01-02,Kara Soghigian,DealPack Export setup fee changed to $14550,
2024-01-02,Kara Soghigian,Finastra Application Exchange Interface setup fee changed to $14550,
2024-01-02,Kara Soghigian,FIS - ChexSystems setup fee changed to $2020,
2024-01-02,Kara Soghigian,FIS - Credit Card Export setup fee changed to $4940,
2024-01-02,Kara Soghigian,Goldpoint setup fee changed to $14550,
2024-01-02,Kara Soghigian,Lowenstein Export setup fee changed to $14550,
2024-01-02,Kara Soghigian,Megasys Export setup fee changed to $14550,
2024-01-02,Kara Soghigian,Nortridge NLS Export setup fee changed to $14550,
2024-01-02,Kara Soghigian,Portico (DecisionLender) setup fee changed to $14550,
2024-01-02,Kara Soghigian,Share Tech Export setup fee changed to $14550,
2024-01-02,Kara Soghigian,Shaw Solutions setup fee changed to $14550,
2024-01-02,Kara Soghigian,Spectrum Pathways Interface setup fee changed to $14550,
2024-01-02,Kara Soghigian,Symitar Core Conversion (DecisionLender) setup fee changed to $14550,
2024-01-02,Kara Soghigian,PSCU Export setup fee changed to $4940,
2024-01-02,Kara Soghigian,Auto Counter Offer setup fee changed to $6810,
2024-01-02,Kara Soghigian,DecisionLender Prequalification Functionality setup fee changed to $11000,
2024-01-02,Kara Soghigian,Enhanced Grid Functionality setup fee changed to $4675,
2024-01-02,Kara Soghigian,HYLS setup fee changed to $4940,
2024-01-02,Kara Soghigian,Lending Science 360 setup fee changed to $12100,
2024-01-02,Kara Soghigian,Image Transfer setup fee changed to $4855,
2024-01-02,Kara Soghigian,Imaging (DocDownload) setup fee changed to $4855,
2024-01-02,Kara Soghigian,Synergy Image Export setup fee changed to $4855,
2024-01-02,Kara Soghigian,Archive files - Email notification of availability of monthly files in the Online Statement Management system setup fee changed to $1010,
2024-01-02,Kara Soghigian,Inbound Faxing  setup fee changed to $1000,
2024-01-02,Kara Soghigian,Mailing service - Additional Letter Templates setup fee changed to $475,
2024-01-02,Kara Soghigian,"Mailing service (1-2,499) setup fee changed to $1390",
2024-01-02,Kara Soghigian,"Mailing service (2,500-4,999) setup fee changed to $1390",
2024-01-02,Kara Soghigian,"Mailing service (5,000 and over) setup fee changed to $1390",
2024-01-02,Kara Soghigian,Document Mapping (overage) - DecisionLender4 Consumer setup fee changed to $415,
2024-01-02,Kara Soghigian,Document Mapping (overage) - DecisionLender4 Custom setup fee changed to $415,
2024-01-02,Kara Soghigian,Indirect Document Package setup fee changed to $1260,
2024-01-02,Kara Soghigian,Laser Pro Export setup fee changed to $6720,
2024-01-02,Kara Soghigian,The Work Number setup fee changed to $3365,
2024-01-02,Kara Soghigian,DocuSign - Advanced API setup fee changed to $2020,
2024-01-02,Kara Soghigian,IMM eSignature Hosted (on SAS) setup fee changed to $2020,
2024-01-02,Kara Soghigian,IMM eSignature on Premise setup fee changed to $6715,
2024-01-02,Kara Soghigian,Synergy Esign - DecisionLender setup fee changed to $4675,
2024-01-02,Kara Soghigian,LexisNexis FraudPoint setup fee changed to $2775,
2024-01-02,Kara Soghigian,TransUnion Identity Manager ID Decision Bundle setup fee changed to $2020,
2024-01-02,Kara Soghigian,AI Extract setup fee changed to $1210,
2024-01-02,Kara Soghigian,IDV only setup fee changed to $2020,
2024-01-02,Kara Soghigian,Lexis Nexis – Instant ID  setup fee changed to $2775,
2024-01-02,Kara Soghigian,Lexis Nexis – Risk View  setup fee changed to $2775,
2024-01-02,Kara Soghigian,Automatic USA setup fee changed to $2750,
2024-01-02,Kara Soghigian,DealerTrack DDS  setup fee changed to $6720,
2024-01-02,Kara Soghigian,DealerTrack Digital Contracting (DecisionLender) setup fee changed to $3960,
2024-01-02,Kara Soghigian,DecisionLender DLX – One Way setup fee changed to $6055,
2024-01-02,Kara Soghigian,DecisionLender DLX – Two Way setup fee changed to $6055,
2024-01-02,Kara Soghigian,RouteOne eContracting (DecisionLender) setup fee changed to $3960,
2024-01-02,Kara Soghigian,API Web Services (DecisionLender) setup fee changed to $6050,
2024-01-02,Kara Soghigian,Carleton Monthly Payment Calculation setup fee changed to $205,
2024-01-02,Kara Soghigian,Champion Challenger setup fee changed to $6050,
2024-01-02,Kara Soghigian,Cross-Sell (Existing Customers) setup fee changed to $4705,
2024-01-02,Kara Soghigian,CUAC Sub-Lender Standard Export setup fee changed to $8185,
2024-01-02,Kara Soghigian,DecisionLender Standard Data Dump setup fee changed to $14815,
2024-01-02,Kara Soghigian,DecisionLender Standard Export setup fee changed to $14815,
2024-01-02,Kara Soghigian,Dedicated VPN Connection setup fee changed to $4860,
2024-01-02,Kara Soghigian,Disaster Recovery VPN setup fee changed to $4860,
2024-01-02,Kara Soghigian,Single SignOn via SAML setup fee changed to $5650,
2024-01-02,Kara Soghigian,Additional DecisionLender Sub-Lender setup fee changed to $2420,
2024-01-02,Kara Soghigian,DecisionLender Training setup fee changed to $340,
2024-01-02,Kara Soghigian,eContracting Rule Validation Package setup fee changed to $2990,
2024-01-02,Kara Soghigian,Carfax Vehicle History and/or Vehicle Loss Report (DecisionLender4) setup fee changed to $1980,
2024-01-02,Kara Soghigian,Point Predictive Integration setup fee changed to $6050,
2024-01-02,Kara Soghigian,Unity setup fee changed to $3330,
2024-01-02,Kara Soghigian,Consumer Portal annual fee changed to $19775,
2024-01-02,Kara Soghigian,Tru Decision annual fee changed to $5885,
2024-01-02,Kara Soghigian,Allied Solutions IQQ annual fee changed to $1180,
2024-01-02,Kara Soghigian,Frost Visual Gap annual fee changed to $1770,
2024-01-02,Kara Soghigian,Protection Advisor annual fee changed to $1180,
2024-01-02,Kara Soghigian,"NADA. Guide Data - Classic, Collectible and Special Interest Car Values  annual fee changed to $800",
2024-01-02,Kara Soghigian,NADA. Guide Data - Marine Values  annual fee changed to $800,
2024-01-02,Kara Soghigian,"NADA. Guide Data - Motorcycle, Snowmobile, ATV, Personal Watercraft Values  annual fee changed to $800",
2024-01-02,Kara Soghigian,NADA. Guide Data - Recreational Vehicle Values annual fee changed to $800,
2024-01-02,Kara Soghigian,Lightico annual fee changed to $2030,
2024-01-02,Kara Soghigian,Solutions by Text annual fee changed to $2030,
2024-01-02,Kara Soghigian,AccesSoftek SSO annual fee changed to $4045,
2024-01-02,Kara Soghigian,Digital Insight SSO annual fee changed to $4045,
2024-01-02,Kara Soghigian,Net Teller SSO annual fee changed to $4045,
2024-01-02,Kara Soghigian,CCMC Standard Export annual fee changed to $8830,
2024-01-02,Kara Soghigian,Core interface annual fee changed to $8830,
2024-01-02,Kara Soghigian,Corelation Interface annual fee changed to $8830,
2024-01-02,Kara Soghigian,CUBase (DecisionLender) annual fee changed to $8830,
2024-01-02,Kara Soghigian,CULA Seamless Integration annual fee changed to $3855,
2024-01-02,Kara Soghigian,DataSafe (DecisionLender) annual fee changed to $8830,
2024-01-02,Kara Soghigian,DealPack Export annual fee changed to $8830,
2024-01-02,Kara Soghigian,Finastra Application Exchange Interface annual fee changed to $8830,
2024-01-02,Kara Soghigian,FIS - ChexSystems annual fee changed to $1180,
2024-01-02,Kara Soghigian,FIS - Credit Card Export annual fee changed to $2030,
2024-01-02,Kara Soghigian,Goldpoint annual fee changed to $8830,
2024-01-02,Kara Soghigian,Lowenstein Export annual fee changed to $8830,
2024-01-02,Kara Soghigian,Megasys Export annual fee changed to $8830,
2024-01-02,Kara Soghigian,Nortridge NLS Export annual fee changed to $8830,
2024-01-02,Kara Soghigian,Portico (DecisionLender) annual fee changed to $8830,
2024-01-02,Kara Soghigian,Share Tech Export annual fee changed to $8830,
2024-01-02,Kara Soghigian,Shaw Solutions annual fee changed to $8830,
2024-01-02,Kara Soghigian,Spectrum Pathways Interface annual fee changed to $8830,
2024-01-02,Kara Soghigian,Symitar Core Conversion (DecisionLender) annual fee changed to $8830,
2024-01-02,Kara Soghigian,PSCU Export annual fee changed to $2030,
2024-01-02,Kara Soghigian,Auto Counter Offer annual fee changed to $1930,
2024-01-02,Kara Soghigian,DecisionLender Prequalification Functionality annual fee changed to $3210,
2024-01-02,Kara Soghigian,Enhanced Grid Functionality annual fee changed to $1070,
2024-01-02,Kara Soghigian,HYLS annual fee changed to $1930,
2024-01-02,Kara Soghigian,Lending Science 360 annual fee changed to $5350,
2024-01-02,Kara Soghigian,Image Transfer annual fee changed to $4725,
2024-01-02,Kara Soghigian,Imaging (DocDownload) annual fee changed to $4725,
2024-01-02,Kara Soghigian,Synergy Image Export annual fee changed to $4725,
2024-01-02,Kara Soghigian,Inbound Faxing  annual fee changed to $2275,
2024-01-02,Kara Soghigian,Inbound Faxing - Additional Storage annual fee changed to $455,
2024-01-02,Kara Soghigian,Document Mapping (loans) - DecisionLender annual fee changed to $4325,
2024-01-02,Kara Soghigian,Document Mapping (overage) - DecisionLender4 Consumer annual fee changed to $270,
2024-01-02,Kara Soghigian,Document Mapping (overage) - DecisionLender4 Custom annual fee changed to $270,
2024-01-02,Kara Soghigian,Indirect Document Package annual fee changed to $620,
2024-01-02,Kara Soghigian,Laser Pro Export annual fee changed to $1350,
2024-01-02,Kara Soghigian,The Work Number annual fee changed to $1180,
2024-01-02,Kara Soghigian,IMM eSignature on Premise annual fee changed to $1265,
2024-01-02,Kara Soghigian,Synergy Esign - DecisionLender annual fee changed to $4635,
2024-01-02,Kara Soghigian,LexisNexis FraudPoint annual fee changed to $1350,
2024-01-02,Kara Soghigian,AI Extract annual fee changed to $395,
2024-01-02,Kara Soghigian,Lexis Nexis – Instant ID  annual fee changed to $1350,
2024-01-02,Kara Soghigian,Automatic USA annual fee changed to $2675,
2024-01-02,Kara Soghigian,DealerTrack Digital Contracting (DecisionLender) annual fee changed to $3535,
2024-01-02,Kara Soghigian,DecisionLender DLX – One Way annual fee changed to $1765.5,
2024-01-02,Kara Soghigian,DecisionLender DLX – Two Way annual fee changed to $1765.5,
2024-01-02,Kara Soghigian,RouteOne eContracting (DecisionLender) annual fee changed to $3535,
2024-01-02,Kara Soghigian,MeridianLink Portal - Home Banking SSO (DecisionLender) annual fee changed to $4045,
2024-01-02,Kara Soghigian,API Web Services (DecisionLender) annual fee changed to $6415,
2024-01-02,Kara Soghigian,Champion Challenger annual fee changed to $7065,
2024-01-02,Kara Soghigian,Cross-Sell (Existing Customers) annual fee changed to $4945,
2024-01-02,Kara Soghigian,CUAC Sub-Lender Standard Export annual fee changed to $3385,
2024-01-02,Kara Soghigian,DecisionLender Standard Data Dump annual fee changed to $3255,
2024-01-02,Kara Soghigian,DecisionLender Standard Export annual fee changed to $3255,
2024-01-02,Kara Soghigian,Dedicated VPN Connection annual fee changed to $2650,
2024-01-02,Kara Soghigian,Disaster Recovery VPN annual fee changed to $2650,
2024-01-02,Kara Soghigian,Single SignOn via SAML annual fee changed to $1985,
2024-01-02,Kara Soghigian,Propay annual fee changed to $1285,
2024-01-02,Kara Soghigian,Additional DecisionLender Sub-Lender annual fee changed to $1180,
2024-01-02,Kara Soghigian,eContracting Rule Validation Package annual fee changed to $585,
2024-01-02,Kara Soghigian,Carfax Vehicle History and/or Vehicle Loss Report (DecisionLender4) annual fee changed to $680,
2024-01-02,Kara Soghigian,Point Predictive Integration annual fee changed to $2030,
2024-01-02,Kara Soghigian,Unity annual fee changed to $1180,
2024-01-02,Kara Soghigian,Application Storage (monthly payment) transaction fee changed to $0.0535,
2024-01-02,Kara Soghigian,"Black Book – Used Car, Motorcycle, Car values  transaction fee changed to $0.55",
2024-01-02,Kara Soghigian,Black Book history AV transaction fee changed to $0.55,
2024-01-02,Kara Soghigian,"NADA. Guide Data - Classic, Collectible and Special Interest Car Values  transaction fee changed to $0.55",
2024-01-02,Kara Soghigian,NADA. Guide Data - Marine Values  transaction fee changed to $0.55,
2024-01-02,Kara Soghigian,"NADA. Guide Data - Motorcycle, Snowmobile, ATV, Personal Watercraft Values  transaction fee changed to $0.55",
2024-01-02,Kara Soghigian,NADA. Guide Data - Recreational Vehicle Values transaction fee changed to $0.55,
2024-01-02,Kara Soghigian,"DecisionLender Indirect Lending - Advanced Tier 1 (15,000+ apps) transaction fee changed to $2.8",
2024-01-02,Kara Soghigian,"DecisionLender Indirect Lending - Advanced Tier 2 (8,000-14,999 apps) transaction fee changed to $2.9",
2024-01-02,Kara Soghigian,"DecisionLender Indirect Lending - Advanced Tier 3 (4,000-7,999 apps) transaction fee changed to $3.3",
2024-01-02,Kara Soghigian,"DecisionLender Indirect Lending - Advanced Tier 4 (3,000-3,999 apps) transaction fee changed to $3.55",
2024-01-02,Kara Soghigian,"DecisionLender Indirect Lending - Advanced Tier 5 (2,500-2,999 apps) transaction fee changed to $3.852",
2024-01-02,Kara Soghigian,"DecisionLender Indirect Lending - Essentials Tier 1 (15,000+ apps) transaction fee changed to $2.8",
2024-01-02,Kara Soghigian,DecisionLender Indirect Lending - Essentials Tier 10 (175-249 apps) transaction fee changed to $6.6,
2024-01-02,Kara Soghigian,DecisionLender Indirect Lending - Essentials Tier 11 (100-174 apps) transaction fee changed to $7.1,
2024-01-02,Kara Soghigian,"DecisionLender Indirect Lending - Essentials Tier 2 (8,000-14,999 apps) transaction fee changed to $2.9",
2024-01-02,Kara Soghigian,"DecisionLender Indirect Lending - Essentials Tier 3 (4,000-7,999 apps) transaction fee changed to $3.3",
2024-01-02,Kara Soghigian,"DecisionLender Indirect Lending - Essentials Tier 4 (3,000-3,999) transaction fee changed to $3.55",
2024-01-02,Kara Soghigian,"DecisionLender Indirect Lending - Essentials Tier 5 (2,500-2,999 apps) transaction fee changed to $3.852",
2024-01-02,Kara Soghigian,"DecisionLender Indirect Lending - Essentials Tier 6 (1,000-2,499 apps) transaction fee changed to $4.35",
2024-01-02,Kara Soghigian,DecisionLender Indirect Lending - Essentials Tier 7 (750-999 apps) transaction fee changed to $4.9,
2024-01-02,Kara Soghigian,DecisionLender Indirect Lending - Essentials Tier 8 (500-749 apps) transaction fee changed to $5.05,
2024-01-02,Kara Soghigian,DecisionLender Indirect Lending - Essentials Tier 9 (250-499 apps) transaction fee changed to $5.7,
2024-01-02,Kara Soghigian,"DecisionLender Indirect Lending - Select Tier 1 (15,000+ apps) transaction fee changed to $2.8",
2024-01-02,Kara Soghigian,"DecisionLender Indirect Lending - Select Tier 2 (8,000-14,999 apps) transaction fee changed to $2.9",
2024-01-02,Kara Soghigian,"DecisionLender Indirect Lending - Select Tier 3 (4,000-7,999 apps) transaction fee changed to $3.3",
2024-01-02,Kara Soghigian,"DecisionLender Indirect Lending - Select Tier 4 (3,000-3,999 apps) transaction fee changed to $3.55",
2024-01-02,Kara Soghigian,"DecisionLender Indirect Lending - Select Tier 5 (2,500-2,999 apps) transaction fee changed to $3.852",
2024-01-02,Kara Soghigian,"DecisionLender Indirect Lending - Select Tier 6 (1,000-2,499 apps) transaction fee changed to $4.35",
2024-01-02,Kara Soghigian,DecisionLender Indirect Lending - Select Tier 7 (750-999 apps) transaction fee changed to $4.9,
2024-01-02,Kara Soghigian,DecisionLender Indirect Lending - Select Tier 8 (500-749 apps) transaction fee changed to $5.05,
2024-01-02,Kara Soghigian,DL4 - Consumer Module transaction fee changed to $12,
2024-01-02,Kara Soghigian,DL4 - Home Equity Module transaction fee changed to $19.55,
2024-01-02,Kara Soghigian,DL4 - Indirect Lending Module Tier 1 (8000+ apps) transaction fee changed to $2.9,
2024-01-02,Kara Soghigian,DL4 - Indirect Lending Module Tier 2 (4000-7999 apps) transaction fee changed to $3.3,
2024-01-02,Kara Soghigian,DL4 - Indirect Lending Module Tier 3 (2000-3999 apps) transaction fee changed to $3.65,
2024-01-02,Kara Soghigian,DL4 - Indirect Lending Module Tier 4 (1000-1999 apps) transaction fee changed to $4.35,
2024-01-02,Kara Soghigian,DL4 - Indirect Lending Module Tier 5 (500-999 apps) transaction fee changed to $5.05,
2024-01-02,Kara Soghigian,DL4 - Indirect Lending Module Tier 6 (250-499 apps) transaction fee changed to $5.7,
2024-01-02,Kara Soghigian,"Mailing service (1-2,499) transaction fee changed to $1.5515",
2024-01-02,Kara Soghigian,"Mailing service (2,500-4,999) transaction fee changed to $1.498",
2024-01-02,Kara Soghigian,"Mailing service (5,000 and over) transaction fee changed to $1.25",
2024-01-02,Kara Soghigian,DocuSign - Advanced API transaction fee changed to $1.2,
2024-01-02,Kara Soghigian,IMM eSignature Hosted (on SAS) transaction fee changed to $1.2,
2024-01-02,Kara Soghigian,Automatic USA transaction fee changed to $4.3,
2024-01-02,Kara Soghigian,DealerTrack DDS  transaction fee changed to $1.2,
2024-01-02,Kara Soghigian,DealerTrack Digital Contracting (DecisionLender) transaction fee changed to $1.2,
2024-01-02,Kara Soghigian,RouteOne eContracting (DecisionLender) transaction fee changed to $1.2,
2024-01-02,Kara Soghigian,Carleton HOEPA/HPML Validation transaction fee changed to $0.21,
2024-01-02,Kara Soghigian,Carleton Regulation Z Calculation transaction fee changed to $0.21,
2024-01-02,Kara Soghigian,Black Book Motorcycle transaction fee changed to $0.55,
2024-01-02,Kara Soghigian,NADA Motorcycle Values transaction fee changed to $0.55,
2024-01-02,Kara Soghigian,NADA Used Car Values transaction fee changed to $0.55,
2024-01-02,Kara Soghigian,"DecisionLender Indirect Lending - Advanced Tier 1 (15,000+ apps) commitment changed to $42000",
2024-01-02,Kara Soghigian,"DecisionLender Indirect Lending - Advanced Tier 2 (8,000-14,999 apps) commitment changed to $23200",
2024-01-02,Kara Soghigian,"DecisionLender Indirect Lending - Advanced Tier 3 (4,000-7,999 apps) commitment changed to $13200",
2024-01-02,Kara Soghigian,"DecisionLender Indirect Lending - Advanced Tier 4 (3,000-3,999 apps) commitment changed to $10650",
2024-01-02,Kara Soghigian,"DecisionLender Indirect Lending - Advanced Tier 5 (2,500-2,999 apps) commitment changed to $9625",
2024-01-02,Kara Soghigian,"DecisionLender Indirect Lending - Essentials Tier 1 (15,000+ apps) commitment changed to $42000",
2024-01-02,Kara Soghigian,DecisionLender Indirect Lending - Essentials Tier 10 (175-249 apps) commitment changed to $1155,
2024-01-02,Kara Soghigian,DecisionLender Indirect Lending - Essentials Tier 11 (100-174 apps) commitment changed to $710,
2024-01-02,Kara Soghigian,"DecisionLender Indirect Lending - Essentials Tier 2 (8,000-14,999 apps) commitment changed to $23200",
2024-01-02,Kara Soghigian,"DecisionLender Indirect Lending - Essentials Tier 3 (4,000-7,999 apps) commitment changed to $13200",
2024-01-02,Kara Soghigian,"DecisionLender Indirect Lending - Essentials Tier 4 (3,000-3,999) commitment changed to $10650",
2024-01-02,Kara Soghigian,"DecisionLender Indirect Lending - Essentials Tier 5 (2,500-2,999 apps) commitment changed to $9630",
2024-01-02,Kara Soghigian,"DecisionLender Indirect Lending - Essentials Tier 6 (1,000-2,499 apps) commitment changed to $4350",
2024-01-02,Kara Soghigian,DecisionLender Indirect Lending - Essentials Tier 7 (750-999 apps) commitment changed to $3675,
2024-01-02,Kara Soghigian,DecisionLender Indirect Lending - Essentials Tier 8 (500-749 apps) commitment changed to $2525,
2024-01-02,Kara Soghigian,DecisionLender Indirect Lending - Essentials Tier 9 (250-499 apps) commitment changed to $1425,
2024-01-02,Kara Soghigian,"DecisionLender Indirect Lending - Select Tier 1 (15,000+ apps) commitment changed to $42000",
2024-01-02,Kara Soghigian,"DecisionLender Indirect Lending - Select Tier 2 (8,000-14,999 apps) commitment changed to $23200",
2024-01-02,Kara Soghigian,"DecisionLender Indirect Lending - Select Tier 3 (4,000-7,999 apps) commitment changed to $13200",
2024-01-02,Kara Soghigian,"DecisionLender Indirect Lending - Select Tier 4 (3,000-3,999 apps) commitment changed to $10650",
2024-01-02,Kara Soghigian,"DecisionLender Indirect Lending - Select Tier 5 (2,500-2,999 apps) commitment changed to $9630",
2024-01-02,Kara Soghigian,"DecisionLender Indirect Lending - Select Tier 6 (1,000-2,499 apps) commitment changed to $4350",
2024-01-02,Kara Soghigian,DecisionLender Indirect Lending - Select Tier 7 (750-999 apps) commitment changed to $3675,
2024-01-02,Kara Soghigian,DecisionLender Indirect Lending - Select Tier 8 (500-749 apps) commitment changed to $2525,
2024-01-02,Kara Soghigian,DL4 - Consumer Module commitment changed to $2400,
2024-01-02,Kara Soghigian,DL4 - Home Equity Module commitment changed to $1955,
2024-01-02,Kara Soghigian,DL4 - Indirect Lending Module Tier 1 (8000+ apps) commitment changed to $23200,
2024-01-02,Kara Soghigian,DL4 - Indirect Lending Module Tier 2 (4000-7999 apps) commitment changed to $13200,
2024-01-02,Kara Soghigian,DL4 - Indirect Lending Module Tier 3 (2000-3999 apps) commitment changed to $7300,
2024-01-02,Kara Soghigian,DL4 - Indirect Lending Module Tier 4 (1000-1999 apps) commitment changed to $4350,
2024-01-02,Kara Soghigian,DL4 - Indirect Lending Module Tier 5 (500-999 apps) commitment changed to $2525,
2024-01-02,Kara Soghigian,DL4 - Indirect Lending Module Tier 6 (250-499 apps) commitment changed to $1425,
2024-01-02,Kara Soghigian,"Mailing service (1-2,499) commitment changed to $155",
2024-01-02,Kara Soghigian,"Mailing service (2,500-4,999) commitment changed to $3750",
2024-01-02,Kara Soghigian,"Mailing service (5,000 and over) commitment changed to $6250",
2024-01-02,Kara Soghigian,Credit Assure transaction fee changed to $0.066,
2024-01-02,Kara Soghigian,Credit Radar transaction fee changed to $0.22,
2024-01-02,Kara Soghigian,CX Bundle transaction fee changed to $0.605,
2024-01-02,Kara Soghigian,TrendScape transaction fee changed to $0.077,
2024-01-02,Kara Soghigian,Wayfinder (MCL) transaction fee changed to $4.4,
2024-01-02,Kara Soghigian,What-If Simulator (MCL) transaction fee changed to $5.28,
2024-01-02,Kara Soghigian,CreditXpert Global Minimum commitment changed to $220,
2024-01-02,Kara Soghigian,API Pro setup fee changed to $6300,
2024-01-02,Kara Soghigian,Capture Rate Analysis annual fee changed to $18000,
2024-01-02,Kara Soghigian,Declined Application Analysis annual fee changed to $18000,
2024-01-02,Kara Soghigian,Disparate Impact annual fee changed to $18000,
2024-01-02,Kara Soghigian,CUNA setup fee changed to $11000,
2024-01-02,Kara Soghigian,FourStars setup fee changed to $2520,
2024-01-02,Kara Soghigian,Lumin Digital Banking Service API setup fee changed to $1895,
2024-01-02,Kara Soghigian,Mercury Insurance setup fee changed to $2775,
2024-01-02,Kara Soghigian,CUNA DLX setup fee changed to $11000,
2024-01-02,Kara Soghigian,JHA MeridianLink Consumer - Business Module Tier 1 (1000-1999 apps) setup fee changed to $14550,
2024-01-02,Kara Soghigian,JHA MeridianLink Consumer - Business Module Tier 2 (500-999 apps) setup fee changed to $14550,
2024-01-02,Kara Soghigian,JHA MeridianLink Consumer - Business Module Tier 3 (250-499 apps) setup fee changed to $14550,
2024-01-02,Kara Soghigian,JHA MeridianLink Consumer - Business Module Tier 4 (up to 249 apps) setup fee changed to $14550,
2024-01-02,Kara Soghigian,JHA MeridianLink Consumer - Consumer Module Tier 10 (500-999 apps) setup fee changed to $39265,
2024-01-02,Kara Soghigian,JHA MeridianLink Consumer - Consumer Module Tier 11 (250-499 apps) setup fee changed to $30545,
2024-01-02,Kara Soghigian,JHA MeridianLink Consumer - Consumer Module Tier 12 (up to 249 apps) setup fee changed to $24725,
2024-01-02,Kara Soghigian,JHA MeridianLink Consumer - Consumer Module Tier 6 (8000-9999 apps) setup fee changed to $74165,
2024-01-02,Kara Soghigian,JHA MeridianLink Consumer - Consumer Module Tier 7 (4000-7999 apps) setup fee changed to $65440,
2024-01-02,Kara Soghigian,JHA MeridianLink Consumer - Consumer Module Tier 8 (2000-3999 apps) setup fee changed to $56720,
2024-01-02,Kara Soghigian,JHA MeridianLink Consumer - Consumer Module Tier 9 (1000-1999 apps) setup fee changed to $46545,
2024-01-02,Kara Soghigian,JHA MeridianLink Consumer - Home Equity Module Tier 1 (1000-1999 apps) setup fee changed to $14550,
2024-01-02,Kara Soghigian,JHA MeridianLink Consumer - Home Equity Module Tier 2 (500-999 apps) setup fee changed to $14550,
2024-01-02,Kara Soghigian,JHA MeridianLink Consumer - Home Equity Module Tier 3 (250-499 apps) setup fee changed to $14550,
2024-01-02,Kara Soghigian,JHA MeridianLink Consumer - Home Equity Module Tier 4 (up to 249 apps) setup fee changed to $14550,
2024-01-02,Kara Soghigian,JHA MeridianLink Consumer - Indirect Lending Module Tier 10 (500-999 apps) setup fee changed to $10480,
2024-01-02,Kara Soghigian,JHA MeridianLink Consumer - Indirect Lending Module Tier 11 (250-499 apps) setup fee changed to $10480,
2024-01-02,Kara Soghigian,JHA MeridianLink Consumer - Indirect Lending Module Tier 12 (up to 249 apps) setup fee changed to $10480,
2024-01-02,Kara Soghigian,JHA MeridianLink Consumer - Indirect Lending Module Tier 6 (8000-9999 apps) setup fee changed to $10480,
2024-01-02,Kara Soghigian,JHA MeridianLink Consumer - Indirect Lending Module Tier 7 (4000-7999 apps) setup fee changed to $10480,
2024-01-02,Kara Soghigian,JHA MeridianLink Consumer - Indirect Lending Module Tier 8 (2000-3999 apps) setup fee changed to $10480,
2024-01-02,Kara Soghigian,JHA MeridianLink Consumer - Indirect Lending Module Tier 9 (1000-1999 apps) setup fee changed to $10480,
2024-01-02,Kara Soghigian,JHA MeridianLink Opening Module Tier 10 (500-999 apps) setup fee changed to $24015,
2024-01-02,Kara Soghigian,JHA MeridianLink Opening Module Tier 11 (250-499 apps) setup fee changed to $20015,
2024-01-02,Kara Soghigian,JHA MeridianLink Opening Module Tier 12 (up to 249 apps) setup fee changed to $16015,
2024-01-02,Kara Soghigian,JHA MeridianLink Opening Module Tier 6 (8000-9999 apps) setup fee changed to $52030,
2024-01-02,Kara Soghigian,JHA MeridianLink Opening Module Tier 7 (4000-7999 apps) setup fee changed to $42695,
2024-01-02,Kara Soghigian,JHA MeridianLink Opening Module Tier 8 (2000-3999 apps) setup fee changed to $36020,
2024-01-02,Kara Soghigian,JHA MeridianLink Opening Module Tier 9 (1000-1999 apps) setup fee changed to $29355,
2024-01-02,Kara Soghigian,MeridianLink Consumer - Business Module Tier 1 (1000-1999 apps) setup fee changed to $14550,
2024-01-02,Kara Soghigian,MeridianLink Consumer - Business Module Tier 2 (500-999 apps) setup fee changed to $14550,
2024-01-02,Kara Soghigian,MeridianLink Consumer - Business Module Tier 3 (250-499 apps) setup fee changed to $14550,
2024-01-02,Kara Soghigian,MeridianLink Consumer - Business Module Tier 4 (up to 249 apps) setup fee changed to $14550,
2024-01-02,Kara Soghigian,MeridianLink Consumer - Consumer Module (ML Entry - year 1) setup fee changed to $14370,
2024-01-02,Kara Soghigian,MeridianLink Consumer - Consumer Module Tier 10 (500-999 apps) setup fee changed to $39265,
2024-01-02,Kara Soghigian,MeridianLink Consumer - Consumer Module Tier 11 (250-499 apps) setup fee changed to $30545,
2024-01-02,Kara Soghigian,MeridianLink Consumer - Consumer Module Tier 12 (up to 249 apps) setup fee changed to $24725,
2024-01-02,Kara Soghigian,MeridianLink Consumer - Consumer Module Tier 6 (8000-9999 apps) setup fee changed to $74165,
2024-01-02,Kara Soghigian,MeridianLink Consumer - Consumer Module Tier 7 (4000-7999 apps) setup fee changed to $65440,
2024-01-02,Kara Soghigian,MeridianLink Consumer - Consumer Module Tier 8 (2000-3999 apps) setup fee changed to $56720,
2024-01-02,Kara Soghigian,MeridianLink Consumer - Consumer Module Tier 9 (1000-1999 apps) setup fee changed to $46545,
2024-01-02,Kara Soghigian,MeridianLink Consumer - Home Equity Module Tier 1 (1000-1999 apps) setup fee changed to $14550,
2024-01-02,Kara Soghigian,MeridianLink Consumer - Home Equity Module Tier 2 (500-999 apps) setup fee changed to $14550,
2024-01-02,Kara Soghigian,MeridianLink Consumer - Home Equity Module Tier 3 (250-499 apps) setup fee changed to $14550,
2024-01-02,Kara Soghigian,MeridianLink Consumer - Home Equity Module Tier 4 (up to 249 apps) setup fee changed to $14550,
2024-01-02,Kara Soghigian,MeridianLink Consumer - Indirect Lending Module Tier 10 (500-999 apps) setup fee changed to $10480,
2024-01-02,Kara Soghigian,MeridianLink Consumer - Indirect Lending Module Tier 11 (250-499 apps) setup fee changed to $10480,
2024-01-02,Kara Soghigian,MeridianLink Consumer - Indirect Lending Module Tier 12 (up to 249 apps) setup fee changed to $10480,
2024-01-02,Kara Soghigian,MeridianLink Consumer - Indirect Lending Module Tier 6 (8000-9999 apps) setup fee changed to $10480,
2024-01-02,Kara Soghigian,MeridianLink Consumer - Indirect Lending Module Tier 7 (4000-7999 apps) setup fee changed to $10480,
2024-01-02,Kara Soghigian,MeridianLink Consumer - Indirect Lending Module Tier 8 (2000-3999 apps) setup fee changed to $10480,
2024-01-02,Kara Soghigian,MeridianLink Consumer - Indirect Lending Module Tier 9 (1000-1999 apps) setup fee changed to $10480,
2024-01-02,Kara Soghigian,MeridianLink Opening Module (ML Entry - year 1) setup fee changed to $11845,
2024-01-02,Kara Soghigian,MeridianLink Opening Module Tier 10 (500-999 apps) setup fee changed to $24015,
2024-01-02,Kara Soghigian,MeridianLink Opening Module Tier 11 (250-499 apps) setup fee changed to $20015,
2024-01-02,Kara Soghigian,MeridianLink Opening Module Tier 12 (up to 249 apps) setup fee changed to $16012,
2024-01-02,Kara Soghigian,MeridianLink Opening Module Tier 6 (8000-9999 apps) setup fee changed to $52030,
2024-01-02,Kara Soghigian,MeridianLink Opening Module Tier 7 (4000-7999 apps) setup fee changed to $42695,
2024-01-02,Kara Soghigian,MeridianLink Opening Module Tier 8 (2000-3999 apps) setup fee changed to $36020,
2024-01-02,Kara Soghigian,MeridianLink Opening Module Tier 9 (1000-1999 apps) setup fee changed to $29355,
2024-01-02,Kara Soghigian,Advanced Decisioning Implementation for Existing Customer setup fee changed to $16500,
2024-01-02,Kara Soghigian,Advanced Decisioning Implementation for New Customer setup fee changed to $11000,
2024-01-02,Kara Soghigian,Co-op setup fee changed to $3960,
2024-01-02,Kara Soghigian,LSI setup fee changed to $3960,
2024-01-02,Kara Soghigian,PSCU (Call Center) setup fee changed to $3960,
2024-01-02,Kara Soghigian,Core Conversion (Consumer) setup fee changed to $14015,
2024-01-02,Kara Soghigian,Fiserv DNA Fee (pass through from vendor) (Consumer) setup fee changed to $5775,
2024-01-02,Kara Soghigian,JHA to JHA (Consumer) setup fee changed to $4860,
2024-01-02,Kara Soghigian,Symitar Reconversion (Consumer) setup fee changed to $6930,
2024-01-02,Kara Soghigian,Bankway (Metavante) (Consumer) setup fee changed to $14550,
2024-01-02,Kara Soghigian,CUBase (Consumer) setup fee changed to $14550,
2024-01-02,Kara Soghigian,Cunify (Consumer) setup fee changed to $14550,
2024-01-02,Kara Soghigian,CUProdigy (Consumer) setup fee changed to $14550,
2024-01-02,Kara Soghigian,DataSafe (Consumer) setup fee changed to $14550,
2024-01-02,Kara Soghigian,DNA (Consumer) setup fee changed to $14550,
2024-01-02,Kara Soghigian,Episys (Core) (Consumer) setup fee changed to $14550,
2024-01-02,Kara Soghigian,ESP (Forza) (Consumer) setup fee changed to $14550,
2024-01-02,Kara Soghigian,Fiserv Data Center Direct Connection (Consumer) setup fee changed to $6245,
2024-01-02,Kara Soghigian,Fiserv DNA Credit Push (Consumer) setup fee changed to $2775,
2024-01-02,Kara Soghigian,Fiserv Premier (Consumer) setup fee changed to $14550,
2024-01-02,Kara Soghigian,Flex (Consumer) setup fee changed to $14550,
2024-01-02,Kara Soghigian,Galaxy (Consumer) setup fee changed to $14550,
2024-01-02,Kara Soghigian,Horizon (Consumer) setup fee changed to $14550,
2024-01-02,Kara Soghigian,IBS (Consumer) setup fee changed to $14550,
2024-01-02,Kara Soghigian,iPower (Consumer) setup fee changed to $14550,
2024-01-02,Kara Soghigian,Jack Henry 20/20 (Consumer) setup fee changed to $14550,
2024-01-02,Kara Soghigian,Jack Henry CoreDirector (Consumer) setup fee changed to $14550,
2024-01-02,Kara Soghigian,Jack Henry Silverlake (Consumer) setup fee changed to $14550,
2024-01-02,Kara Soghigian,KeyStone (Consumer) setup fee changed to $14550,
2024-01-02,Kara Soghigian,Miser (Consumer) setup fee changed to $14550,
2024-01-02,Kara Soghigian,ML Entry Core Integration (Consumer) setup fee changed to $6675,
2024-01-02,Kara Soghigian,New Core Integration (Consumer) setup fee changed to $14550,
2024-01-02,Kara Soghigian,NewSolutions (Consumer) setup fee changed to $14550,
2024-01-02,Kara Soghigian,Phoenix EFE (Consumer) setup fee changed to $14550,
2024-01-02,Kara Soghigian,Portico (Consumer) setup fee changed to $14550,
2024-01-02,Kara Soghigian,Send Application Records to Core (Consumer) setup fee changed to $3345,
2024-01-02,Kara Soghigian,Spectrum (Summit) (Consumer) setup fee changed to $14550,
2024-01-02,Kara Soghigian,UltraData OpenPath (Consumer) setup fee changed to $14550,
2024-01-02,Kara Soghigian,XP System (XP2) (Consumer) setup fee changed to $14550,
2024-01-02,Kara Soghigian,CCM Credit Card setup fee changed to $4855,
2024-01-02,Kara Soghigian,CCM Interface with OSI setup fee changed to $4855,
2024-01-02,Kara Soghigian,CPS setup fee changed to $4855,
2024-01-02,Kara Soghigian,FDR Vantiv setup fee changed to $4855,
2024-01-02,Kara Soghigian,Originate Loans setup fee changed to $4855,
2024-01-02,Kara Soghigian,PSCU (Credit Card) setup fee changed to $4855,
2024-01-02,Kara Soghigian,RTDX / Base2000 setup fee changed to $4855,
2024-01-02,Kara Soghigian,TMG setup fee changed to $4855,
2024-01-02,Kara Soghigian,TSYS ADM setup fee changed to $4855,
2024-01-02,Kara Soghigian,VantivFI setup fee changed to $4855,
2024-01-02,Kara Soghigian,Visa Advanced ID Solutions (VAIS) setup fee changed to $4855,
2024-01-02,Kara Soghigian,Experian PowerCurve setup fee changed to $12100,
2024-01-02,Kara Soghigian,Liquid Credit Integration setup fee changed to $6930,
2024-01-02,Kara Soghigian,Scienaptic setup fee changed to $12100,
2024-01-02,Kara Soghigian,DNA Disbursements setup fee changed to $4160,
2024-01-02,Kara Soghigian,Episys (Disbursement) setup fee changed to $4160,
2024-01-02,Kara Soghigian,Imaging (DocDownload) setup fee changed to $4860,
2024-01-02,Kara Soghigian,Mailing (1-5 Page Envelope) setup fee changed to $1390,
2024-01-02,Kara Soghigian,Mailing (21-40 Page Envelope) setup fee changed to $1390,
2024-01-02,Kara Soghigian,Mailing (41-60 Page Envelope) setup fee changed to $1390,
2024-01-02,Kara Soghigian,Mailing (61-80 Page Envelope) setup fee changed to $1390,
2024-01-02,Kara Soghigian,Mailing (6-20 Page Envelope) setup fee changed to $1390,
2024-01-02,Kara Soghigian,Mailing (81-100 Page Envelope) setup fee changed to $1390,
2024-01-02,Kara Soghigian,CSi setup fee changed to $6930,
2024-01-02,Kara Soghigian,D+H DepositPro setup fee changed to $3480,
2024-01-02,Kara Soghigian,D+H DepositPro Plus setup fee changed to $3480,
2024-01-02,Kara Soghigian,D+H LaserPro (ML Consumer) setup fee changed to $3480,
2024-01-02,Kara Soghigian,D+H LaserPro Plus (ML Consumer) setup fee changed to $3480,
2024-01-02,Kara Soghigian,Document Mapping (overage) - custom setup fee changed to $420,
2024-01-02,Kara Soghigian,Document Mapping (overage) - MeridianLink Consumer setup fee changed to $285,
2024-01-02,Kara Soghigian,Document Mapping (overage) - MeridianLink Opening setup fee changed to $285,
2024-01-02,Kara Soghigian,IMM XML (TotaleAtlas) setup fee changed to $4860,
2024-01-02,Kara Soghigian,Equifax The Work Number Select setup fee changed to $3025,
2024-01-02,Kara Soghigian,MeasureOne Bank Deposit Verification setup fee changed to $2750,
2024-01-02,Kara Soghigian,"MeasureOne Education Tier 1 (500,000+ monthly orders) setup fee changed to $2750",
2024-01-02,Kara Soghigian,"MeasureOne Education Tier 2 (250,000 - 499,999 monthly orders) setup fee changed to $2750",
2024-01-02,Kara Soghigian,"MeasureOne Education Tier 3 (100,000 - 249,999 monthly orders) setup fee changed to $2750",
2024-01-02,Kara Soghigian,"MeasureOne Education Tier 4 (50,000 - 99,999 monthly orders) setup fee changed to $2750",
2024-01-02,Kara Soghigian,"MeasureOne Education Tier 5 (25,000 - 49,999 monthly orders) setup fee changed to $2750",
2024-01-02,Kara Soghigian,"MeasureOne Education Tier 6 (10,000 - 24,999 monthly orders) setup fee changed to $2750",
2024-01-02,Kara Soghigian,"MeasureOne Education Tier 7 (5,000 - 9,999 monthly orders) setup fee changed to $2750",
2024-01-02,Kara Soghigian,"MeasureOne Education Tier 8 (0 - 4,999 monthly orders) setup fee changed to $2750",
2024-01-02,Kara Soghigian,"MeasureOne Income & Employment Tier 1 (500,000+ monthly orders) setup fee changed to $2750",
2024-01-02,Kara Soghigian,"MeasureOne Income & Employment Tier 2 (250,000 - 499,999 monthly orders) setup fee changed to $2750",
2024-01-02,Kara Soghigian,"MeasureOne Income & Employment Tier 3 (100,000 - 249,999 monthly orders) setup fee changed to $2750",
2024-01-02,Kara Soghigian,"MeasureOne Income & Employment Tier 4 (50,000 - 99,999 monthly orders) setup fee changed to $2750",
2024-01-02,Kara Soghigian,"MeasureOne Income & Employment Tier 5 (25,000 - 49,999 monthly orders) setup fee changed to $2750",
2024-01-02,Kara Soghigian,"MeasureOne Income & Employment Tier 6 (10,000 - 24,999 monthly orders) setup fee changed to $2750",
2024-01-02,Kara Soghigian,"MeasureOne Income & Employment Tier 7 (5,000 - 9,999 monthly orders) setup fee changed to $2750",
2024-01-02,Kara Soghigian,"MeasureOne Income & Employment Tier 8 (0 - 4,999 monthly orders) setup fee changed to $2750",
2024-01-02,Kara Soghigian,DocuSign ISV Tier 1 (500+ envelopes) (Consumer) setup fee changed to $1980,
2024-01-02,Kara Soghigian,DocuSign ISV Tier 2 (400-499 envelopes included) (Consumer) setup fee changed to $1980,
2024-01-02,Kara Soghigian,DocuSign ISV Tier 3 (300-399 envelopes included) (Consumer) setup fee changed to $1980,
2024-01-02,Kara Soghigian,DocuSign ISV Tier 4 (200-299 envelopes included) (Consumer) setup fee changed to $1980,
2024-01-02,Kara Soghigian,DocuSign ISV Tier 5 (100-200 envelopes included) (Consumer) setup fee changed to $1980,
2024-01-02,Kara Soghigian,DocuSign ISV Tier 6 (50-99 envelopes included) (Consumer) setup fee changed to $1980,
2024-01-02,Kara Soghigian,DocuSign ISV Tier 7 (up to 49 envelopes included) (Consumer) setup fee changed to $1980,
2024-01-02,Kara Soghigian,Ready-To-Sign (RTS) setup fee changed to $4860,
2024-01-02,Kara Soghigian,Synergy Esign setup fee changed to $4860,
2024-01-02,Kara Soghigian,Socure ID & Doc Verification Tier 1 ($5B+ AUM) setup fee changed to $6050,
2024-01-02,Kara Soghigian,Socure ID & Doc Verification Tier 2 (<$5B AUM) setup fee changed to $6050,
2024-01-02,Kara Soghigian,Alkami QuickApply setup fee changed to $3475,
2024-01-02,Kara Soghigian,Changing Home Banking Vendor setup fee changed to $1390,
2024-01-02,Kara Soghigian,Mobile App Push setup fee changed to $5545,
2024-01-02,Kara Soghigian,Dedicated Server Production Updates (Consumer) setup fee changed to $11000,
2024-01-02,Kara Soghigian,Offsite Server Production Updates (Consumer) setup fee changed to $6930,
2024-01-02,Kara Soghigian,CrossCore Precise ID for Compliance (aka Prescreen) setup fee changed to $6050,
2024-01-02,Kara Soghigian,CrossCore Precise ID with OTP and KIQ setup fee changed to $6050,
2024-01-02,Kara Soghigian,eFunds IDV & IDA setup fee changed to $3475,
2024-01-02,Kara Soghigian,Bridger OFAC Watchlist setup fee changed to $2775,
2024-01-02,Kara Soghigian,CrossCore Precise ID setup fee changed to $6050,
2024-01-02,Kara Soghigian,eFunds IDV setup fee changed to $3475,
2024-01-02,Kara Soghigian,CULA setup fee changed to $3960,
2024-01-02,Kara Soghigian,DealerApp setup fee changed to $3475,
2024-01-02,Kara Soghigian,DealerTrack eContracting (Consumer) setup fee changed to $9460,
2024-01-02,Kara Soghigian,Innovative Funding Services (IFS) setup fee changed to $2775,
2024-01-02,Kara Soghigian,NALN - National Auto Loan Network- New Customer setup fee changed to $2775,
2024-01-02,Kara Soghigian,RouteOne eContracting (Consumer) setup fee changed to $3960,
2024-01-02,Kara Soghigian,RouteOne TOLEC setup fee changed to $5500,
2024-01-02,Kara Soghigian,Auto Approve setup fee changed to $2775,
2024-01-02,Kara Soghigian,Autopay setup fee changed to $2775,
2024-01-02,Kara Soghigian,Caribou setup fee changed to $2775,
2024-01-02,Kara Soghigian,CreditSnap setup fee changed to $2775,
2024-01-02,Kara Soghigian,CuneXus Tier 1: $5B+ setup fee changed to $7260,
2024-01-02,Kara Soghigian,CuneXus Tier 2: $1B - $5B setup fee changed to $7260,
2024-01-02,Kara Soghigian,CuneXus Tier 3: $500M - $1B setup fee changed to $7260,
2024-01-02,Kara Soghigian,CuneXus Tier 4: $250M - $500M setup fee changed to $7260,
2024-01-02,Kara Soghigian,CuneXus Tier 5: $0 - $250M setup fee changed to $7260,
2024-01-02,Kara Soghigian,FirstClose Equity IQ setup fee changed to $2775,
2024-01-02,Kara Soghigian,fiVISION setup fee changed to $2775,
2024-01-02,Kara Soghigian,FourStars setup fee changed to $2775,
2024-01-02,Kara Soghigian,Gravity Lending setup fee changed to $2775,
2024-01-02,Kara Soghigian,iLendingDirect setup fee changed to $2775,
2024-01-02,Kara Soghigian,LendingTree setup fee changed to $3475,
2024-01-02,Kara Soghigian,MoveCU setup fee changed to $2775,
2024-01-02,Kara Soghigian,Rate Genius setup fee changed to $5545,
2024-01-02,Kara Soghigian,Rate Reset - Direct Core Reset setup fee changed to $4160,
2024-01-02,Kara Soghigian,Rate Reset - PreApproval API  setup fee changed to $4160,
2024-01-02,Kara Soghigian,WithClutch setup fee changed to $11000,
2024-01-02,Kara Soghigian,Clinics setup fee changed to $5280,
2024-01-02,Kara Soghigian,LoanStar Technologies setup fee changed to $2775,
2024-01-02,Kara Soghigian,Add Additional Lender setup fee changed to $6930,
2024-01-02,Kara Soghigian,AffordIT setup fee changed to $2775,
2024-01-02,Kara Soghigian,After Hours Assistance - Expedite Fee (Consumer) setup fee changed to $2085,
2024-01-02,Kara Soghigian,After Hours Assistance (Consumer) setup fee changed to $535,
2024-01-02,Kara Soghigian,API Web Services (Consumer) setup fee changed to $660,
2024-01-02,Kara Soghigian,Auto Financial Group (AFG) setup fee changed to $2775,
2024-01-02,Kara Soghigian,Automail setup fee changed to $1345,
2024-01-02,Kara Soghigian,Certification Program (Consumer) setup fee changed to $605,
2024-01-02,Kara Soghigian,Certification Retake Exam - Multiple-Choice (Consumer) setup fee changed to $125,
2024-01-02,Kara Soghigian,Certification Retake Exam - Practical (Consumer) setup fee changed to $245,
2024-01-02,Kara Soghigian,Certification Training Bundle  (Consumer) setup fee changed to $1210,
2024-01-02,Kara Soghigian,Data Extraction Tool setup fee changed to $5545,
2024-01-02,Kara Soghigian,Disaster Recovery Testing (Consumer) setup fee changed to $800,
2024-01-02,Kara Soghigian,Eltropy setup fee changed to $2675,
2024-01-02,Kara Soghigian,IT Unscheduled Change Request (Consumer) setup fee changed to $800,
2024-01-02,Kara Soghigian,Re-deployment setup fee changed to $6930,
2024-01-02,Kara Soghigian,Retrain: Administration Setup with SDC setup fee changed to $4860,
2024-01-02,Kara Soghigian,Retrain: End User Workflow - Onsite Training (Consumer) setup fee changed to $2775,
2024-01-02,Kara Soghigian,Retrain: End User Workflow - Remote (Consumer) setup fee changed to $2085,
2024-01-02,Kara Soghigian,Time & Materials (Consumer) setup fee changed to $340,
2024-01-02,Kara Soghigian,Web Server Migration setup fee changed to $6675,
2024-01-02,Kara Soghigian,Yellow Hammer setup fee changed to $3025,
2024-01-02,Kara Soghigian,Modern Experience Module (existing customer) setup fee changed to $1210,
2024-01-02,Kara Soghigian,ACH Processing (Magic Wrighter) setup fee changed to $3025,
2024-01-02,Kara Soghigian,Credit Card Processing (Authorize.net) setup fee changed to $3025,
2024-01-02,Kara Soghigian,Credit Card Processing (First Data) setup fee changed to $3025,
2024-01-02,Kara Soghigian, United One Resources setup fee changed to $2775,
2024-01-02,Kara Soghigian,Accurate Group-  Settlement Services setup fee changed to $2775,
2024-01-02,Kara Soghigian,Corporate Settlement Solutions- Settlement Services setup fee changed to $2775,
2024-01-02,Kara Soghigian,Coviance  Settlement Services setup fee changed to $2775,
2024-01-02,Kara Soghigian,First American- Settlement Services setup fee changed to $2775,
2024-01-02,Kara Soghigian,First Close - Settlement Services setup fee changed to $2775,
2024-01-02,Kara Soghigian,LendOne Settlement Services setup fee changed to $2775,
2024-01-02,Kara Soghigian,MTS Group Settlement Services setup fee changed to $2775,
2024-01-02,Kara Soghigian,New Vista - Settlement Services setup fee changed to $2775,
2024-01-02,Kara Soghigian,Select Business Services setup fee changed to $2775,
2024-01-02,Kara Soghigian,SourcePoint - Settlement Services setup fee changed to $2775,
2024-01-02,Kara Soghigian,Universal Real Estate Services - Settlement Services setup fee changed to $2775,
2024-01-02,Kara Soghigian,ClickSWITCH (existing CS client) setup fee changed to $6930,
2024-01-02,Kara Soghigian,ClickSWITCH (new CS client) setup fee changed to $10390,
2024-01-02,Kara Soghigian,AutoCheck setup fee changed to $1390,
2024-01-02,Kara Soghigian,AutoCheck with Buyback Protection setup fee changed to $1390,
2024-01-02,Kara Soghigian,Carfax Vehicle History and/or Vehicle Loss Report setup fee changed to $1390,
2024-01-02,Kara Soghigian,American Service Group (ASG) setup fee changed to $2775,
2024-01-02,Kara Soghigian,Auto Exam  setup fee changed to $2775,
2024-01-02,Kara Soghigian,Car Solutions Auto Insurance Integration setup fee changed to $2775,
2024-01-02,Kara Soghigian,First Innovations setup fee changed to $2775,
2024-01-02,Kara Soghigian,TransUnion TruValidate Full Bundle (IDV and IDA) setup fee changed to $5445,
2024-01-02,Kara Soghigian,TransUnion TruValidate Verification Only (IDV)- without Full Bundle setup fee changed to $5445,
2024-01-02,Kara Soghigian,CUNA annual fee changed to $16050,
2024-01-02,Kara Soghigian,FourStars annual fee changed to $1845,
2024-01-02,Kara Soghigian,Lumin Digital Banking Service API annual fee changed to $2455,
2024-01-02,Kara Soghigian,Mercury Insurance annual fee changed to $2030,
2024-01-02,Kara Soghigian,CUNA DLX annual fee changed to $16050,
2024-01-02,Kara Soghigian,Address Verification Tier 1: 8K+ Apps annual fee changed to $20215,
2024-01-02,Kara Soghigian,Address Verification Tier 2: 4K - 7.99K Apps annual fee changed to $16170,
2024-01-02,Kara Soghigian,Address Verification Tier 3: 2K - 3.99K Apps annual fee changed to $12125,
2024-01-02,Kara Soghigian,Address Verification Tier 4: 1K - 1.99K Apps annual fee changed to $8090,
2024-01-02,Kara Soghigian,Address Verification Tier 5: 500 - 999 Apps annual fee changed to $4045,
2024-01-02,Kara Soghigian,Address Verification Tier 6: 0 - 499 Apps annual fee changed to $1355,
2024-01-02,Kara Soghigian,Co-op annual fee changed to $1350,
2024-01-02,Kara Soghigian,LSI annual fee changed to $1350,
2024-01-02,Kara Soghigian,PSCU (Call Center) annual fee changed to $1350,
2024-01-02,Kara Soghigian,Bankway (Metavante) (Consumer) annual fee changed to $8830,
2024-01-02,Kara Soghigian,CUBase (Consumer) annual fee changed to $8830,
2024-01-02,Kara Soghigian,Cunify (Consumer) annual fee changed to $8830,
2024-01-02,Kara Soghigian,CUProdigy (Consumer) annual fee changed to $8830,
2024-01-02,Kara Soghigian,DataSafe (Consumer) annual fee changed to $8830,
2024-01-02,Kara Soghigian,DNA (Consumer) annual fee changed to $8830,
2024-01-02,Kara Soghigian,Episys (Core) (Consumer) annual fee changed to $8830,
2024-01-02,Kara Soghigian,ESP (Forza) (Consumer) annual fee changed to $8830,
2024-01-02,Kara Soghigian,Fiserv Data Center Direct Connection (Consumer) annual fee changed to $6745,
2024-01-02,Kara Soghigian,Fiserv DNA Credit Push (Consumer) annual fee changed to $1350,
2024-01-02,Kara Soghigian,Fiserv Premier (Consumer) annual fee changed to $8830,
2024-01-02,Kara Soghigian,Flex (Consumer) annual fee changed to $8830,
2024-01-02,Kara Soghigian,Galaxy (Consumer) annual fee changed to $8830,
2024-01-02,Kara Soghigian,Horizon (Consumer) annual fee changed to $8830,
2024-01-02,Kara Soghigian,IBS (Consumer) annual fee changed to $8830,
2024-01-02,Kara Soghigian,iPower (Consumer) annual fee changed to $8830,
2024-01-02,Kara Soghigian,Jack Henry 20/20 (Consumer) annual fee changed to $8830,
2024-01-02,Kara Soghigian,Jack Henry CoreDirector (Consumer) annual fee changed to $8830,
2024-01-02,Kara Soghigian,Jack Henry Silverlake (Consumer) annual fee changed to $8830,
2024-01-02,Kara Soghigian,KeyStone (Consumer) annual fee changed to $8830,
2024-01-02,Kara Soghigian,Miser (Consumer) annual fee changed to $8830,
2024-01-02,Kara Soghigian,ML Entry Core Integration (Consumer) annual fee changed to $3250,
2024-01-02,Kara Soghigian,New Core Integration (Consumer) annual fee changed to $8830,
2024-01-02,Kara Soghigian,NewSolutions (Consumer) annual fee changed to $8830,
2024-01-02,Kara Soghigian,Phoenix EFE (Consumer) annual fee changed to $8830,
2024-01-02,Kara Soghigian,Portico (Consumer) annual fee changed to $8830,
2024-01-02,Kara Soghigian,Spectrum (Summit) (Consumer) annual fee changed to $8830,
2024-01-02,Kara Soghigian,UltraData OpenPath (Consumer) annual fee changed to $8830,
2024-01-02,Kara Soghigian,XP System (XP2) (Consumer) annual fee changed to $8830,
2024-01-02,Kara Soghigian,CCM Credit Card annual fee changed to $2030,
2024-01-02,Kara Soghigian,CCM Interface with OSI annual fee changed to $2030,
2024-01-02,Kara Soghigian,CPS annual fee changed to $2030,
2024-01-02,Kara Soghigian,FDR Vantiv annual fee changed to $2030,
2024-01-02,Kara Soghigian,Originate Loans annual fee changed to $2030,
2024-01-02,Kara Soghigian,PSCU (Credit Card) annual fee changed to $2030,
2024-01-02,Kara Soghigian,RTDX / Base2000 annual fee changed to $2030,
2024-01-02,Kara Soghigian,TMG annual fee changed to $2030,
2024-01-02,Kara Soghigian,TSYS ADM annual fee changed to $2030,
2024-01-02,Kara Soghigian,VantivFI annual fee changed to $2030,
2024-01-02,Kara Soghigian,Visa Advanced ID Solutions (VAIS) annual fee changed to $2030,
2024-01-02,Kara Soghigian,Experian PowerCurve annual fee changed to $5885,
2024-01-02,Kara Soghigian,Fast Start annual fee changed to $1350,
2024-01-02,Kara Soghigian,Liquid Credit Integration annual fee changed to $2030,
2024-01-02,Kara Soghigian,Scienaptic annual fee changed to $5885,
2024-01-02,Kara Soghigian,Imaging (DocDownload) annual fee changed to $4725,
2024-01-02,Kara Soghigian,D+H DepositPro annual fee changed to $1350,
2024-01-02,Kara Soghigian,D+H DepositPro Plus annual fee changed to $1350,
2024-01-02,Kara Soghigian,D+H LaserPro (ML Consumer) annual fee changed to $1350,
2024-01-02,Kara Soghigian,D+H LaserPro Plus (ML Consumer) annual fee changed to $1350,
2024-01-02,Kara Soghigian,Document Maintenance (additional environment) annual fee changed to $4045,
2024-01-02,Kara Soghigian,Document Mapping (deposits) annual fee changed to $4385,
2024-01-02,Kara Soghigian,Document Mapping (loans) annual fee changed to $4385,
2024-01-02,Kara Soghigian,Document Mapping (overage) - custom annual fee changed to $275,
2024-01-02,Kara Soghigian,Document Mapping (overage) - MeridianLink Consumer annual fee changed to $275,
2024-01-02,Kara Soghigian,Document Mapping (overage) - MeridianLink Opening annual fee changed to $275,
2024-01-02,Kara Soghigian,IMM XML (TotaleAtlas) annual fee changed to $2030,
2024-01-02,Kara Soghigian,MeasureOne Bank Deposit Verification annual fee changed to $1070,
2024-01-02,Kara Soghigian,"MeasureOne Education Tier 1 (500,000+ monthly orders) annual fee changed to $1070",
2024-01-02,Kara Soghigian,"MeasureOne Education Tier 2 (250,000 - 499,999 monthly orders) annual fee changed to $1070",
2024-01-02,Kara Soghigian,"MeasureOne Education Tier 3 (100,000 - 249,999 monthly orders) annual fee changed to $1070",
2024-01-02,Kara Soghigian,"MeasureOne Education Tier 4 (50,000 - 99,999 monthly orders) annual fee changed to $1070",
2024-01-02,Kara Soghigian,"MeasureOne Education Tier 5 (25,000 - 49,999 monthly orders) annual fee changed to $1070",
2024-01-02,Kara Soghigian,"MeasureOne Education Tier 6 (10,000 - 24,999 monthly orders) annual fee changed to $1070",
2024-01-02,Kara Soghigian,"MeasureOne Education Tier 7 (5,000 - 9,999 monthly orders) annual fee changed to $1070",
2024-01-02,Kara Soghigian,"MeasureOne Education Tier 8 (0 - 4,999 monthly orders) annual fee changed to $1070",
2024-01-02,Kara Soghigian,"MeasureOne Income & Employment Tier 1 (500,000+ monthly orders) annual fee changed to $1070",
2024-01-02,Kara Soghigian,"MeasureOne Income & Employment Tier 2 (250,000 - 499,999 monthly orders) annual fee changed to $1070",
2024-01-02,Kara Soghigian,"MeasureOne Income & Employment Tier 3 (100,000 - 249,999 monthly orders) annual fee changed to $1070",
2024-01-02,Kara Soghigian,"MeasureOne Income & Employment Tier 4 (50,000 - 99,999 monthly orders) annual fee changed to $1070",
2024-01-02,Kara Soghigian,"MeasureOne Income & Employment Tier 5 (25,000 - 49,999 monthly orders) annual fee changed to $1070",
2024-01-02,Kara Soghigian,"MeasureOne Income & Employment Tier 6 (10,000 - 24,999 monthly orders) annual fee changed to $1070",
2024-01-02,Kara Soghigian,"MeasureOne Income & Employment Tier 7 (5,000 - 9,999 monthly orders) annual fee changed to $1070",
2024-01-02,Kara Soghigian,"MeasureOne Income & Employment Tier 8 (0 - 4,999 monthly orders) annual fee changed to $1070",
2024-01-02,Kara Soghigian,DocuSign ISV Tier 2 (400-499 envelopes included) (Consumer) annual fee changed to $18620,
2024-01-02,Kara Soghigian,DocuSign ISV Tier 3 (300-399 envelopes included) (Consumer) annual fee changed to $11560,
2024-01-02,Kara Soghigian,DocuSign ISV Tier 4 (200-299 envelopes included) (Consumer) annual fee changed to $8350,
2024-01-02,Kara Soghigian,DocuSign ISV Tier 5 (100-200 envelopes included) (Consumer) annual fee changed to $6745,
2024-01-02,Kara Soghigian,DocuSign ISV Tier 6 (50-99 envelopes included) (Consumer) annual fee changed to $4815,
2024-01-02,Kara Soghigian,DocuSign ISV Tier 7 (up to 49 envelopes included) (Consumer) annual fee changed to $2570,
2024-01-02,Kara Soghigian,Ready-To-Sign (RTS) annual fee changed to $2030,
2024-01-02,Kara Soghigian,Synergy Esign annual fee changed to $2030,
2024-01-02,Kara Soghigian,Socure ID & Doc Verification Tier 1 ($5B+ AUM) annual fee changed to $7490,
2024-01-02,Kara Soghigian,Socure ID & Doc Verification Tier 2 (<$5B AUM) annual fee changed to $3745,
2024-01-02,Kara Soghigian,Alkami QuickApply annual fee changed to $2030,
2024-01-02,Kara Soghigian,Mobile App Push annual fee changed to $2670,
2024-01-02,Kara Soghigian,eFunds IDV & IDA annual fee changed to $2030,
2024-01-02,Kara Soghigian,Bridger OFAC Watchlist annual fee changed to $1350,
2024-01-02,Kara Soghigian,eFunds IDV annual fee changed to $2030,
2024-01-02,Kara Soghigian,CULA annual fee changed to $3855,
2024-01-02,Kara Soghigian,DealerTrack eContracting (Consumer) annual fee changed to $3535,
2024-01-02,Kara Soghigian,Innovative Funding Services (IFS) annual fee changed to $2030,
2024-01-02,Kara Soghigian,NALN - National Auto Loan Network- Existing Customer annual fee changed to $2030,
2024-01-02,Kara Soghigian,NALN - National Auto Loan Network- New Customer annual fee changed to $2030,
2024-01-02,Kara Soghigian,RouteOne eContracting (Consumer) annual fee changed to $3535,
2024-01-02,Kara Soghigian,Auto Approve annual fee changed to $2030,
2024-01-02,Kara Soghigian,Autopay annual fee changed to $2030,
2024-01-02,Kara Soghigian,Caribou annual fee changed to $2030,
2024-01-02,Kara Soghigian,CreditSnap annual fee changed to $2030,
2024-01-02,Kara Soghigian,CuneXus Tier 1: $5B+ annual fee changed to $17415,
2024-01-02,Kara Soghigian,CuneXus Tier 2: $1B - $5B annual fee changed to $14515,
2024-01-02,Kara Soghigian,CuneXus Tier 3: $500M - $1B annual fee changed to $8710,
2024-01-02,Kara Soghigian,CuneXus Tier 4: $250M - $500M annual fee changed to $5805,
2024-01-02,Kara Soghigian,CuneXus Tier 5: $0 - $250M annual fee changed to $5805,
2024-01-02,Kara Soghigian,FirstClose Equity IQ annual fee changed to $2030,
2024-01-02,Kara Soghigian,fiVISION annual fee changed to $2030,
2024-01-02,Kara Soghigian,FourStars annual fee changed to $2030,
2024-01-02,Kara Soghigian,Gravity Lending annual fee changed to $2030,
2024-01-02,Kara Soghigian,iLendingDirect annual fee changed to $2030,
2024-01-02,Kara Soghigian,LendingTree annual fee changed to $3380,
2024-01-02,Kara Soghigian,MoveCU annual fee changed to $2030,
2024-01-02,Kara Soghigian,Rate Genius annual fee changed to $2030,
2024-01-02,Kara Soghigian,Rate Reset - Direct Core Reset annual fee changed to $2030,
2024-01-02,Kara Soghigian,Rate Reset - PreApproval API  annual fee changed to $2030,
2024-01-02,Kara Soghigian,WithClutch annual fee changed to $5350,
2024-01-02,Kara Soghigian,LoanStar Technologies annual fee changed to $2030,
2024-01-02,Kara Soghigian,Add Additional Lender annual fee changed to $2700,
2024-01-02,Kara Soghigian,Additional Automated Actions annual fee changed to $2030,
2024-01-02,Kara Soghigian,Additional Scheduled Reports annual fee changed to $2030,
2024-01-02,Kara Soghigian,AffordIT annual fee changed to $2030,
2024-01-02,Kara Soghigian,API Web Services (Consumer) annual fee changed to $6415,
2024-01-02,Kara Soghigian,Auto Financial Group (AFG) annual fee changed to $2030,
2024-01-02,Kara Soghigian,CLF Export Automated Action annual fee changed to $1350,
2024-01-02,Kara Soghigian,Data Extraction Tool annual fee changed to $1350,
2024-01-02,Kara Soghigian,Eltropy annual fee changed to $2030,
2024-01-02,Kara Soghigian, United One Resources annual fee changed to $2030,
2024-01-02,Kara Soghigian,Accurate Group-  Settlement Services annual fee changed to $2030,
2024-01-02,Kara Soghigian,Corporate Settlement Solutions- Settlement Services annual fee changed to $2030,
2024-01-02,Kara Soghigian,Coviance  Settlement Services annual fee changed to $2030,
2024-01-02,Kara Soghigian,First American- Settlement Services annual fee changed to $2030,
2024-01-02,Kara Soghigian,First Close - Settlement Services annual fee changed to $2030,
2024-01-02,Kara Soghigian,LendOne Settlement Services annual fee changed to $2030,
2024-01-02,Kara Soghigian,MTS Group Settlement Services annual fee changed to $2030,
2024-01-02,Kara Soghigian,New Vista - Settlement Services annual fee changed to $2030,
2024-01-02,Kara Soghigian,Select Business Services annual fee changed to $2030,
2024-01-02,Kara Soghigian,SourcePoint - Settlement Services annual fee changed to $2030,
2024-01-02,Kara Soghigian,Universal Real Estate Services - Settlement Services annual fee changed to $2030,
2024-01-02,Kara Soghigian,ClickSWITCH (existing CS client) annual fee changed to $4045,
2024-01-02,Kara Soghigian,AutoCheck annual fee changed to $1350,
2024-01-02,Kara Soghigian,AutoCheck with Buyback Protection annual fee changed to $1350,
2024-01-02,Kara Soghigian,Carfax Vehicle History and/or Vehicle Loss Report annual fee changed to $680,
2024-01-02,Kara Soghigian,American Service Group (ASG) annual fee changed to $2030,
2024-01-02,Kara Soghigian,Auto Exam  annual fee changed to $2030,
2024-01-02,Kara Soghigian,Car Solutions Auto Insurance Integration annual fee changed to $2030,
2024-01-02,Kara Soghigian,First Innovations annual fee changed to $2030,
2024-01-02,Kara Soghigian,JHA MeridianLink Consumer - Business Module Tier 1 (1000-1999 apps) transaction fee changed to $14.124,
2024-01-02,Kara Soghigian,JHA MeridianLink Consumer - Business Module Tier 2 (500-999 apps) transaction fee changed to $18.4575,
2024-01-02,Kara Soghigian,JHA MeridianLink Consumer - Business Module Tier 3 (250-499 apps) transaction fee changed to $22.6305,
2024-01-02,Kara Soghigian,JHA MeridianLink Consumer - Business Module Tier 4 (up to 249 apps) transaction fee changed to $28.248,
2024-01-02,Kara Soghigian,"JHA MeridianLink Consumer - Consumer Module Tier 1 (30,000+ apps) transaction fee changed to $1.605",
2024-01-02,Kara Soghigian,JHA MeridianLink Consumer - Consumer Module Tier 10 (500-999 apps) transaction fee changed to $9.309,
2024-01-02,Kara Soghigian,JHA MeridianLink Consumer - Consumer Module Tier 11 (250-499 apps) transaction fee changed to $10.7535,
2024-01-02,Kara Soghigian,JHA MeridianLink Consumer - Consumer Module Tier 12 (up to 249 apps) transaction fee changed to $12.2515,
2024-01-02,Kara Soghigian,"JHA MeridianLink Consumer - Consumer Module Tier 2 (25,000-29,999 apps) transaction fee changed to $1.8725",
2024-01-02,Kara Soghigian,"JHA MeridianLink Consumer - Consumer Module Tier 3 (20,000-24,999 apps) transaction fee changed to $2.14",
2024-01-02,Kara Soghigian,"JHA MeridianLink Consumer - Consumer Module Tier 4 (15,000-19,999 apps) transaction fee changed to $2.461",
2024-01-02,Kara Soghigian,"JHA MeridianLink Consumer - Consumer Module Tier 5 (10,000-14,999 apps) transaction fee changed to $2.889",
2024-01-02,Kara Soghigian,JHA MeridianLink Consumer - Consumer Module Tier 6 (8000-9999 apps) transaction fee changed to $3.3705,
2024-01-02,Kara Soghigian,JHA MeridianLink Consumer - Consumer Module Tier 7 (4000-7999 apps) transaction fee changed to $4.1195,
2024-01-02,Kara Soghigian,JHA MeridianLink Consumer - Consumer Module Tier 8 (2000-3999 apps) transaction fee changed to $5.8315,
2024-01-02,Kara Soghigian,JHA MeridianLink Consumer - Consumer Module Tier 9 (1000-1999 apps) transaction fee changed to $7.597,
2024-01-02,Kara Soghigian,JHA MeridianLink Consumer - Home Equity Module Tier 1 (1000-1999 apps) transaction fee changed to $10.165,
2024-01-02,Kara Soghigian,JHA MeridianLink Consumer - Home Equity Module Tier 2 (500-999 apps) transaction fee changed to $13.054,
2024-01-02,Kara Soghigian,JHA MeridianLink Consumer - Home Equity Module Tier 3 (250-499 apps) transaction fee changed to $17.334,
2024-01-02,Kara Soghigian,JHA MeridianLink Consumer - Home Equity Module Tier 4 (up to 249 apps) transaction fee changed to $21.6675,
2024-01-02,Kara Soghigian,"JHA MeridianLink Consumer - Indirect Lending Module Tier 1 (30,000+ apps) transaction fee changed to $1.498",
2024-01-02,Kara Soghigian,JHA MeridianLink Consumer - Indirect Lending Module Tier 10 (500-999 apps) transaction fee changed to $4.9755,
2024-01-02,Kara Soghigian,JHA MeridianLink Consumer - Indirect Lending Module Tier 11 (250-499 apps) transaction fee changed to $5.671,
2024-01-02,Kara Soghigian,JHA MeridianLink Consumer - Indirect Lending Module Tier 12 (up to 249 apps) transaction fee changed to $7.062,
2024-01-02,Kara Soghigian,"JHA MeridianLink Consumer - Indirect Lending Module Tier 2 (25,000-29,999  apps) transaction fee changed to $1.712",
2024-01-02,Kara Soghigian,"JHA MeridianLink Consumer - Indirect Lending Module Tier 3 (20,000-24,999  apps) transaction fee changed to $1.9795",
2024-01-02,Kara Soghigian,"JHA MeridianLink Consumer - Indirect Lending Module Tier 4 (15,000-19,999 apps) transaction fee changed to $2.247",
2024-01-02,Kara Soghigian,"JHA MeridianLink Consumer - Indirect Lending Module Tier 5 (10,000-14,999 apps) transaction fee changed to $2.568",
2024-01-02,Kara Soghigian,JHA MeridianLink Consumer - Indirect Lending Module Tier 6 (8000-9999 apps) transaction fee changed to $2.8355,
2024-01-02,Kara Soghigian,JHA MeridianLink Consumer - Indirect Lending Module Tier 7 (4000-7999 apps) transaction fee changed to $3.21,
2024-01-02,Kara Soghigian,JHA MeridianLink Consumer - Indirect Lending Module Tier 8 (2000-3999 apps) transaction fee changed to $3.531,
2024-01-02,Kara Soghigian,JHA MeridianLink Consumer - Indirect Lending Module Tier 9 (1000-1999 apps) transaction fee changed to $4.28,
2024-01-02,Kara Soghigian,"JHA MeridianLink Opening Module Tier 1 (30,000+ apps) transaction fee changed to $1.605",
2024-01-02,Kara Soghigian,JHA MeridianLink Opening Module Tier 10 (500-999 apps) transaction fee changed to $9.309,
2024-01-02,Kara Soghigian,JHA MeridianLink Opening Module Tier 11 (250-499 apps) transaction fee changed to $10.7535,
2024-01-02,Kara Soghigian,JHA MeridianLink Opening Module Tier 12 (up to 249 apps) transaction fee changed to $12.2515,
2024-01-02,Kara Soghigian,"JHA MeridianLink Opening Module Tier 2 (25,000-29,999 apps) transaction fee changed to $1.8725",
2024-01-02,Kara Soghigian,"JHA MeridianLink Opening Module Tier 3 (20,000-24,999 apps) transaction fee changed to $2.14",
2024-01-02,Kara Soghigian,"JHA MeridianLink Opening Module Tier 4 (15,000-19,999 apps) transaction fee changed to $2.461",
2024-01-02,Kara Soghigian,"JHA MeridianLink Opening Module Tier 5 (10,000-14,999 apps) transaction fee changed to $2.889",
2024-01-02,Kara Soghigian,JHA MeridianLink Opening Module Tier 6 (8000-9999 apps) transaction fee changed to $3.3705,
2024-01-02,Kara Soghigian,JHA MeridianLink Opening Module Tier 7 (4000-7999 apps) transaction fee changed to $4.1195,
2024-01-02,Kara Soghigian,JHA MeridianLink Opening Module Tier 8 (2000-3999 apps) transaction fee changed to $5.8315,
2024-01-02,Kara Soghigian,JHA MeridianLink Opening Module Tier 9 (1000-1999 apps) transaction fee changed to $7.597,
2024-01-02,Kara Soghigian,MeridianLink Consumer - Business Module Tier 1 (1000-1999 apps) transaction fee changed to $14.124,
2024-01-02,Kara Soghigian,MeridianLink Consumer - Business Module Tier 2 (500-999 apps) transaction fee changed to $18.4575,
2024-01-02,Kara Soghigian,MeridianLink Consumer - Business Module Tier 3 (250-499 apps) transaction fee changed to $22.6305,
2024-01-02,Kara Soghigian,MeridianLink Consumer - Business Module Tier 4 (up to 249 apps) transaction fee changed to $28.248,
2024-01-02,Kara Soghigian,MeridianLink Consumer - Consumer Module (ML Entry - year 1) transaction fee changed to $12.947,
2024-01-02,Kara Soghigian,MeridianLink Consumer - Consumer Module (ML Entry - year 2) transaction fee changed to $11.556,
2024-01-02,Kara Soghigian,MeridianLink Consumer - Consumer Module (ML Entry - year 3) transaction fee changed to $10.914,
2024-01-02,Kara Soghigian,MeridianLink Consumer - Consumer Module (ML Entry - year 4) transaction fee changed to $10.914,
2024-01-02,Kara Soghigian,MeridianLink Consumer - Consumer Module (ML Entry - year 5) transaction fee changed to $10.914,
2024-01-02,Kara Soghigian,MeridianLink Consumer - Consumer Module (ML Entry - year 6) transaction fee changed to $10.914,
2024-01-02,Kara Soghigian,MeridianLink Consumer - Consumer Module (ML Entry - year 7) transaction fee changed to $10.914,
2024-01-02,Kara Soghigian,"MeridianLink Consumer - Consumer Module Tier 1 (30,000+ apps) transaction fee changed to $1.605",
2024-01-02,Kara Soghigian,MeridianLink Consumer - Consumer Module Tier 10 (500-999 apps) transaction fee changed to $9.309,
2024-01-02,Kara Soghigian,MeridianLink Consumer - Consumer Module Tier 11 (250-499 apps) transaction fee changed to $10.7535,
2024-01-02,Kara Soghigian,MeridianLink Consumer - Consumer Module Tier 12 (up to 249 apps) transaction fee changed to $12.2515,
2024-01-02,Kara Soghigian,"MeridianLink Consumer - Consumer Module Tier 2 (25,000-29,999 apps) transaction fee changed to $1.8725",
2024-01-02,Kara Soghigian,"MeridianLink Consumer - Consumer Module Tier 3 (20,000-24,999 apps) transaction fee changed to $2.14",
2024-01-02,Kara Soghigian,"MeridianLink Consumer - Consumer Module Tier 4 (15,000-19,999 apps) transaction fee changed to $2.461",
2024-01-02,Kara Soghigian,"MeridianLink Consumer - Consumer Module Tier 5 (10,000-14,999 apps) transaction fee changed to $2.889",
2024-01-02,Kara Soghigian,MeridianLink Consumer - Consumer Module Tier 6 (8000-9999 apps) transaction fee changed to $3.3705,
2024-01-02,Kara Soghigian,MeridianLink Consumer - Consumer Module Tier 7 (4000-7999 apps) transaction fee changed to $4.1195,
2024-01-02,Kara Soghigian,MeridianLink Consumer - Consumer Module Tier 8 (2000-3999 apps) transaction fee changed to $5.8315,
2024-01-02,Kara Soghigian,MeridianLink Consumer - Consumer Module Tier 9 (1000-1999 apps) transaction fee changed to $7.597,
2024-01-02,Kara Soghigian,MeridianLink Consumer - Home Equity Module Tier 1 (1000-1999 apps) transaction fee changed to $10.165,
2024-01-02,Kara Soghigian,MeridianLink Consumer - Home Equity Module Tier 2 (500-999 apps) transaction fee changed to $13.054,
2024-01-02,Kara Soghigian,MeridianLink Consumer - Home Equity Module Tier 3 (250-499 apps) transaction fee changed to $17.334,
2024-01-02,Kara Soghigian,MeridianLink Consumer - Home Equity Module Tier 4 (up to 249 apps) transaction fee changed to $21.6675,
2024-01-02,Kara Soghigian,"MeridianLink Consumer - Indirect Lending Module Tier 1 (30,000+ apps) transaction fee changed to $1.498",
2024-01-02,Kara Soghigian,MeridianLink Consumer - Indirect Lending Module Tier 10 (500-999 apps) transaction fee changed to $4.9755,
2024-01-02,Kara Soghigian,MeridianLink Consumer - Indirect Lending Module Tier 11 (250-499 apps) transaction fee changed to $5.671,
2024-01-02,Kara Soghigian,MeridianLink Consumer - Indirect Lending Module Tier 12 (up to 249 apps) transaction fee changed to $7.062,
2024-01-02,Kara Soghigian,"MeridianLink Consumer - Indirect Lending Module Tier 2 (25,000-29,999  apps) transaction fee changed to $1.712",
2024-01-02,Kara Soghigian,"MeridianLink Consumer - Indirect Lending Module Tier 3 (20,000-24,999  apps) transaction fee changed to $1.9795",
2024-01-02,Kara Soghigian,"MeridianLink Consumer - Indirect Lending Module Tier 4 (15,000-19,999 apps) transaction fee changed to $2.247",
2024-01-02,Kara Soghigian,"MeridianLink Consumer - Indirect Lending Module Tier 5 (10,000-14,999 apps) transaction fee changed to $2.568",
2024-01-02,Kara Soghigian,MeridianLink Consumer - Indirect Lending Module Tier 6 (8000-9999 apps) transaction fee changed to $2.8355,
2024-01-02,Kara Soghigian,MeridianLink Consumer - Indirect Lending Module Tier 7 (4000-7999 apps) transaction fee changed to $3.21,
2024-01-02,Kara Soghigian,MeridianLink Consumer - Indirect Lending Module Tier 8 (2000-3999 apps) transaction fee changed to $3.531,
2024-01-02,Kara Soghigian,MeridianLink Consumer - Indirect Lending Module Tier 9 (1000-1999 apps) transaction fee changed to $4.28,
2024-01-02,Kara Soghigian,MeridianLink Opening Module (ML Entry - year 1) transaction fee changed to $12.947,
2024-01-02,Kara Soghigian,MeridianLink Opening Module (ML Entry - year 2) transaction fee changed to $11.556,
2024-01-02,Kara Soghigian,MeridianLink Opening Module (ML Entry - year 3) transaction fee changed to $10.914,
2024-01-02,Kara Soghigian,MeridianLink Opening Module (ML Entry - year 4) transaction fee changed to $10.914,
2024-01-02,Kara Soghigian,MeridianLink Opening Module (ML Entry - year 5) transaction fee changed to $10.914,
2024-01-02,Kara Soghigian,MeridianLink Opening Module (ML Entry - year 6) transaction fee changed to $10.914,
2024-01-02,Kara Soghigian,MeridianLink Opening Module (ML Entry - year 7) transaction fee changed to $10.914,
2024-01-02,Kara Soghigian,"MeridianLink Opening Module Tier 1 (30,000+ apps) transaction fee changed to $1.605",
2024-01-02,Kara Soghigian,MeridianLink Opening Module Tier 10 (500-999 apps) transaction fee changed to $9.309,
2024-01-02,Kara Soghigian,MeridianLink Opening Module Tier 11 (250-499 apps) transaction fee changed to $10.7535,
2024-01-02,Kara Soghigian,MeridianLink Opening Module Tier 12 (up to 249 apps) transaction fee changed to $12.2515,
2024-01-02,Kara Soghigian,"MeridianLink Opening Module Tier 2 (25,000-29,999 apps) transaction fee changed to $1.8725",
2024-01-02,Kara Soghigian,"MeridianLink Opening Module Tier 3 (20,000-24,999 apps) transaction fee changed to $2.14",
2024-01-02,Kara Soghigian,"MeridianLink Opening Module Tier 4 (15,000-19,999 apps) transaction fee changed to $2.461",
2024-01-02,Kara Soghigian,"MeridianLink Opening Module Tier 5 (10,000-14,999 apps) transaction fee changed to $2.889",
2024-01-02,Kara Soghigian,MeridianLink Opening Module Tier 6 (8000-9999 apps) transaction fee changed to $3.3705,
2024-01-02,Kara Soghigian,MeridianLink Opening Module Tier 7 (4000-7999 apps) transaction fee changed to $4.1195,
2024-01-02,Kara Soghigian,MeridianLink Opening Module Tier 8 (2000-3999 apps) transaction fee changed to $5.8315,
2024-01-02,Kara Soghigian,MeridianLink Opening Module Tier 9 (1000-1999 apps) transaction fee changed to $7.597,
2024-01-02,Kara Soghigian,IST CorrectAddress transaction fee changed to $0.1605,
2024-01-02,Kara Soghigian,Telecheck- New Customer transaction fee changed to $2.8355,
2024-01-02,Kara Soghigian,Faxing transaction fee changed to $0.4815,
2024-01-02,Kara Soghigian,Mailing (1-5 Page Envelope) transaction fee changed to $2.1935,
2024-01-02,Kara Soghigian,Mailing (21-40 Page Envelope) transaction fee changed to $12.198,
2024-01-02,Kara Soghigian,Mailing (41-60 Page Envelope) transaction fee changed to $22.47,
2024-01-02,Kara Soghigian,Mailing (61-80 Page Envelope) transaction fee changed to $26.2685,
2024-01-02,Kara Soghigian,Mailing (6-20 Page Envelope) transaction fee changed to $7.8645,
2024-01-02,Kara Soghigian,Mailing (81-100 Page Envelope) transaction fee changed to $29.104,
2024-01-02,Kara Soghigian,MeasureOne Bank Deposit Verification transaction fee changed to $5.35,
2024-01-02,Kara Soghigian,"MeasureOne Education Tier 1 (500,000+ monthly orders) transaction fee changed to $6.42",
2024-01-02,Kara Soghigian,"MeasureOne Education Tier 2 (250,000 - 499,999 monthly orders) transaction fee changed to $6.955",
2024-01-02,Kara Soghigian,"MeasureOne Education Tier 3 (100,000 - 249,999 monthly orders) transaction fee changed to $7.49",
2024-01-02,Kara Soghigian,"MeasureOne Education Tier 4 (50,000 - 99,999 monthly orders) transaction fee changed to $8.025",
2024-01-02,Kara Soghigian,"MeasureOne Education Tier 5 (25,000 - 49,999 monthly orders) transaction fee changed to $8.56",
2024-01-02,Kara Soghigian,"MeasureOne Education Tier 6 (10,000 - 24,999 monthly orders) transaction fee changed to $9.095",
2024-01-02,Kara Soghigian,"MeasureOne Education Tier 7 (5,000 - 9,999 monthly orders) transaction fee changed to $9.63",
2024-01-02,Kara Soghigian,"MeasureOne Education Tier 8 (0 - 4,999 monthly orders) transaction fee changed to $10.7",
2024-01-02,Kara Soghigian,"MeasureOne Income & Employment Tier 1 (500,000+ monthly orders) transaction fee changed to $5.136",
2024-01-02,Kara Soghigian,"MeasureOne Income & Employment Tier 2 (250,000 - 499,999 monthly orders) transaction fee changed to $5.564",
2024-01-02,Kara Soghigian,"MeasureOne Income & Employment Tier 3 (100,000 - 249,999 monthly orders) transaction fee changed to $5.992",
2024-01-02,Kara Soghigian,"MeasureOne Income & Employment Tier 4 (50,000 - 99,999 monthly orders) transaction fee changed to $6.42",
2024-01-02,Kara Soghigian,"MeasureOne Income & Employment Tier 5 (25,000 - 49,999 monthly orders) transaction fee changed to $6.848",
2024-01-02,Kara Soghigian,"MeasureOne Income & Employment Tier 6 (10,000 - 24,999 monthly orders) transaction fee changed to $7.276",
2024-01-02,Kara Soghigian,"MeasureOne Income & Employment Tier 7 (5,000 - 9,999 monthly orders) transaction fee changed to $7.704",
2024-01-02,Kara Soghigian,"MeasureOne Income & Employment Tier 8 (0 - 4,999 monthly orders) transaction fee changed to $8.56",
2024-01-02,Kara Soghigian,DocuSign ISV Tier 2 (400-499 envelopes included) (Consumer) transaction fee changed to $3.103,
2024-01-02,Kara Soghigian,DocuSign ISV Tier 3 (300-399 envelopes included) (Consumer) transaction fee changed to $3.21,
2024-01-02,Kara Soghigian,DocuSign ISV Tier 4 (200-299 envelopes included) (Consumer) transaction fee changed to $3.4775,
2024-01-02,Kara Soghigian,DocuSign ISV Tier 5 (100-200 envelopes included) (Consumer) transaction fee changed to $3.745,
2024-01-02,Kara Soghigian,DocuSign ISV Tier 6 (50-99 envelopes included) (Consumer) transaction fee changed to $4.0125,
2024-01-02,Kara Soghigian,DocuSign ISV Tier 7 (up to 49 envelopes included) (Consumer) transaction fee changed to $4.28,
2024-01-02,Kara Soghigian,Socure ID & Doc Verification Tier 1 ($5B+ AUM) transaction fee changed to $4.601,
2024-01-02,Kara Soghigian,Socure ID & Doc Verification Tier 2 (<$5B AUM) transaction fee changed to $4.601,
2024-01-02,Kara Soghigian,CrossCore Precise ID for Compliance (aka Prescreen) transaction fee changed to $3.531,
2024-01-02,Kara Soghigian,CrossCore Precise ID with OTP and KIQ transaction fee changed to $3.531,
2024-01-02,Kara Soghigian,TransUnion IDMV & IDMA transaction fee changed to $3.1565,
2024-01-02,Kara Soghigian,Acuant ID Scanning transaction fee changed to $0.5885,
2024-01-02,Kara Soghigian,CrossCore Precise ID transaction fee changed to $2.3005,
2024-01-02,Kara Soghigian,ISTWatch OFAC Watchlist transaction fee changed to $0.321,
2024-01-02,Kara Soghigian,TransUnion IDMV transaction fee changed to $1.7655,
2024-01-02,Kara Soghigian,DealerTrack eContracting (Consumer) transaction fee changed to $8.5065,
2024-01-02,Kara Soghigian,DealerTrack eContracting Per Vaulted Transaction (Consumer) transaction fee changed to $0.535,
2024-01-02,Kara Soghigian,RouteOne (Consumer) transaction fee changed to $4.0125,
2024-01-02,Kara Soghigian,RouteOne eContracting (Consumer) transaction fee changed to $7.4365,
2024-01-02,Kara Soghigian,RouteOne eContracting Authoritative Copy Conversion (ACC) transaction fee changed to $24.61,
2024-01-02,Kara Soghigian,RouteOne Electronic Contracting Per Faxed Page transaction fee changed to $0.214,
2024-01-02,Kara Soghigian,RouteOne Electronic Contracting Per Vaulted Transaction transaction fee changed to $0.535,
2024-01-02,Kara Soghigian,RouteOne TOLEC transaction fee changed to $3.21,
2024-01-02,Kara Soghigian,SMS Text Feature transaction fee changed to $0.107,
2024-01-02,Kara Soghigian,CoreLogic GeoAVM (MeridianLink Consumer) transaction fee changed to $30.923,
2024-01-02,Kara Soghigian,CoreLogic Home Value Explorer (HVE) - MeridianLink Consumer transaction fee changed to $24.717,
2024-01-02,Kara Soghigian,CoreLogic IVAL (Consumer) transaction fee changed to $2.354,
2024-01-02,Kara Soghigian,CoreLogic PASS (Consumer) transaction fee changed to $2.354,
2024-01-02,Kara Soghigian,Flood Transaction (Consumer) transaction fee changed to $1.07,
2024-01-02,Kara Soghigian,PMC (Consumer) transaction fee changed to $2.354,
2024-01-02,Kara Soghigian,ClickSWITCH (new CS client) transaction fee changed to $30.615375,
2024-01-02,Kara Soghigian,AutoCheck transaction fee changed to $10.2185,
2024-01-02,Kara Soghigian,AutoCheck with Buyback Protection transaction fee changed to $13.482,
2024-01-02,Kara Soghigian,Carfax Title Brand Component transaction fee changed to $0.321,
2024-01-02,Kara Soghigian,TransUnion TruValidate Full Bundle (IDV and IDA) transaction fee changed to $4.173,
2024-01-02,Kara Soghigian,TransUnion TruValidate Verification Only (IDV)- with Full Bundle (IDV and IDA) transaction fee changed to $2.3005,
2024-01-02,Kara Soghigian,TransUnion TruValidate Verification Only (IDV)- without Full Bundle transaction fee changed to $2.3005,
2024-01-02,Kara Soghigian,Black Book (Consumer) transaction fee changed to $0.535,
2024-01-02,Kara Soghigian,KBB transaction fee changed to $0.535,
2024-01-02,Kara Soghigian,NADA transaction fee changed to $0.535,
2024-01-02,Kara Soghigian,NADA Other transaction fee changed to $0.535,
2024-01-02,Kara Soghigian,JHA MeridianLink Consumer - Business Module Tier 1 (1000-1999 apps) commitment changed to $14550,
2024-01-02,Kara Soghigian,JHA MeridianLink Consumer - Business Module Tier 2 (500-999 apps) commitment changed to $14550,
2024-01-02,Kara Soghigian,JHA MeridianLink Consumer - Business Module Tier 3 (250-499 apps) commitment changed to $14550,
2024-01-02,Kara Soghigian,JHA MeridianLink Consumer - Consumer Module Tier 10 (500-999 apps) commitment changed to $39265,
2024-01-02,Kara Soghigian,JHA MeridianLink Consumer - Consumer Module Tier 11 (250-499 apps) commitment changed to $30545,
2024-01-02,Kara Soghigian,JHA MeridianLink Consumer - Consumer Module Tier 6 (8000-9999 apps) commitment changed to $74165,
2024-01-02,Kara Soghigian,JHA MeridianLink Consumer - Consumer Module Tier 7 (4000-7999 apps) commitment changed to $65440,
2024-01-02,Kara Soghigian,JHA MeridianLink Consumer - Consumer Module Tier 8 (2000-3999 apps) commitment changed to $56720,
2024-01-02,Kara Soghigian,JHA MeridianLink Consumer - Consumer Module Tier 9 (1000-1999 apps) commitment changed to $46545,
2024-01-02,Kara Soghigian,JHA MeridianLink Consumer - Home Equity Module Tier 1 (1000-1999 apps) commitment changed to $14550,
2024-01-02,Kara Soghigian,JHA MeridianLink Consumer - Home Equity Module Tier 2 (500-999 apps) commitment changed to $14550,
2024-01-02,Kara Soghigian,JHA MeridianLink Consumer - Home Equity Module Tier 3 (250-499 apps) commitment changed to $14550,
2024-01-02,Kara Soghigian,JHA MeridianLink Consumer - Indirect Lending Module Tier 10 (500-999 apps) commitment changed to $10480,
2024-01-02,Kara Soghigian,JHA MeridianLink Consumer - Indirect Lending Module Tier 11 (250-499 apps) commitment changed to $10480,
2024-01-02,Kara Soghigian,JHA MeridianLink Consumer - Indirect Lending Module Tier 6 (8000-9999 apps) commitment changed to $10480,
2024-01-02,Kara Soghigian,JHA MeridianLink Consumer - Indirect Lending Module Tier 7 (4000-7999 apps) commitment changed to $10480,
2024-01-02,Kara Soghigian,JHA MeridianLink Consumer - Indirect Lending Module Tier 8 (2000-3999 apps) commitment changed to $10480,
2024-01-02,Kara Soghigian,JHA MeridianLink Consumer - Indirect Lending Module Tier 9 (1000-1999 apps) commitment changed to $10480,
2024-01-02,Kara Soghigian,JHA MeridianLink Opening Module Tier 10 (500-999 apps) commitment changed to $24015,
2024-01-02,Kara Soghigian,JHA MeridianLink Opening Module Tier 11 (250-499 apps) commitment changed to $20015,
2024-01-02,Kara Soghigian,JHA MeridianLink Opening Module Tier 6 (8000-9999 apps) commitment changed to $52030,
2024-01-02,Kara Soghigian,JHA MeridianLink Opening Module Tier 7 (4000-7999 apps) commitment changed to $42695,
2024-01-02,Kara Soghigian,JHA MeridianLink Opening Module Tier 8 (2000-3999 apps) commitment changed to $36020,
2024-01-02,Kara Soghigian,JHA MeridianLink Opening Module Tier 9 (1000-1999 apps) commitment changed to $29355,
2024-01-02,Kara Soghigian,MeridianLink Consumer - Business Module Tier 1 (1000-1999 apps) commitment changed to $14550,
2024-01-02,Kara Soghigian,MeridianLink Consumer - Business Module Tier 2 (500-999 apps) commitment changed to $14550,
2024-01-02,Kara Soghigian,MeridianLink Consumer - Business Module Tier 3 (250-499 apps) commitment changed to $14550,
2024-01-02,Kara Soghigian,MeridianLink Consumer - Consumer Module (ML Entry - year 1) commitment changed to $14370,
2024-01-02,Kara Soghigian,MeridianLink Consumer - Consumer Module Tier 10 (500-999 apps) commitment changed to $39265,
2024-01-02,Kara Soghigian,MeridianLink Consumer - Consumer Module Tier 11 (250-499 apps) commitment changed to $30545,
2024-01-02,Kara Soghigian,MeridianLink Consumer - Consumer Module Tier 6 (8000-9999 apps) commitment changed to $74165,
2024-01-02,Kara Soghigian,MeridianLink Consumer - Consumer Module Tier 7 (4000-7999 apps) commitment changed to $65440,
2024-01-02,Kara Soghigian,MeridianLink Consumer - Consumer Module Tier 8 (2000-3999 apps) commitment changed to $56720,
2024-01-02,Kara Soghigian,MeridianLink Consumer - Consumer Module Tier 9 (1000-1999 apps) commitment changed to $46545,
2024-01-02,Kara Soghigian,MeridianLink Consumer - Home Equity Module Tier 1 (1000-1999 apps) commitment changed to $14550,
2024-01-02,Kara Soghigian,MeridianLink Consumer - Home Equity Module Tier 2 (500-999 apps) commitment changed to $14550,
2024-01-02,Kara Soghigian,MeridianLink Consumer - Home Equity Module Tier 3 (250-499 apps) commitment changed to $14550,
2024-01-02,Kara Soghigian,MeridianLink Consumer - Indirect Lending Module Tier 10 (500-999 apps) commitment changed to $10480,
2024-01-02,Kara Soghigian,MeridianLink Consumer - Indirect Lending Module Tier 11 (250-499 apps) commitment changed to $10480,
2024-01-02,Kara Soghigian,MeridianLink Consumer - Indirect Lending Module Tier 6 (8000-9999 apps) commitment changed to $10480,
2024-01-02,Kara Soghigian,MeridianLink Consumer - Indirect Lending Module Tier 7 (4000-7999 apps) commitment changed to $10480,
2024-01-02,Kara Soghigian,MeridianLink Consumer - Indirect Lending Module Tier 8 (2000-3999 apps) commitment changed to $10480,
2024-01-02,Kara Soghigian,MeridianLink Consumer - Indirect Lending Module Tier 9 (1000-1999 apps) commitment changed to $10480,
2024-01-02,Kara Soghigian,MeridianLink Opening Module Tier 10 (500-999 apps) commitment changed to $24015,
2024-01-02,Kara Soghigian,MeridianLink Opening Module Tier 11 (250-499 apps) commitment changed to $20015,
2024-01-02,Kara Soghigian,MeridianLink Opening Module Tier 6 (8000-9999 apps) commitment changed to $52030,
2024-01-02,Kara Soghigian,MeridianLink Opening Module Tier 7 (4000-7999 apps) commitment changed to $42695,
2024-01-02,Kara Soghigian,MeridianLink Opening Module Tier 8 (2000-3999 apps) commitment changed to $36020,
2024-01-02,Kara Soghigian,MeridianLink Opening Module Tier 9 (1000-1999 apps) commitment changed to $29355,
2024-01-02,Kara Soghigian,Data Connect setup fee changed to $6000,
2024-01-02,Kara Soghigian,MeridianLink Insight setup fee changed to $6000,
2024-01-02,Kara Soghigian,Data Connect annual fee changed to $16000,
2024-01-02,Kara Soghigian,Data Connect & MeridianLink Insight Bundle annual fee changed to $11000,
2024-01-02,Kara Soghigian,MeridianLink Insight annual fee changed to $20000,
2024-01-02,Kara Soghigian,MeridianLink Insight - Additional Power User annual fee changed to $1700,
2024-01-02,Kara Soghigian,MeridianLink Insight - Additional Standard User annual fee changed to $200,
2024-01-02,Kara Soghigian,MeridianLink Insight for RevealPro Clients annual fee changed to $20000,
2024-01-02,Kara Soghigian,Core Conversion (Mortgage) setup fee changed to $14014,
2024-01-02,Kara Soghigian,DNA (Mortgage) setup fee changed to $14547.5,
2024-01-02,Kara Soghigian,Episys (Core) (Mortgage) setup fee changed to $14547.5,
2024-01-02,Kara Soghigian,KeyStone (Mortgage) setup fee changed to $14547.5,
2024-01-02,Kara Soghigian,Spectrum (Summit) (Mortgage) setup fee changed to $14547.5,
2024-01-02,Kara Soghigian,XP System (XP2) (Mortgage) setup fee changed to $14547.5,
2024-01-02,Kara Soghigian,Debt Optimization & Cross-Sell setup fee changed to $1150,
2024-01-02,Kara Soghigian,DocuSign ISV Tier 1 (500+ envelopes) (Mortgage) setup fee changed to $1980,
2024-01-02,Kara Soghigian,DocuSign ISV Tier 2 (400-499 envelopes included) (Mortgage) setup fee changed to $1980,
2024-01-02,Kara Soghigian,DocuSign ISV Tier 3 (300-399 envelopes included) (Mortgage) setup fee changed to $1980,
2024-01-02,Kara Soghigian,DocuSign ISV Tier 4 (200-299 envelopes included) (Mortgage) setup fee changed to $1980,
2024-01-02,Kara Soghigian,DocuSign ISV Tier 5 (100-199 envelopes included) (Mortgage) setup fee changed to $1980,
2024-01-02,Kara Soghigian,DocuSign ISV Tier 6 (50-99 envelopes included) (Mortgage) setup fee changed to $1980,
2024-01-02,Kara Soghigian,DocuSign ISV Tier 7 (up to 49 envelopes included) (Mortgage) setup fee changed to $1980,
2024-01-02,Kara Soghigian,Standard Warehouse Extract Service setup fee changed to $2600,
2024-01-02,Kara Soghigian,White Glove Optical Document Recognition Service setup fee changed to $3650,
2024-01-02,Kara Soghigian,SQL Transmission Service (one extract/day after hours) setup fee changed to $4975,
2024-01-02,Kara Soghigian,SQL Transmission Service (one extract/hour including business hours) setup fee changed to $4975,
2024-01-02,Kara Soghigian,MLM Roles Training Package setup fee changed to $3750,
2024-01-02,Kara Soghigian,MLM Time & Materials Training Package setup fee changed to $2200,
2024-01-02,Kara Soghigian,MLM Training Package setup fee changed to $6125,
2024-01-02,Kara Soghigian,MeridianLink Mortgage LOS Tier 1 (1200+ Closed Loans/Mon) with 1 implementation setup fee changed to $60525,
2024-01-02,Kara Soghigian,MeridianLink Mortgage LOS Tier 1 (1200+ Closed Loans/Mon) with 2 implementations setup fee changed to $90800,
2024-01-02,Kara Soghigian,MeridianLink Mortgage LOS Tier 1 (1200+ Closed Loans/Mon) with 3 implementations setup fee changed to $105925,
2024-01-02,Kara Soghigian,MeridianLink Mortgage LOS Tier 10 (110-134 Closed Loans/Mon) with 1 implementation setup fee changed to $36750,
2024-01-02,Kara Soghigian,MeridianLink Mortgage LOS Tier 10 (110-134 Closed Loans/Mon) with 2 implementations setup fee changed to $55125,
2024-01-02,Kara Soghigian,MeridianLink Mortgage LOS Tier 10 (110-134 Closed Loans/Mon) with 3 implementations setup fee changed to $64300,
2024-01-02,Kara Soghigian,MeridianLink Mortgage LOS Tier 11 (90-109 Closed Loans/Mon) with 1 implementation setup fee changed to $34750,
2024-01-02,Kara Soghigian,MeridianLink Mortgage LOS Tier 11 (90-109 Closed Loans/Mon) with 2 implementations setup fee changed to $52125,
2024-01-02,Kara Soghigian,MeridianLink Mortgage LOS Tier 11 (90-109 Closed Loans/Mon) with 3 implementations setup fee changed to $60800,
2024-01-02,Kara Soghigian,MeridianLink Mortgage LOS Tier 12 (75-89 Closed Loans/Mon) with 1 implementation setup fee changed to $32925,
2024-01-02,Kara Soghigian,MeridianLink Mortgage LOS Tier 12 (75-89 Closed Loans/Mon) with 2 implementations setup fee changed to $49400,
2024-01-02,Kara Soghigian,MeridianLink Mortgage LOS Tier 12 (75-89 Closed Loans/Mon) with 3 implementations setup fee changed to $57625,
2024-01-02,Kara Soghigian,MeridianLink Mortgage LOS Tier 13 (60-74 Closed Loans/Mon) with 1 implementation setup fee changed to $30725,
2024-01-02,Kara Soghigian,MeridianLink Mortgage LOS Tier 13 (60-74 Closed Loans/Mon) with 2 implementations setup fee changed to $46075,
2024-01-02,Kara Soghigian,MeridianLink Mortgage LOS Tier 13 (60-74 Closed Loans/Mon) with 3 implementations setup fee changed to $53750,
2024-01-02,Kara Soghigian,MeridianLink Mortgage LOS Tier 14 (45-59 Closed Loans/Mon) with 1 implementation setup fee changed to $27850,
2024-01-02,Kara Soghigian,MeridianLink Mortgage LOS Tier 14 (45-59 Closed Loans/Mon) with 2 implementations setup fee changed to $41775,
2024-01-02,Kara Soghigian,MeridianLink Mortgage LOS Tier 14 (45-59 Closed Loans/Mon) with 3 implementations setup fee changed to $48725,
2024-01-02,Kara Soghigian,MeridianLink Mortgage LOS Tier 15 (30-44 Closed Loans/Mon) with 1 implementation setup fee changed to $23825,
2024-01-02,Kara Soghigian,MeridianLink Mortgage LOS Tier 15 (30-44 Closed Loans/Mon) with 2 implementations setup fee changed to $35725,
2024-01-02,Kara Soghigian,MeridianLink Mortgage LOS Tier 15 (30-44 Closed Loans/Mon) with 3 implementations setup fee changed to $41675,
2024-01-02,Kara Soghigian,MeridianLink Mortgage LOS Tier 16 (<30 Closed Loans/Mon) with 1 implementation setup fee changed to $16900,
2024-01-02,Kara Soghigian,MeridianLink Mortgage LOS Tier 16 (<30 Closed Loans/Mon) with 2 implementations setup fee changed to $25350,
2024-01-02,Kara Soghigian,MeridianLink Mortgage LOS Tier 16 (<30 Closed Loans/Mon) with 3 implementations setup fee changed to $29575,
2024-01-02,Kara Soghigian,MeridianLink Mortgage LOS Tier 2 (900-1199 Closed Loans/Mon) with 1 implementation setup fee changed to $57675,
2024-01-02,Kara Soghigian,MeridianLink Mortgage LOS Tier 2 (900-1199 Closed Loans/Mon) with 2 implementations setup fee changed to $86525,
2024-01-02,Kara Soghigian,MeridianLink Mortgage LOS Tier 2 (900-1199 Closed Loans/Mon) with 3 implementations setup fee changed to $100925,
2024-01-02,Kara Soghigian,MeridianLink Mortgage LOS Tier 3 (675-899 Closed Loans/Mon) with 1 implementation setup fee changed to $54800,
2024-01-02,Kara Soghigian,MeridianLink Mortgage LOS Tier 3 (675-899 Closed Loans/Mon) with 2 implementations setup fee changed to $82225,
2024-01-02,Kara Soghigian,MeridianLink Mortgage LOS Tier 3 (675-899 Closed Loans/Mon) with 3 implementations setup fee changed to $95925,
2024-01-02,Kara Soghigian,MeridianLink Mortgage LOS Tier 4 (525-674 Closed Loans/Mon) with 1 implementation setup fee changed to $52300,
2024-01-02,Kara Soghigian,MeridianLink Mortgage LOS Tier 4 (525-674 Closed Loans/Mon) with 2 implementations setup fee changed to $78475,
2024-01-02,Kara Soghigian,MeridianLink Mortgage LOS Tier 4 (525-674 Closed Loans/Mon) with 3 implementations setup fee changed to $91525,
2024-01-02,Kara Soghigian,MeridianLink Mortgage LOS Tier 5 (400-524 Closed Loans/Mon) with 1 implementation setup fee changed to $49600,
2024-01-02,Kara Soghigian,MeridianLink Mortgage LOS Tier 5 (400-524 Closed Loans/Mon) with 2 implementations setup fee changed to $74400,
2024-01-02,Kara Soghigian,MeridianLink Mortgage LOS Tier 5 (400-524 Closed Loans/Mon) with 3 implementations setup fee changed to $86800,
2024-01-02,Kara Soghigian,MeridianLink Mortgage LOS Tier 6 (300-399 Closed Loans/Mon) with 1 implementation setup fee changed to $46725,
2024-01-02,Kara Soghigian,MeridianLink Mortgage LOS Tier 6 (300-399 Closed Loans/Mon) with 2 implementations setup fee changed to $70100,
2024-01-02,Kara Soghigian,MeridianLink Mortgage LOS Tier 6 (300-399 Closed Loans/Mon) with 3 implementations setup fee changed to $81775,
2024-01-02,Kara Soghigian,MeridianLink Mortgage LOS Tier 7 (225-299 Closed Loans/Mon) with 1 implementation setup fee changed to $43875,
2024-01-02,Kara Soghigian,MeridianLink Mortgage LOS Tier 7 (225-299 Closed Loans/Mon) with 2 implementations setup fee changed to $65800,
2024-01-02,Kara Soghigian,MeridianLink Mortgage LOS Tier 7 (225-299 Closed Loans/Mon) with 3 implementations setup fee changed to $76775,
2024-01-02,Kara Soghigian,MeridianLink Mortgage LOS Tier 8 (170-224 Closed Loans/Mon) with 1 implementation setup fee changed to $41075,
2024-01-02,Kara Soghigian,MeridianLink Mortgage LOS Tier 8 (170-224 Closed Loans/Mon) with 2 implementations setup fee changed to $61625,
2024-01-02,Kara Soghigian,MeridianLink Mortgage LOS Tier 8 (170-224 Closed Loans/Mon) with 3 implementations setup fee changed to $71875,
2024-01-02,Kara Soghigian,MeridianLink Mortgage LOS Tier 9 (135-169 Closed Loans/Mon) with 1 implementation setup fee changed to $38775,
2024-01-02,Kara Soghigian,MeridianLink Mortgage LOS Tier 9 (135-169 Closed Loans/Mon) with 2 implementations setup fee changed to $58175,
2024-01-02,Kara Soghigian,MeridianLink Mortgage LOS Tier 9 (135-169 Closed Loans/Mon) with 3 implementations setup fee changed to $67875,
2024-01-02,Kara Soghigian,MeridianLink Mortgage OpenClose Tier 1 (1200+ Closed Loans/Mon) with 1 implementation setup fee changed to $60525,
2024-01-02,Kara Soghigian,MeridianLink Mortgage OpenClose Tier 1 (1200+ Closed Loans/Mon) with 2 implementations setup fee changed to $90800,
2024-01-02,Kara Soghigian,MeridianLink Mortgage OpenClose Tier 1 (1200+ Closed Loans/Mon) with 3 implementations setup fee changed to $105925,
2024-01-02,Kara Soghigian,MeridianLink Mortgage OpenClose Tier 10 (110-134 Closed Loans/Mon) with 1 implementation setup fee changed to $36750,
2024-01-02,Kara Soghigian,MeridianLink Mortgage OpenClose Tier 10 (110-134 Closed Loans/Mon) with 2 implementations setup fee changed to $55125,
2024-01-02,Kara Soghigian,MeridianLink Mortgage OpenClose Tier 10 (110-134 Closed Loans/Mon) with 3 implementations setup fee changed to $64300,
2024-01-02,Kara Soghigian,MeridianLink Mortgage OpenClose Tier 11 (90-109 Closed Loans/Mon) with 1 implementation setup fee changed to $34750,
2024-01-02,Kara Soghigian,MeridianLink Mortgage OpenClose Tier 11 (90-109 Closed Loans/Mon) with 2 implementations setup fee changed to $52125,
2024-01-02,Kara Soghigian,MeridianLink Mortgage OpenClose Tier 11 (90-109 Closed Loans/Mon) with 3 implementations setup fee changed to $60800,
2024-01-02,Kara Soghigian,MeridianLink Mortgage OpenClose Tier 12 (75-89 Closed Loans/Mon) with 1 implementation setup fee changed to $32925,
2024-01-02,Kara Soghigian,MeridianLink Mortgage OpenClose Tier 12 (75-89 Closed Loans/Mon) with 2 implementations setup fee changed to $49400,
2024-01-02,Kara Soghigian,MeridianLink Mortgage OpenClose Tier 12 (75-89 Closed Loans/Mon) with 3 implementations setup fee changed to $57625,
2024-01-02,Kara Soghigian,MeridianLink Mortgage OpenClose Tier 13 (60-74 Closed Loans/Mon) with 1 implementation setup fee changed to $30725,
2024-01-02,Kara Soghigian,MeridianLink Mortgage OpenClose Tier 13 (60-74 Closed Loans/Mon) with 2 implementations setup fee changed to $46075,
2024-01-02,Kara Soghigian,MeridianLink Mortgage OpenClose Tier 13 (60-74 Closed Loans/Mon) with 3 implementations setup fee changed to $53750,
2024-01-02,Kara Soghigian,MeridianLink Mortgage OpenClose Tier 14 (45-59 Closed Loans/Mon) with 1 implementation setup fee changed to $27850,
2024-01-02,Kara Soghigian,MeridianLink Mortgage OpenClose Tier 14 (45-59 Closed Loans/Mon) with 2 implementations setup fee changed to $41775,
2024-01-02,Kara Soghigian,MeridianLink Mortgage OpenClose Tier 14 (45-59 Closed Loans/Mon) with 3 implementations setup fee changed to $48725,
2024-01-02,Kara Soghigian,MeridianLink Mortgage OpenClose Tier 15 (30-44 Closed Loans/Mon) with 1 implementation setup fee changed to $23825,
2024-01-02,Kara Soghigian,MeridianLink Mortgage OpenClose Tier 15 (30-44 Closed Loans/Mon) with 2 implementations setup fee changed to $35725,
2024-01-02,Kara Soghigian,MeridianLink Mortgage OpenClose Tier 15 (30-44 Closed Loans/Mon) with 3 implementations setup fee changed to $41675,
2024-01-02,Kara Soghigian,MeridianLink Mortgage OpenClose Tier 16 (<30 Closed Loans/Mon) with 1 implementation setup fee changed to $16900,
2024-01-02,Kara Soghigian,MeridianLink Mortgage OpenClose Tier 16 (<30 Closed Loans/Mon) with 2 implementations setup fee changed to $25350,
2024-01-02,Kara Soghigian,MeridianLink Mortgage OpenClose Tier 16 (<30 Closed Loans/Mon) with 3 implementations setup fee changed to $29575,
2024-01-02,Kara Soghigian,MeridianLink Mortgage OpenClose Tier 2 (900-1199 Closed Loans/Mon) with 1 implementation setup fee changed to $57675,
2024-01-02,Kara Soghigian,MeridianLink Mortgage OpenClose Tier 2 (900-1199 Closed Loans/Mon) with 2 implementations setup fee changed to $86525,
2024-01-02,Kara Soghigian,MeridianLink Mortgage OpenClose Tier 2 (900-1199 Closed Loans/Mon) with 3 implementations setup fee changed to $100925,
2024-01-02,Kara Soghigian,MeridianLink Mortgage OpenClose Tier 3 (675-899 Closed Loans/Mon) with 1 implementation setup fee changed to $54800,
2024-01-02,Kara Soghigian,MeridianLink Mortgage OpenClose Tier 3 (675-899 Closed Loans/Mon) with 2 implementations setup fee changed to $82225,
2024-01-02,Kara Soghigian,MeridianLink Mortgage OpenClose Tier 3 (675-899 Closed Loans/Mon) with 3 implementations setup fee changed to $95925,
2024-01-02,Kara Soghigian,MeridianLink Mortgage OpenClose Tier 4 (525-674 Closed Loans/Mon) with 1 implementation setup fee changed to $52300,
2024-01-02,Kara Soghigian,MeridianLink Mortgage OpenClose Tier 4 (525-674 Closed Loans/Mon) with 2 implementations setup fee changed to $78475,
2024-01-02,Kara Soghigian,MeridianLink Mortgage OpenClose Tier 4 (525-674 Closed Loans/Mon) with 3 implementations setup fee changed to $91525,
2024-01-02,Kara Soghigian,MeridianLink Mortgage OpenClose Tier 5 (400-524 Closed Loans/Mon) with 1 implementation setup fee changed to $49600,
2024-01-02,Kara Soghigian,MeridianLink Mortgage OpenClose Tier 5 (400-524 Closed Loans/Mon) with 2 implementations setup fee changed to $74400,
2024-01-02,Kara Soghigian,MeridianLink Mortgage OpenClose Tier 5 (400-524 Closed Loans/Mon) with 3 implementations setup fee changed to $86800,
2024-01-02,Kara Soghigian,MeridianLink Mortgage OpenClose Tier 6 (300-399 Closed Loans/Mon) with 1 implementation setup fee changed to $46725,
2024-01-02,Kara Soghigian,MeridianLink Mortgage OpenClose Tier 6 (300-399 Closed Loans/Mon) with 2 implementations setup fee changed to $70100,
2024-01-02,Kara Soghigian,MeridianLink Mortgage OpenClose Tier 6 (300-399 Closed Loans/Mon) with 3 implementations setup fee changed to $81775,
2024-01-02,Kara Soghigian,MeridianLink Mortgage OpenClose Tier 7 (225-299 Closed Loans/Mon) with 1 implementation setup fee changed to $43875,
2024-01-02,Kara Soghigian,MeridianLink Mortgage OpenClose Tier 7 (225-299 Closed Loans/Mon) with 2 implementations setup fee changed to $65800,
2024-01-02,Kara Soghigian,MeridianLink Mortgage OpenClose Tier 7 (225-299 Closed Loans/Mon) with 3 implementations setup fee changed to $76775,
2024-01-02,Kara Soghigian,MeridianLink Mortgage OpenClose Tier 8 (170-224 Closed Loans/Mon) with 1 implementation setup fee changed to $41075,
2024-01-02,Kara Soghigian,MeridianLink Mortgage OpenClose Tier 8 (170-224 Closed Loans/Mon) with 2 implementations setup fee changed to $61625,
2024-01-02,Kara Soghigian,MeridianLink Mortgage OpenClose Tier 8 (170-224 Closed Loans/Mon) with 3 implementations setup fee changed to $71875,
2024-01-02,Kara Soghigian,MeridianLink Mortgage OpenClose Tier 9 (135-169 Closed Loans/Mon) with 1 implementation setup fee changed to $38775,
2024-01-02,Kara Soghigian,MeridianLink Mortgage OpenClose Tier 9 (135-169 Closed Loans/Mon) with 2 implementations setup fee changed to $58175,
2024-01-02,Kara Soghigian,MeridianLink Mortgage OpenClose Tier 9 (135-169 Closed Loans/Mon) with 3 implementations setup fee changed to $67875,
2024-01-02,Kara Soghigian,DNA (Mortgage) annual fee changed to $8250,
2024-01-02,Kara Soghigian,Episys (Core) (Mortgage) annual fee changed to $8250,
2024-01-02,Kara Soghigian,KeyStone (Mortgage) annual fee changed to $8250,
2024-01-02,Kara Soghigian,Spectrum (Summit) (Mortgage) annual fee changed to $8250,
2024-01-02,Kara Soghigian,XP System (XP2) (Mortgage) annual fee changed to $8250,
2024-01-02,Kara Soghigian,DocuSign ISV Tier 2 (400-499 envelopes included) (Mortgage) annual fee changed to $17400,
2024-01-02,Kara Soghigian,DocuSign ISV Tier 3 (300-399 envelopes included) (Mortgage) annual fee changed to $10800,
2024-01-02,Kara Soghigian,DocuSign ISV Tier 4 (200-299 envelopes included) (Mortgage) annual fee changed to $7800,
2024-01-02,Kara Soghigian,DocuSign ISV Tier 5 (100-199 envelopes included) (Mortgage) annual fee changed to $6300,
2024-01-02,Kara Soghigian,DocuSign ISV Tier 6 (50-99 envelopes included) (Mortgage) annual fee changed to $4500,
2024-01-02,Kara Soghigian,DocuSign ISV Tier 7 (up to 49 envelopes included) (Mortgage) annual fee changed to $2400,
2024-01-02,Kara Soghigian,Standard Warehouse Extract Service annual fee changed to $3000,
2024-01-02,Kara Soghigian,SQL Transmission Service (one extract/day after hours) annual fee changed to $2450,
2024-01-02,Kara Soghigian,SQL Transmission Service (one extract/hour including business hours) annual fee changed to $9765,
2024-01-02,Kara Soghigian,DocuSign ISV Tier 2 (400-499 envelopes included) (Mortgage) transaction fee changed to $3.103,
2024-01-02,Kara Soghigian,DocuSign ISV Tier 3 (300-399 envelopes included) (Mortgage) transaction fee changed to $3.21,
2024-01-02,Kara Soghigian,DocuSign ISV Tier 4 (200-299 envelopes included) (Mortgage) transaction fee changed to $3.4775,
2024-01-02,Kara Soghigian,DocuSign ISV Tier 5 (100-199 envelopes included) (Mortgage) transaction fee changed to $3.745,
2024-01-02,Kara Soghigian,DocuSign ISV Tier 6 (50-99 envelopes included) (Mortgage) transaction fee changed to $4.0125,
2024-01-02,Kara Soghigian,DocuSign ISV Tier 7 (up to 49 envelopes included) (Mortgage) transaction fee changed to $4.28,
2024-01-02,Kara Soghigian,MeridianLink Mortgage Access Tier 1 (>1200 Closed Loans/Month) transaction fee changed to $27,
2024-01-02,Kara Soghigian,MeridianLink Mortgage Access Tier 1 (>1200 Closed Loans/Month) without setup transaction fee changed to $27,
2024-01-02,Kara Soghigian,MeridianLink Mortgage Access Tier 10 (110-134 Closed Loans/Month) transaction fee changed to $34,
2024-01-02,Kara Soghigian,MeridianLink Mortgage Access Tier 10 (110-134 Closed Loans/Month) without setup transaction fee changed to $34,
2024-01-02,Kara Soghigian,MeridianLink Mortgage Access Tier 11 (90-109 Closed Loans/Month) transaction fee changed to $34.75,
2024-01-02,Kara Soghigian,MeridianLink Mortgage Access Tier 11 (90-109 Closed Loans/Month) without setup transaction fee changed to $34.75,
2024-01-02,Kara Soghigian,MeridianLink Mortgage Access Tier 12 (75-89 Closed Loans/Month) transaction fee changed to $35.25,
2024-01-02,Kara Soghigian,MeridianLink Mortgage Access Tier 12 (75-89 Closed Loans/Month) without setup transaction fee changed to $35.25,
2024-01-02,Kara Soghigian,MeridianLink Mortgage Access Tier 13 (60-74 Closed Loans/Month) transaction fee changed to $36,
2024-01-02,Kara Soghigian,MeridianLink Mortgage Access Tier 13 (60-74 Closed Loans/Month) without setup transaction fee changed to $36,
2024-01-02,Kara Soghigian,MeridianLink Mortgage Access Tier 14 (45-59 Closed Loans/Month) transaction fee changed to $37,
2024-01-02,Kara Soghigian,MeridianLink Mortgage Access Tier 14 (45-59 Closed Loans/Month) without setup transaction fee changed to $37,
2024-01-02,Kara Soghigian,MeridianLink Mortgage Access Tier 15 (30-44 Closed Loans/Month) transaction fee changed to $38.5,
2024-01-02,Kara Soghigian,MeridianLink Mortgage Access Tier 15 (30-44 Closed Loans/Month) without setup transaction fee changed to $38.5,
2024-01-02,Kara Soghigian,MeridianLink Mortgage Access Tier 2 (900-1199 Closed Loans/Month) transaction fee changed to $28,
2024-01-02,Kara Soghigian,MeridianLink Mortgage Access Tier 2 (900-1199 Closed Loans/Month) without setup transaction fee changed to $28,
2024-01-02,Kara Soghigian,MeridianLink Mortgage Access Tier 3 (675-899 Closed Loans/Month) transaction fee changed to $28.75,
2024-01-02,Kara Soghigian,MeridianLink Mortgage Access Tier 3 (675-899 Closed Loans/Month) without setup transaction fee changed to $28.75,
2024-01-02,Kara Soghigian,MeridianLink Mortgage Access Tier 4 (525-674 Closed Loans/Month) transaction fee changed to $29.25,
2024-01-02,Kara Soghigian,MeridianLink Mortgage Access Tier 4 (525-674 Closed Loans/Month) without setup transaction fee changed to $29.25,
2024-01-02,Kara Soghigian,MeridianLink Mortgage Access Tier 5 (400-524 Closed Loans/Month) transaction fee changed to $30,
2024-01-02,Kara Soghigian,MeridianLink Mortgage Access Tier 5 (400-524 Closed Loans/Month) without setup transaction fee changed to $30,
2024-01-02,Kara Soghigian,MeridianLink Mortgage Access Tier 6 (300-399 Closed Loans/Month) transaction fee changed to $31,
2024-01-02,Kara Soghigian,MeridianLink Mortgage Access Tier 6 (300-399 Closed Loans/Month) without setup transaction fee changed to $31,
2024-01-02,Kara Soghigian,MeridianLink Mortgage Access Tier 7 (225-299 Closed Loans/Month) transaction fee changed to $31.75,
2024-01-02,Kara Soghigian,MeridianLink Mortgage Access Tier 7 (225-299 Closed Loans/Month) without setup transaction fee changed to $31.75,
2024-01-02,Kara Soghigian,MeridianLink Mortgage Access Tier 8 (170-224 Closed Loans/Month) transaction fee changed to $32.75,
2024-01-02,Kara Soghigian,MeridianLink Mortgage Access Tier 8 (170-224 Closed Loans/Month) without setup transaction fee changed to $32.75,
2024-01-02,Kara Soghigian,MeridianLink Mortgage Access Tier 9 (135-169 Closed Loans/Month) transaction fee changed to $33.5,
2024-01-02,Kara Soghigian,MeridianLink Mortgage Access Tier 9 (135-169 Closed Loans/Month) without setup transaction fee changed to $33.5,
2024-01-02,Kara Soghigian,White Glove Optical Document Recognition Service transaction fee changed to $20.75,
2024-01-02,Kara Soghigian,MeridianLink Mortgage LOS Subordinate Lien Loans Tier 1 (1200+ Closed Loans/Month) transaction fee changed to $32.5,
2024-01-02,Kara Soghigian,MeridianLink Mortgage LOS Subordinate Lien Loans Tier 10 (110 - 134 Closed Loans/Month) transaction fee changed to $50.5,
2024-01-02,Kara Soghigian,MeridianLink Mortgage LOS Subordinate Lien Loans Tier 11 (90 - 109 Closed Loans/Month) transaction fee changed to $52.25,
2024-01-02,Kara Soghigian,MeridianLink Mortgage LOS Subordinate Lien Loans Tier 12 (75 - 89 Closed Loans/Month) transaction fee changed to $54,
2024-01-02,Kara Soghigian,MeridianLink Mortgage LOS Subordinate Lien Loans Tier 13 (60 - 74 Closed Loans/Month) transaction fee changed to $56.25,
2024-01-02,Kara Soghigian,MeridianLink Mortgage LOS Subordinate Lien Loans Tier 14 (45 - 59 Closed Loans/Month) transaction fee changed to $59.5,
2024-01-02,Kara Soghigian,MeridianLink Mortgage LOS Subordinate Lien Loans Tier 15 (30 - 44 Closed Loans/Month) transaction fee changed to $63.75,
2024-01-02,Kara Soghigian,MeridianLink Mortgage LOS Subordinate Lien Loans Tier 16 (<30 Closed Loans/Month) transaction fee changed to $69.75,
2024-01-02,Kara Soghigian,MeridianLink Mortgage LOS Subordinate Lien Loans Tier 2 (900 - 1199 Closed Loans/Month) transaction fee changed to $34.5,
2024-01-02,Kara Soghigian,MeridianLink Mortgage LOS Subordinate Lien Loans Tier 3 (675 - 899 Closed Loans/Month) transaction fee changed to $36.25,
2024-01-02,Kara Soghigian,MeridianLink Mortgage LOS Subordinate Lien Loans Tier 4 (525 - 674 Closed Loans/Month) transaction fee changed to $38,
2024-01-02,Kara Soghigian,MeridianLink Mortgage LOS Subordinate Lien Loans Tier 5 (400 - 524 Closed Loans/Month) transaction fee changed to $40,
2024-01-02,Kara Soghigian,MeridianLink Mortgage LOS Subordinate Lien Loans Tier 6 (300 - 399 Closed Loans/Month) transaction fee changed to $42,
2024-01-02,Kara Soghigian,MeridianLink Mortgage LOS Subordinate Lien Loans Tier 7 (225 - 299 Closed Loans/Month) transaction fee changed to $44.25,
2024-01-02,Kara Soghigian,MeridianLink Mortgage LOS Subordinate Lien Loans Tier 8 (170 - 224 Closed Loans/Month) transaction fee changed to $46.5,
2024-01-02,Kara Soghigian,MeridianLink Mortgage LOS Tier 1 (1200+ Closed Loans/Mon) no implementation transaction fee changed to $50,
2024-01-02,Kara Soghigian,MeridianLink Mortgage LOS Tier 1 (1200+ Closed Loans/Mon) with 1 implementation transaction fee changed to $50,
2024-01-02,Kara Soghigian,MeridianLink Mortgage LOS Tier 1 (1200+ Closed Loans/Mon) with 2 implementations transaction fee changed to $50,
2024-01-02,Kara Soghigian,MeridianLink Mortgage LOS Tier 1 (1200+ Closed Loans/Mon) with 3 implementations transaction fee changed to $50,
2024-01-02,Kara Soghigian,MeridianLink Mortgage LOS Tier 10 (110-134 Closed Loans/Mon) no implementation transaction fee changed to $77.5,
2024-01-02,Kara Soghigian,MeridianLink Mortgage LOS Tier 10 (110-134 Closed Loans/Mon) with 1 implementation transaction fee changed to $77.5,
2024-01-02,Kara Soghigian,MeridianLink Mortgage LOS Tier 10 (110-134 Closed Loans/Mon) with 2 implementations transaction fee changed to $77.5,
2024-01-02,Kara Soghigian,MeridianLink Mortgage LOS Tier 10 (110-134 Closed Loans/Mon) with 3 implementations transaction fee changed to $77.5,
2024-01-02,Kara Soghigian,MeridianLink Mortgage LOS Tier 11 (90-109 Closed Loans/Mon) no implementation transaction fee changed to $80.25,
2024-01-02,Kara Soghigian,MeridianLink Mortgage LOS Tier 11 (90-109 Closed Loans/Mon) with 1 implementation transaction fee changed to $80.25,
2024-01-02,Kara Soghigian,MeridianLink Mortgage LOS Tier 11 (90-109 Closed Loans/Mon) with 2 implementations transaction fee changed to $80.25,
2024-01-02,Kara Soghigian,MeridianLink Mortgage LOS Tier 11 (90-109 Closed Loans/Mon) with 3 implementations transaction fee changed to $80.25,
2024-01-02,Kara Soghigian,MeridianLink Mortgage LOS Tier 12 (75-89 Closed Loans/Mon) no implementation transaction fee changed to $83,
2024-01-02,Kara Soghigian,MeridianLink Mortgage LOS Tier 12 (75-89 Closed Loans/Mon) with 1 implementation transaction fee changed to $83,
2024-01-02,Kara Soghigian,MeridianLink Mortgage LOS Tier 12 (75-89 Closed Loans/Mon) with 2 implementations transaction fee changed to $83,
2024-01-02,Kara Soghigian,MeridianLink Mortgage LOS Tier 12 (75-89 Closed Loans/Mon) with 3 implementations transaction fee changed to $83,
2024-01-02,Kara Soghigian,MeridianLink Mortgage LOS Tier 13 (60-74 Closed Loans/Mon) no implementation transaction fee changed to $86.5,
2024-01-02,Kara Soghigian,MeridianLink Mortgage LOS Tier 13 (60-74 Closed Loans/Mon) with 1 implementation transaction fee changed to $86.5,
2024-01-02,Kara Soghigian,MeridianLink Mortgage LOS Tier 13 (60-74 Closed Loans/Mon) with 2 implementations transaction fee changed to $86.5,
2024-01-02,Kara Soghigian,MeridianLink Mortgage LOS Tier 13 (60-74 Closed Loans/Mon) with 3 implementations transaction fee changed to $86.5,
2024-01-02,Kara Soghigian,MeridianLink Mortgage LOS Tier 14 (45-59 Closed Loans/Mon) no implementation transaction fee changed to $91.25,
2024-01-02,Kara Soghigian,MeridianLink Mortgage LOS Tier 14 (45-59 Closed Loans/Mon) with 1 implementation transaction fee changed to $91.25,
2024-01-02,Kara Soghigian,MeridianLink Mortgage LOS Tier 14 (45-59 Closed Loans/Mon) with 2 implementations transaction fee changed to $91.25,
2024-01-02,Kara Soghigian,MeridianLink Mortgage LOS Tier 14 (45-59 Closed Loans/Mon) with 3 implementations transaction fee changed to $91.25,
2024-01-02,Kara Soghigian,MeridianLink Mortgage LOS Tier 15 (30-44 Closed Loans/Mon) no implementation transaction fee changed to $98,
2024-01-02,Kara Soghigian,MeridianLink Mortgage LOS Tier 15 (30-44 Closed Loans/Mon) with 1 implementation transaction fee changed to $98,
2024-01-02,Kara Soghigian,MeridianLink Mortgage LOS Tier 15 (30-44 Closed Loans/Mon) with 2 implementations transaction fee changed to $98,
2024-01-02,Kara Soghigian,MeridianLink Mortgage LOS Tier 15 (30-44 Closed Loans/Mon) with 3 implementations transaction fee changed to $98,
2024-01-02,Kara Soghigian,MeridianLink Mortgage LOS Tier 16 (<30 Closed Loans/Mon) no implementation transaction fee changed to $107.25,
2024-01-02,Kara Soghigian,MeridianLink Mortgage LOS Tier 16 (<30 Closed Loans/Mon) with 1 implementation transaction fee changed to $107.25,
2024-01-02,Kara Soghigian,MeridianLink Mortgage LOS Tier 16 (<30 Closed Loans/Mon) with 2 implementations transaction fee changed to $107.25,
2024-01-02,Kara Soghigian,MeridianLink Mortgage LOS Tier 16 (<30 Closed Loans/Mon) with 3 implementations transaction fee changed to $107.25,
2024-01-02,Kara Soghigian,MeridianLink Mortgage LOS Tier 2 (900-1199 Closed Loans/Mon) no implementation transaction fee changed to $52.75,
2024-01-02,Kara Soghigian,MeridianLink Mortgage LOS Tier 2 (900-1199 Closed Loans/Mon) with 1 implementation transaction fee changed to $52.75,
2024-01-02,Kara Soghigian,MeridianLink Mortgage LOS Tier 2 (900-1199 Closed Loans/Mon) with 2 implementations transaction fee changed to $52.75,
2024-01-02,Kara Soghigian,MeridianLink Mortgage LOS Tier 2 (900-1199 Closed Loans/Mon) with 3 implementations transaction fee changed to $52.75,
2024-01-02,Kara Soghigian,MeridianLink Mortgage LOS Tier 3 (675-899 Closed Loans/Mon) no implementation transaction fee changed to $55.75,
2024-01-02,Kara Soghigian,MeridianLink Mortgage LOS Tier 3 (675-899 Closed Loans/Mon) with 1 implementation transaction fee changed to $55.75,
2024-01-02,Kara Soghigian,MeridianLink Mortgage LOS Tier 3 (675-899 Closed Loans/Mon) with 2 implementations transaction fee changed to $55.75,
2024-01-02,Kara Soghigian,MeridianLink Mortgage LOS Tier 3 (675-899 Closed Loans/Mon) with 3 implementations transaction fee changed to $55.75,
2024-01-02,Kara Soghigian,MeridianLink Mortgage LOS Tier 4 (525-674 Closed Loans/Mon) no implementation transaction fee changed to $58.25,
2024-01-02,Kara Soghigian,MeridianLink Mortgage LOS Tier 4 (525-674 Closed Loans/Mon) with 1 implementation transaction fee changed to $58.25,
2024-01-02,Kara Soghigian,MeridianLink Mortgage LOS Tier 4 (525-674 Closed Loans/Mon) with 2 implementations transaction fee changed to $58.25,
2024-01-02,Kara Soghigian,MeridianLink Mortgage LOS Tier 4 (525-674 Closed Loans/Mon) with 3 implementations transaction fee changed to $58.25,
2024-01-02,Kara Soghigian,MeridianLink Mortgage LOS Tier 5 (400-524 Closed Loans/Mon) no implementation transaction fee changed to $61.25,
2024-01-02,Kara Soghigian,MeridianLink Mortgage LOS Tier 5 (400-524 Closed Loans/Mon) with 1 implementation transaction fee changed to $61.25,
2024-01-02,Kara Soghigian,MeridianLink Mortgage LOS Tier 5 (400-524 Closed Loans/Mon) with 2 implementations transaction fee changed to $61.25,
2024-01-02,Kara Soghigian,MeridianLink Mortgage LOS Tier 5 (400-524 Closed Loans/Mon) with 3 implementations transaction fee changed to $61.25,
2024-01-02,Kara Soghigian,MeridianLink Mortgage LOS Tier 6 (300-399 Closed Loans/Mon) no implementation transaction fee changed to $64.5,
2024-01-02,Kara Soghigian,MeridianLink Mortgage LOS Tier 6 (300-399 Closed Loans/Mon) with 1 implementation transaction fee changed to $64.5,
2024-01-02,Kara Soghigian,MeridianLink Mortgage LOS Tier 6 (300-399 Closed Loans/Mon) with 2 implementations transaction fee changed to $64.5,
2024-01-02,Kara Soghigian,MeridianLink Mortgage LOS Tier 6 (300-399 Closed Loans/Mon) with 3 implementations transaction fee changed to $64.5,
2024-01-02,Kara Soghigian,MeridianLink Mortgage LOS Tier 7 (225-299 Closed Loans/Mon) no implementation transaction fee changed to $68,
2024-01-02,Kara Soghigian,MeridianLink Mortgage LOS Tier 7 (225-299 Closed Loans/Mon) with 1 implementation transaction fee changed to $68,
2024-01-02,Kara Soghigian,MeridianLink Mortgage LOS Tier 7 (225-299 Closed Loans/Mon) with 2 implementations transaction fee changed to $68,
2024-01-02,Kara Soghigian,MeridianLink Mortgage LOS Tier 7 (225-299 Closed Loans/Mon) with 3 implementations transaction fee changed to $68,
2024-01-02,Kara Soghigian,MeridianLink Mortgage LOS Tier 8 (170-224 Closed Loans/Mon) no implementation transaction fee changed to $71.5,
2024-01-02,Kara Soghigian,MeridianLink Mortgage LOS Tier 8 (170-224 Closed Loans/Mon) with 1 implementation transaction fee changed to $71.5,
2024-01-02,Kara Soghigian,MeridianLink Mortgage LOS Tier 8 (170-224 Closed Loans/Mon) with 2 implementations transaction fee changed to $71.5,
2024-01-02,Kara Soghigian,MeridianLink Mortgage LOS Tier 8 (170-224 Closed Loans/Mon) with 3 implementations transaction fee changed to $71.5,
2024-01-02,Kara Soghigian,MeridianLink Mortgage LOS Tier 9 (135-169 Closed Loans/Mon) no implementation transaction fee changed to $74.5,
2024-01-02,Kara Soghigian,MeridianLink Mortgage LOS Tier 9 (135-169 Closed Loans/Mon) with 1 implementation transaction fee changed to $74.5,
2024-01-02,Kara Soghigian,MeridianLink Mortgage LOS Tier 9 (135-169 Closed Loans/Mon) with 2 implementations transaction fee changed to $74.5,
2024-01-02,Kara Soghigian,MeridianLink Mortgage LOS Tier 9 (135-169 Closed Loans/Mon) with 3 implementations transaction fee changed to $74.5,
2024-01-02,Kara Soghigian,MeridianLink Mortgage OpenClose Tier 1 (1200+ Closed Loans/Mon) no implementation transaction fee changed to $50,
2024-01-02,Kara Soghigian,MeridianLink Mortgage OpenClose Tier 1 (1200+ Closed Loans/Mon) with 1 implementation transaction fee changed to $50,
2024-01-02,Kara Soghigian,MeridianLink Mortgage OpenClose Tier 1 (1200+ Closed Loans/Mon) with 2 implementations transaction fee changed to $50,
2024-01-02,Kara Soghigian,MeridianLink Mortgage OpenClose Tier 1 (1200+ Closed Loans/Mon) with 3 implementations transaction fee changed to $50,
2024-01-02,Kara Soghigian,MeridianLink Mortgage OpenClose Tier 10 (110-134 Closed Loans/Mon) no implementation transaction fee changed to $77.5,
2024-01-02,Kara Soghigian,MeridianLink Mortgage OpenClose Tier 10 (110-134 Closed Loans/Mon) with 1 implementation transaction fee changed to $77.5,
2024-01-02,Kara Soghigian,MeridianLink Mortgage OpenClose Tier 10 (110-134 Closed Loans/Mon) with 2 implementations transaction fee changed to $77.5,
2024-01-02,Kara Soghigian,MeridianLink Mortgage OpenClose Tier 10 (110-134 Closed Loans/Mon) with 3 implementations transaction fee changed to $77.5,
2024-01-02,Kara Soghigian,MeridianLink Mortgage OpenClose Tier 11 (90-109 Closed Loans/Mon) no implementation transaction fee changed to $80.25,
2024-01-02,Kara Soghigian,MeridianLink Mortgage OpenClose Tier 11 (90-109 Closed Loans/Mon) with 1 implementation transaction fee changed to $80.25,
2024-01-02,Kara Soghigian,MeridianLink Mortgage OpenClose Tier 11 (90-109 Closed Loans/Mon) with 2 implementations transaction fee changed to $80.25,
2024-01-02,Kara Soghigian,MeridianLink Mortgage OpenClose Tier 11 (90-109 Closed Loans/Mon) with 3 implementations transaction fee changed to $80.25,
2024-01-02,Kara Soghigian,MeridianLink Mortgage OpenClose Tier 12 (75-89 Closed Loans/Mon) no implementation transaction fee changed to $83,
2024-01-02,Kara Soghigian,MeridianLink Mortgage OpenClose Tier 12 (75-89 Closed Loans/Mon) with 1 implementation transaction fee changed to $83,
2024-01-02,Kara Soghigian,MeridianLink Mortgage OpenClose Tier 12 (75-89 Closed Loans/Mon) with 2 implementations transaction fee changed to $83,
2024-01-02,Kara Soghigian,MeridianLink Mortgage OpenClose Tier 12 (75-89 Closed Loans/Mon) with 3 implementations transaction fee changed to $83,
2024-01-02,Kara Soghigian,MeridianLink Mortgage OpenClose Tier 13 (60-74 Closed Loans/Mon) no implementation transaction fee changed to $86.5,
2024-01-02,Kara Soghigian,MeridianLink Mortgage OpenClose Tier 13 (60-74 Closed Loans/Mon) with 1 implementation transaction fee changed to $86.5,
2024-01-02,Kara Soghigian,MeridianLink Mortgage OpenClose Tier 13 (60-74 Closed Loans/Mon) with 2 implementations transaction fee changed to $86.5,
2024-01-02,Kara Soghigian,MeridianLink Mortgage OpenClose Tier 13 (60-74 Closed Loans/Mon) with 3 implementations transaction fee changed to $86.5,
2024-01-02,Kara Soghigian,MeridianLink Mortgage OpenClose Tier 14 (45-59 Closed Loans/Mon) no implementation transaction fee changed to $91.25,
2024-01-02,Kara Soghigian,MeridianLink Mortgage OpenClose Tier 14 (45-59 Closed Loans/Mon) with 1 implementation transaction fee changed to $91.25,
2024-01-02,Kara Soghigian,MeridianLink Mortgage OpenClose Tier 14 (45-59 Closed Loans/Mon) with 2 implementations transaction fee changed to $91.25,
2024-01-02,Kara Soghigian,MeridianLink Mortgage OpenClose Tier 14 (45-59 Closed Loans/Mon) with 3 implementations transaction fee changed to $91.25,
2024-01-02,Kara Soghigian,MeridianLink Mortgage OpenClose Tier 15 (30-44 Closed Loans/Mon) no implementation transaction fee changed to $98,
2024-01-02,Kara Soghigian,MeridianLink Mortgage OpenClose Tier 15 (30-44 Closed Loans/Mon) with 1 implementation transaction fee changed to $98,
2024-01-02,Kara Soghigian,MeridianLink Mortgage OpenClose Tier 15 (30-44 Closed Loans/Mon) with 2 implementations transaction fee changed to $98,
2024-01-02,Kara Soghigian,MeridianLink Mortgage OpenClose Tier 15 (30-44 Closed Loans/Mon) with 3 implementations transaction fee changed to $98,
2024-01-02,Kara Soghigian,MeridianLink Mortgage OpenClose Tier 16 (<30 Closed Loans/Mon) no implementation transaction fee changed to $107.25,
2024-01-02,Kara Soghigian,MeridianLink Mortgage OpenClose Tier 16 (<30 Closed Loans/Mon) with 1 implementation transaction fee changed to $107.25,
2024-01-02,Kara Soghigian,MeridianLink Mortgage OpenClose Tier 16 (<30 Closed Loans/Mon) with 2 implementations transaction fee changed to $107.25,
2024-01-02,Kara Soghigian,MeridianLink Mortgage OpenClose Tier 16 (<30 Closed Loans/Mon) with 3 implementations transaction fee changed to $107.25,
2024-01-02,Kara Soghigian,MeridianLink Mortgage OpenClose Tier 2 (900-1199 Closed Loans/Mon) no implementation transaction fee changed to $52.75,
2024-01-02,Kara Soghigian,MeridianLink Mortgage OpenClose Tier 2 (900-1199 Closed Loans/Mon) with 1 implementation transaction fee changed to $52.75,
2024-01-02,Kara Soghigian,MeridianLink Mortgage OpenClose Tier 2 (900-1199 Closed Loans/Mon) with 2 implementations transaction fee changed to $52.75,
2024-01-02,Kara Soghigian,MeridianLink Mortgage OpenClose Tier 2 (900-1199 Closed Loans/Mon) with 3 implementations transaction fee changed to $52.75,
2024-01-02,Kara Soghigian,MeridianLink Mortgage OpenClose Tier 3 (675-899 Closed Loans/Mon) no implementation transaction fee changed to $55.75,
2024-01-02,Kara Soghigian,MeridianLink Mortgage OpenClose Tier 3 (675-899 Closed Loans/Mon) with 1 implementation transaction fee changed to $55.75,
2024-01-02,Kara Soghigian,MeridianLink Mortgage OpenClose Tier 3 (675-899 Closed Loans/Mon) with 2 implementations transaction fee changed to $55.75,
2024-01-02,Kara Soghigian,MeridianLink Mortgage OpenClose Tier 3 (675-899 Closed Loans/Mon) with 3 implementations transaction fee changed to $55.75,
2024-01-02,Kara Soghigian,MeridianLink Mortgage OpenClose Tier 4 (525-674 Closed Loans/Mon) no implementation transaction fee changed to $58.25,
2024-01-02,Kara Soghigian,MeridianLink Mortgage OpenClose Tier 4 (525-674 Closed Loans/Mon) with 1 implementation transaction fee changed to $58.25,
2024-01-02,Kara Soghigian,MeridianLink Mortgage OpenClose Tier 4 (525-674 Closed Loans/Mon) with 2 implementations transaction fee changed to $58.25,
2024-01-02,Kara Soghigian,MeridianLink Mortgage OpenClose Tier 4 (525-674 Closed Loans/Mon) with 3 implementations transaction fee changed to $58.25,
2024-01-02,Kara Soghigian,MeridianLink Mortgage OpenClose Tier 5 (400-524 Closed Loans/Mon) no implementation transaction fee changed to $61.25,
2024-01-02,Kara Soghigian,MeridianLink Mortgage OpenClose Tier 5 (400-524 Closed Loans/Mon) with 1 implementation transaction fee changed to $61.25,
2024-01-02,Kara Soghigian,MeridianLink Mortgage OpenClose Tier 5 (400-524 Closed Loans/Mon) with 2 implementations transaction fee changed to $61.25,
2024-01-02,Kara Soghigian,MeridianLink Mortgage OpenClose Tier 5 (400-524 Closed Loans/Mon) with 3 implementations transaction fee changed to $61.25,
2024-01-02,Kara Soghigian,MeridianLink Mortgage OpenClose Tier 6 (300-399 Closed Loans/Mon) no implementation transaction fee changed to $64.5,
2024-01-02,Kara Soghigian,MeridianLink Mortgage OpenClose Tier 6 (300-399 Closed Loans/Mon) with 1 implementation transaction fee changed to $64.5,
2024-01-02,Kara Soghigian,MeridianLink Mortgage OpenClose Tier 6 (300-399 Closed Loans/Mon) with 2 implementations transaction fee changed to $64.5,
2024-01-02,Kara Soghigian,MeridianLink Mortgage OpenClose Tier 6 (300-399 Closed Loans/Mon) with 3 implementations transaction fee changed to $64.5,
2024-01-02,Kara Soghigian,MeridianLink Mortgage OpenClose Tier 7 (225-299 Closed Loans/Mon) no implementation transaction fee changed to $68,
2024-01-02,Kara Soghigian,MeridianLink Mortgage OpenClose Tier 7 (225-299 Closed Loans/Mon) with 1 implementation transaction fee changed to $68,
2024-01-02,Kara Soghigian,MeridianLink Mortgage OpenClose Tier 7 (225-299 Closed Loans/Mon) with 2 implementations transaction fee changed to $68,
2024-01-02,Kara Soghigian,MeridianLink Mortgage OpenClose Tier 7 (225-299 Closed Loans/Mon) with 3 implementations transaction fee changed to $68,
2024-01-02,Kara Soghigian,MeridianLink Mortgage OpenClose Tier 8 (170-224 Closed Loans/Mon) no implementation transaction fee changed to $71.5,
2024-01-02,Kara Soghigian,MeridianLink Mortgage OpenClose Tier 8 (170-224 Closed Loans/Mon) with 1 implementation transaction fee changed to $71.5,
2024-01-02,Kara Soghigian,MeridianLink Mortgage OpenClose Tier 8 (170-224 Closed Loans/Mon) with 2 implementations transaction fee changed to $71.5,
2024-01-02,Kara Soghigian,MeridianLink Mortgage OpenClose Tier 8 (170-224 Closed Loans/Mon) with 3 implementations transaction fee changed to $71.5,
2024-01-02,Kara Soghigian,MeridianLink Mortgage OpenClose Tier 9 (135-169 Closed Loans/Mon) no implementation transaction fee changed to $74.5,
2024-01-02,Kara Soghigian,MeridianLink Mortgage OpenClose Tier 9 (135-169 Closed Loans/Mon) with 1 implementation transaction fee changed to $74.5,
2024-01-02,Kara Soghigian,MeridianLink Mortgage OpenClose Tier 9 (135-169 Closed Loans/Mon) with 2 implementations transaction fee changed to $74.5,
2024-01-02,Kara Soghigian,MeridianLink Mortgage OpenClose Tier 9 (135-169 Closed Loans/Mon) with 3 implementations transaction fee changed to $74.5,
2024-01-02,Kara Soghigian,MeridianLink Mortgage Access Tier 1 (>1200 Closed Loans/Month) commitment changed to $32400,
2024-01-02,Kara Soghigian,MeridianLink Mortgage Access Tier 1 (>1200 Closed Loans/Month) without setup commitment changed to $32400,
2024-01-02,Kara Soghigian,MeridianLink Mortgage Access Tier 10 (110-134 Closed Loans/Month) commitment changed to $3740,
2024-01-02,Kara Soghigian,MeridianLink Mortgage Access Tier 10 (110-134 Closed Loans/Month) without setup commitment changed to $3740,
2024-01-02,Kara Soghigian,MeridianLink Mortgage Access Tier 11 (90-109 Closed Loans/Month) commitment changed to $3127.5,
2024-01-02,Kara Soghigian,MeridianLink Mortgage Access Tier 11 (90-109 Closed Loans/Month) without setup commitment changed to $3127.5,
2024-01-02,Kara Soghigian,MeridianLink Mortgage Access Tier 12 (75-89 Closed Loans/Month) commitment changed to $2643.75,
2024-01-02,Kara Soghigian,MeridianLink Mortgage Access Tier 12 (75-89 Closed Loans/Month) without setup commitment changed to $2643.75,
2024-01-02,Kara Soghigian,MeridianLink Mortgage Access Tier 13 (60-74 Closed Loans/Month) commitment changed to $2160,
2024-01-02,Kara Soghigian,MeridianLink Mortgage Access Tier 13 (60-74 Closed Loans/Month) without setup commitment changed to $2160,
2024-01-02,Kara Soghigian,MeridianLink Mortgage Access Tier 14 (45-59 Closed Loans/Month) commitment changed to $1665,
2024-01-02,Kara Soghigian,MeridianLink Mortgage Access Tier 14 (45-59 Closed Loans/Month) without setup commitment changed to $1665,
2024-01-02,Kara Soghigian,MeridianLink Mortgage Access Tier 15 (30-44 Closed Loans/Month) commitment changed to $1155,
2024-01-02,Kara Soghigian,MeridianLink Mortgage Access Tier 15 (30-44 Closed Loans/Month) without setup commitment changed to $1155,
2024-01-02,Kara Soghigian,MeridianLink Mortgage Access Tier 2 (900-1199 Closed Loans/Month) commitment changed to $25200,
2024-01-02,Kara Soghigian,MeridianLink Mortgage Access Tier 2 (900-1199 Closed Loans/Month) without setup commitment changed to $25200,
2024-01-02,Kara Soghigian,MeridianLink Mortgage Access Tier 3 (675-899 Closed Loans/Month) commitment changed to $19406.25,
2024-01-02,Kara Soghigian,MeridianLink Mortgage Access Tier 3 (675-899 Closed Loans/Month) without setup commitment changed to $19406.25,
2024-01-02,Kara Soghigian,MeridianLink Mortgage Access Tier 4 (525-674 Closed Loans/Month) commitment changed to $15356.25,
2024-01-02,Kara Soghigian,MeridianLink Mortgage Access Tier 4 (525-674 Closed Loans/Month) without setup commitment changed to $15356.25,
2024-01-02,Kara Soghigian,MeridianLink Mortgage Access Tier 5 (400-524 Closed Loans/Month) commitment changed to $12000,
2024-01-02,Kara Soghigian,MeridianLink Mortgage Access Tier 5 (400-524 Closed Loans/Month) without setup commitment changed to $12000,
2024-01-02,Kara Soghigian,MeridianLink Mortgage Access Tier 6 (300-399 Closed Loans/Month) commitment changed to $9300,
2024-01-02,Kara Soghigian,MeridianLink Mortgage Access Tier 6 (300-399 Closed Loans/Month) without setup commitment changed to $9300,
2024-01-02,Kara Soghigian,MeridianLink Mortgage Access Tier 7 (225-299 Closed Loans/Month) commitment changed to $7143.75,
2024-01-02,Kara Soghigian,MeridianLink Mortgage Access Tier 7 (225-299 Closed Loans/Month) without setup commitment changed to $7143.75,
2024-01-02,Kara Soghigian,MeridianLink Mortgage Access Tier 8 (170-224 Closed Loans/Month) commitment changed to $5567.5,
2024-01-02,Kara Soghigian,MeridianLink Mortgage Access Tier 8 (170-224 Closed Loans/Month) without setup commitment changed to $5567.5,
2024-01-02,Kara Soghigian,MeridianLink Mortgage Access Tier 9 (135-169 Closed Loans/Month) commitment changed to $4522.5,
2024-01-02,Kara Soghigian,MeridianLink Mortgage Access Tier 9 (135-169 Closed Loans/Month) without setup commitment changed to $4522.5,
2024-01-02,Kara Soghigian,MeridianLink Mortgage LOS Subordinate Lien Loans Tier 1 (1200+ Closed Loans/Month) commitment changed to $39000,
2024-01-02,Kara Soghigian,MeridianLink Mortgage LOS Subordinate Lien Loans Tier 10 (110 - 134 Closed Loans/Month) commitment changed to $5555,
2024-01-02,Kara Soghigian,MeridianLink Mortgage LOS Subordinate Lien Loans Tier 11 (90 - 109 Closed Loans/Month) commitment changed to $4702.5,
2024-01-02,Kara Soghigian,MeridianLink Mortgage LOS Subordinate Lien Loans Tier 12 (75 - 89 Closed Loans/Month) commitment changed to $4050,
2024-01-02,Kara Soghigian,MeridianLink Mortgage LOS Subordinate Lien Loans Tier 13 (60 - 74 Closed Loans/Month) commitment changed to $3375,
2024-01-02,Kara Soghigian,MeridianLink Mortgage LOS Subordinate Lien Loans Tier 14 (45 - 59 Closed Loans/Month) commitment changed to $2677.5,
2024-01-02,Kara Soghigian,MeridianLink Mortgage LOS Subordinate Lien Loans Tier 15 (30 - 44 Closed Loans/Month) commitment changed to $1912.5,
2024-01-02,Kara Soghigian,MeridianLink Mortgage LOS Subordinate Lien Loans Tier 16 (<30 Closed Loans/Month) commitment changed to $1046.25,
2024-01-02,Kara Soghigian,MeridianLink Mortgage LOS Subordinate Lien Loans Tier 2 (900 - 1199 Closed Loans/Month) commitment changed to $31050,
2024-01-02,Kara Soghigian,MeridianLink Mortgage LOS Subordinate Lien Loans Tier 3 (675 - 899 Closed Loans/Month) commitment changed to $24468.75,
2024-01-02,Kara Soghigian,MeridianLink Mortgage LOS Subordinate Lien Loans Tier 4 (525 - 674 Closed Loans/Month) commitment changed to $19950,
2024-01-02,Kara Soghigian,MeridianLink Mortgage LOS Subordinate Lien Loans Tier 5 (400 - 524 Closed Loans/Month) commitment changed to $16000,
2024-01-02,Kara Soghigian,MeridianLink Mortgage LOS Subordinate Lien Loans Tier 6 (300 - 399 Closed Loans/Month) commitment changed to $12600,
2024-01-02,Kara Soghigian,MeridianLink Mortgage LOS Subordinate Lien Loans Tier 7 (225 - 299 Closed Loans/Month) commitment changed to $9956.25,
2024-01-02,Kara Soghigian,MeridianLink Mortgage LOS Subordinate Lien Loans Tier 8 (170 - 224 Closed Loans/Month) commitment changed to $7905,
2024-01-02,Kara Soghigian,MeridianLink Mortgage LOS Tier 1 (1200+ Closed Loans/Mon) no implementation commitment changed to $60000,
2024-01-02,Kara Soghigian,MeridianLink Mortgage LOS Tier 1 (1200+ Closed Loans/Mon) with 1 implementation commitment changed to $60000,
2024-01-02,Kara Soghigian,MeridianLink Mortgage LOS Tier 1 (1200+ Closed Loans/Mon) with 2 implementations commitment changed to $60000,
2024-01-02,Kara Soghigian,MeridianLink Mortgage LOS Tier 1 (1200+ Closed Loans/Mon) with 3 implementations commitment changed to $60000,
2024-01-02,Kara Soghigian,MeridianLink Mortgage LOS Tier 10 (110-134 Closed Loans/Mon) no implementation commitment changed to $8525,
2024-01-02,Kara Soghigian,MeridianLink Mortgage LOS Tier 10 (110-134 Closed Loans/Mon) with 1 implementation commitment changed to $8525,
2024-01-02,Kara Soghigian,MeridianLink Mortgage LOS Tier 10 (110-134 Closed Loans/Mon) with 2 implementations commitment changed to $8525,
2024-01-02,Kara Soghigian,MeridianLink Mortgage LOS Tier 10 (110-134 Closed Loans/Mon) with 3 implementations commitment changed to $8525,
2024-01-02,Kara Soghigian,MeridianLink Mortgage LOS Tier 11 (90-109 Closed Loans/Mon) no implementation commitment changed to $7222.5,
2024-01-02,Kara Soghigian,MeridianLink Mortgage LOS Tier 11 (90-109 Closed Loans/Mon) with 1 implementation commitment changed to $7222.5,
2024-01-02,Kara Soghigian,MeridianLink Mortgage LOS Tier 11 (90-109 Closed Loans/Mon) with 2 implementations commitment changed to $7222.5,
2024-01-02,Kara Soghigian,MeridianLink Mortgage LOS Tier 11 (90-109 Closed Loans/Mon) with 3 implementations commitment changed to $7222.5,
2024-01-02,Kara Soghigian,MeridianLink Mortgage LOS Tier 12 (75-89 Closed Loans/Mon) no implementation commitment changed to $6225,
2024-01-02,Kara Soghigian,MeridianLink Mortgage LOS Tier 12 (75-89 Closed Loans/Mon) with 1 implementation commitment changed to $6225,
2024-01-02,Kara Soghigian,MeridianLink Mortgage LOS Tier 12 (75-89 Closed Loans/Mon) with 2 implementations commitment changed to $6225,
2024-01-02,Kara Soghigian,MeridianLink Mortgage LOS Tier 12 (75-89 Closed Loans/Mon) with 3 implementations commitment changed to $6225,
2024-01-02,Kara Soghigian,MeridianLink Mortgage LOS Tier 13 (60-74 Closed Loans/Mon) no implementation commitment changed to $5190,
2024-01-02,Kara Soghigian,MeridianLink Mortgage LOS Tier 13 (60-74 Closed Loans/Mon) with 1 implementation commitment changed to $5190,
2024-01-02,Kara Soghigian,MeridianLink Mortgage LOS Tier 13 (60-74 Closed Loans/Mon) with 2 implementations commitment changed to $5190,
2024-01-02,Kara Soghigian,MeridianLink Mortgage LOS Tier 13 (60-74 Closed Loans/Mon) with 3 implementations commitment changed to $5190,
2024-01-02,Kara Soghigian,MeridianLink Mortgage LOS Tier 14 (45-59 Closed Loans/Mon) no implementation commitment changed to $4106.25,
2024-01-02,Kara Soghigian,MeridianLink Mortgage LOS Tier 14 (45-59 Closed Loans/Mon) with 1 implementation commitment changed to $4106.25,
2024-01-02,Kara Soghigian,MeridianLink Mortgage LOS Tier 14 (45-59 Closed Loans/Mon) with 2 implementations commitment changed to $4106.25,
2024-01-02,Kara Soghigian,MeridianLink Mortgage LOS Tier 14 (45-59 Closed Loans/Mon) with 3 implementations commitment changed to $4106.25,
2024-01-02,Kara Soghigian,MeridianLink Mortgage LOS Tier 15 (30-44 Closed Loans/Mon) no implementation commitment changed to $2940,
2024-01-02,Kara Soghigian,MeridianLink Mortgage LOS Tier 15 (30-44 Closed Loans/Mon) with 1 implementation commitment changed to $2940,
2024-01-02,Kara Soghigian,MeridianLink Mortgage LOS Tier 15 (30-44 Closed Loans/Mon) with 2 implementations commitment changed to $2940,
2024-01-02,Kara Soghigian,MeridianLink Mortgage LOS Tier 15 (30-44 Closed Loans/Mon) with 3 implementations commitment changed to $2940,
2024-01-02,Kara Soghigian,MeridianLink Mortgage LOS Tier 16 (<30 Closed Loans/Mon) no implementation commitment changed to $1608.75,
2024-01-02,Kara Soghigian,MeridianLink Mortgage LOS Tier 16 (<30 Closed Loans/Mon) with 1 implementation commitment changed to $1608.75,
2024-01-02,Kara Soghigian,MeridianLink Mortgage LOS Tier 16 (<30 Closed Loans/Mon) with 2 implementations commitment changed to $1608.75,
2024-01-02,Kara Soghigian,MeridianLink Mortgage LOS Tier 16 (<30 Closed Loans/Mon) with 3 implementations commitment changed to $1608.75,
2024-01-02,Kara Soghigian,MeridianLink Mortgage LOS Tier 2 (900-1199 Closed Loans/Mon) no implementation commitment changed to $47475,
2024-01-02,Kara Soghigian,MeridianLink Mortgage LOS Tier 2 (900-1199 Closed Loans/Mon) with 1 implementation commitment changed to $47475,
2024-01-02,Kara Soghigian,MeridianLink Mortgage LOS Tier 2 (900-1199 Closed Loans/Mon) with 2 implementations commitment changed to $47475,
2024-01-02,Kara Soghigian,MeridianLink Mortgage LOS Tier 2 (900-1199 Closed Loans/Mon) with 3 implementations commitment changed to $47475,
2024-01-02,Kara Soghigian,MeridianLink Mortgage LOS Tier 3 (675-899 Closed Loans/Mon) no implementation commitment changed to $37631.25,
2024-01-02,Kara Soghigian,MeridianLink Mortgage LOS Tier 3 (675-899 Closed Loans/Mon) with 1 implementation commitment changed to $37631.25,
2024-01-02,Kara Soghigian,MeridianLink Mortgage LOS Tier 3 (675-899 Closed Loans/Mon) with 2 implementations commitment changed to $37631.25,
2024-01-02,Kara Soghigian,MeridianLink Mortgage LOS Tier 3 (675-899 Closed Loans/Mon) with 3 implementations commitment changed to $37631.25,
2024-01-02,Kara Soghigian,MeridianLink Mortgage LOS Tier 4 (525-674 Closed Loans/Mon) no implementation commitment changed to $30581.25,
2024-01-02,Kara Soghigian,MeridianLink Mortgage LOS Tier 4 (525-674 Closed Loans/Mon) with 1 implementation commitment changed to $30581.25,
2024-01-02,Kara Soghigian,MeridianLink Mortgage LOS Tier 4 (525-674 Closed Loans/Mon) with 2 implementations commitment changed to $30581.25,
2024-01-02,Kara Soghigian,MeridianLink Mortgage LOS Tier 4 (525-674 Closed Loans/Mon) with 3 implementations commitment changed to $30581.25,
2024-01-02,Kara Soghigian,MeridianLink Mortgage LOS Tier 5 (400-524 Closed Loans/Mon) no implementation commitment changed to $24500,
2024-01-02,Kara Soghigian,MeridianLink Mortgage LOS Tier 5 (400-524 Closed Loans/Mon) with 1 implementation commitment changed to $24500,
2024-01-02,Kara Soghigian,MeridianLink Mortgage LOS Tier 5 (400-524 Closed Loans/Mon) with 2 implementations commitment changed to $24500,
2024-01-02,Kara Soghigian,MeridianLink Mortgage LOS Tier 5 (400-524 Closed Loans/Mon) with 3 implementations commitment changed to $24500,
2024-01-02,Kara Soghigian,MeridianLink Mortgage LOS Tier 6 (300-399 Closed Loans/Mon) no implementation commitment changed to $19350,
2024-01-02,Kara Soghigian,MeridianLink Mortgage LOS Tier 6 (300-399 Closed Loans/Mon) with 1 implementation commitment changed to $19350,
2024-01-02,Kara Soghigian,MeridianLink Mortgage LOS Tier 6 (300-399 Closed Loans/Mon) with 2 implementations commitment changed to $19350,
2024-01-02,Kara Soghigian,MeridianLink Mortgage LOS Tier 6 (300-399 Closed Loans/Mon) with 3 implementations commitment changed to $19350,
2024-01-02,Kara Soghigian,MeridianLink Mortgage LOS Tier 7 (225-299 Closed Loans/Mon) no implementation commitment changed to $15300,
2024-01-02,Kara Soghigian,MeridianLink Mortgage LOS Tier 7 (225-299 Closed Loans/Mon) with 1 implementation commitment changed to $15300,
2024-01-02,Kara Soghigian,MeridianLink Mortgage LOS Tier 7 (225-299 Closed Loans/Mon) with 2 implementations commitment changed to $15300,
2024-01-02,Kara Soghigian,MeridianLink Mortgage LOS Tier 7 (225-299 Closed Loans/Mon) with 3 implementations commitment changed to $15300,
2024-01-02,Kara Soghigian,MeridianLink Mortgage LOS Tier 8 (170-224 Closed Loans/Mon) no implementation commitment changed to $12155,
2024-01-02,Kara Soghigian,MeridianLink Mortgage LOS Tier 8 (170-224 Closed Loans/Mon) with 1 implementation commitment changed to $12155,
2024-01-02,Kara Soghigian,MeridianLink Mortgage LOS Tier 8 (170-224 Closed Loans/Mon) with 2 implementations commitment changed to $12155,
2024-01-02,Kara Soghigian,MeridianLink Mortgage LOS Tier 8 (170-224 Closed Loans/Mon) with 3 implementations commitment changed to $12155,
2024-01-02,Kara Soghigian,MeridianLink Mortgage LOS Tier 9 (135-169 Closed Loans/Mon) no implementation commitment changed to $10057.5,
2024-01-02,Kara Soghigian,MeridianLink Mortgage LOS Tier 9 (135-169 Closed Loans/Mon) with 1 implementation commitment changed to $10057.5,
2024-01-02,Kara Soghigian,MeridianLink Mortgage LOS Tier 9 (135-169 Closed Loans/Mon) with 2 implementations commitment changed to $10057.5,
2024-01-02,Kara Soghigian,MeridianLink Mortgage LOS Tier 9 (135-169 Closed Loans/Mon) with 3 implementations commitment changed to $10057.5,
2024-01-02,Kara Soghigian,MeridianLink Mortgage OpenClose Tier 1 (1200+ Closed Loans/Mon) no implementation commitment changed to $60000,
2024-01-02,Kara Soghigian,MeridianLink Mortgage OpenClose Tier 1 (1200+ Closed Loans/Mon) with 1 implementation commitment changed to $60000,
2024-01-02,Kara Soghigian,MeridianLink Mortgage OpenClose Tier 1 (1200+ Closed Loans/Mon) with 2 implementations commitment changed to $60000,
2024-01-02,Kara Soghigian,MeridianLink Mortgage OpenClose Tier 1 (1200+ Closed Loans/Mon) with 3 implementations commitment changed to $60000,
2024-01-02,Kara Soghigian,MeridianLink Mortgage OpenClose Tier 10 (110-134 Closed Loans/Mon) no implementation commitment changed to $8525,
2024-01-02,Kara Soghigian,MeridianLink Mortgage OpenClose Tier 10 (110-134 Closed Loans/Mon) with 1 implementation commitment changed to $8525,
2024-01-02,Kara Soghigian,MeridianLink Mortgage OpenClose Tier 10 (110-134 Closed Loans/Mon) with 2 implementations commitment changed to $8525,
2024-01-02,Kara Soghigian,MeridianLink Mortgage OpenClose Tier 10 (110-134 Closed Loans/Mon) with 3 implementations commitment changed to $8525,
2024-01-02,Kara Soghigian,MeridianLink Mortgage OpenClose Tier 11 (90-109 Closed Loans/Mon) no implementation commitment changed to $7222.5,
2024-01-02,Kara Soghigian,MeridianLink Mortgage OpenClose Tier 11 (90-109 Closed Loans/Mon) with 1 implementation commitment changed to $7222.5,
2024-01-02,Kara Soghigian,MeridianLink Mortgage OpenClose Tier 11 (90-109 Closed Loans/Mon) with 2 implementations commitment changed to $7222.5,
2024-01-02,Kara Soghigian,MeridianLink Mortgage OpenClose Tier 11 (90-109 Closed Loans/Mon) with 3 implementations commitment changed to $7222.5,
2024-01-02,Kara Soghigian,MeridianLink Mortgage OpenClose Tier 12 (75-89 Closed Loans/Mon) no implementation commitment changed to $6225,
2024-01-02,Kara Soghigian,MeridianLink Mortgage OpenClose Tier 12 (75-89 Closed Loans/Mon) with 1 implementation commitment changed to $6225,
2024-01-02,Kara Soghigian,MeridianLink Mortgage OpenClose Tier 12 (75-89 Closed Loans/Mon) with 2 implementations commitment changed to $6225,
2024-01-02,Kara Soghigian,MeridianLink Mortgage OpenClose Tier 12 (75-89 Closed Loans/Mon) with 3 implementations commitment changed to $6225,
2024-01-02,Kara Soghigian,MeridianLink Mortgage OpenClose Tier 13 (60-74 Closed Loans/Mon) no implementation commitment changed to $5190,
2024-01-02,Kara Soghigian,MeridianLink Mortgage OpenClose Tier 13 (60-74 Closed Loans/Mon) with 1 implementation commitment changed to $5190,
2024-01-02,Kara Soghigian,MeridianLink Mortgage OpenClose Tier 13 (60-74 Closed Loans/Mon) with 2 implementations commitment changed to $5190,
2024-01-02,Kara Soghigian,MeridianLink Mortgage OpenClose Tier 13 (60-74 Closed Loans/Mon) with 3 implementations commitment changed to $5190,
2024-01-02,Kara Soghigian,MeridianLink Mortgage OpenClose Tier 14 (45-59 Closed Loans/Mon) no implementation commitment changed to $4106.25,
2024-01-02,Kara Soghigian,MeridianLink Mortgage OpenClose Tier 14 (45-59 Closed Loans/Mon) with 1 implementation commitment changed to $4106.25,
2024-01-02,Kara Soghigian,MeridianLink Mortgage OpenClose Tier 14 (45-59 Closed Loans/Mon) with 2 implementations commitment changed to $4106.25,
2024-01-02,Kara Soghigian,MeridianLink Mortgage OpenClose Tier 14 (45-59 Closed Loans/Mon) with 3 implementations commitment changed to $4106.25,
2024-01-02,Kara Soghigian,MeridianLink Mortgage OpenClose Tier 15 (30-44 Closed Loans/Mon) no implementation commitment changed to $2940,
2024-01-02,Kara Soghigian,MeridianLink Mortgage OpenClose Tier 15 (30-44 Closed Loans/Mon) with 1 implementation commitment changed to $2940,
2024-01-02,Kara Soghigian,MeridianLink Mortgage OpenClose Tier 15 (30-44 Closed Loans/Mon) with 2 implementations commitment changed to $2940,
2024-01-02,Kara Soghigian,MeridianLink Mortgage OpenClose Tier 15 (30-44 Closed Loans/Mon) with 3 implementations commitment changed to $2940,
2024-01-02,Kara Soghigian,MeridianLink Mortgage OpenClose Tier 16 (<30 Closed Loans/Mon) no implementation commitment changed to $1608.75,
2024-01-02,Kara Soghigian,MeridianLink Mortgage OpenClose Tier 16 (<30 Closed Loans/Mon) with 1 implementation commitment changed to $1608.75,
2024-01-02,Kara Soghigian,MeridianLink Mortgage OpenClose Tier 16 (<30 Closed Loans/Mon) with 2 implementations commitment changed to $1608.75,
2024-01-02,Kara Soghigian,MeridianLink Mortgage OpenClose Tier 16 (<30 Closed Loans/Mon) with 3 implementations commitment changed to $1608.75,
2024-01-02,Kara Soghigian,MeridianLink Mortgage OpenClose Tier 2 (900-1199 Closed Loans/Mon) no implementation commitment changed to $47475,
2024-01-02,Kara Soghigian,MeridianLink Mortgage OpenClose Tier 2 (900-1199 Closed Loans/Mon) with 1 implementation commitment changed to $47475,
2024-01-02,Kara Soghigian,MeridianLink Mortgage OpenClose Tier 2 (900-1199 Closed Loans/Mon) with 2 implementations commitment changed to $47475,
2024-01-02,Kara Soghigian,MeridianLink Mortgage OpenClose Tier 2 (900-1199 Closed Loans/Mon) with 3 implementations commitment changed to $47475,
2024-01-02,Kara Soghigian,MeridianLink Mortgage OpenClose Tier 3 (675-899 Closed Loans/Mon) no implementation commitment changed to $37631.25,
2024-01-02,Kara Soghigian,MeridianLink Mortgage OpenClose Tier 3 (675-899 Closed Loans/Mon) with 1 implementation commitment changed to $37631.25,
2024-01-02,Kara Soghigian,MeridianLink Mortgage OpenClose Tier 3 (675-899 Closed Loans/Mon) with 2 implementations commitment changed to $37631.25,
2024-01-02,Kara Soghigian,MeridianLink Mortgage OpenClose Tier 3 (675-899 Closed Loans/Mon) with 3 implementations commitment changed to $37631.25,
2024-01-02,Kara Soghigian,MeridianLink Mortgage OpenClose Tier 4 (525-674 Closed Loans/Mon) no implementation commitment changed to $30581.25,
2024-01-02,Kara Soghigian,MeridianLink Mortgage OpenClose Tier 4 (525-674 Closed Loans/Mon) with 1 implementation commitment changed to $30581.25,
2024-01-02,Kara Soghigian,MeridianLink Mortgage OpenClose Tier 4 (525-674 Closed Loans/Mon) with 2 implementations commitment changed to $30581.25,
2024-01-02,Kara Soghigian,MeridianLink Mortgage OpenClose Tier 4 (525-674 Closed Loans/Mon) with 3 implementations commitment changed to $30581.25,
2024-01-02,Kara Soghigian,MeridianLink Mortgage OpenClose Tier 5 (400-524 Closed Loans/Mon) no implementation commitment changed to $24500,
2024-01-02,Kara Soghigian,MeridianLink Mortgage OpenClose Tier 5 (400-524 Closed Loans/Mon) with 1 implementation commitment changed to $24500,
2024-01-02,Kara Soghigian,MeridianLink Mortgage OpenClose Tier 5 (400-524 Closed Loans/Mon) with 2 implementations commitment changed to $24500,
2024-01-02,Kara Soghigian,MeridianLink Mortgage OpenClose Tier 5 (400-524 Closed Loans/Mon) with 3 implementations commitment changed to $24500,
2024-01-02,Kara Soghigian,MeridianLink Mortgage OpenClose Tier 6 (300-399 Closed Loans/Mon) no implementation commitment changed to $19350,
2024-01-02,Kara Soghigian,MeridianLink Mortgage OpenClose Tier 6 (300-399 Closed Loans/Mon) with 1 implementation commitment changed to $19350,
2024-01-02,Kara Soghigian,MeridianLink Mortgage OpenClose Tier 6 (300-399 Closed Loans/Mon) with 2 implementations commitment changed to $19350,
2024-01-02,Kara Soghigian,MeridianLink Mortgage OpenClose Tier 6 (300-399 Closed Loans/Mon) with 3 implementations commitment changed to $19350,
2024-01-02,Kara Soghigian,MeridianLink Mortgage OpenClose Tier 7 (225-299 Closed Loans/Mon) no implementation commitment changed to $15300,
2024-01-02,Kara Soghigian,MeridianLink Mortgage OpenClose Tier 7 (225-299 Closed Loans/Mon) with 1 implementation commitment changed to $15300,
2024-01-02,Kara Soghigian,MeridianLink Mortgage OpenClose Tier 7 (225-299 Closed Loans/Mon) with 2 implementations commitment changed to $15300,
2024-01-02,Kara Soghigian,MeridianLink Mortgage OpenClose Tier 7 (225-299 Closed Loans/Mon) with 3 implementations commitment changed to $15300,
2024-01-02,Kara Soghigian,MeridianLink Mortgage OpenClose Tier 8 (170-224 Closed Loans/Mon) no implementation commitment changed to $12155,
2024-01-02,Kara Soghigian,MeridianLink Mortgage OpenClose Tier 8 (170-224 Closed Loans/Mon) with 1 implementation commitment changed to $12155,
2024-01-02,Kara Soghigian,MeridianLink Mortgage OpenClose Tier 8 (170-224 Closed Loans/Mon) with 2 implementations commitment changed to $12155,
2024-01-02,Kara Soghigian,MeridianLink Mortgage OpenClose Tier 8 (170-224 Closed Loans/Mon) with 3 implementations commitment changed to $12155,
2024-01-02,Kara Soghigian,MeridianLink Mortgage OpenClose Tier 9 (135-169 Closed Loans/Mon) no implementation commitment changed to $10057.5,
2024-01-02,Kara Soghigian,MeridianLink Mortgage OpenClose Tier 9 (135-169 Closed Loans/Mon) with 1 implementation commitment changed to $10057.5,
2024-01-02,Kara Soghigian,MeridianLink Mortgage OpenClose Tier 9 (135-169 Closed Loans/Mon) with 2 implementations commitment changed to $10057.5,
2024-01-02,Kara Soghigian,MeridianLink Mortgage OpenClose Tier 9 (135-169 Closed Loans/Mon) with 3 implementations commitment changed to $10057.5,
2024-01-02,Kara Soghigian,Conductiv setup fee changed to $2075,
2024-01-02,Kara Soghigian,Experian Digital Risk Score setup fee changed to $6050,
2024-01-02,Kara Soghigian,"JHA MeridianLink Portal Tier 1 (96,000+ apps) setup fee changed to $7880",
2024-01-02,Kara Soghigian,"JHA MeridianLink Portal Tier 2 (48,000-95,999 apps) setup fee changed to $7880",
2024-01-02,Kara Soghigian,"JHA MeridianLink Portal Tier 3 (24,000-47,999 apps) setup fee changed to $7880",
2024-01-02,Kara Soghigian,"JHA MeridianLink Portal Tier 4 (12,000-23,999 apps) setup fee changed to $7880",
2024-01-02,Kara Soghigian,"JHA MeridianLink Portal Tier 5 (6000-11,999 apps) setup fee changed to $7880",
2024-01-02,Kara Soghigian,JHA MeridianLink Portal Tier 6 (3000-5999 apps) setup fee changed to $7880,
2024-01-02,Kara Soghigian,JHA MeridianLink Portal Tier 7 (<3000 apps) setup fee changed to $7880,
2024-01-02,Kara Soghigian,MeridianLink Portal - Digital Engagement Package (co-browsing video chat) (Consumer) setup fee changed to $4010,
2024-01-02,Kara Soghigian,MeridianLink Portal - Equifax InstaTouch (Consumer) setup fee changed to $2010,
2024-01-02,Kara Soghigian,"MeridianLink Portal Tier 1 (96,000+ apps) setup fee changed to $7880",
2024-01-02,Kara Soghigian,"MeridianLink Portal Tier 2 (48,000-95,999 apps) setup fee changed to $7880",
2024-01-02,Kara Soghigian,"MeridianLink Portal Tier 3 (24,000-47,999 apps) setup fee changed to $7880",
2024-01-02,Kara Soghigian,"MeridianLink Portal Tier 4 (12,000-23,999 apps) setup fee changed to $7880",
2024-01-02,Kara Soghigian,"MeridianLink Portal Tier 5 (6000-11,999 apps) setup fee changed to $7880",
2024-01-02,Kara Soghigian,MeridianLink Portal Tier 6 (3000-5999 apps) setup fee changed to $7880,
2024-01-02,Kara Soghigian,MeridianLink Portal Tier 7 (<3000 apps) setup fee changed to $7880,
2024-01-02,Kara Soghigian,MX Instant Account Verification setup fee changed to $3025,
2024-01-02,Kara Soghigian,Plaid Instant Account Verification $10B+ AUM (Referral to Plaid) (Consumer) setup fee changed to $3025,
2024-01-02,Kara Soghigian,Plaid Instant Account Verification Tier 1: $3B to $10B AUM (Consumer) setup fee changed to $3025,
2024-01-02,Kara Soghigian,Plaid Instant Account Verification Tier 2: $1B to $3B AUM (Consumer) setup fee changed to $3025,
2024-01-02,Kara Soghigian,Plaid Instant Account Verification Tier 3: <$1B AUM (Consumer) setup fee changed to $3025,
2024-01-02,Kara Soghigian,Experian Digital Risk Score transaction fee changed to $1.177,
2024-01-02,Kara Soghigian,MeridianLink Portal - Equifax InstaTouch (Consumer) transaction fee changed to $2.247,
2024-01-02,Kara Soghigian,MX Instant Account Verification transaction fee changed to $2.15,
2024-01-02,Kara Soghigian,Plaid Instant Account Verification Tier 1: $3B to $10B AUM (Consumer) transaction fee changed to $2.247,
2024-01-02,Kara Soghigian,Plaid Instant Account Verification Tier 2: $1B to $3B AUM (Consumer) transaction fee changed to $2.247,
2024-01-02,Kara Soghigian,Plaid Instant Account Verification Tier 3: <$1B AUM (Consumer) transaction fee changed to $2.247,
2024-01-02,Kara Soghigian,MX Instant Account Verification commitment changed to $215,
2024-01-02,Kara Soghigian,TazData Connector setup fee changed to $5642,
2024-01-02,Kara Soghigian,25 Professional Services Hours setup fee changed to $5642,
2024-01-02,Kara Soghigian,TazWorks Technical Configuration Time & Materials setup fee changed to $282.88,
2024-01-02,Kara Soghigian,QuickLease Pro Setup Fee setup fee changed to $1088,
2024-01-02,Kara Soghigian,Vanity URL setup fee changed to $624,
2024-01-02,Kara Soghigian,TazWorks Software Platform Tier 1: Enterprise Plus setup fee changed to $8890,
2024-01-02,Kara Soghigian,TazWorks Software Platform Tier 2: Enterprise setup fee changed to $6670,
2024-01-02,Kara Soghigian,TazWorks Software Platform Tier 3: Premium setup fee changed to $4445,
2024-01-02,Kara Soghigian,TazWorks Software Platform Tier 4: Professional Plus setup fee changed to $2965,
2024-01-02,Kara Soghigian,TazWorks Software Platform Tier 5: Professional setup fee changed to $2965,
2024-01-02,Kara Soghigian,TazWorks Software Platform Tier 6: Basic setup fee changed to $2965,
2024-01-02,Kara Soghigian,QuickLease Pro Vanity URL Annual Fee annual fee changed to $846.56,
2024-01-02,Kara Soghigian,Attachments over 5 MB transaction fee changed to $0.3016,
2024-01-02,Kara Soghigian,BackgroundConnect per Transaction transaction fee changed to $3.3904,
2024-01-02,Kara Soghigian,Consent Identity Verification (CIV) - Fail transaction fee changed to $1.1752,
2024-01-02,Kara Soghigian,Consent Identity Verification (CIV) - Success transaction fee changed to $5.876,
2024-01-02,Kara Soghigian,Credit Report transaction fee changed to $0.12,
2024-01-02,Kara Soghigian,CreditConnect per Transaction transaction fee changed to $2.2568,
2024-01-02,Kara Soghigian,Form I-9 Verification transaction fee changed to $0.3016,
2024-01-02,Kara Soghigian,QuickLease Pro Per Applicant - Lease Plan transaction fee changed to $1.6952,
2024-01-02,Kara Soghigian,QuickLease Pro Per Applicant - Standard Plan transaction fee changed to $0.7488,
2024-01-02,Kara Soghigian,QuickLease Pro Per Applicant - Upload Plan transaction fee changed to $1.1336,
2024-01-02,Kara Soghigian,TazWorks Software Platform Tier 1: Enterprise Plus transaction fee changed to $0.26,
2024-01-02,Kara Soghigian,TazWorks Software Platform Tier 2: Enterprise transaction fee changed to $0.28,
2024-01-02,Kara Soghigian,TazWorks Software Platform Tier 3: Premium transaction fee changed to $0.3,
2024-01-02,Kara Soghigian,TazWorks Software Platform Tier 4: Professional Plus transaction fee changed to $0.35,
2024-01-02,Kara Soghigian,TazWorks Software Platform Tier 5: Professional transaction fee changed to $0.38,
2024-01-02,Kara Soghigian,TazWorks Software Platform Tier 6: Basic transaction fee changed to $0.4,
2024-01-02,Kara Soghigian,TazWorks Software Platform Tier 1: Enterprise Plus commitment changed to $11750,
2024-01-02,Kara Soghigian,TazWorks Software Platform Tier 2: Enterprise commitment changed to $8810,
2024-01-02,Kara Soghigian,TazWorks Software Platform Tier 3: Premium commitment changed to $5865,
2024-01-02,Kara Soghigian,TazWorks Software Platform Tier 4: Professional Plus commitment changed to $2935,
2024-01-02,Kara Soghigian,TazWorks Software Platform Tier 5: Professional commitment changed to $1175,
2024-01-02,Kara Soghigian,TazWorks Software Platform Tier 6: Basic commitment changed to $565,
2024-01-05,Kara Soghigian,Changed Custom Scorecard to Tiered pricing,
2024-01-05,Kara Soghigian,Added Additional Scorecards for Custom Scorecard,
2024-01-05,Kara Soghigian,Black Book (Consumer) changed transaction fee to $0.55,
2024-01-05,Kara Soghigian,MeridianLink Mortgage LOS updated Transaction Fee product code to MORT-0012,
2024-01-16,Kara Soghigian,Changed Custom Scorecard to Tiered pricing,
2024-01-16,Kara Soghigian,Added Additional Scorecards for Custom Scorecard to Master Inventory,
2024-01-16,Kara Soghigian,Black Book (Consumer) changed transaction fee to $0.55,
2024-01-16,Kara Soghigian,Corrected pricing MeridianLink Mortgage LOS Tier 15 (30-44 Closed Loans/Mon) no implementation in Module Tiers tab,
2024-01-16,Kara Soghigian,MeridianLink Mortgage LOS updated Transaction Fee product code to MORT-0012,
2024-01-16,Kara Soghigian,Added Symitar SymXchange Core Integration to Master Inventory,
2024-01-16,Kara Soghigian,Added Symitar SymXchange Core Conversion to Master Inventory,
2024-01-16,Kara Soghigian,Moved Lumin Digital from Beta to Master Inventory,
2024-01-16,Kara Soghigian,Added MeridianLink Consumer & Opening Admin Training Class Series to Master Inventory,
2024-01-16,Kara Soghigian,Added MeridianLink Consumer & Opening Admin Training Class to Master Inventory,
2024-01-16,Kara Soghigian,Added MeridianLink Consumer & Opening Sandbox and Study Hall to Master Inventory,
2024-01-16,Kara Soghigian,Added MeridianLink Consumer & Opening Custom Training to Master Inventory,
2024-02-14,Kara Soghigian,Added Rental Records Premium Lead Generator National-Level Search,
2024-02-14,Kara Soghigian,"DocuSign ISV- removed tiers, changed transaction fee to $4.20",
2024-02-14,Kara Soghigian,Added Modern Experience Upgrade (Service Led),
2024-02-14,Kara Soghigian,Added Modern Experience Project – On Pre/ML Dedicated (SIC),
2024-02-14,Kara Soghigian,JHA MeridianLink Consumer - Business Module corrected Commitment rates,
2024-02-14,Kara Soghigian,JHA MeridianLink Consumer - Consumer Module corrected Commitment rates,
2024-02-14,Kara Soghigian,JHA MeridianLink Consumer - Home Equity Module corrected Commitment rates,
2024-02-14,Kara Soghigian,JHA MeridianLink Consumer - Indirect Lending Module corrected Commitment rates,
2024-02-14,Kara Soghigian,JHA MeridianLink Opening Module corrected Commitment rates,
2024-02-14,Kara Soghigian,MeridianLink Consumer - Business Module corrected Commitment Rates,
2024-02-14,Kara Soghigian,MeridianLink Consumer - Consumer Module corrected Commitment Rates,
2024-02-14,Kara Soghigian,MeridianLink Consumer - Home Equity Module corrected Commitment rates,
2024-02-14,Kara Soghigian,MeridianLink Consumer - Indirect Lending Module corrected Commitment rates,
2024-02-14,Kara Soghigian,MeridianLink Opening Module corrected Commitment rates,
2024-02-14,Kara Soghigian,Plaid Instant Account Verification $10B+ AUM (Referral to Plaid) (Consumer) corrected Annual Fee rate,
2024-02-14,Kara Soghigian,RouteOne (Consumer) corrected Transaction Fee rate,
2024-02-14,Kara Soghigian,MeridianLink Consumer & Opening Sandbox and Study Hall corrected Setup and Annual fee rates,
2024-02-14,Kara Soghigian,MeridianLink Consumer & Opening Admin Training Package corrected Setup and Annual fee rates,
2024-02-14,Kara Soghigian,MeridianLink Consumer & Opening Admin Training Class Series corrected Setup and Annual fee rates,
2024-02-14,Kara Soghigian,"Custom Scorecard Tier 1, First Scorecard ($2.5B AUM +) corrected Setup fee",
2024-02-14,Kara Soghigian,"Custom Scorecard Tier 3, First Scorecard (Up to $500M AUM) corrected Setup fee",
2024-02-14,Kara Soghigian,"Custom Scorecard Tier 1, Additional Scorecards ($2.5B AUM +) Corrected Setup fee",
2024-02-14,Kara Soghigian,"Custom Scorecard Tier 3, Additional Scorecards (Up to $500M AUM) corrected Setup fee",
2024-02-14,Kara Soghigian,Added Experian Verify to the Beta Products tab,
2024-02-14,Kara Soghigian,Moved Verafin ML Entry  to Legacy Products,
2024-03-05,Kara Soghigian,Visa Advanced ID Solutions (VAIS) moved to Legacy Products,
2024-03-05,Kara Soghigian,Corrected Transaction Fees for DealerTrack (Consumer and DecisionLender) and RouteOne (Consumer),
2024-05-28,Kara Soghigian,Visa Advanced ID Solutions (VAIS) moved to Legacy Products,
2024-05-28,Kara Soghigian,Corrected Transaction Fees for DealerTrack (Consumer and DecisionLender) and RouteOne (Consumer),
2024-05-28,Kara Soghigian,Experian CrossCore Precise ID (DecisionLender) moved from Beta to Master Inventory,
2024-05-28,Kara Soghigian,Added Experian PowerCurve Origination Essentials for DecisionLender,
2024-05-28,Kara Soghigian,Updated product codes for CrossCore PreciseID with OTP and KIQ to SHARED,
2024-05-28,Kara Soghigian,Added CrossCore PreciseID with OTP and KIQ for DecisionLender,
2024-05-28,Kara Soghigian,Verafin moved from Beta to Master Inventory,
2024-05-28,Kara Soghigian,Removed Transaction fee for MeridianLink Consumer & Opening Admin Training Class,
2024-05-28,Kara Soghigian,Added Plaid Instant Account Verification Identity Match for ML Consumer,
2024-05-28,Kara Soghigian,Added Experian PowerCurve Origination Essentials,
2024-05-28,Kara Soghigian,Added Scienaptic (DecisionLender),
2024-05-28,Kara Soghigian,Added CrossCore PrecisedID  with OTP and KIQ,
2024-05-28,Kara Soghigian,Added Experian CrossCore Precise ID,
2024-05-28,Kara Soghigian,Moved Glia Integration from Beta to Master Inventory,
2024-05-28,Kara Soghigian,LexisNexis Verification of Occupancy moved from Beta to Master Inventory,
2024-05-28,Kara Soghigian,Zest Custom Score moved from Beta to Master Inventory,
2024-05-28,Kara Soghigian,Moved FSSI Envelope Mailings (DecisionLender) from Beta to Master Inventory,
2024-05-28,Kara Soghigian,Updated product codes for FSSI Envelope Mailings (Consumer) to SHARED,
2024-05-28,Kara Soghigian,"Updated Product Vendor and Product Names for TruDecision (Beta tab), added product codes and pricing",
2024-05-28,Kara Soghigian,Equifax InstaTouch (DecisionLender) moved from Beta to Master Inventory,
2024-05-28,Kara Soghigian,KBB updated transaction fee to $0.55,
2024-05-28,Kara Soghigian,NADA updated transaction fee to $0.55,
2024-05-28,Kara Soghigian,NADA Other updated transaction fee to $0.55,
2024-05-28,Kara Soghigian,Equifax InstaTouch removed Transaction fee and Commitment Item,
2024-05-28,Kara Soghigian,"Advanced Decisioning Implementation for Existing Customer increased setup fee from $16,500 to $20,000",
2024-05-28,Kara Soghigian,"Advanced Decisioning Implementation for New Customer increased setup fee from $11,000 to $20,000",
2024-08-02,Kara Soghigian,Added Share of Wallet - ML Flagship to Master Inventory,
2024-08-02,Kara Soghigian,Added Share of Wallet - ML Insight  to Master Inventory,
2024-08-02,Kara Soghigian,Added Share of Wallet - ML Engage  to Master Inventory,
2024-08-02,Kara Soghigian,Added Digital Identity Trust to Master Inventory,
2024-08-02,Kara Soghigian,Added Advanced Decisioning Additional Referral Reasons to Master Inventory,
2024-08-02,Kara Soghigian,Updated product code for Black Book setup fee to SHARED-0050,
2024-08-02,Kara Soghigian,Added Coviance to Beta tab,
2024-08-02,Kara Soghigian,"Updated product codes for LendOne: Setup item CONS-0630, Recurring fee: CONS-0621",
2024-08-02,Kara Soghigian,Added Price My Loan Implementation to Master Inventory Tab,
2024-08-02,Kara Soghigian,Added Price My Loan Service Package to Master Inventory tab,
2024-08-02,Kara Soghigian,Updated Primary Service Category for ML Access to ML Consumer/Opening,
2024-08-02,Kara Soghigian,Added CLF Core Booking Export to Master Inventory,
2024-08-02,Ryan Mumphrey,"Price Card Administrative Update- corrected formula error in Module Tiers tab, added tiers for LOS Subordinate Lien Loans",
2024-08-02,Kara Soghigian,Enhanced Implementation Banks moved to Legacy Products tab,
2024-08-02,Kara Soghigian,Enhanced Implementation CU moved Legacy Products tab,
2024-08-02,Kara Soghigian,Enhanced Implementation Opening moved to Legacy Products tab,
2024-08-02,Kara Soghigian,Enhanced Implementation Small Business moved to Legacy Products tab,
2024-08-16,Ryan Mumphrey,Corrected lookup issue in Add On and Quote Builder tabs,
2024-09-16,Kara Soghigian,Updated comments on CrossCore Precise ID to state additional setup fee per subcode is $735 (formerly $700),
2024-09-16,Kara Soghigian,"Removed MeridianLink Business Base Plan, Base Plan Premium, and Premium Plan",
2024-09-16,Kara Soghigian,"Updated application volume ranges on tiers for MeridianLink Business:
Tier 1: Changed from 360-600 Applications to 600+ Applications
Tier 2: Changed from 240-359 Applications to 360-599 Applications
Tier 3: Changed from 120-239 Applications to 240-359 Applications
Tier 4: Changed from 60-119 Applications to 120-239 Applications
Tier 5: Changed from Up to 59 Applications to 60-119 Applications",
2024-09-16,Kara Soghigian,"Updated product codes for TMG:
Setup fee: Changed from SHARED-0224 to CONS-0556
Annual fee: Changed from SHARED-0152 to CONS-0534",
2024-09-16,Kara Soghigian,"Updated product codes for TSYS ADM:
Setup fee: Changed from SHARED-0224 to CONS-0560
Annual fee: Changed from SHARED-0152 to CONS-0538",
2024-09-16,Kara Soghigian,"Updated product codes for VantivFI:
Setup fee: Changed from SHARED-0224 to CONS-0555
Annual fee: Changed from SHARED-0152 to CONS-0533",
2024-09-16,Kara Soghigian,"Updated product codes for FDR Vantiv:
Setup fee: Changed from SHARED-0224 to CONS-0555
Annual fee: Changed from SHARED-0152 to CONS-0533",
2024-09-16,Kara Soghigian,Added Banno Home Banking to the Master Inventory,
2024-09-16,Kara Soghigian,Automatic USA moved from Beta Products to Master Inventory tab,
2024-09-16,Kara Soghigian,Removed Internal Notes for Sales for PriceMyLoan Service Package - Basic,
2024-09-16,Kara Soghigian,Added FSSI Mailing for ML Collect,
2024-09-16,Kara Soghigian,"Updated product code for DocuSign ISV Annual Fee to SHARED-0474, removed Commitment product codes",
2024-09-16,Kara Soghigian,Updated product code for Admin Pro Additional 50 Hours Setup Fee to SHARED-0475,
2024-09-16,Kara Soghigian,Added Visa Advanced ID Solutions (VAIS) to the Master Inventory,
2024-09-16,Kara Soghigian,"Changed name of CuneXus to TrueStage Digital Storefront
Updated Setup Item product code to SHARED-0386
Updated T1 Annual Fee product code to SHARED-0393
Updated T2 Annual Fee product code to SHARED-0392
Updated T3 Annual Fee product code to SHARED-0385
Updated T4 Annual Fee product code to SHARED-0388
Updated T5 Annual Fee product code to SHARED-0394",
2024-09-16,Kara Soghigian,CCM Credit Card moved to Legacy Products,
2024-09-16,Kara Soghigian,CCM Interface with OSI moved to Legacy Products,
2024-09-16,Kara Soghigian,CPS moved to Legacy Products,
2024-11-08,Kara Soghigian,Added Fiserv Precision (Consumer) to Master Inventory,
2024-11-08,Kara Soghigian,Updated Internal Notes for Core Integration items with new link to intranet page,
2024-11-08,Kara Soghigian,Added MeridianLink Mortgage LOS First Lien Loans to Master Inventory,
2024-11-08,Kara Soghigian,"MeridianLink Portal - Additional Portal changed name to MeridianLink POS - Additional Portal, changed Primary Service Category to Add Ons - POS",
2024-11-08,Kara Soghigian,"MeridianLink Portal - Automation Package changed name to MeridianLink POS - Automation Package, changed Primary Service Category to Add Ons - POS",
2024-11-08,Kara Soghigian,MeridianLink Portal - Automation Package updated to SHARED product codes,
2024-11-08,Kara Soghigian,"MeridianLink Portal - Custom URL changed name to MeridianLink POS - Custom URL, changed Primary Service Category to Add Ons - POS",
2024-11-08,Kara Soghigian,"MeridianLink Portal - Digital Engagement Package changed name to MeridianLink POS - Digital Engagement Package, changed Primary Service Category to Ad On - POS",
2024-11-08,Kara Soghigian,"MeridianLink Portal - Home Banking SSO changed name to MeridianLink POS - Home Banking SSO, changed Primary Service Category to Add On - POS",
2024-11-08,Kara Soghigian,"MeridianLink Portal - Plus Package changed name to MeridianLink POS - Plus Package, changed Primary Service Category to Add Ons - POS",
2024-11-08,Kara Soghigian,"MeridianLink Portal - Standalone Home Banking SSO changed name to MeridianLink POS - Standalone Home Banking SSO, changed Primary Service Category to Add Ons - POS",
2024-11-08,Kara Soghigian,MeridianLink Portal (ML Entry) updated to SHARED product codes,
2024-11-08,Kara Soghigian,MeridianLink Portal and JHA MeridianLink Portal updated to SHARED product codes,
2024-11-08,Kara Soghigian,MeridianLink Access Foundation added to Beta Products tab,
2024-11-08,Kara Soghigian,Union Credit added to Beta Products tab,
2024-11-08,Kara Soghigian,Digital Engagement Package - Interface.ai added to Master Inventory,
2024-11-08,Kara Soghigian,Calyx Integration - 4506C added to Master Inventory,
2024-11-08,Kara Soghigian,Calyx Integration - SSA89 added to Master Inventory,
2024-11-08,Kara Soghigian,Calyx Integration - VOA added to Master Inventory,
2024-11-08,Kara Soghigian,Calyx Integration - VOD added to Master Inventory,
2024-11-08,Kara Soghigian,Calyx Integration - VOE added to Master Inventory,
2024-11-08,Kara Soghigian,Calyx Integration - VOI added to Master Inventory,
2024-11-08,Kara Soghigian,Added Optional Commitment Item for Experian Digital Risk Score,
2024-11-08,Kara Soghigian,ScoreNavigator Bundle added to Master Inventory,
2024-11-08,Kara Soghigian,ScoreNavigator Manual Simulator added to Master Inventory,
2024-11-08,Kara Soghigian,ScoreNavigator Mortgage Action Plan added to Master Inventory,
2024-11-08,Kara Soghigian,ScoreNavigator Preview added to Master Inventory,
2024-11-08,Kara Soghigian,ScoreNavigator Target & Money Simulator added to Master Inventory,
2024-11-08,Kara Soghigian,Added Sandbox (Consumer),
2024-11-08,Kara Soghigian,PriceMyLoan Implementation - Custom Program updated Transaction Item product code,
2024-11-08,Kara Soghigian,OneSpan added setup fee of $4860,
2024-11-08,Kara Soghigian,TruStage Digital Storefront corrected product name from TrueStage Digital Storefront,
2024-11-08,Kara Soghigian,Added Admin Pro to ML Mortgage,
2024-11-08,Kara Soghigian,FSSI Consumer changed to SHARED product codes,
2024-11-08,Kara Soghigian,"MeridianLink Mortgage LOS, MeridianLink Mortgage LOS First Lien Loans, MeridianLink Mortgage OpenClose, MeridianLink Mortgage Subordinate Liens, added Tier 17",
2024-11-08,Kara Soghigian,"MeridianLink Mortgage LOS, MeridianLink Mortgage LOS First Lien Loans, MeridianLink Mortgage OpenClose, MeridianLink Mortgage Subordinate Liens changed Tier 16 to 15-29 closed loans/month",
2024-11-08,Kara Soghigian,"MeridianLink Mortgage LOS, MeridianLink Mortgage LOS First Lien Loans, MeridianLink Mortgage OpenClose Tier 1 changed Transaction fee from $50 to $62.40, changed Minimum Commitment from $60,000 to $74,880",
2024-11-08,Kara Soghigian,"MeridianLink Mortgage LOS, MeridianLink Mortgage LOS First Lien Loans, MeridianLink Mortgage OpenClose Tier 2 changed Transaction fee from $52.75 to $64.40, changed Minimum Commitment from $47,475 to $57,960",
2024-11-08,Kara Soghigian,"MeridianLink Mortgage LOS, MeridianLink Mortgage LOS First Lien Loans, MeridianLink Mortgage OpenClose Tier 3 changed Transaction fee from $55.75 to $66.60, changed Minimum Commitment from $37,631.25 to $44,955",
2024-11-08,Kara Soghigian,"MeridianLink Mortgage LOS, MeridianLink Mortgage LOS First Lien Loans, MeridianLink Mortgage OpenClose Tier 4 changed Transaction fee from $58.75 to $68.40, changed Minimum Commitment from $30,581.25 to $35,910",
2024-11-08,Kara Soghigian,"MeridianLink Mortgage LOS, MeridianLink Mortgage LOS First Lien Loans, MeridianLink Mortgage OpenClose Tier 5 changed Transaction fee from $61.25 to $70.40, changed Minimum Commitment from $24,500 to $28,160",
2024-11-08,Kara Soghigian,"MeridianLink Mortgage LOS, MeridianLink Mortgage LOS First Lien Loans, MeridianLink Mortgage OpenClose Tier 6 changed Transaction fee from $64.50 to $72.60, changed Minimum Commitment from $19,350 to $21,780",
2024-11-08,Kara Soghigian,"MeridianLink Mortgage LOS, MeridianLink Mortgage LOS First Lien Loans, MeridianLink Mortgage OpenClose Tier 7 changed Transaction fee from $68.00 to $75.00, changed Minimum Commitment from $15,300 to $16,875",
2024-11-08,Kara Soghigian,"MeridianLink Mortgage LOS, MeridianLink Mortgage LOS First Lien Loans, MeridianLink Mortgage OpenClose Tier 8 changed Transaction fee from $71.50 to $77.20, changed Minimum Commitment from $12,155 to $13,124",
2024-11-08,Kara Soghigian,"MeridianLink Mortgage LOS, MeridianLink Mortgage LOS First Lien Loans, MeridianLink Mortgage OpenClose Tier 9 changed Transaction fee from $74.50 to $79.20, changed Minimum Commitment from $10,057.50 to $10,692",
2024-11-08,Kara Soghigian,"MeridianLink Mortgage LOS, MeridianLink Mortgage LOS First Lien Loans, MeridianLink Mortgage OpenClose Tier 10 changed Transaction fee from $77.50 to $81.00, changed Minimum Commitment from $8,525 to $8,910",
2024-11-08,Kara Soghigian,"MeridianLink Mortgage LOS, MeridianLink Mortgage LOS First Lien Loans, MeridianLink Mortgage OpenClose Tier 11 changed Transaction fee from $80.25 to $82.80, changed Minimum Commitment from $7,222.50 to $7,452",
2024-11-08,Kara Soghigian,"MeridianLink Mortgage LOS, MeridianLink Mortgage LOS First Lien Loans, MeridianLink Mortgage OpenClose Tier 12 changed Transaction fee from $83.00 to $84.40, changed Minimum Commitment from $6,225 to $6,330",
2024-11-08,Kara Soghigian,"MeridianLink Mortgage LOS, MeridianLink Mortgage LOS First Lien Loans, MeridianLink Mortgage OpenClose Tier 13 changed Transaction fee from $86.50 to $86.60, changed Minimum Commitment from $5,190 to $5,196",
2024-11-08,Kara Soghigian,"MeridianLink Mortgage LOS, MeridianLink Mortgage LOS First Lien Loans, MeridianLink Mortgage OpenClose Tier 14 changed Transaction fee from $91.25 to $89.20, changed Minimum Commitment from $4,106.25 to $4,014",
2024-11-08,Kara Soghigian,"MeridianLink Mortgage LOS, MeridianLink Mortgage LOS First Lien Loans, MeridianLink Mortgage OpenClose Tier 15 changed Transaction fee from $98.00 to $93.20, changed Minimum Commitment from $2,940 to $2,796",
2024-11-08,Kara Soghigian,"MeridianLink Mortgage LOS, MeridianLink Mortgage LOS First Lien Loans, MeridianLink Mortgage OpenClose Tier 16 changed Transaction fee from $107.25 to $100.60, changed Minimum Commitment from $1,608.75 to $1,509",
2024-11-08,Kara Soghigian,"MeridianLink Mortgage LOS Subordinate Lien Loans Tier 1 changed Transaction fee from $32.50 to $40.60, changed Minimum Commitment from $39,000 to $48,720",
2024-11-08,Kara Soghigian,"MeridianLink Mortgage LOS Subordinate Lien Loans Tier 2 changed Transaction fee from $34.50 to $42.00, changed Minimum Commitment from $31,050 to $37,800",
2024-11-08,Kara Soghigian,"MeridianLink Mortgage LOS Subordinate Lien Loans Tier 3 changed Transaction fee from $36.25 to $43.40, changed Minimum Commitment from $24,468.75 to $29,295",
2024-11-08,Kara Soghigian,"MeridianLink Mortgage LOS Subordinate Lien Loans Tier 4 changed Transaction fee from $38.00 to $44.60, changed Minimum Commitment from $19,950 to $23,415",
2024-11-08,Kara Soghigian,"MeridianLink Mortgage LOS Subordinate Lien Loans Tier 5 changed Transaction fee from $40.00 to $45.80, changed Minimum Commitment from $16,000 to $18,320",
2024-11-08,Kara Soghigian,"MeridianLink Mortgage LOS Subordinate Lien Loans Tier 6 changed Transaction fee from $42.00 to $47.20, changed Minimum Commitment from $12,600 to $14,160",
2024-11-08,Kara Soghigian,"MeridianLink Mortgage LOS Subordinate Lien Loans Tier 7 changed Transaction fee from $44.25 to $48.80, changed Minimum Commitment from $9,956.25 to $10,980",
2024-11-08,Kara Soghigian,"MeridianLink Mortgage LOS Subordinate Lien Loans Tier 8 changed Transaction fee from $46.50 to $50.20, changed Minimum Commitment from $7,905 to $8,534",
2024-11-08,Kara Soghigian,"MeridianLink Mortgage LOS Subordinate Lien Loans Tier 9 changed Transaction fee from $48.50 to $51.60, changed Minimum Commitment from $6,547.50 to $6,966",
2024-11-08,Kara Soghigian,"MeridianLink Mortgage LOS Subordinate Lien Loans Tier 10 changed Transaction fee from $50.50 to $52.80, changed Minimum Commitment from $5,555 to $5,808",
2024-11-08,Kara Soghigian,"MeridianLink Mortgage LOS Subordinate Lien Loans Tier 11 changed Transaction fee from $52.25 to $54.00, changed Minimum Commitment from $4,702.50 to $4,860",
2024-11-08,Kara Soghigian,"MeridianLink Mortgage LOS Subordinate Lien Loans Tier 12 changed Transaction fee from $54.00 to $55.00, changed Minimum Commitment from $4,050 to $4,125",
2024-11-08,Kara Soghigian,"MeridianLink Mortgage LOS Subordinate Lien Loans Tier 13 changed Transaction fee from $56.25 to $56.40, changed Minimum Commitment from $3,375 to $3,384",
2024-11-08,Kara Soghigian,"MeridianLink Mortgage LOS Subordinate Lien Loans Tier 14 changed Transaction fee from $59.50 to $58.00, changed Minimum Commitment from $2,677.50 to $2,610",
2024-11-08,Kara Soghigian,"MeridianLink Mortgage LOS Subordinate Lien Loans Tier 15 changed Transaction fee from $63.75 to $60.60, changed Minimum Commitment from $1,912.50 to $1,818",
2024-11-08,Kara Soghigian,"MeridianLink Mortgage LOS Subordinate Lien Loans Tier 16 changed Transaction fee from $69.75 to $65.40, changed Minimum Commitment from $1,046.25 to $981",
2024-11-08,Kara Soghigian,MeridianLink Mortgage LOS First Lien Loans changed setup fee for all tiers to -$1234 quote pricing,
2024-11-08,Kara Soghigian,"Imaging (DocDownload) for DecisionLender, changed Setup Fee from $4855 to $4860",
2024-11-08,Kara Soghigian,MeridianLink Mortgage LOS with DocMagic First Lien Loans added to Master Inventory,
2024-11-08,Kara Soghigian,MeridianLink Mortgage LOS with DocMagic Subordinate Lien Loans added to Master Inventory,
2024-11-08,Kara Soghigian,MeridianLink Mortgage LOS with DocMagic added to Master Inventory,
2024-11-08,Kara Soghigian,"Updated pricing for FiVision to setup: $11,000, annual fee: $5350",
2024-11-08,Kara Soghigian,"Updated pricing for CreditSnap to setup: $11,000, annual fee: $5350",
2024-11-08,Kara Soghigian,Added Alkami Home Banking for DecisionLender,
2024-11-08,Kara Soghigian,Moved Fintel Connect from Beta Products to Legacy Products tab,
2024-11-08,Kara Soghigian,Added REPAY Electronic Payments to Beta Products,
2024-11-08,Ryan Mumphrey,Updated Module Tiers tab to accommodate new ML Mortgage offerings and tiers,
2025-01-06,Kara Soghigian,Engage - Experian Data Augmentation increased setup fee from $2500 to $2700,
2025-01-06,Kara Soghigian,"Engage - Institution Data Augmentation increased setup fee from $2500 to $2700, increased annual fee from $5000 to $5400",
2025-01-06,Kara Soghigian,Engage - Professional Services increased transaction fee from $250 to $330,
2025-01-06,Kara Soghigian,"Engage - Managed Service increased annual fee from $20,000 to $21,600",
2025-01-06,Kara Soghigian,Engage Tech Enabled Marketing - Design - LC-1 increased transaction fee from $150 to $275,
2025-01-06,Kara Soghigian,Engage Tech Enabled Marketing - Design - ND-1 increased transaction fee from $90 to $275,
2025-01-06,Kara Soghigian,Engage Tech Enabled Marketing - Design - SKM-1 increased transaction fee from $100 to $275,
2025-01-06,Kara Soghigian,"Engage- Tech Enabled Marketing - Email - CR-1 added $200 commitment, decreased transaction fee from $0.30 to $0.20",
2025-01-06,Kara Soghigian,Engage- Tech Enabled Marketing- Letter- D1 increased transaction fee from $1.55 to $1.75,
2025-01-06,Kara Soghigian,Engage- Tech Enabled Marketing- Postcard- D1 increased transaction fee from $1.10 to $1.35,
2025-01-06,Kara Soghigian,Engage- Tech Enabled Marketing- Self Mailer- D1 increased transaction fee from $1.40 to $1.65,
2025-01-06,Kara Soghigian,"Engage - Trigger Files increased setup fee from $3750 to $4050, increased annual fee from $18,000 to $19,440",
2025-01-06,Kara Soghigian,"Engage Platform Tier 1 (>$1B AUM) increased setup fee from $12,500 to $17,225, increased annual fee from $50,000 to $54,000",
2025-01-06,Kara Soghigian,"Engage Platform Tier 2 ($500M-$1B AUM) increased setup fee from $12,500 to $15,225, increased annual fee from $40,000 to $43,200",
2025-01-06,Kara Soghigian,"Engage Platform Tier 3 ($250M-$500M AUM) increased setup fee from $12,500 to $13,975, increased annual fee from $28,000 to $30,240",
2025-01-06,Kara Soghigian,"Engage Platform Tier 4 (<$250M AUM) increased setup fee from $12,500 to $12,975, increased annual fee from $20,000 to $21,600",
2025-01-06,Kara Soghigian,"Share of Wallet - ML Engage  increased setup fee from $6000 to $6475, increased annual fee from $6000 to $6480",
2025-01-06,Kara Soghigian,"Share of Wallet - ML Flagship increased setup fee from $7500 to $7975, increased annual fee from $16,600 to $17,928",
2025-01-06,Kara Soghigian,"Share of Wallet - ML Insight  increased setup fee from $1500 to $1975, increased annual fee from $13,750 to $14,850",
2025-01-06,Kara Soghigian,Engage- Tech Enabled Marketing - Gift Cards Letter - P-1 moved to Legacy Products,
2025-01-06,Kara Soghigian,Engage Tech Enabled Marketing - Home Banking -NCR moved to Legacy Products,
2025-01-06,Kara Soghigian,Engage- Tech Enabled Marketing- Email- D1 moved to Legacy Products,
2025-01-06,Kara Soghigian,Engage- Tech Enabled Marketing- Email- G1 moved to Legacy Products,
2025-01-06,Kara Soghigian,Engage Lite Tier 1 (>$1B AUM) moved to Legacy Products,
2025-01-06,Kara Soghigian,Engage Lite Tier 2 ($500M-$1B AUM) moved to Legacy Products,
2025-01-06,Kara Soghigian,Engage Lite Tier 3 ($250M-$500M AUM) moved to Legacy Products,
2025-01-06,Kara Soghigian,Engage Lite Tier 4 (<$250M AUM) moved to Legacy Products,
2025-01-06,Kara Soghigian,Added Engage- Tech Enabled Marketing- Letter- G1 to Master Inventory,
2025-01-06,Kara Soghigian,Added Engage- Tech Enabled Marketing- Postcard- G1 to Master Inventory,
2025-01-06,Kara Soghigian,Added Engage- Tech Enabled Marketing- Self Mailer- G1 to Master Inventory,
2025-01-06,Kara Soghigian,Added Engage- Tech Enabled Marketing - Gift Cards Letter - B-1 to Master Inventory,
2025-01-06,Kara Soghigian,Explore - CO-OP Revelation Data Services increased transaction fee from $150 to $158,
2025-01-06,Kara Soghigian,Explore Tech Enabled Marketing - Design - LC-1 increased transaction fee from $150 to $275,
2025-01-06,Kara Soghigian,Explore Tech Enabled Marketing - Design - ND-1 increased transaction fee from $90 to $275,
2025-01-06,Kara Soghigian,Explore Tech Enabled Marketing - Design - SKM-1 increased transaction fee from $100 to $275,
2025-01-06,Kara Soghigian,Explore Tech Enabled Marketing - Letter- D-1 increased transaction fee from $1.55 to $1.75 ,
2025-01-06,Kara Soghigian,Explore Tech Enabled Marketing - Postcard- D-1 increased transaction fee from $1.10 to $1.35,
2025-01-06,Kara Soghigian,Explore Tech Enabled Marketing - Self-Mailer- D-1 increased transaction fee from $1.40 to $1.65,
2025-01-06,Kara Soghigian,"Explore - CO-OP Revelation New ETL increased setup fee from $25,000 to $26,250",
2025-01-06,Kara Soghigian,Explore - CO-OP Revelation Level 1 Tier 1: >2.5M TXN increased annual fee from $1890 to $1985,
2025-01-06,Kara Soghigian,Explore - CO-OP Revelation Level 1 Tier 2: 1M-2.5M TXN increased annual fee from $1575 to $1654,
2025-01-06,Kara Soghigian,Explore - CO-OP Revelation Level 1 Tier 3: 500K-1M TXN increased annual fee from $1260 to $1323,
2025-01-06,Kara Soghigian,Explore - CO-OP Revelation Level 1 Tier 4: 150K-500K TXN increased annual fee from $945 to $992,
2025-01-06,Kara Soghigian,Explore - CO-OP Revelation Level 1 Tier 5: 50K-150K TXN increased annual fee from $630 to $662,
2025-01-06,Kara Soghigian,Explore - CO-OP Revelation Level 1 Tier 6: 0-50K TXN increased annual fee from $630 to $662,
2025-01-06,Kara Soghigian,Explore - CO-OP Revelation Level 2 Tier 1: >2.5M TXN increased annual fee from $6930 to $7277,
2025-01-06,Kara Soghigian,Explore - CO-OP Revelation Level 2 Tier 2: 1M-2.5M TXN increased annual fee from $6174 to $6483,
2025-01-06,Kara Soghigian,Explore - CO-OP Revelation Level 2 Tier 3: 500K-1M TXN increased annual fee from $5292 to $5557,
2025-01-06,Kara Soghigian,Explore - CO-OP Revelation Level 2 Tier 4: 150K-500K TXN increased annual fee from $4410 to $4631,
2025-01-06,Kara Soghigian,Explore - CO-OP Revelation Level 2 Tier 5: 50K-150K TXN increased annual fee from $2331 to $2448,
2025-01-06,Kara Soghigian,Explore - CO-OP Revelation Level 2 Tier 6: 0-50K TXN increased annual fee from $1134 to $1191,
2025-01-06,Kara Soghigian,"Explore - CO-OP Revelation Level 3 Tier 1: >2.5M TXN increased annual fee from $21,420 to $22,491",
2025-01-06,Kara Soghigian,"Explore - CO-OP Revelation Level 3 Tier 2: 1M-2.5M TXN increased annual fee from $15,750 to $16,538",
2025-01-06,Kara Soghigian,"Explore - CO-OP Revelation Level 3 Tier 3: 500K-1M TXN increased annual fee from $11,970 to $12,569",
2025-01-06,Kara Soghigian,Explore - CO-OP Revelation Level 3 Tier 4: 150K-500K TXN increased annual fee from $8820 to $9261,
2025-01-06,Kara Soghigian,Explore - CO-OP Revelation Level 3 Tier 5: 50K-150K TXN increased annual fee from $5040 to $5292,
2025-01-06,Kara Soghigian,Explore - CO-OP Revelation Level 3 Tier 6: 0-50K TXN increased annual fee from $2835 to $2977,
2025-01-06,Kara Soghigian,Explore - MC MPA Data Services moved to Legacy Products,
2025-01-06,Kara Soghigian,Explore Marketing - Direct Mail - Postcard moved to Legacy Products,
2025-01-06,Kara Soghigian,Explore Marketing - Direct Mail - Self Mailer moved to Legacy Products,
2025-01-06,Kara Soghigian,Explore Marketing - Email moved to Legacy Products,
2025-01-06,Kara Soghigian,Explore Marketing - Reward Gift Card moved to Legacy Products,
2025-01-06,Kara Soghigian,Explore Tech Enabled Marketing - Email- D-1 moved to Legacy Products,
2025-01-06,Kara Soghigian,Explore Tech Enabled Marketing - Email- G-1 moved to Legacy Products,
2025-01-06,Kara Soghigian,Explore Tech Enabled Marketing - Gift Cards Letter - P-1 moved to Legacy Products,
2025-01-06,Kara Soghigian,Explore - MC MPA Total Txn Tier 1: >25M moved to Legacy Products,
2025-01-06,Kara Soghigian,Explore - MC MPA Total Txn Tier 2: 10M-25M moved to Legacy Products,
2025-01-06,Kara Soghigian,Explore - MC MPA Total Txn Tier 3: 5M-10M moved to Legacy Products,
2025-01-06,Kara Soghigian,Explore - MC MPA Total Txn Tier 4: 2.5M-5M moved to Legacy Products,
2025-01-06,Kara Soghigian,Explore - MC MPA Total Txn Tier 5: 1M-2.5M moved to Legacy Products,
2025-01-06,Kara Soghigian,Explore - MC MPA Total Txn Tier 6: Up to 1M moved to Legacy Products,
2025-01-06,Kara Soghigian,Explore - MC MPA New ETL moved to Legacy Products,
2025-01-06,Kara Soghigian,Explore - MC MPA Active Cards Tier 1: >100M moved to Legacy Products,
2025-01-06,Kara Soghigian,Explore - MC MPA Active Cards Tier 2: 50-100M moved to Legacy Products,
2025-01-06,Kara Soghigian,Explore - MC MPA Active Cards Tier 3: 35-50M moved to Legacy Products,
2025-01-06,Kara Soghigian,Explore - MC MPA Active Cards Tier 4: 25-35M moved to Legacy Products,
2025-01-06,Kara Soghigian,Explore - MC MPA Active Cards Tier 5: 15-25M moved to Legacy Products,
2025-01-06,Kara Soghigian,Explore - MC MPA Active Cards Tier 6: 7.5-15M moved to Legacy Products,
2025-01-06,Kara Soghigian,Explore - MC MPA Active Cards Tier 7: 5-7.5M moved to Legacy Products,
2025-01-06,Kara Soghigian,Explore - MC MPA Active Cards Tier 8: 2-5M moved to Legacy Products,
2025-01-06,Kara Soghigian,Explore - MC MPA Active Cards Tier 9: Up to 2M moved to Legacy Products,
2025-01-06,Kara Soghigian,Explore Tech Enabled Marketing - Gift Cards - B-1 added to Master Inventory,
2025-01-06,Kara Soghigian,Explore- Tech Enabled Marketing - Email - CR-1 added to Master Inventory,
2025-01-06,Kara Soghigian,Explore- Tech Enabled Marketing- Letter- G1 added to Master Inventory,
2025-01-06,Kara Soghigian,Explore- Tech Enabled Marketing- Postcard- G1 added to Master Inventory,
2025-01-06,Kara Soghigian,Explore- Tech Enabled Marketing- Self Mailer- G1 added to Master Inventory,
2025-01-06,Kara Soghigian,Attachments over 5 MB increased transaction fee from  $0.30 to $0.31,
2025-01-06,Kara Soghigian,BackgroundConnect per Transaction increased transaction fee from $3.39 to $3.49,
2025-01-06,Kara Soghigian,Consent Identity Verification (CIV) - Fail increased transaction fee from $1.18 to $1.22,
2025-01-06,Kara Soghigian,Consent Identity Verification (CIV) - Success increased transaction fee from $5.88 to $6.06,
2025-01-06,Kara Soghigian,Credit Report increased transaction fee from $0.12 to $0.13,
2025-01-06,Kara Soghigian,CreditConnect per Transaction increased transaction fee from $2.26 to $2.33,
2025-01-06,Kara Soghigian,Form I-9 Verification increased transaction fee from $0.30 to $0.31,
2025-01-06,Kara Soghigian,Insights Activation Fee increased setup fee from $113 to $116,
2025-01-06,Kara Soghigian,TazData Connector increased setup fee from $5642 to $5811,
2025-01-06,Kara Soghigian,Bullhorn Access Fee increased setup fee from $1085 to $1118,
2025-01-06,Kara Soghigian,Bullhorn Searches increased setup fee from $2713 to $2794,
2025-01-06,Kara Soghigian,Client Implementation on ClearCompany Integration increased setup fee from $272 to $280,
2025-01-06,Kara Soghigian,"Integration with Workday from Mercer using Bronze Package increased setup fee from $10,308 to $10,617",
2025-01-06,Kara Soghigian,"Integration with Workday from Mercer using Silver Package increased setup fee from $11,935 to $12,293",
2025-01-06,Kara Soghigian,25 Professional Services Hours increased setup fee from $5642 to $5811,
2025-01-06,Kara Soghigian,TazWorks Technical Configuration Time & Materials increased setup fee from $282.88 to $291,
2025-01-06,Kara Soghigian,QuickLease Pro Setup Fee increased setup fee from $1088 to $1121,
2025-01-06,Kara Soghigian,QuickLease Pro Vanity URL Annual Fee increased annual fee from $846.56 to $872,
2025-01-06,Kara Soghigian,Vanity URL increased setup fee from $624 to $643,
2025-01-06,Kara Soghigian,"TazWorks Software Platform Tier 1: Enterprise Plus increased setup fee from $8890 to $9157, increased transaction fee from $0.26 to $0.27, increased commitment from $11,750 to $12,103",
2025-01-06,Kara Soghigian,"TazWorks Software Platform Tier 2: Enterprise increased setup fee from $6670 to $6870, increased transaction fee from $0.28 to $0.29, increased commitment from $8810 to $9074",
2025-01-06,Kara Soghigian,"TazWorks Software Platform Tier 3: Premium increased setup fee from $4445 to $4578, increased transaction fee from $0.30 to $0.31, increased commitment from $5865 to $6041",
2025-01-06,Kara Soghigian,"TazWorks Software Platform Tier 4: Professional Plus increased setup fee from $2965 to $3054, increased transaction fee from $0.35 to $0.36, increased commitment from $2935 to $3023",
2025-01-06,Kara Soghigian,"TazWorks Software Platform Tier 5: Professional increased setup fee from $2965 to $3054, increased transaction fee from $0.38 to $0.39, increased commitment from $1175 to $1210",
2025-01-06,Kara Soghigian,"TazWorks Software Platform Tier 6: Basic increased setup fee from $2965 to $2995, increased transaction fee from $0.40 to $0.41",
2025-01-06,Kara Soghigian,"Alpharank T1: $10B+ AUM, Each Additional Service (Consumer), annual fee increased from $26,120 to $28,471",
2025-01-06,Kara Soghigian,"Alpharank T1: $10B+ AUM, Initial Service (Consumer), annual fee increased from $40,175 to $43,791",
2025-01-06,Kara Soghigian,"Alpharank T2: $2B-$10B AUM, Each Additional Service (Consumer), annual fee increased from $23,870 to $26,018",
2025-01-06,Kara Soghigian,"Alpharank T2: $2B-$10B AUM, Initial Service (Consumer), annual fee increased from $36,710 to $40,014",
2025-01-06,Kara Soghigian,"Alpharank T3: $500M-$2B AUM, Each Additional Service (Consumer), annual fee increased from $18,325 to $19,974",
2025-01-06,Kara Soghigian,"Alpharank T3: $500M-$2B AUM, Initial Service (Consumer), annual fee increased from $28,170 to $30,705",
2025-01-06,Kara Soghigian,"Alpharank T4: <$500M AUM, Each Additional Service (Consumer), annual fee increased from $14,100 to $15,369",
2025-01-06,Kara Soghigian,"Alpharank T4: <$500M AUM, Initial Service (Consumer), annual fee increased from $21,750 to $23,708",
2025-01-06,Kara Soghigian,"JHA MeridianLink Portal Tier 1 (96,000+ apps), setup fee increased from $7880 to $8589, annual fee increased from $37,325 to $40,684",
2025-01-06,Kara Soghigian,"JHA MeridianLink Portal Tier 2 (48,000-95,999 apps), setup fee increased from $7880 to $8589, annual fee increased from $23,995 to $26,155",
2025-01-06,Kara Soghigian,"JHA MeridianLink Portal Tier 3 (24,000-47,999 apps), setup fee increased from $7880 to $8589, annual fee increased from $20,000 to $21,800",
2025-01-06,Kara Soghigian,"JHA MeridianLink Portal Tier 4 (12,000-23,999 apps), setup fee increased from $7880 to $8589, annual fee increased from $16,000 to $17,440",
2025-01-06,Kara Soghigian,"JHA MeridianLink Portal Tier 5 (6000-11,999 apps), setup fee increased from $7880 to $8589, annual fee increased from $12,000 to $13,080",
2025-01-06,Kara Soghigian,"JHA MeridianLink Portal Tier 6 (3000-5999 apps), setup fee increased from $7880 to $8589, annual fee increased from $8000 to $8720",
2025-01-06,Kara Soghigian,"JHA MeridianLink Portal Tier 7 (<3000 apps), setup fee increased from $7880 to $8589, annual fee increased from $2670 to $2910",
2025-01-06,Kara Soghigian,"MeridianLink Portal (ML Entry -- years 1 to 3 -- 0-1999 apps), annual fee increased from $1765 to $1924",
2025-01-06,Kara Soghigian,"MeridianLink Portal (ML Entry -- years 4+ -- 0-2999 apps), annual fee increased from $2670 to $2910",
2025-01-06,Kara Soghigian,"MeridianLink Portal Tier 1 (96,000+ apps), setup fee increased from $7880 to $8589, annual fee increased from $37,325 to $40,684",
2025-01-06,Kara Soghigian,"MeridianLink Portal Tier 2 (48,000-95,999 apps), setup fee increased from $7880 to $8589, annual fee increased from $23,995 to $26,155",
2025-01-06,Kara Soghigian,"MeridianLink Portal Tier 3 (24,000-47,999 apps), setup fee increased from $7880 to $8589, annual fee increased from $20,000 to $21,800",
2025-01-06,Kara Soghigian,"MeridianLink Portal Tier 4 (12,000-23,999 apps), setup fee increased from $7880 to $8589, annual fee increased from $16,000 to $17,440",
2025-01-06,Kara Soghigian,"MeridianLink Portal Tier 5 (6000-11,999 apps), setup fee increased from $7880 to $8589, annual fee increased from $12,000 to $13,080",
2025-01-06,Kara Soghigian,"MeridianLink Portal Tier 6 (3000-5999 apps), setup fee increased from $7880 to $8589, annual fee increased from $8000 to $8720",
2025-01-06,Kara Soghigian,"MeridianLink Portal Tier 7 (<3000 apps), setup fee increased from $7880 to $8589, annual fee increased from $2670 to $2910",
2025-01-06,Kara Soghigian,"Conductiv, setup fee increased from $2075 to $2262",
2025-01-06,Kara Soghigian,"Experian Digital Risk Score, setup fee increased from $6050 to $6595, transaction fee increased from 1.18 to $1.29",
2025-01-06,Kara Soghigian,"MeridianLink Portal - Additional Portal (Consumer), annual fee increased from $1350 to $1472",
2025-01-06,Kara Soghigian,"MeridianLink Portal - Equifax InstaTouch (Consumer), setup fee increased from $2010 to $2191",
2025-01-06,Kara Soghigian,"MeridianLink POS - Automation Package, annual fee increased from $1985 to $2164",
2025-01-06,Kara Soghigian,"MeridianLink POS - Custom URL, annual fee increased from $1350 to $1472",
2025-01-06,Kara Soghigian,"MeridianLink POS - Digital Engagement Package (co-browsing video chat), setup fee increased from $4010 to $4371, annual fee increased from $2030 to $2213",
2025-01-06,Kara Soghigian,"MeridianLink POS - Home Banking SSO (Consumer), annual fee increased from $1925 to $2098",
2025-01-06,Kara Soghigian,"MeridianLink POS - Plus Package, annual fee increased from $4045 to $4409",
2025-01-06,Kara Soghigian,"Alpharank T1: $10B+ AUM, Each Additional Service (Mortgage), annual fee increased from $26,120 to $28,471",
2025-01-06,Kara Soghigian,"Alpharank T1: $10B+ AUM, Initial Service (Mortgage), annual fee increased from $40,175 to $43,791",
2025-01-06,Kara Soghigian,"Alpharank T2: $2B-$10B AUM, Each Additional Service (Mortgage), annual fee increased from $23,870 to $26,018",
2025-01-06,Kara Soghigian,"Alpharank T2: $2B-$10B AUM, Initial Service (Mortgage), annual fee increased from $36,710 to $40,014",
2025-01-06,Kara Soghigian,"Alpharank T3: $500M-$2B AUM, Each Additional Service (Mortgage), annual fee increased from $18,325 to $19,974",
2025-01-06,Kara Soghigian,"Alpharank T3: $500M-$2B AUM, Initial Service (Mortgage), annual fee increased from $28,170 to $30,705",
2025-01-06,Kara Soghigian,"Alpharank T4: <$500M AUM, Each Additional Service (Mortgage), annual fee increased from $14,100 to $15,369",
2025-01-06,Kara Soghigian,"Alpharank T4: <$500M AUM, Initial Service (Mortgage), annual fee increased from $21,750 to $23,708",
2025-01-06,Kara Soghigian,"MeridianLink Access Tier 1 (Unlimited Monthly Applications), increased setup fee from $12,500 to $13,625, increased annual fee from $50,040 to $54,544",
2025-01-06,Kara Soghigian,"MeridianLink Access Tier 2 (8000 Monthly Applications), increased setup fee from $12,500 to $13,625, increased annual fee from $39,840 to $43,426",
2025-01-06,Kara Soghigian,"MeridianLink Access Tier 3 (4000 Monthly Applications), increased setup fee from $12,500 to $13,625, increased annual fee from $31,500 to $34,335",
2025-01-06,Kara Soghigian,"Business Credit Card increased transaction fee from $35 to $37, increased commitment from $7500 to $7950",
2025-01-06,Kara Soghigian,"MeridianLink Business (Tier 1, 600+ applications), increased setup fee from $7500 to $7950, transaction fee increased from $180 to $191, commitment increased from $9000 to $9300",
2025-01-06,Kara Soghigian,"MeridianLink Business (Tier 2, 360-599 applications), increased setup fee from $7500 to $7950, transaction fee increased from $210 to $223, commitment increased from $6300 to $6678",
2025-01-06,Kara Soghigian,"MeridianLink Business (Tier 3, 240-359 applications), increased setup fee from $7500 to $7950, transaction fee increased from $240 to $254, commitment increased from $4800 to $5088",
2025-01-06,Kara Soghigian,"MeridianLink Business (Tier 4, 120-239 applications), increased setup fee from $7500 to $7950, transaction fee increased from $270 to $286, commitment increased from $2700 to $2862",
2025-01-06,Kara Soghigian,"MeridianLink Business (Tier 5, 60-119 applications), increased setup fee from $7500 to $7950, transaction fee increased from $295 to $313, commitment increased from $1475 to $1564",
2025-01-06,Kara Soghigian,"D+H LaserPro (ML Business), setup fee increased from $3115 to $3439, annual fee increased from $1260 to $1373",
2025-01-06,Kara Soghigian,"D+H LaserPro Plus (ML Business), setup fee increased from $3115 to $3439, annual fee increased from $1260 to $1373",
2025-01-06,Kara Soghigian,"Address Verification Tier 1: 8K+ Apps annual fee increased from $20,215 to $22,035",
2025-01-06,Kara Soghigian,"Address Verification Tier 2: 4K - 7.99K Apps annual fee increased from $16,170 to $17,625",
2025-01-06,Kara Soghigian,"Address Verification Tier 3: 2K - 3.99K Apps annual fee increased from $12,125 to $13,215",
2025-01-06,Kara Soghigian,Address Verification Tier 4: 1K - 1.99K Apps annual fee increased from $8090 to $8820,
2025-01-06,Kara Soghigian,Address Verification Tier 5: 500 - 999 Apps annual fee increased from $4045 to $4410,
2025-01-06,Kara Soghigian,Address Verification Tier 6: 0 - 499 Apps annual fee increased from $1355 to $1480,
2025-01-06,Kara Soghigian,IST CorrectAddress transaction fee increased from $0.16 to $0.17,
2025-01-06,Kara Soghigian,Advanced Decisioning Additional Referral Reasons setup fee increased from $5000 to $5450,
2025-01-06,Kara Soghigian,"Advanced Decisioning Implementation for Existing Customer setup fee increased from $20,000 to $21,800",
2025-01-06,Kara Soghigian,"Advanced Decisioning Implementation for New Customer setup fee increased from $20,000 to $21,800",
2025-01-06,Kara Soghigian,"Co-op setup fee increased from $3960 to $4320 , annual fee increased from $1350 to $1475",
2025-01-06,Kara Soghigian,"PSCU (Call Center) setup fee increased from $3960 to $4320 , annual fee increased from $1350 to $1475",
2025-01-06,Kara Soghigian,"COCC (Consumer) Tier 1 (>$5B AUM) setup fee increased from $13,225 to $14,415 , annual fee increased from $30,000 to $32,700",
2025-01-06,Kara Soghigian,"COCC (Consumer) Tier 2 ($2B - $5B AUM) setup fee increased from $13,225 to $14,415 , annual fee increased from $25,000 to $27,250",
2025-01-06,Kara Soghigian,"COCC (Consumer) Tier 3 ($1.25B - $2B AUM) setup fee increased from $13,225 to $14,415 , annual fee increased from $20,000 to $21,800",
2025-01-06,Kara Soghigian,"COCC (Consumer) Tier 4 ($750M - $1.25B AUM) setup fee increased from $13,225 to $14,415 , annual fee increased from $15,000 to $16,350",
2025-01-06,Kara Soghigian,"COCC (Consumer) Tier 5 ($500M - $750M AUM) setup fee increased from $13,225 to $14,415 , annual fee increased from $10,000 to $10,900",
2025-01-06,Kara Soghigian,"COCC (Consumer) Tier 6 (<$500M AUM) setup fee increased from $13,225 to $14,415 , annual fee increased from $8500 to $9265",
2025-01-06,Kara Soghigian,"Originate Loans setup fee increased from $4855 to $5295 , annual fee increased from $2030 to $2215",
2025-01-06,Kara Soghigian,"Experian PowerCurve setup fee increased from $12,100 to $13,190 , annual fee increased from $5885 to $6415",
2025-01-06,Kara Soghigian,"Liquid Credit Integration setup fee increased from $6930 to $7555 , annual fee increased from $2030 to $2215",
2025-01-06,Kara Soghigian,Telecheck- New Customer transaction fee increased from $2.84 to $3.10,
2025-01-06,Kara Soghigian,DNA Disbursements setup fee increased from $4160 to $4535,
2025-01-06,Kara Soghigian,Episys (Disbursement) setup fee increased from $4160 to $4535,
2025-01-06,Kara Soghigian,"Faxing transaction fee increased from $0.48 to $0.55, commitment increased from $170 to $185",
2025-01-06,Kara Soghigian,"Mailing (1-5 Page Envelope) setup fee increased from $1390 to $1515, transaction fee increased from $2.19 to $2.40",
2025-01-06,Kara Soghigian,"Mailing (21-40 Page Envelope) setup fee increased from $1390 to $1515, transaction fee increased from $12.20 to $13.30",
2025-01-06,Kara Soghigian,"Mailing (41-60 Page Envelope) setup fee increased from $1390 to $1515, transaction fee increased from $22.47 to $24.50",
2025-01-06,Kara Soghigian,"Mailing (61-80 Page Envelope) setup fee increased from $1390 to $1515, transaction fee increased from $26.27 to $28.65",
2025-01-06,Kara Soghigian,"Mailing (6-20 Page Envelope) setup fee increased from $1390 to $1515, transaction fee increased from $7.86 to $8.60",
2025-01-06,Kara Soghigian,"Mailing (81-100 Page Envelope) setup fee increased from $1390 to $1515, transaction fee increased from $29.10 to $31.75",
2025-01-06,Kara Soghigian,CSi setup fee increased from $6930 to $7555,
2025-01-06,Kara Soghigian,"D+H DepositPro setup fee increased from $3480 to $3795 , annual fee increased from $1350 to $1475",
2025-01-06,Kara Soghigian,"D+H DepositPro Plus setup fee increased from $3480 to $3795 , annual fee increased from $1350 to $1475",
2025-01-06,Kara Soghigian,Document Maintenance (additional environment) annual fee increased from $4045 to $4410,
2025-01-06,Kara Soghigian,Document Mapping (deposits) annual fee increased from $4385 to $4780,
2025-01-06,Kara Soghigian,"Document Mapping (overage) - MeridianLink Opening setup fee increased from $285 to $315 , annual fee increased from $275 to $300",
2025-01-06,Kara Soghigian,"IMM XML (TotaleAtlas) setup fee increased from $4860 to $5300 , annual fee increased from $2030 to $2215",
2025-01-06,Kara Soghigian,DocuSign Enterprise SMS Delivery transaction fee increased from $0.10 to $0.11,
2025-01-06,Kara Soghigian,OneSpan setup fee increased from $4860 to $5300,
2025-01-06,Kara Soghigian,"Verafin setup fee increased from $2520 to $2750 , annual fee increased from $3000 to $3270",
2025-01-06,Kara Soghigian,Changing Home Banking Vendor setup fee increased from $1390 to $1515,
2025-01-06,Kara Soghigian,"Mobile App Push setup fee increased from $5545 to $6045 , annual fee increased from $2670 to $2910",
2025-01-06,Kara Soghigian,"CrossCore Precise ID for Compliance (aka Prescreen) setup fee increased from $6050 to $6595, transaction fee increased from $3.53 to $3.85",
2025-01-06,Kara Soghigian,"eFunds IDV & IDA setup fee increased from $3475 to $3790 , annual fee increased from $2030 to $2215",
2025-01-06,Kara Soghigian,Acuant ID Scanning transaction fee increased from $0.59 to $0.65,
2025-01-06,Kara Soghigian,"Bridger OFAC Watchlist setup fee increased from $2775 to $3025 , annual fee increased from $1350 to $1475",
2025-01-06,Kara Soghigian,"CrossCore Precise ID setup fee increased from $6050 to $6595, transaction fee increased from $2.30 to $2.55",
2025-01-06,Kara Soghigian,"eFunds IDV setup fee increased from $3475 to $3790 , annual fee increased from $2030 to $2215",
2025-01-06,Kara Soghigian,ISTWatch OFAC Watchlist transaction fee increased from $0.32 to $0.35,
2025-01-06,Kara Soghigian,DealerApp setup fee increased from $3475 to $3790,
2025-01-06,Kara Soghigian,"Innovative Funding Services (IFS) setup fee increased from $2775 to $3025 , annual fee increased from $2030 to $2215",
2025-01-06,Kara Soghigian,NALN - National Auto Loan Network- Existing Customer annual fee increased from $2030 to $2215,
2025-01-06,Kara Soghigian,"NALN - National Auto Loan Network- New Customer setup fee increased from $2775 to $3025 , annual fee increased from $2030 to $2215",
2025-01-06,Kara Soghigian,RouteOne eContracting Authoritative Copy Conversion (ACC) transaction fee increased from $24.61 to $26.85,
2025-01-06,Kara Soghigian,RouteOne Electronic Contracting Per Faxed Page transaction fee increased from $0.21 to $0.25,
2025-01-06,Kara Soghigian,RouteOne Electronic Contracting Per Vaulted Transaction transaction fee increased from $0.54 to $0.60,
2025-01-06,Kara Soghigian,"RouteOne TOLEC setup fee increased from $5500 to $5995, transaction fee increased from $3.21 to $3.50",
2025-01-06,Kara Soghigian,"Auto Approve setup fee increased from $2775 to $3025 , annual fee increased from $2030 to $2215",
2025-01-06,Kara Soghigian,"Autopay setup fee increased from $2775 to $3025 , annual fee increased from $2030 to $2215",
2025-01-06,Kara Soghigian,"Caribou setup fee increased from $2775 to $3025 , annual fee increased from $2030 to $2215",
2025-01-06,Kara Soghigian,"CreditSnap setup fee increased from $11,000 to $11,990 , annual fee increased from $5350 to $5835",
2025-01-06,Kara Soghigian,"FirstClose Equity IQ setup fee increased from $2775 to $3025 , annual fee increased from $2030 to $2215",
2025-01-06,Kara Soghigian,"fiVISION setup fee increased from $11,000 to $11,990 , annual fee increased from $5350 to $5835",
2025-01-06,Kara Soghigian,"FourStars setup fee increased from $2775 to $3025 , annual fee increased from $2030 to $2215",
2025-01-06,Kara Soghigian,"iLendingDirect setup fee increased from $2775 to $3025 , annual fee increased from $2030 to $2215",
2025-01-06,Kara Soghigian,"LendingTree setup fee increased from $3475 to $3790 , annual fee increased from $3380 to $3685",
2025-01-06,Kara Soghigian,"MoveCU setup fee increased from $2775 to $3025 , annual fee increased from $2030 to $2215",
2025-01-06,Kara Soghigian,"Rate Genius setup fee increased from $5545 to $6045 , annual fee increased from $2030 to $2215",
2025-01-06,Kara Soghigian,"Rate Reset - Direct Core Reset setup fee increased from $4160 to $4535 , annual fee increased from $2030 to $2215",
2025-01-06,Kara Soghigian,"Rate Reset - PreApproval API  setup fee increased from $4160 to $4535 , annual fee increased from $2030 to $2215",
2025-01-06,Kara Soghigian,"TruStage Digital Storefron Tier 2: $1B - $5B setup fee increased from $7260 to $7915 , annual fee increased from $14,515 to $15,825",
2025-01-06,Kara Soghigian,"TruStage Digital Storefron Tier 3: $500M - $1B setup fee increased from $7260 to $7915 , annual fee increased from $8710 to $9495",
2025-01-06,Kara Soghigian,"TruStage Digital Storefron Tier 4: $250M - $500M setup fee increased from $7260 to $7915 , annual fee increased from $5805 to $6330",
2025-01-06,Kara Soghigian,"TruStage Digital Storefron Tier 5: $100M - $250M setup fee increased from $7260 to $7915 , annual fee increased from $5805 to $6330",
2025-01-06,Kara Soghigian,"TruStage Digital Storefront Tier 1: $5B+ setup fee increased from $7260 to $7915 , annual fee increased from $17,415 to $18,985",
2025-01-06,Kara Soghigian,Clinics setup fee increased from $5280 to $5755,
2025-01-06,Kara Soghigian,"LoanStar Technologies setup fee increased from $2775 to $3025 , annual fee increased from $2030 to $2215",
2025-01-06,Kara Soghigian,"Add Additional Lender setup fee increased from $6930 to $7555 , annual fee increased from $2700 to $2945",
2025-01-06,Kara Soghigian,Additional Automated Actions annual fee increased from $2030 to $2215,
2025-01-06,Kara Soghigian,Additional Scheduled Reports annual fee increased from $2030 to $2215,
2025-01-06,Kara Soghigian,"AffordIT setup fee increased from $2775 to $3025 , annual fee increased from $2030 to $2215",
2025-01-06,Kara Soghigian,"Auto Financial Group (AFG) setup fee increased from $2775 to $3025 , annual fee increased from $2030 to $2215",
2025-01-06,Kara Soghigian,Automail setup fee increased from $1345 to $1470,
2025-01-06,Kara Soghigian,CLF Export Automated Action annual fee increased from $1350 to $1475,
2025-01-06,Kara Soghigian,"Data Extraction Tool setup fee increased from $5545 to $6044 , annual fee increased from $1350 to $1475",
2025-01-06,Kara Soghigian,"Eltropy setup fee increased from $2675 to $2920 , annual fee increased from $2030 to $2215",
2025-01-06,Kara Soghigian,MeridianLink Consumer & Opening Admin Training Class Series setup fee increased from $2400 to $2620,
2025-01-06,Kara Soghigian,MeridianLink Consumer & Opening Admin Training Package setup fee increased from $5000 to $5450,
2025-01-06,Kara Soghigian,MeridianLink Consumer & Opening Custom Training transaction fee increased from $305 to $335,
2025-01-06,Kara Soghigian,"MeridianLink Consumer & Opening Sandbox and Study Hall setup fee increased from $2400 to $2620 , annual fee increased from $2400 to $2620",
2025-01-06,Kara Soghigian,Re-deployment setup fee increased from $6930 to $7555,
2025-01-06,Kara Soghigian,Retrain: Administration Setup with SDC setup fee increased from $4860 to $5300,
2025-01-06,Kara Soghigian,SMS Text Feature transaction fee increased from $0.11 to $0.12,
2025-01-06,Kara Soghigian,Web Server Migration setup fee increased from $6675 to $7280,
2025-01-06,Kara Soghigian,Yellow Hammer setup fee increased from $3025 to $3300,
2025-01-06,Kara Soghigian,Modern Experience Module (existing customer) setup fee increased from $1210 to $1320,
2025-01-06,Kara Soghigian,Modern Experience Project – ML Dedicated (SIC) setup fee increased from $4240.50 to $4625,
2025-01-06,Kara Soghigian,Modern Experience Upgrade (Service Led) setup fee increased from $3410 to $3720,
2025-01-06,Kara Soghigian,ACH Processing (Magic Wrighter) setup fee increased from $3025 to $3300,
2025-01-06,Kara Soghigian,Credit Card Processing (Authorize.net) setup fee increased from $3025 to $3300,
2025-01-06,Kara Soghigian,Credit Card Processing (First Data) setup fee increased from $3025 to $3300,
2025-01-06,Kara Soghigian," United One Resources setup fee increased from $2775 to $3025 , annual fee increased from $2030 to $2215",
2025-01-06,Kara Soghigian,"Accurate Group- Settlement Services setup fee increased from $2775 to $3025 , annual fee increased from $2030 to $2215",
2025-01-06,Kara Soghigian,"Corporate Settlement Solutions- Settlement Services setup fee increased from $2775 to $3025 , annual fee increased from $2030 to $2215",
2025-01-06,Kara Soghigian,"Coviance Settlement Services setup fee increased from $2775 to $3025 , annual fee increased from $2030 to $2215",
2025-01-06,Kara Soghigian,"First American- Settlement Services setup fee increased from $2775 to $3025 , annual fee increased from $2030 to $2215",
2025-01-06,Kara Soghigian,"LendOne Settlement Services setup fee increased from $2775 to $3025 , annual fee increased from $2030 to $2215",
2025-01-06,Kara Soghigian,"MTS Group Settlement Services setup fee increased from $2775 to $3025 , annual fee increased from $2030 to $2215",
2025-01-06,Kara Soghigian,"New Vista - Settlement Services setup fee increased from $2775 to $3025 , annual fee increased from $2030 to $2215",
2025-01-06,Kara Soghigian,"Select Business Services setup fee increased from $2775 to $3025 , annual fee increased from $2030 to $2215",
2025-01-06,Kara Soghigian,"SourcePoint - Settlement Services setup fee increased from $2775 to $3025 , annual fee increased from $2030 to $2215",
2025-01-06,Kara Soghigian,"Universal Real Estate Services - Settlement Services setup fee increased from $2775 to $3025 , annual fee increased from $2030 to $2215",
2025-01-06,Kara Soghigian,"ClickSWITCH (existing CS client) setup fee increased from $6930 to $7555 , annual fee increased from $4045 to $4410",
2025-01-06,Kara Soghigian,"ClickSWITCH (new CS client) setup fee increased from $10,390 to $11,325, transaction fee increased from $30.62 to $33.40",
2025-01-06,Kara Soghigian,"AutoCheck setup fee increased from $1390 to $1515, annual fee increased from $1350 to $1475, transaction fee increased from $10.22 to $11.15",
2025-01-06,Kara Soghigian,"AutoCheck with Buyback Protection setup fee increased from $1390 to $1515, annual fee increased from $1350 to $1475, transaction fee increased from $13.48 to $14.70",
2025-01-06,Kara Soghigian,Carfax Title Brand Component transaction fee increased from $0.32 to $0.35,
2025-01-06,Kara Soghigian,"American Service Group (ASG) setup fee increased from $2775 to $3025 , annual fee increased from $2030 to $2215",
2025-01-06,Kara Soghigian,"Auto Exam  setup fee increased from $2775 to $3025 , annual fee increased from $2030 to $2215",
2025-01-06,Kara Soghigian,"Car Solutions Auto Insurance Integration setup fee increased from $2775 to $3025 , annual fee increased from $2030 to $2215",
2025-01-06,Kara Soghigian,"First Innovations setup fee increased from $2775 to $3025 , annual fee increased from $2030 to $2215",
2025-01-06,Kara Soghigian,"TransUnion TruValidate Full Bundle (IDV and IDA) setup fee increased from $5445 to $5935, transaction fee increased from $4.17 to $4.55",
2025-01-06,Kara Soghigian,TransUnion TruValidate Verification Only (IDV)- with Full Bundle (IDV and IDA) transaction fee increased from $2.30 to $2.55,
2025-01-06,Kara Soghigian,"TransUnion TruValidate Verification Only (IDV)- without Full Bundle setup fee increased from $5445 to $5935, transaction fee increased from $2.30 to $2.55",
2025-01-06,Kara Soghigian,"JHA MeridianLink Consumer - Business Module Tier 1 (1000-1999 apps) setup fee increased from $14,550 to $15,860, transaction fee increased from $14.12 to $15.40, commitment increased from $14,120 to $15,400",
2025-01-06,Kara Soghigian,"JHA MeridianLink Consumer - Business Module Tier 2 (500-999 apps) setup fee increased from $14,550 to $15,860, transaction fee increased from $18.46 to $20.15, commitment increased from $9230 to $10,075",
2025-01-06,Kara Soghigian,"JHA MeridianLink Consumer - Business Module Tier 3 (250-499 apps) setup fee increased from $14,550 to $15,860, transaction fee increased from $22.63 to $24.70, commitment increased from $5657.50 to $6175",
2025-01-06,Kara Soghigian,"JHA MeridianLink Consumer - Business Module Tier 4 (up to 249 apps) setup fee increased from $14,550 to $15,860, transaction fee increased from $28.25 to $30.80",
2025-01-06,Kara Soghigian,"JHA MeridianLink Consumer - Consumer Module Tier 1 (30,000+ apps) transaction fee increased from $1.61 to $1.75, commitment increased from $48,300 to $52,500",
2025-01-06,Kara Soghigian,"JHA MeridianLink Consumer - Consumer Module Tier 10 (500-999 apps) setup fee increased from $39,265 to $42,800, transaction fee increased from $9.31 to $10.15, commitment increased from $4655 to $5075",
2025-01-06,Kara Soghigian,"JHA MeridianLink Consumer - Consumer Module Tier 11 (250-499 apps) setup fee increased from $30,545 to $33,300, transaction fee increased from $10.75 to $11.75, commitment increased from $2687.50 to $2937.50",
2025-01-06,Kara Soghigian,"JHA MeridianLink Consumer - Consumer Module Tier 12 (up to 249 apps) setup fee increased from $24,725 to $26,950, transaction fee increased from $12.25 to $13.35",
2025-01-06,Kara Soghigian,"JHA MeridianLink Consumer - Consumer Module Tier 2 (25,000-29,999 apps) transaction fee increased from $1.87 to $2.05, commitment increased from $46,750 to $51,250",
2025-01-06,Kara Soghigian,"JHA MeridianLink Consumer - Consumer Module Tier 3 (20,000-24,999 apps) transaction fee increased from $2.14 to $2.35, commitment increased from $42,800 to $47,000",
2025-01-06,Kara Soghigian,"JHA MeridianLink Consumer - Consumer Module Tier 4 (15,000-19,999 apps) transaction fee increased from $2.46 to $2.70, commitment increased from $36,900 to $40,500",
2025-01-06,Kara Soghigian,"JHA MeridianLink Consumer - Consumer Module Tier 5 (10,000-14,999 apps) transaction fee increased from $2.89 to $3.15, commitment increased from $28,900 to $31,500",
2025-01-06,Kara Soghigian,"JHA MeridianLink Consumer - Consumer Module Tier 6 (8000-9999 apps) setup fee increased from $74,165 to $80,840, transaction fee increased from $3.37 to $3.70, commitment increased from $26,960 to $29,600",
2025-01-06,Kara Soghigian,"JHA MeridianLink Consumer - Consumer Module Tier 7 (4000-7999 apps) setup fee increased from $65,440 to $71,330, transaction fee increased from $4.12 to $4.50, commitment increased from $16,480 to $18,000",
2025-01-06,Kara Soghigian,"JHA MeridianLink Consumer - Consumer Module Tier 8 (2000-3999 apps) setup fee increased from $56,720 to $61,825, transaction fee increased from $5.83 to $6.35, commitment increased from $11,660 to $12,700",
2025-01-06,Kara Soghigian,"JHA MeridianLink Consumer - Consumer Module Tier 9 (1000-1999 apps) setup fee increased from $46,545 to $50,735, transaction fee increased from $7.60 to $8.30, commitment increased from $7600 to $8300",
2025-01-06,Kara Soghigian,"JHA MeridianLink Consumer - Home Equity Module Tier 1 (1000-1999 apps) setup fee increased from $14,550 to $15,860, transaction fee increased from $10.17 to $11.10, commitment increased from $10,170 to $11,100",
2025-01-06,Kara Soghigian,"JHA MeridianLink Consumer - Home Equity Module Tier 2 (500-999 apps) setup fee increased from $14,550 to $15,860, transaction fee increased from $13.05 to $14.25, commitment increased from $6525 to $7125",
2025-01-06,Kara Soghigian,"JHA MeridianLink Consumer - Home Equity Module Tier 3 (250-499 apps) setup fee increased from $14,550 to $15,860, transaction fee increased from $17.33 to $18.90, commitment increased from $4332.50 to $4725",
2025-01-06,Kara Soghigian,"JHA MeridianLink Consumer - Home Equity Module Tier 4 (up to 249 apps) setup fee increased from $14,550 to $15,860, transaction fee increased from $21.67 to $23.65",
2025-01-06,Kara Soghigian,"JHA MeridianLink Consumer - Indirect Lending Module Tier 1 (30,000+ apps) transaction fee increased from $1.50 to $1.65, commitment increased from $45,000 to $49,500",
2025-01-06,Kara Soghigian,"JHA MeridianLink Consumer - Indirect Lending Module Tier 10 (500-999 apps) setup fee increased from $10,480 to $11,425, transaction fee increased from $4.98 to $5.45, commitment increased from $2490 to $2725",
2025-01-06,Kara Soghigian,"JHA MeridianLink Consumer - Indirect Lending Module Tier 11 (250-499 apps) setup fee increased from $10,480 to $11,425, transaction fee increased from $5.67 to $6.20, commitment increased from $1417.5 to $1550",
2025-01-06,Kara Soghigian,"JHA MeridianLink Consumer - Indirect Lending Module Tier 12 (up to 249 apps) setup fee increased from $10,480 to $11,425, transaction fee increased from $7.06 to $7.70",
2025-01-06,Kara Soghigian,"JHA MeridianLink Consumer - Indirect Lending Module Tier 2 (25,000-29,999 apps) transaction fee increased from $1.71 to $1.90, commitment increased from $42,750 to $47,500",
2025-01-06,Kara Soghigian,"JHA MeridianLink Consumer - Indirect Lending Module Tier 3 (20,000-24,999 apps) transaction fee increased from $1.98 to $2.20, commitment increased from $39,600 to $44,000",
2025-01-06,Kara Soghigian,"JHA MeridianLink Consumer - Indirect Lending Module Tier 4 (15,000-19,999 apps) transaction fee increased from $2.25 to $2.45, commitment increased from $33,750 to $36,750",
2025-01-06,Kara Soghigian,"JHA MeridianLink Consumer - Indirect Lending Module Tier 5 (10,000-14,999 apps) transaction fee increased from $2.57 to $2.80, commitment increased from $25,700 to $28,000",
2025-01-06,Kara Soghigian,"JHA MeridianLink Consumer - Indirect Lending Module Tier 6 (8000-9999 apps) setup fee increased from $10,480 to $11,425, transaction fee increased from $2.84 to $3.10, commitment increased from $22,720 to $24,800",
2025-01-06,Kara Soghigian,"JHA MeridianLink Consumer - Indirect Lending Module Tier 7 (4000-7999 apps) setup fee increased from $10,480 to $11,425, transaction fee increased from $3.21 to $3.50, commitment increased from $12,840 to $14,000",
2025-01-06,Kara Soghigian,"JHA MeridianLink Consumer - Indirect Lending Module Tier 8 (2000-3999 apps) setup fee increased from $10,480 to $11,425, transaction fee increased from $3.53 to $3.85, commitment increased from $7060 to $7700",
2025-01-06,Kara Soghigian,"JHA MeridianLink Consumer - Indirect Lending Module Tier 9 (1000-1999 apps) setup fee increased from $10,480 to $11,425, transaction fee increased from $4.28 to $4.70, commitment increased from $4280 to $4700",
2025-01-06,Kara Soghigian,"JHA MeridianLink Opening Module Tier 1 (30,000+ apps) transaction fee increased from $1.61 to $1.75, commitment increased from $48,300 to $52,500",
2025-01-06,Kara Soghigian,"JHA MeridianLink Opening Module Tier 10 (500-999 apps) setup fee increased from $24,015 to $26,180, transaction fee increased from $9.31 to $10.15, commitment increased from $4655 to $5075",
2025-01-06,Kara Soghigian,"JHA MeridianLink Opening Module Tier 11 (250-499 apps) setup fee increased from $20,015 to $21,820, transaction fee increased from $10.75 to $11.75, commitment increased from $2687.50 to $2937.50",
2025-01-06,Kara Soghigian,"JHA MeridianLink Opening Module Tier 12 (up to 249 apps) setup fee increased from $16,015 to $17,460, transaction fee increased from $12.25 to $13.35",
2025-01-06,Kara Soghigian,"JHA MeridianLink Opening Module Tier 2 (25,000-29,999 apps) transaction fee increased from $1.87 to $2.05, commitment increased from $46,750 to $51,250",
2025-01-06,Kara Soghigian,"JHA MeridianLink Opening Module Tier 3 (20,000-24,999 apps) transaction fee increased from $2.14 to $2.35, commitment increased from $42,800 to $47,000",
2025-01-06,Kara Soghigian,"JHA MeridianLink Opening Module Tier 4 (15,000-19,999 apps) transaction fee increased from $2.46 to $2.70, commitment increased from $36,900 to $40,500",
2025-01-06,Kara Soghigian,"JHA MeridianLink Opening Module Tier 5 (10,000-14,999 apps) transaction fee increased from $2.89 to $3.15, commitment increased from $28,900 to $31,500",
2025-01-06,Kara Soghigian,"JHA MeridianLink Opening Module Tier 6 (8000-9999 apps) setup fee increased from $52,030 to $56,715, transaction fee increased from $3.37 to $3.70, commitment increased from $26,960 to $29,600",
2025-01-06,Kara Soghigian,"JHA MeridianLink Opening Module Tier 7 (4000-7999 apps) setup fee increased from $42,695 to $46,840, transaction fee increased from $4.12 to $4.50, commitment increased from $16,480 to $18,000",
2025-01-06,Kara Soghigian,"JHA MeridianLink Opening Module Tier 8 (2000-3999 apps) setup fee increased from $36,020 to $39,265, transaction fee increased from $5.83 to $6.35, commitment increased from $11,660 to $12,700",
2025-01-06,Kara Soghigian,"JHA MeridianLink Opening Module Tier 9 (1000-1999 apps) setup fee increased from $29,355 to $32,000, transaction fee increased from $7.60 to $8.30, commitment increased from $7600 to $8300",
2025-01-06,Kara Soghigian,"MeridianLink Consumer - Business Module Tier 1 (1000-1999 apps) setup fee increased from $14,550 to $15,860, transaction fee increased from $14.12 to $15.40, commitment increased from $14,120 to $15,400",
2025-01-06,Kara Soghigian,"MeridianLink Consumer - Business Module Tier 2 (500-999 apps) setup fee increased from $14,550 to $15,860, transaction fee increased from $18.46 to $20.15, commitment increased from $9230 to $10,075",
2025-01-06,Kara Soghigian,"MeridianLink Consumer - Business Module Tier 3 (250-499 apps) setup fee increased from $14,550 to $15,860, transaction fee increased from $22.63 to $24.70, commitment increased from $5657.50 to $6175",
2025-01-06,Kara Soghigian,"MeridianLink Consumer - Business Module Tier 4 (up to 249 apps) setup fee increased from $14,550 to $15,860, transaction fee increased from $28.25 to $30.80",
2025-01-06,Kara Soghigian,"MeridianLink Consumer - Consumer Module (ML Entry - year 1) setup fee increased from $14,370 to $15,665, transaction fee increased from $12.95 to $14.15, commitment increased from $647.35 to $706",
2025-01-06,Kara Soghigian,"MeridianLink Consumer - Consumer Module (ML Entry - year 2) transaction fee increased from $11.56 to $12.60, commitment increased from $866.70 to $945",
2025-01-06,Kara Soghigian,"MeridianLink Consumer - Consumer Module (ML Entry - year 3) transaction fee increased from $10.91 to $11.90, commitment increased from $1091.40 to $1190",
2025-01-06,Kara Soghigian,"MeridianLink Consumer - Consumer Module (ML Entry - year 4) transaction fee increased from $10.91 to $11.90, commitment increased from $1091.40 to $1190",
2025-01-06,Kara Soghigian,"MeridianLink Consumer - Consumer Module (ML Entry - year 5) transaction fee increased from $10.91 to $11.90, commitment increased from $1091.40 to $1190",
2025-01-06,Kara Soghigian,"MeridianLink Consumer - Consumer Module (ML Entry - year 6) transaction fee increased from $10.91 to $11.90, commitment increased from $1091.40 to $1190",
2025-01-06,Kara Soghigian,"MeridianLink Consumer - Consumer Module (ML Entry - year 7) transaction fee increased from $10.91 to $11.90, commitment increased from $1091.40 to $1190",
2025-01-06,Kara Soghigian,"MeridianLink Consumer - Consumer Module Tier 1 (30,000+ apps) transaction fee increased from $1.61 to $1.75, commitment increased from $48,300 to $52,500",
2025-01-06,Kara Soghigian,"MeridianLink Consumer - Consumer Module Tier 10 (500-999 apps) setup fee increased from $39,265 to $42,800, transaction fee increased from $9.31 to $10.15, commitment increased from $4655 to $5075",
2025-01-06,Kara Soghigian,"MeridianLink Consumer - Consumer Module Tier 11 (250-499 apps) setup fee increased from $30,545 to $33,295, transaction fee increased from $10.75 to $11.75, commitment increased from $2687.50 to $2937.50",
2025-01-06,Kara Soghigian,"MeridianLink Consumer - Consumer Module Tier 12 (up to 249 apps) setup fee increased from $24,725 to $26,950, transaction fee increased from $12.25 to $13.35",
2025-01-06,Kara Soghigian,"MeridianLink Consumer - Consumer Module Tier 2 (25,000-29,999 apps) transaction fee increased from $1.87 to $2.05, commitment increased from $46,750 to $51,250",
2025-01-06,Kara Soghigian,"MeridianLink Consumer - Consumer Module Tier 3 (20,000-24,999 apps) transaction fee increased from $2.14 to $2.35, commitment increased from $42,800 to $47,000",
2025-01-06,Kara Soghigian,"MeridianLink Consumer - Consumer Module Tier 4 (15,000-19,999 apps) transaction fee increased from $2.46 to $2.70, commitment increased from $36,900 to $40,500",
2025-01-06,Kara Soghigian,"MeridianLink Consumer - Consumer Module Tier 5 (10,000-14,999 apps) transaction fee increased from $2.89 to $3.15, commitment increased from $28,900 to $31,500",
2025-01-06,Kara Soghigian,"MeridianLink Consumer - Consumer Module Tier 6 (8000-9999 apps) setup fee increased from $74,165 to $80,840, transaction fee increased from $3.37 to $3.70, commitment increased from $26,960 to $29,600",
2025-01-06,Kara Soghigian,"MeridianLink Consumer - Consumer Module Tier 7 (4000-7999 apps) setup fee increased from $65,440 to $71,330, transaction fee increased from $4.12 to $4.50, commitment increased from $16,480 to $18,000",
2025-01-06,Kara Soghigian,"MeridianLink Consumer - Consumer Module Tier 8 (2000-3999 apps) setup fee increased from $56,720 to $61,825, transaction fee increased from $5.83 to $6.35, commitment increased from $11,660 to $12,700",
2025-01-06,Kara Soghigian,"MeridianLink Consumer - Consumer Module Tier 9 (1000-1999 apps) setup fee increased from $46,545 to $50,735, transaction fee increased from $7.60 to $8.30, commitment increased from $7600 to $8300",
2025-01-06,Kara Soghigian,"MeridianLink Consumer - Home Equity Module Tier 1 (1000-1999 apps) setup fee increased from $14,550 to $15,860, transaction fee increased from $10.17 to $11.10, commitment increased from $10,170 to $11,100",
2025-01-06,Kara Soghigian,"MeridianLink Consumer - Home Equity Module Tier 2 (500-999 apps) setup fee increased from $14,550 to $15,860, transaction fee increased from $13.05 to $14.25, commitment increased from $6525 to $7125",
2025-01-06,Kara Soghigian,"MeridianLink Consumer - Home Equity Module Tier 3 (250-499 apps) setup fee increased from $14,550 to $15,860, transaction fee increased from $17.33 to $18.90, commitment increased from $4332.50 to $4725",
2025-01-06,Kara Soghigian,"MeridianLink Consumer - Home Equity Module Tier 4 (up to 249 apps) setup fee increased from $14,550 to $15,860, transaction fee increased from $21.67 to $23.65",
2025-01-06,Kara Soghigian,"MeridianLink Consumer - Indirect Lending Module Tier 1 (30,000+ apps) transaction fee increased from $1.50 to $1.65, commitment increased from $45,000 to $49,500",
2025-01-06,Kara Soghigian,"MeridianLink Consumer - Indirect Lending Module Tier 10 (500-999 apps) setup fee increased from $10,480 to $11,425, transaction fee increased from $4.98 to $5.45, commitment increased from $2490 to $2725",
2025-01-06,Kara Soghigian,"MeridianLink Consumer - Indirect Lending Module Tier 11 (250-499 apps) setup fee increased from $10,480 to $11,425, transaction fee increased from $5.67 to $6.20, commitment increased from $1417.50 to $1550",
2025-01-06,Kara Soghigian,"MeridianLink Consumer - Indirect Lending Module Tier 12 (up to 249 apps) setup fee increased from $10,480 to $11,425, transaction fee increased from $7.06 to $7.70",
2025-01-06,Kara Soghigian,"MeridianLink Consumer - Indirect Lending Module Tier 2 (25,000-29,999 apps) transaction fee increased from $1.71 to $1.90, commitment increased from $42,750 to $47,500",
2025-01-06,Kara Soghigian,"MeridianLink Consumer - Indirect Lending Module Tier 3 (20,000-24,999 apps) transaction fee increased from $1.98 to $2.20, commitment increased from $39,600 to $44,000",
2025-01-06,Kara Soghigian,"MeridianLink Consumer - Indirect Lending Module Tier 4 (15,000-19,999 apps) transaction fee increased from $2.25 to $2.45, commitment increased from $33,750 to $36,750",
2025-01-06,Kara Soghigian,"MeridianLink Consumer - Indirect Lending Module Tier 5 (10,000-14,999 apps) transaction fee increased from $2.57 to $2.80, commitment increased from $25,700 to $28,000",
2025-01-06,Kara Soghigian,"MeridianLink Consumer - Indirect Lending Module Tier 6 (8000-9999 apps) setup fee increased from $10,480 to $11,425, transaction fee increased from $2.84 to $3.10, commitment increased from $22,720 to $24,800",
2025-01-06,Kara Soghigian,"MeridianLink Consumer - Indirect Lending Module Tier 7 (4000-7999 apps) setup fee increased from $10,480 to $11,425, transaction fee increased from $3.21 to $3.50, commitment increased from $12,840 to $14,000",
2025-01-06,Kara Soghigian,"MeridianLink Consumer - Indirect Lending Module Tier 8 (2000-3999 apps) setup fee increased from $10,480 to $11,425, transaction fee increased from $3.53 to $3.85, commitment increased from $7060 to $7700",
2025-01-06,Kara Soghigian,"MeridianLink Consumer - Indirect Lending Module Tier 9 (1000-1999 apps) setup fee increased from $10,480 to $11,425, transaction fee increased from $4.28 to $4.70, commitment increased from $4280 to $4700",
2025-01-06,Kara Soghigian,"MeridianLink Opening Module (ML Entry - year 1) setup fee increased from $11,845 to $12,915, transaction fee increased from $12.95 to $14.15, commitment increased from $647.35 to $706",
2025-01-06,Kara Soghigian,"MeridianLink Opening Module (ML Entry - year 2) transaction fee increased from $11.56 to $12.60, commitment increased from $866.70 to $945",
2025-01-06,Kara Soghigian,"MeridianLink Opening Module (ML Entry - year 3) transaction fee increased from $10.91 to $11.90, commitment increased from $1091.40 to $1190",
2025-01-06,Kara Soghigian,"MeridianLink Opening Module (ML Entry - year 4) transaction fee increased from $10.91 to $11.90, commitment increased from $1091.40 to $1190",
2025-01-06,Kara Soghigian,"MeridianLink Opening Module (ML Entry - year 5) transaction fee increased from $10.91 to $11.90, commitment increased from $1091.40 to $1190",
2025-01-06,Kara Soghigian,"MeridianLink Opening Module (ML Entry - year 6) transaction fee increased from $10.91 to $11.90, commitment increased from $1091.40 to $1190",
2025-01-06,Kara Soghigian,"MeridianLink Opening Module (ML Entry - year 7) transaction fee increased from $10.91 to $11.90, commitment increased from $1091.40 to $1190",
2025-01-06,Kara Soghigian,"MeridianLink Opening Module Tier 1 (30,000+ apps) transaction fee increased from $1.61 to $1.75, commitment increased from $48,300 to $52,500",
2025-01-06,Kara Soghigian,"MeridianLink Opening Module Tier 10 (500-999 apps) setup fee increased from $24,015 to $26,180, transaction fee increased from $9.31 to $10.15, commitment increased from $4655 to $5075",
2025-01-06,Kara Soghigian,"MeridianLink Opening Module Tier 11 (250-499 apps) setup fee increased from $20,015 to $21,820, transaction fee increased from $10.75 to $11.75, commitment increased from $2687.50 to $2937.50",
2025-01-06,Kara Soghigian,"MeridianLink Opening Module Tier 12 (up to 249 apps) setup fee increased from $16,012 to $17,455, transaction fee increased from $12.25 to $13.35",
2025-01-06,Kara Soghigian,"MeridianLink Opening Module Tier 2 (25,000-29,999 apps) transaction fee increased from $1.87 to $2.05, commitment increased from $46,750 to $51,250",
2025-01-06,Kara Soghigian,"MeridianLink Opening Module Tier 3 (20,000-24,999 apps) transaction fee increased from $2.14 to $2.35, commitment increased from $42,800 to $47,000",
2025-01-06,Kara Soghigian,"MeridianLink Opening Module Tier 4 (15,000-19,999 apps) transaction fee increased from $2.46 to $2.70, commitment increased from $36,900 to $40,500",
2025-01-06,Kara Soghigian,"MeridianLink Opening Module Tier 5 (10,000-14,999 apps) transaction fee increased from $2.89 to $3.15, commitment increased from $28,900 to $31,500",
2025-01-06,Kara Soghigian,"MeridianLink Opening Module Tier 6 (8000-9999 apps) setup fee increased from $52,030 to $56,715, transaction fee increased from $3.37 to $3.70, commitment increased from $26,960 to $29,600",
2025-01-06,Kara Soghigian,"MeridianLink Opening Module Tier 7 (4000-7999 apps) setup fee increased from $42,695 to $46,540, transaction fee increased from $4.12 to $4.50, commitment increased from $16,480 to $18,000",
2025-01-06,Kara Soghigian,"MeridianLink Opening Module Tier 8 (2000-3999 apps) setup fee increased from $36,020 to $39,265, transaction fee increased from $5.83 to $6.35, commitment increased from $11,660 to $12,700",
2025-01-06,Kara Soghigian,"MeridianLink Opening Module Tier 9 (1000-1999 apps) setup fee increased from $29,355 to $32,000, transaction fee increased from $7.60 to $8.30, commitment increased from $7600 to $8300",
2025-01-06,Kara Soghigian,"LSI setup fee increased from $3960 to $4320 , annual fee increased from $1350 to $1475",
2025-01-06,Kara Soghigian,"Core Conversion (Consumer) setup fee increased from $140,15 to $15,280",
2025-01-06,Kara Soghigian,Fiserv DNA Fee (pass through from vendor) (Consumer) setup fee increased from $5775 to $6295,
2025-01-06,Kara Soghigian,JHA to JHA (Consumer) setup fee increased from $4860 to $5300,
2025-01-06,Kara Soghigian,Symitar Reconversion (Consumer) setup fee increased from $6930 to $7555,
2025-01-06,Kara Soghigian,Symitar SymXChange Core Conversion (Consumer) setup fee increased from $9000 to $9810,
2025-01-06,Kara Soghigian,"Bankway (Metavante) (Consumer) setup fee increased from $14,550 to $15,860 , annual fee increased from $8830 to $9625",
2025-01-06,Kara Soghigian,"CLF Export Core Booking setup fee increased from $5000 to $5450 , annual fee increased from $2500 to $2725",
2025-01-06,Kara Soghigian,"CUBase (Consumer) setup fee increased from $14,550 to $15,860 , annual fee increased from $8830 to $9625",
2025-01-06,Kara Soghigian,"Cunify (Consumer) setup fee increased from $14,550 to $15,860 , annual fee increased from $8830 to $9625",
2025-01-06,Kara Soghigian,"CUProdigy (Consumer) setup fee increased from $14,550 to $15,860 , annual fee increased from $8830 to $9625",
2025-01-06,Kara Soghigian,"DataSafe (Consumer) setup fee increased from $14,550 to $15,860 , annual fee increased from $8830 to $9625",
2025-01-06,Kara Soghigian,"DNA (Consumer) setup fee increased from $14,550 to $15,860 , annual fee increased from $8830 to $9625",
2025-01-06,Kara Soghigian,"Episys (Core) (Consumer) setup fee increased from $14,550 to $15,860 , annual fee increased from $8830 to $9625",
2025-01-06,Kara Soghigian,"ESP (Forza) (Consumer) setup fee increased from $14,550 to $15,860 , annual fee increased from $8830 to $9625",
2025-01-06,Kara Soghigian,"Fiserv Data Center Direct Connection (Consumer) setup fee increased from $6245 to $6810 , annual fee increased from $6745 to $7355",
2025-01-06,Kara Soghigian,"Fiserv DNA Credit Push (Consumer) setup fee increased from $2775 to $3025 , annual fee increased from $1350 to $1475",
2025-01-06,Kara Soghigian,"Fiserv Precision (Consumer) setup fee increased from $14,550 to $15,860 , annual fee increased from $8830 to $9625",
2025-01-06,Kara Soghigian,"Fiserv Premier (Consumer) setup fee increased from $14,550 to $15,860 , annual fee increased from $8830 to $9625",
2025-01-06,Kara Soghigian,"Flex (Consumer) setup fee increased from $14,550 to $15,860 , annual fee increased from $8830 to $9625",
2025-01-06,Kara Soghigian,"Galaxy (Consumer) setup fee increased from $14,550 to $15,860 , annual fee increased from $8830 to $9625",
2025-01-06,Kara Soghigian,"Horizon (Consumer) setup fee increased from $14,550 to $15,860 , annual fee increased from $8830 to $9625",
2025-01-06,Kara Soghigian,"IBS (Consumer) setup fee increased from $14,550 to $15,860 , annual fee increased from $8830 to $9625",
2025-01-06,Kara Soghigian,"iPower (Consumer) setup fee increased from $14,550 to $15,860 , annual fee increased from $8830 to $9625",
2025-01-06,Kara Soghigian,"Jack Henry 20/20 (Consumer) setup fee increased from $14,550 to $15,860 , annual fee increased from $8830 to $9625",
2025-01-06,Kara Soghigian,"Jack Henry CoreDirector (Consumer) setup fee increased from $14,550 to $15,860 , annual fee increased from $8830 to $9625",
2025-01-06,Kara Soghigian,"Jack Henry Silverlake (Consumer) setup fee increased from $14,550 to $15,860 , annual fee increased from $8830 to $9625",
2025-01-06,Kara Soghigian,"KeyStone (Consumer) setup fee increased from $14,550 to $15,860 , annual fee increased from $8830 to $9625",
2025-01-06,Kara Soghigian,"Miser (Consumer) setup fee increased from $14,550 to $15,860 , annual fee increased from $8830 to $9625",
2025-01-06,Kara Soghigian,"ML Entry Core Integration (Consumer) setup fee increased from $6675 to $7280 , annual fee increased from $3250 to $3545",
2025-01-06,Kara Soghigian,"New Core Integration (Consumer) setup fee increased from $14,550 to $15,860 , annual fee increased from $8830 to $9625",
2025-01-06,Kara Soghigian,"NewSolutions (Consumer) setup fee increased from $14,550 to $15,860 , annual fee increased from $8830 to $9625",
2025-01-06,Kara Soghigian,"Phoenix EFE (Consumer) setup fee increased from $14,550 to $15,860 , annual fee increased from $8830 to $9625",
2025-01-06,Kara Soghigian,"Portico (Consumer) setup fee increased from $14,550 to $15,860 , annual fee increased from $8830 to $9625",
2025-01-06,Kara Soghigian,Send Application Records to Core (Consumer) setup fee increased from $3345 to $3650,
2025-01-06,Kara Soghigian,"Spectrum (Summit) (Consumer) setup fee increased from $14,550 to $15,860 , annual fee increased from $8830 to $9625",
2025-01-06,Kara Soghigian,"Symitar SymXChange (Consumer) setup fee increased from $11,000 to $11,990 , annual fee increased from $7500 to $8175",
2025-01-06,Kara Soghigian,"UltraData OpenPath (Consumer) setup fee increased from $14,550 to $15,860 , annual fee increased from $8830 to $9625",
2025-01-06,Kara Soghigian,"XP System (XP2) (Consumer) setup fee increased from $14,550 to $15,860 , annual fee increased from $8830 to $9625",
2025-01-06,Kara Soghigian,"FDR Vantiv setup fee increased from $4855 to $5295 , annual fee increased from $2030 to $2215",
2025-01-06,Kara Soghigian,"PSCU (Credit Card) setup fee increased from $4855 to $5295 , annual fee increased from $2030 to $2215",
2025-01-06,Kara Soghigian,"RTDX / Base2000 setup fee increased from $4855 to $5295 , annual fee increased from $2030 to $2215",
2025-01-06,Kara Soghigian,"TMG setup fee increased from $4855 to $5295 , annual fee increased from $2030 to $2215",
2025-01-06,Kara Soghigian,"TSYS ADM setup fee increased from $4855 to $5295 , annual fee increased from $2030 to $2215",
2025-01-06,Kara Soghigian,"VantivFI setup fee increased from $4855 to $5295 , annual fee increased from $2030 to $2215",
2025-01-06,Kara Soghigian,"Visa Advanced ID Solutions (VAIS) setup fee increased from $4855 to $5295 , annual fee increased from $2030 to $2215",
2025-01-06,Kara Soghigian,Fast Start annual fee increased from $1350 to $1475,
2025-01-06,Kara Soghigian,"Scienaptic setup fee increased from $12,100 to $13,190 , annual fee increased from $5885 to $6415",
2025-01-06,Kara Soghigian,"Imaging (DocDownload) setup fee increased from $4860 to $5300 , annual fee increased from $4725 to $5150",
2025-01-06,Kara Soghigian,"D+H LaserPro (ML Consumer) setup fee increased from $3480 to $3795 , annual fee increased from $1350 to $1475",
2025-01-06,Kara Soghigian,"D+H LaserPro Plus (ML Consumer) setup fee increased from $3480 to $3795 , annual fee increased from $1350 to $1475",
2025-01-06,Kara Soghigian,Document Mapping (loans) annual fee increased from $4385 to $4780,
2025-01-06,Kara Soghigian,"Document Mapping (overage) - custom setup fee increased from $420 to $460 , annual fee increased from $275 to $300",
2025-01-06,Kara Soghigian,"Document Mapping (overage) - MeridianLink Consumer setup fee increased from $285 to $315 , annual fee increased from $275 to $300",
2025-01-06,Kara Soghigian,Equifax The Work Number Select setup fee increased from $3025 to $3300,
2025-01-06,Kara Soghigian,"MeasureOne Bank Deposit Verification setup fee increased from $2750 to $3000, annual fee increased from $1070 to $1170, transaction fee increased from $5.35 to $5.85",
2025-01-06,Kara Soghigian,"MeasureOne Education Tier 1 (500,000+ monthly orders) setup fee increased from $2750 to $3000, annual fee increased from $1070 to $1170, transaction fee increased from $6.42 to $7",
2025-01-06,Kara Soghigian,"MeasureOne Education Tier 2 (250,000 - 499,999 monthly orders) setup fee increased from $2750 to $3000, annual fee increased from $1070 to $1170, transaction fee increased from $6.96 to $7.60",
2025-01-06,Kara Soghigian,"MeasureOne Education Tier 3 (100,000 - 249,999 monthly orders) setup fee increased from $2750 to $3000, annual fee increased from $1070 to $1170, transaction fee increased from $7.49 to $8.20",
2025-01-06,Kara Soghigian,"MeasureOne Education Tier 4 (50,000 - 99,999 monthly orders) setup fee increased from $2750 to $3000, annual fee increased from $1070 to $1170, transaction fee increased from $8.03 to $8.75",
2025-01-06,Kara Soghigian,"MeasureOne Education Tier 5 (25,000 - 49,999 monthly orders) setup fee increased from $2750 to $3000, annual fee increased from $1070 to $1170, transaction fee increased from $8.56 to $9.35",
2025-01-06,Kara Soghigian,"MeasureOne Education Tier 6 (10,000 - 24,999 monthly orders) setup fee increased from $2750 to $3000, annual fee increased from $1070 to $1170, transaction fee increased from $9.10 to $9.95",
2025-01-06,Kara Soghigian,"MeasureOne Education Tier 7 (5,000 - 9,999 monthly orders) setup fee increased from $2750 to $3000, annual fee increased from $1070 to $1170, transaction fee increased from $9.63 to $10.50",
2025-01-06,Kara Soghigian,"MeasureOne Education Tier 8 (0 - 4,999 monthly orders) setup fee increased from $2750 to $3000, annual fee increased from $1070 to $1170, transaction fee increased from $10.70 to $11.70",
2025-01-06,Kara Soghigian,"MeasureOne Income & Employment Tier 1 (500,000+ monthly orders) setup fee increased from $2750 to $3000, annual fee increased from $1070 to $1170, transaction fee increased from $5.14 to $5.60",
2025-01-06,Kara Soghigian,"MeasureOne Income & Employment Tier 2 (250,000 - 499,999 monthly orders) setup fee increased from $2750 to $3000, annual fee increased from $1070 to $1170, transaction fee increased from $5.56 to $6.10",
2025-01-06,Kara Soghigian,"MeasureOne Income & Employment Tier 3 (100,000 - 249,999 monthly orders) setup fee increased from $2750 to $3000, annual fee increased from $1070 to $1170, transaction fee increased from $5.99 to $6.55",
2025-01-06,Kara Soghigian,"MeasureOne Income & Employment Tier 4 (50,000 - 99,999 monthly orders) setup fee increased from $2750 to $3000, annual fee increased from $1070 to $1170, transaction fee increased from $6.42 to $7",
2025-01-06,Kara Soghigian,"MeasureOne Income & Employment Tier 5 (25,000 - 49,999 monthly orders) setup fee increased from $2750 to $3000, annual fee increased from $1070 to $1170, transaction fee increased from $6.85 to $7.50",
2025-01-06,Kara Soghigian,"MeasureOne Income & Employment Tier 6 (10,000 - 24,999 monthly orders) setup fee increased from $2750 to $3000, annual fee increased from $1070 to $1170, transaction fee increased from $7.28 to $7.95",
2025-01-06,Kara Soghigian,"MeasureOne Income & Employment Tier 7 (5,000 - 9,999 monthly orders) setup fee increased from $2750 to $3000, annual fee increased from $1070 to $1170, transaction fee increased from $7.70 to $8.40",
2025-01-06,Kara Soghigian,"MeasureOne Income & Employment Tier 8 (0 - 4,999 monthly orders) setup fee increased from $2750 to $3000, annual fee increased from $1070 to $1170, transaction fee increased from $8.56 to $9.35",
2025-01-06,Kara Soghigian,"DocuSign ISV setup fee increased from $1980 to $2160, annual fee increased from $2570 to $2805, transaction fee increased from $4.20 to $4.60",
2025-01-06,Kara Soghigian,"Ready-To-Sign (RTS) setup fee increased from $4860 to $5300 , annual fee increased from $2030 to $2215",
2025-01-06,Kara Soghigian,"Synergy Esign setup fee increased from $4860 to $5300 , annual fee increased from $2030 to $2215",
2025-01-06,Kara Soghigian,"Digital Identity Trust (DIT) setup fee increased from $5445 to $5935 , annual fee increased from $2030 to $2215",
2025-01-06,Kara Soghigian,"Socure ID & Doc Verification Tier 1 ($5B+ AUM) (Consumer) setup fee increased from $6050 to $6595, annual fee increased from $7490 to $8165, transaction fee increased from $4.60 to $5.05",
2025-01-06,Kara Soghigian,"Socure ID & Doc Verification Tier 2 (<$5B AUM) (Consumer) setup fee increased from $6050 to $6595, annual fee increased from $3745 to $4085, transaction fee increased from $4.60 to $5.05",
2025-01-06,Kara Soghigian,"Alkami QuickApply (Consumer) setup fee increased from $3475 to $3790 , annual fee increased from $2030 to $2215",
2025-01-06,Kara Soghigian,"Dedicated Server Production Updates (Consumer) setup fee increased from $11,000 to $11,990",
2025-01-06,Kara Soghigian,Offsite Server Production Updates (Consumer) setup fee increased from $6930 to $7555,
2025-01-06,Kara Soghigian,"CrossCore Precise ID with OTP and KIQ setup fee increased from $6050 to $6595, transaction fee increased from $3.53 to $3.85",
2025-01-06,Kara Soghigian,TransUnion IDMV & IDMA transaction fee increased from $3.16 to $3.45,
2025-01-06,Kara Soghigian,TransUnion IDMV transaction fee increased from $1.77 to $1.95,
2025-01-06,Kara Soghigian,"Automatic USA - Existing Indirect Relationship (Consumer) setup fee increased from $6500 to $7085, transaction fee increased from $4.01 to $4.40",
2025-01-06,Kara Soghigian,Automatic USA - New Indirect Relationship (Consumer) transaction fee increased from $4.01 to $4.40,
2025-01-06,Kara Soghigian,"CULA setup fee increased from $3960 to $4320 , annual fee increased from $3855 to $4205",
2025-01-06,Kara Soghigian,DealerTrack (Consumer) transaction fee increased from $4.10 to $4.75,
2025-01-06,Kara Soghigian,"DealerTrack eContracting (Consumer) setup fee increased from $9460 to $10,315, annual fee increased from $3535 to $3855, transaction fee increased from $8.51 to $9.30",
2025-01-06,Kara Soghigian,DealerTrack eContracting Per Vaulted Transaction (Consumer) transaction fee increased from $0.54 to $0.60,
2025-01-06,Kara Soghigian,RouteOne (Consumer) transaction fee increased from $4.10 to $5.55,
2025-01-06,Kara Soghigian,"RouteOne eContracting (Consumer) setup fee increased from $3960 to $4320, annual fee increased from $3535 to $3855, transaction fee increased from $7.44 to $8.15",
2025-01-06,Kara Soghigian,"Gravity Lending setup fee increased from $2775 to $3025 , annual fee increased from $2030 to $2215",
2025-01-06,Kara Soghigian,"Lumin Digital Banking API (Consumer) setup fee increased from $2775 to $3025 , annual fee increased from $2030 to $2215",
2025-01-06,Kara Soghigian,After Hours Assistance - Expedite Fee (Consumer) setup fee increased from $2085 to $2273,
2025-01-06,Kara Soghigian,After Hours Assistance (Consumer) setup fee increased from $535 to $585,
2025-01-06,Kara Soghigian,"API Web Services (Consumer) setup fee increased from $660 to $720 , annual fee increased from $6415 to $6995",
2025-01-06,Kara Soghigian,Certification Program (Consumer) setup fee increased from $605 to $660,
2025-01-06,Kara Soghigian,Certification Retake Exam - Multiple-Choice (Consumer) setup fee increased from $125 to $140,
2025-01-06,Kara Soghigian,Certification Retake Exam - Practical (Consumer) setup fee increased from $245 to $270,
2025-01-06,Kara Soghigian,Certification Training Bundle (Consumer) setup fee increased from $1210 to $1320,
2025-01-06,Kara Soghigian,Disaster Recovery Testing (Consumer) setup fee increased from $800 to $875,
2025-01-06,Kara Soghigian,IT Unscheduled Change Request (Consumer) setup fee increased from $800 to $875,
2025-01-06,Kara Soghigian,Retrain: End User Workflow - Onsite Training (Consumer) setup fee increased from $2775 to $3025,
2025-01-06,Kara Soghigian,Retrain: End User Workflow - Remote (Consumer) setup fee increased from $2085 to $2275,
2025-01-06,Kara Soghigian,Time & Materials (Consumer) setup fee increased from $340 to $375,
2025-01-06,Kara Soghigian,"MX Instant Account Verification setup fee increased from $2750 to $3000, transaction fee increased from $2 to $2.20, commitment increased from $200 to $218",
2025-01-06,Kara Soghigian,"Plaid Instant Account Verification $10B+ AUM (Referral to Plaid) (Consumer) setup fee increased from $3025 to $3300 , annual fee increased from $5000 to $5450",
2025-01-06,Kara Soghigian,Plaid Instant Account Verification Identity Match (ML Consumer) transaction fee increased from $1.50 to $1.65,
2025-01-06,Kara Soghigian,"Plaid Instant Account Verification Tier 1: $3B to $10B AUM (Consumer) setup fee increased from $3025 to $3300, annual fee increased from $26,580 to $28,975, transaction fee increased from $2.25 to $2.45",
2025-01-06,Kara Soghigian,"Plaid Instant Account Verification Tier 2: $1B to $3B AUM (Consumer) setup fee increased from $3025 to $3300, annual fee increased from $14,770 to $16,100, transaction fee increased from $2.25 to $2.45",
2025-01-06,Kara Soghigian,"Plaid Instant Account Verification Tier 3: <$1B AUM (Consumer) setup fee increased from $3025 to $3300, annual fee increased from $7385 to $8050, transaction fee increased from $2.25 to $2.45",
2025-01-06,Kara Soghigian,MeridianLink POS - Automation Package annual fee increased from $1985 to $2165,
2025-01-06,Kara Soghigian,MeridianLink POS - Custom URL annual fee increased from $1350 to $1475,
2025-01-06,Kara Soghigian,"MeridianLink POS - Digital Engagement Package (co-browsing video chat) setup fee increased from $4010 to $4375 , annual fee increased from $2030 to $2215",
2025-01-06,Kara Soghigian,MeridianLink POS - Home Banking SSO (Consumer) annual fee increased from $1925 to $2100,
2025-01-06,Kara Soghigian,MeridianLink POS - Plus Package annual fee increased from $4045 to $4410,
2025-01-06,Kara Soghigian,CoreLogic GeoAVM (MeridianLink Consumer) transaction fee increased from $30.92 to $33.70,
2025-01-06,Kara Soghigian,CoreLogic Home Value Explorer (HVE) - MeridianLink Consumer transaction fee increased from $24.72 to $26.95,
2025-01-06,Kara Soghigian,CoreLogic IVAL (Consumer) transaction fee increased from $2.35 to $2.60,
2025-01-06,Kara Soghigian,CoreLogic PASS (Consumer) transaction fee increased from $2.35 to $2.60,
2025-01-06,Kara Soghigian,Flood Transaction (Consumer) transaction fee increased from $1.07 to $1.20,
2025-01-06,Kara Soghigian,PMC (Consumer) transaction fee increased from $2.35 to $2.60,
2025-01-06,Kara Soghigian,"First Close - Settlement Services setup fee increased from $2775 to $3025 , annual fee increased from $2030 to $2215",
2025-01-06,Kara Soghigian,"Carfax Vehicle History and/or Vehicle Loss Report setup fee increased from $1390 to $1515 , annual fee increased from $680 to $745",
2025-01-06,Kara Soghigian,"Allied Solutions IQQ (Consumer) setup fee increased from $3000 to $3270 , annual fee increased from $1100 to $1200",
2025-01-06,Kara Soghigian,Black Book (Consumer) transaction fee increased from $0.55 to $0.60,
2025-01-06,Kara Soghigian,KBB transaction fee increased from $0.55 to $0.60,
2025-01-06,Kara Soghigian,NADA transaction fee increased from $0.55 to $0.60,
2025-01-06,Kara Soghigian,NADA Other transaction fee increased from $0.55 to $0.60,
2025-01-06,Kara Soghigian,"Data Connect setup fee increased from $6000 to $6540, annual fee increased from $16,000 to $17,500",
2025-01-06,Kara Soghigian,"Data Connect & MeridianLink Insight Bundle annual fee increased from $11,000 to $12,000",
2025-01-06,Kara Soghigian,"MeridianLink Insight setup fee increased from $6000 to $6540, annual fee increased from $20,000 to $21,800",
2025-01-06,Kara Soghigian,MeridianLink Insight - Additional Power User annual fee increased from $1700 to $1850,
2025-01-06,Kara Soghigian,MeridianLink Insight - Additional Standard User annual fee increased from $200 to $220,
2025-01-06,Kara Soghigian,"MeridianLink Insight for RevealPro Clients setup fee increased from $3000 to $3270, annual fee increased from $20,000 to $21,800",
2025-01-06,Kara Soghigian,Postal Verification Database (PVD) setup fee increased from $1980 to $2160,
2025-01-06,Kara Soghigian,"Consumer Portal setup fee increased from $27105 to $29545, annual fee increased from $19775 to $21555",
2025-01-06,Kara Soghigian,"CCMC Standard Export setup fee increased from $14550 to $15860, annual fee increased from $8830 to $9625",
2025-01-06,Kara Soghigian,"Corelation Interface setup fee increased from $14550 to $15860, annual fee increased from $8830 to $9625",
2025-01-06,Kara Soghigian,"Spectrum Pathways Interface setup fee increased from $14550 to $15860, annual fee increased from $8830 to $9625",
2025-01-06,Kara Soghigian,"Auto Counter Offer setup fee increased from $6810 to $7425, annual fee increased from $1930 to $2105",
2025-01-06,Kara Soghigian,"DecisionLender Prequalification Functionality setup fee increased from $11000 to $11990, annual fee increased from $3210 to $3500",
2025-01-06,Kara Soghigian,"Enhanced Grid Functionality setup fee increased from $4675 to $5100, annual fee increased from $1070 to $1166",
2025-01-06,Kara Soghigian,"Lending Science 360 setup fee increased from $12100 to $13190, annual fee increased from $5350 to $5835",
2025-01-06,Kara Soghigian,Archive files - Email notification of availability of monthly files in the Online Statement Management system setup fee increased from $1010 to $1105,
2025-01-06,Kara Soghigian,Document Faxing- Outbound  transaction increased from $0.20 to $0.25,
2025-01-06,Kara Soghigian,"Inbound Faxing  setup fee increased from $1000 to $1090, annual fee increased from $2275 to $2480, transaction fee increased from $0.25 to $0.30",
2025-01-06,Kara Soghigian,Mailing service - Additional Letter Templates setup fee increased from $475 to $525,
2025-01-06,Kara Soghigian,"Mailing service (1-2,499) setup fee increased from $1390 to $1515, transaction fee increased from $1.55 to $1.75, commitment increased from $155 to $175",
2025-01-06,Kara Soghigian,"Mailing service (2,500-4,999) setup fee increased from $1390 to $1515, transaction fee increased from $1.50 to $1.70, commitment increased from $3750 to $4250",
2025-01-06,Kara Soghigian,"Mailing service (5,000 and over) setup fee increased from $1390 to $1515, transaction fee increased from $1.25 to $1.50, commitment increased from $6250 to $7500",
2025-01-06,Kara Soghigian,"Indirect Document Package setup fee increased from $1260 to $1375, annual fee increased from $620 to $680",
2025-01-06,Kara Soghigian,"Laser Pro Export setup fee increased from $6720 to $7325, annual fee increased from $1350 to $1475",
2025-01-06,Kara Soghigian,"The Work Number setup fee increased from $3365 to $3670, annual fee increased from $1180 to $1290",
2025-01-06,Kara Soghigian,"IMM eSignature on Premise setup fee increased from $6715 to $7320, annual fee increased from $1265 to $1380",
2025-01-06,Kara Soghigian,"Synergy Esign - DecisionLender setup fee increased from $4675 to $5100, annual fee increased from $4635 to $5055",
2025-01-06,Kara Soghigian,"LexisNexis FraudPoint setup fee increased from $2775 to $3025, annual fee increased from $1350 to $1475",
2025-01-06,Kara Soghigian,"LexisNexis Verification of Occupancy setup fee increased from $2775 to $3025, annual fee increased from $1350 to $1475",
2025-01-06,Kara Soghigian,IDV only setup fee increased from $2020 to $2205,
2025-01-06,Kara Soghigian,"Lexis Nexis – Instant ID  setup fee increased from $2775 to $3025, annual fee increased from $1350 to $1750",
2025-01-06,Kara Soghigian,"Lexis Nexis – Risk View  setup fee increased from $2775 to $3025, annual fee increased from $1350 to $1750",
2025-01-06,Kara Soghigian,OFAC transaction increased from $0.30 to $0.35,
2025-01-06,Kara Soghigian,"Automatic USA setup fee increased from $2750 to $3000, annual fee increased from $2675 to $2920, transaction fee increased from $4.30 to $4.70",
2025-01-06,Kara Soghigian,"DealerTrack DDS  setup fee increased from $6720 to $7325, transaction fee increased from $1.20 to $1.35",
2025-01-06,Kara Soghigian,"DecisionLender DLX – One Way setup fee increased from $6055 to $6600, annual fee increased from $1765.50 to $1925",
2025-01-06,Kara Soghigian,"DecisionLender DLX – Two Way setup fee increased from $6055 to $6600, annual fee increased from $1765.50 to $1925",
2025-01-06,Kara Soghigian,Carleton HOEPA/HPML Validation transaction increased from $0.21 to $0.25,
2025-01-06,Kara Soghigian,Carleton Monthly Payment Calculation setup fee increased from $205 to $225,
2025-01-06,Kara Soghigian,Carleton Regulation Z Calculation transaction increased from $0.21 to $0.25,
2025-01-06,Kara Soghigian,"Champion Challenger setup fee increased from $6050 to $6595, annual fee increased from $7065 to $7705",
2025-01-06,Kara Soghigian,"Cross-Sell (Existing Customers) setup fee increased from $4705 to $5130, annual fee increased from $4945 to $5390",
2025-01-06,Kara Soghigian,Cross-Sell (New Logos) annual fee increased from $4945 to $5390,
2025-01-06,Kara Soghigian,"CUAC Sub-Lender Standard Export setup fee increased from $8185 to $8925, annual fee increased from $3385 to $3690",
2025-01-06,Kara Soghigian,"DecisionLender Standard Data Dump setup fee increased from $14,815 to $16,150, annual fee increased from $3255 to $3550",
2025-01-06,Kara Soghigian,"DecisionLender Standard Export setup fee increased from $14,815 to $16,150, annual fee increased from $3255 to $3550",
2025-01-06,Kara Soghigian,"Single SignOn via SAML setup fee increased from $5650 to $6160, annual fee increased from $1985 to $3550",
2025-01-06,Kara Soghigian,"Additional DecisionLender Sub-Lender setup fee increased from $2420 to $2640, annual fee increased from $1180 to $1290",
2025-01-06,Kara Soghigian,DecisionLender Training setup fee increased from $340 to $375,
2025-01-06,Kara Soghigian,PS Hourly: 1-2 hours setup fee increased from $660 to $720,
2025-01-06,Kara Soghigian,PS Hourly: 3-4 hours setup fee increased from $1320 to $1440,
2025-01-06,Kara Soghigian,PS Hourly: 5+ hours setup fee increased from $1650 to $1800,
2025-01-06,Kara Soghigian,"Frost Visual Gap setup fee increased from $4235 to $4625, annual fee increased from $1770 to $1930",
2025-01-06,Kara Soghigian,"Protection Advisor setup fee increased from $3300 to $3600, annual fee increased from $1180 to $1290",
2025-01-06,Kara Soghigian,"Black Book – Used Car, Motorcycle, Car values  transaction increased from $0.55 to $0.60",
2025-01-06,Kara Soghigian,Black Book history AV transaction increased from $0.55 to $0.60,
2025-01-06,Kara Soghigian,"NADA. Guide Data - Classic, Collectible and Special Interest Car Values  setup fee increased from $340 to $375, annual fee increased from $800 to $875, transaction fee increased from $0.55 to $0.60",
2025-01-06,Kara Soghigian,"NADA. Guide Data - Marine Values  setup fee increased from $340 to $375, annual fee increased from $800 to $875, transaction fee increased from $0.55 to $0.60",
2025-01-06,Kara Soghigian,"NADA. Guide Data - Motorcycle, Snowmobile, ATV, Personal Watercraft Values  setup fee increased from $340 to $375, annual fee increased from $800 to $875, transaction fee increased from $0.55 to $0.60",
2025-01-06,Kara Soghigian,"NADA. Guide Data - Recreational Vehicle Values setup fee increased from $340 to $375, annual fee increased from $800 to $875, transaction fee increased from $0.55 to $0.60",
2025-01-06,Kara Soghigian,"DecisionLender Indirect Lending - Advanced Tier 1 (15,000+ apps) setup fee increased from $67,100 to $73,140, transaction fee increased from $2.80 to $3.05, commitment increased from $42,000 to $45,750",
2025-01-06,Kara Soghigian,"DecisionLender Indirect Lending - Advanced Tier 2 (8,000-14,999 apps) setup fee increased from $67,100 to $73,140, transaction fee increased from $2.90 to $3.20, commitment increased from $23,200 to $25,600",
2025-01-06,Kara Soghigian,"DecisionLender Indirect Lending - Advanced Tier 3 (4,000-7,999 apps) setup fee increased from $67,100 to $73,140, transaction fee increased from $3.30 to $3.60, commitment increased from $13,200 to $14,400",
2025-01-06,Kara Soghigian,"DecisionLender Indirect Lending - Advanced Tier 4 (3,000-3,999 apps) setup fee increased from $67,100 to $73,140, transaction fee increased from $3.55 to $3.90, commitment increased from $10,650 to $11,700",
2025-01-06,Kara Soghigian,"DecisionLender Indirect Lending - Advanced Tier 5 (2,500-2,999 apps) setup fee increased from $67,100 to $73,140, transaction fee increased from $3.85 to $4.20, commitment increased from $9625 to $10,500",
2025-01-06,Kara Soghigian,"DecisionLender Indirect Lending - Essentials Tier 1 (15,000+ apps) setup fee increased from $10,065 to $10,975, transaction fee increased from $2.80 to $3.05, commitment increased from $42,000 to $45,750",
2025-01-06,Kara Soghigian,"DecisionLender Indirect Lending - Essentials Tier 10 (175-249 apps) setup fee increased from $10,065 to $10,975, transaction fee increased from $6.60 to $7.20, commitment increased from $1155 to $1260",
2025-01-06,Kara Soghigian,"DecisionLender Indirect Lending - Essentials Tier 11 (100-174 apps) setup fee increased from $10,065 to $10,975, transaction fee increased from $7.10 to $7.75, commitment increased from $710 to $775",
2025-01-06,Kara Soghigian,"DecisionLender Indirect Lending - Essentials Tier 2 (8,000-14,999 apps) setup fee increased from $10,065 to $10,975, transaction fee increased from $2.90 to $3.20, commitment increased from $23,200 to $25,600",
2025-01-06,Kara Soghigian,"DecisionLender Indirect Lending - Essentials Tier 3 (4,000-7,999 apps) setup fee increased from $10,065 to $10,975, transaction fee increased from $3.30 to $3.60, commitment increased from $13,200 to $14,400",
2025-01-06,Kara Soghigian,"DecisionLender Indirect Lending - Essentials Tier 4 (3,000-3,999) setup fee increased from $10,065 to $10,975, transaction fee increased from $3.55 to $3.90, commitment increased from $10,650 to $11,700",
2025-01-06,Kara Soghigian,"DecisionLender Indirect Lending - Essentials Tier 5 (2,500-2,999 apps) setup fee increased from $10,065 to $10,975, transaction fee increased from $3.85 to $4.20, commitment increased from $9630 to $10,500",
2025-01-06,Kara Soghigian,"DecisionLender Indirect Lending - Essentials Tier 6 (1,000-2,499 apps) setup fee increased from $10,065 to $10,975, transaction fee increased from $4.35 to $4.75, commitment increased from $4350 to $4750",
2025-01-06,Kara Soghigian,"DecisionLender Indirect Lending - Essentials Tier 7 (750-999 apps) setup fee increased from $10,065 to $10,975, transaction fee increased from $4.90 to $5.40, commitment increased from $3675 to $4050",
2025-01-06,Kara Soghigian,"DecisionLender Indirect Lending - Essentials Tier 8 (500-749 apps) setup fee increased from $10,065 to $10,975, transaction fee increased from $5.05 to $5.50, commitment increased from $2525 to $2750",
2025-01-06,Kara Soghigian,"DecisionLender Indirect Lending - Essentials Tier 9 (250-499 apps) setup fee increased from $10,065 to $10,975, transaction fee increased from $5.70 to $6.30, commitment increased from $1425 to $1575",
2025-01-06,Kara Soghigian,"DecisionLender Indirect Lending - Select Tier 1 (15,000+ apps) setup fee increased from $40,260 to $43,885, transaction fee increased from $2.80 to $3.05, commitment increased from $42,000 to $45,750",
2025-01-06,Kara Soghigian,"DecisionLender Indirect Lending - Select Tier 2 (8,000-14,999 apps) setup fee increased from $40,260 to $43,885, transaction fee increased from $2.90 to $3.20, commitment increased from $23,200 to $25,600",
2025-01-06,Kara Soghigian,"DecisionLender Indirect Lending - Select Tier 3 (4,000-7,999 apps) setup fee increased from $40,260 to $43,885, transaction fee increased from $3.30 to $3.60, commitment increased from $13,200 to $14,400",
2025-01-06,Kara Soghigian,"DecisionLender Indirect Lending - Select Tier 4 (3,000-3,999 apps) setup fee increased from $40,260 to $43,885, transaction fee increased from $3.55 to $3.90, commitment increased from $10,650 to $11,700",
2025-01-06,Kara Soghigian,"DecisionLender Indirect Lending - Select Tier 5 (2,500-2,999 apps) setup fee increased from $40,260 to $43,885, transaction fee increased from $3.85 to $4.20, commitment increased from $9630 to $10,500",
2025-01-06,Kara Soghigian,"DecisionLender Indirect Lending - Select Tier 6 (1,000-2,499 apps) setup fee increased from $40,260 to $43,885, transaction fee increased from $4.35 to $4.75, commitment increased from $4350 to $4750",
2025-01-06,Kara Soghigian,"DecisionLender Indirect Lending - Select Tier 7 (750-999 apps) setup fee increased from $40,260 to $43,885, transaction fee increased from $4.90 to $5.40, commitment increased from $3675 to $4050",
2025-01-06,Kara Soghigian,"DecisionLender Indirect Lending - Select Tier 8 (500-749 apps) setup fee increased from $40,260 to $43,885, transaction fee increased from $5.05 to $5.50, commitment increased from $2525 to $2750",
2025-01-06,Kara Soghigian,"DL4 - Consumer Module setup fee increased from $27,105 to $29,545, transaction fee increased from $12 to $13.10, commitment increased from $2400 to $2620",
2025-01-06,Kara Soghigian,"DL4 - Home Equity Module setup fee increased from $20,150 to $21,965, transaction fee increased from $19.55 to $21.35, commitment increased from $1955 to $2135",
2025-01-06,Kara Soghigian,"Glia Integration setup fee increased from $1525 to $1665, annual fee increased from $575 to $630",
2025-01-06,Kara Soghigian,"Lightico setup fee increased from $2860 to $3125, annual fee increased from $2030 to $2215",
2025-01-06,Kara Soghigian,"Solutions by Text setup fee increased from $2860 to $3125, annual fee increased from $2030 to $2215",
2025-01-06,Kara Soghigian,"AccesSoftek SSO setup fee increased from $1700 to $1855, annual fee increased from $4045 to $4410",
2025-01-06,Kara Soghigian,"Banno Home Banking SSO setup fee increased from $1700 to $1855, annual fee increased from $4045 to $4415",
2025-01-06,Kara Soghigian,"Digital Insight SSO setup fee increased from $1700 to $1855, annual fee increased from $4045 to $4410",
2025-01-06,Kara Soghigian,Equifax InstaTouch setup fee increased from $1825 to $1990,
2025-01-06,Kara Soghigian,"Net Teller SSO setup fee increased from $1700 to $1855, annual fee increased from $4045 to $4410",
2025-01-06,Kara Soghigian,"CUBase (DecisionLender) setup fee increased from $14,550 to $15,860, annual fee increased from $8830 to $9630",
2025-01-06,Kara Soghigian,"CULA Seamless Integration setup fee increased from $3960 to $4320, annual fee increased from $3855 to $4205",
2025-01-06,Kara Soghigian,"DealPack Export setup fee increased from $14,550 to $15,860, annual fee increased from $8830 to $9625",
2025-01-06,Kara Soghigian,"Finastra Application Exchange Interface setup fee increased from $14,550 to $15,860, annual fee increased from $8830 to $9625",
2025-01-06,Kara Soghigian,"FIS - ChexSystems setup fee increased from $2020 to $2005, annual fee increased from $1180 to $1290",
2025-01-06,Kara Soghigian,"FIS - Credit Card Export setup fee increased from $4940 to $5385, annual fee increased from $2030 to $2215",
2025-01-06,Kara Soghigian,"Goldpoint setup fee increased from $14,550 to $15,860, annual fee increased from $8830 to $9625",
2025-01-06,Kara Soghigian,"Lowenstein Export setup fee increased from $14,550 to $15,860, annual fee increased from $8830 to $9625",
2025-01-06,Kara Soghigian,"Megasys Export setup fee increased from $14,550 to $15,860, annual fee increased from $8830 to $9625",
2025-01-06,Kara Soghigian,"Nortridge NLS Export setup fee increased from $14,550 to $15,860, annual fee increased from $8830 to $9625",
2025-01-06,Kara Soghigian,"Portico (DecisionLender) setup fee increased from $14,550 to $15,860, annual fee increased from $8830 to $9625",
2025-01-06,Kara Soghigian,"Share Tech Export setup fee increased from $14,550 to $15,860, annual fee increased from $8830 to $9625",
2025-01-06,Kara Soghigian,"Shaw Solutions setup fee increased from $14,550 to $15,860, annual fee increased from $8830 to $9625",
2025-01-06,Kara Soghigian,"Symitar Core Conversion (DecisionLender) setup fee increased from $14,550 to $15,860, annual fee increased from $8830 to $9625",
2025-01-06,Kara Soghigian,"PSCU Export setup fee increased from $4940 to $5385, annual fee increased from $2030 to $2215",
2025-01-06,Kara Soghigian,"Imaging (DocDownload) setup fee increased from $4860 to $5300, annual fee increased from $4725 to $5150",
2025-01-06,Kara Soghigian,"Synergy Image Export setup fee increased from $4855 to $5300, annual fee increased from $4725 to $5150",
2025-01-06,Kara Soghigian,"Mailing (1-5 Page Envelope) DecisionLender setup fee increased from $1390 to $1515, transaction fee increased from $2.19 to $2.40",
2025-01-06,Kara Soghigian,"Mailing (21-40 Page Envelope) DecisionLender setup fee increased from $1390 to $1515, transaction fee increased from $12.20 to $13.30",
2025-01-06,Kara Soghigian,"Mailing (41-60 Page Envelope) DecisionLender setup fee increased from $1390 to $1515, transaction fee increased from $22.47 to $24.50",
2025-01-06,Kara Soghigian,"Mailing (61-80 Page Envelope) DecisionLender setup fee increased from $1390 to $1515, transaction fee increased from $26.27 to $28.65",
2025-01-06,Kara Soghigian,"Mailing (6-20 Page Envelope) DecisionLender setup fee increased from $1390 to $1515, transaction fee increased from $7.86 to $8.60",
2025-01-06,Kara Soghigian,"Mailing (81-100 Page Envelope) DecisionLender setup fee increased from $1390 to $1515, transaction fee increased from $29.10 to $31.75",
2025-01-06,Kara Soghigian,Document Mapping (loans) - DecisionLender annual fee increased from $4325 to $4780,
2025-01-06,Kara Soghigian,"Document Mapping (overage) - DecisionLender4 Consumer setup fee increased from $415 to $460, annual fee increased from $270 to $300",
2025-01-06,Kara Soghigian,"Document Mapping (overage) - DecisionLender4 Custom setup fee increased from $415 to $460, annual fee increased from $270 to $300",
2025-01-06,Kara Soghigian,"DocuSign - Advanced API setup fee increased from $2020 to $2205, transaction fee increased from $1.20 to $1.35",
2025-01-06,Kara Soghigian,"IMM eSignature Hosted (on SAS) setup fee increased from $2020 to $2205, transaction fee increased from $1.20 to $1.35",
2025-01-06,Kara Soghigian,"Experian PowerCurve Origination Essentials setup fee increased from $12,100 to $13,190, annual fee increased from $5850 to $6380",
2025-01-06,Kara Soghigian,"Scienaptic setup fee increased from $12,100 to $13,190, annual fee increased from $5850 to $6415",
2025-01-06,Kara Soghigian,"CrossCore PrecisedID  with OTP and KIQ setup fee increased from $6050 to $6595, transaction fee increased from $3.53 to $3.85",
2025-01-06,Kara Soghigian,"Experian CrossCore Precise ID setup fee increased from $6050 to $6595, transaction fee increased from $2.30 to $2.55",
2025-01-06,Kara Soghigian,TransUnion Identity Manager ID Decision Bundle setup fee increased from $2020 to $2202,
2025-01-06,Kara Soghigian,DealerTrack (DecisionLender) transaction increased from $4.10 to $4.75,
2025-01-06,Kara Soghigian,"DealerTrack Digital Contracting (DecisionLender) setup fee increased from $3960 to $4320, annual fee increased from $3535 to $3855, transaction fee increased from $1.20 to $1.35",
2025-01-06,Kara Soghigian,"RouteOne eContracting (DecisionLender) setup fee increased from $3960 to $4320, annual fee increased from $3535 to $3855, transaction fee increased from $1.20 to $1.35",
2025-01-06,Kara Soghigian,"Alkami QuickApply (DecisionLender) setup fee increased from $1770 to $1930, annual fee decreased from $4050 to $2215",
2025-01-06,Kara Soghigian,"API Web Services (DecisionLender) setup fee increased from $6050 to $6595, annual fee increased from $6415 to $6995",
2025-01-06,Kara Soghigian,"Dedicated VPN Connection setup fee increased from $4860 to $5300, annual fee increased from $2650 to $2890",
2025-01-06,Kara Soghigian,"Disaster Recovery VPN setup fee increased from $4860 to $5300, annual fee increased from $2650 to $2890",
2025-01-06,Kara Soghigian,"MeridianLink POS - Home Banking SSO (DecisionLender) setup fee increased from $1770 to $1930, annual fee increased from $4045 to $4415",
2025-01-06,Kara Soghigian,"eContracting Rule Validation Package setup fee increased from $2990 to $3260, annual fee increased from $585 to $640",
2025-01-06,Kara Soghigian,"Carfax Vehicle History and/or Vehicle Loss Report (DecisionLender4) setup fee decreased from $1980 to $1515, annual fee increased from $680 to $745",
2025-01-06,Kara Soghigian,"Allied Solutions IQQ (DecisionLender) setup fee increased from $3000 to $3270, annual fee increased from $1100 to $1200",
2025-01-06,Kara Soghigian,Black Book Motorcycle transaction increased from $0.55 to $0.60,
2025-01-06,Kara Soghigian,NADA Motorcycle Values transaction increased from $0.55 to $0.60,
2025-01-06,Kara Soghigian,NADA Used Car Values transaction increased from $0.55 to $0.60,
2025-01-06,Kara Soghigian,"Point Predictive Integration setup fee increased from $6050 to $6595, annual fee increased from $2030 to $2215",
2025-01-06,Kara Soghigian,"Unity setup fee increased from $3330 to $3630, annual fee increased from $1180 to $1290",
2025-01-06,Kara Soghigian,"Marketing Pro- Engage annual fee increased from $15,000 to $16,200",
2025-01-06,Kara Soghigian,"API Pro setup fee increased from $6300 to $6390, transaction fee increased from $275 to $305",
2025-01-06,Kara Soghigian,"API Pro additional 50 hours setup fee increased from $11,000 to $12,250",
2025-01-06,Kara Soghigian,Reveal Pro changed to tiered pricing,
2025-01-06,Kara Soghigian,"Admin Pro (Consumer) annual fee increased from $23,000 to $25,068, transaction fee increased from $300 to $305",
2025-01-06,Kara Soghigian,"Admin Pro additional 50 hours setup fee increased from $11,250 to $12,2250",
2025-01-06,Kara Soghigian,"Marketing Pro- Reward annual fee increased from $15,000 to $16,200",
2025-01-06,Kara Soghigian,Debt Optimization & Cross-Sell Setup fee increased from $1150 to $1200,
2025-01-06,Kara Soghigian,"Imaging (Mortgage DocDownload) Setup fee increased from $4415 to $4550, Annual fee increased from $4415 to $4770",
2025-01-06,Kara Soghigian,"MeridianLink Mortgage Cenlar Data Extract Service Setup fee increased from $4575 to $4725, Annual fee increased from $4575 to $4945",
2025-01-06,Kara Soghigian,MeridianLink Mortgage Test (Beta) Environment Resync from Production Tier 1 (1200+ Closed Loans/Month) Setup fee increased from $3660 to $3775,
2025-01-06,Kara Soghigian,MeridianLink Mortgage Test (Beta) Environment Resync from Production Tier 10 (110-134 Closed Loans/Month) Setup fee increased from $3050 to $3150,
2025-01-06,Kara Soghigian,MeridianLink Mortgage Test (Beta) Environment Resync from Production Tier 11 (90-109 Closed Loans/Month) Setup fee increased from $3050 to $3150,
2025-01-06,Kara Soghigian,MeridianLink Mortgage Test (Beta) Environment Resync from Production Tier 12 (75-89 Closed Loans/Month) Setup fee increased from $3050 to $3150,
2025-01-06,Kara Soghigian,MeridianLink Mortgage Test (Beta) Environment Resync from Production Tier 13 (60-74 Closed Loans/Month) Setup fee increased from $3050 to $3150,
2025-01-06,Kara Soghigian,MeridianLink Mortgage Test (Beta) Environment Resync from Production Tier 14 (45-59 Closed Loans/Month) Setup fee increased from $2745 to $2850,
2025-01-06,Kara Soghigian,MeridianLink Mortgage Test (Beta) Environment Resync from Production Tier 15 (30-44 Closed Loans/Month) Setup fee increased from $2745 to $2850,
2025-01-06,Kara Soghigian,MeridianLink Mortgage Test (Beta) Environment Resync from Production Tier 16 (15-29 Closed Loans/Month) Setup fee increased from $2440 to $2525,
2025-01-06,Kara Soghigian,MeridianLink Mortgage Test (Beta) Environment Resync from Production Tier 17 (0-14 Closed Loans/Month) Setup fee increased from $2440 to $2525,
2025-01-06,Kara Soghigian,MeridianLink Mortgage Test (Beta) Environment Resync from Production Tier 2 (900-1199 Closed Loans/Month) Setup fee increased from $3660 to $3775,
2025-01-06,Kara Soghigian,MeridianLink Mortgage Test (Beta) Environment Resync from Production Tier 3 (675-899 Closed Loans/Month) Setup fee increased from $3660 to $3775,
2025-01-06,Kara Soghigian,MeridianLink Mortgage Test (Beta) Environment Resync from Production Tier 4 (525-674 Closed Loans/Month) Setup fee increased from $3660 to $3775,
2025-01-06,Kara Soghigian,MeridianLink Mortgage Test (Beta) Environment Resync from Production Tier 5 (400-524 Closed Loans/Month) Setup fee increased from $3355 to $3475,
2025-01-06,Kara Soghigian,MeridianLink Mortgage Test (Beta) Environment Resync from Production Tier 6 (300-399 Closed Loans/Month) Setup fee increased from $3355 to $3475,
2025-01-06,Kara Soghigian,MeridianLink Mortgage Test (Beta) Environment Resync from Production Tier 7 (225-299 Closed Loans/Month) Setup fee increased from $3355 to $3475,
2025-01-06,Kara Soghigian,MeridianLink Mortgage Test (Beta) Environment Resync from Production Tier 8 (170-224 Closed Loans/Month) Setup fee increased from $3355 to $3475,
2025-01-06,Kara Soghigian,MeridianLink Mortgage Test (Beta) Environment Resync from Production Tier 9 (135-169 Closed Loans/Month) Setup fee increased from $3050 to $3150,
2025-01-06,Kara Soghigian,"MeridianLink Mortgage Test (Beta) Environment Tier 1 (1200+ Closed Loans/Month) Setup fee increased from $3660 to $3775, Annual fee increased from $18,000 to $19,440",
2025-01-06,Kara Soghigian,"MeridianLink Mortgage Test (Beta) Environment Tier 10 (110-134 Closed Loans/Month) Setup fee increased from $3050 to $3150, Annual fee increased from $6060 to $6545",
2025-01-06,Kara Soghigian,"MeridianLink Mortgage Test (Beta) Environment Tier 11 (90-109 Closed Loans/Month) Setup fee increased from $3050 to $3150, Annual fee increased from $5530 to $5975",
2025-01-06,Kara Soghigian,"MeridianLink Mortgage Test (Beta) Environment Tier 12 (75-89 Closed Loans/Month) Setup fee increased from $3050 to $3150, Annual fee increased from $5090 to $5500",
2025-01-06,Kara Soghigian,"MeridianLink Mortgage Test (Beta) Environment Tier 13 (60-74 Closed Loans/Month) Setup fee increased from $3050 to $3150, Annual fee increased from $4600 to $4970",
2025-01-06,Kara Soghigian,"MeridianLink Mortgage Test (Beta) Environment Tier 14 (45-59 Closed Loans/Month) Setup fee increased from $2745 to $2850, Annual fee increased from $4030 to $4355",
2025-01-06,Kara Soghigian,"MeridianLink Mortgage Test (Beta) Environment Tier 15 (30-44 Closed Loans/Month) Setup fee increased from $2745 to $2850, Annual fee increased from $3350 to $3620",
2025-01-06,Kara Soghigian,"MeridianLink Mortgage Test (Beta) Environment Tier 16 (15-29 Closed Loans/Month) Setup fee increased from $2440 to $2525, Annual fee increased from $2440 to $2640",
2025-01-06,Kara Soghigian,"MeridianLink Mortgage Test (Beta) Environment Tier 17 (0-14 Closed Loans/Month) Setup fee increased from $2440 to $2525, Annual fee increased from $2440 to $2640",
2025-01-06,Kara Soghigian,"MeridianLink Mortgage Test (Beta) Environment Tier 2 (900-1199 Closed Loans/Month) Setup fee increased from $3660 to $3775, Annual fee increased from $15,790 to $17,055",
2025-01-06,Kara Soghigian,"MeridianLink Mortgage Test (Beta) Environment Tier 3 (675-899 Closed Loans/Month) Setup fee increased from $3660 to $3775, Annual fee increased from $13,850 to $14,960",
2025-01-06,Kara Soghigian,"MeridianLink Mortgage Test (Beta) Environment Tier 4 (525-674 Closed Loans/Month) Setup fee increased from $3660 to $3775, Annual fee increased from $12,350 to $13,340",
2025-01-06,Kara Soghigian,"MeridianLink Mortgage Test (Beta) Environment Tier 5 (400-524 Closed Loans/Month) Setup fee increased from $3355 to $3475, Annual fee increased from $10,910 to $11,785",
2025-01-06,Kara Soghigian,"MeridianLink Mortgage Test (Beta) Environment Tier 6 (300-399 Closed Loans/Month) Setup fee increased from $3355 to $3475, Annual fee increased from $9570 to $10,340",
2025-01-06,Kara Soghigian,"MeridianLink Mortgage Test (Beta) Environment Tier 7 (225-299 Closed Loans/Month) Setup fee increased from $3355 to $3475, Annual fee increased from $8390 to $9065",
2025-01-06,Kara Soghigian,"MeridianLink Mortgage Test (Beta) Environment Tier 8 (170-224 Closed Loans/Month) Setup fee increased from $3355 to $3475, Annual fee increased from $7390 to $7985",
2025-01-06,Kara Soghigian,"MeridianLink Mortgage Test (Beta) Environment Tier 9 (135-169 Closed Loans/Month) Setup fee increased from $3050 to $3150, Annual fee increased from $6650 to $7185",
2025-01-06,Kara Soghigian,"MortgageSAT Setup fee increased from $1500 to $1550, Transaction fee increased from $8.50 to $9.20, Commitment increased from $500 to $540",
2025-01-06,Kara Soghigian,"Core Image Booking Setup fee increased from $2500 to $2575, Annual fee increased from $3000 to $3250",
2025-01-06,Kara Soghigian,"MeridianLink Mortgage Access Tier 1 (>1200 Closed Loans/Month) Setup fee increased from $15,000 to $15,450, Transaction fee increased from $27 to $29.20, Commitment increased from $32,400 to $35,040",
2025-01-06,Kara Soghigian,"MeridianLink Mortgage Access Tier 1 (>1200 Closed Loans/Month) without setup Transaction fee increased from $27 to $29.20, Commitment increased from $32,400 to $35,040",
2025-01-06,Kara Soghigian,"MeridianLink Mortgage Access Tier 10 (110-134 Closed Loans/Month) Setup fee increased from $5000 to $5150, Transaction fee increased from $34 to $36.80, Commitment increased from $3740 to $4048",
2025-01-06,Kara Soghigian,"MeridianLink Mortgage Access Tier 10 (110-134 Closed Loans/Month) without setup Transaction fee increased from $34 to $36.80, Commitment increased from $3740 to $4048",
2025-01-06,Kara Soghigian,"MeridianLink Mortgage Access Tier 11 (90-109 Closed Loans/Month) Setup fee increased from $5000 to $5150, Transaction fee increased from $34.75 to $37.60, Commitment increased from $3127.50 to $3384",
2025-01-06,Kara Soghigian,"MeridianLink Mortgage Access Tier 11 (90-109 Closed Loans/Month) without setup Transaction fee increased from $34.75 to $37.60, Commitment increased from $3127.50 to $3384",
2025-01-06,Kara Soghigian,"MeridianLink Mortgage Access Tier 12 (75-89 Closed Loans/Month) Setup fee increased from $5000 to $5150, Transaction fee increased from $35.25 to $38.20, Commitment increased from $2643.75 to $2865",
2025-01-06,Kara Soghigian,"MeridianLink Mortgage Access Tier 12 (75-89 Closed Loans/Month) without setup Transaction fee increased from $35.25 to $38.20, Commitment increased from $2643.75 to $2865",
2025-01-06,Kara Soghigian,"MeridianLink Mortgage Access Tier 13 (60-74 Closed Loans/Month) Setup fee increased from $4500 to $4650, Transaction fee increased from $36 to $39, Commitment increased from $2160 to $2340",
2025-01-06,Kara Soghigian,"MeridianLink Mortgage Access Tier 13 (60-74 Closed Loans/Month) without setup Transaction fee increased from $36 to $39, Commitment increased from $2160 to $2340",
2025-01-06,Kara Soghigian,"MeridianLink Mortgage Access Tier 14 (45-59 Closed Loans/Month) Setup fee increased from $4500 to $4650, Transaction fee increased from $37 to $40, Commitment increased from $1665 to $1800",
2025-01-06,Kara Soghigian,"MeridianLink Mortgage Access Tier 14 (45-59 Closed Loans/Month) without setup Transaction fee increased from $37 to $40, Commitment increased from $1665 to $1800",
2025-01-06,Kara Soghigian,"MeridianLink Mortgage Access Tier 15 (30-44 Closed Loans/Month) Setup fee increased from $4500 to $4650, Transaction fee increased from $38.5 to $41.6, Commitment increased from $1155 to $1248",
2025-01-06,Kara Soghigian,"MeridianLink Mortgage Access Tier 15 (30-44 Closed Loans/Month) without setup Transaction fee increased from $38.50 to $41.60, Commitment increased from $1155 to $1248",
2025-01-06,Kara Soghigian,"MeridianLink Mortgage Access Tier 16 changed from <30 closed loans/month to 15-29 Closed Loans/Month, Setup fee increased from $4500 to $4650, Transaction fee increased from $41 to $44.40, Commitment increased from $615 to $666",
2025-01-06,Kara Soghigian,"MeridianLink Mortgage Access Tier 16 without setup changed from <30 closed loans/month to 15-29 Closed Loans/Month, Transaction fee increased from $41 to $44.40, Commitment increased from $615 to $666",
2025-01-06,Kara Soghigian,Added MeridianLink Mortgage Access Tier 17 (10-14 Closed Loans/Month),
2025-01-06,Kara Soghigian,added MeridianLink Mortgage Access Tier 17 (10-14 Closed Loans/Month) without setup,
2025-01-06,Kara Soghigian,"MeridianLink Mortgage Access Tier 2 (900-1199 Closed Loans/Month) Setup fee increased from $12,500 to $12,875, Transaction fee increased from $27.80 to $30.20, Commitment increased from $25,200 to $27,180",
2025-01-06,Kara Soghigian,"MeridianLink Mortgage Access Tier 2 (900-1199 Closed Loans/Month) without setup Transaction fee increased from $27.80 to $30.20, Commitment increased from $25,200 to $27,180",
2025-01-06,Kara Soghigian,"MeridianLink Mortgage Access Tier 3 (675-899 Closed Loans/Month) Setup fee increased from $12,500 to $12,875, Transaction fee increased from $28.60 to $31, Commitment increased from $19,406.25 to $20,925",
2025-01-06,Kara Soghigian,"MeridianLink Mortgage Access Tier 3 (675-899 Closed Loans/Month) without setup Transaction fee increased from $28.60 to $31, Commitment increased from $1,9406.25 to $20,925",
2025-01-06,Kara Soghigian,"MeridianLink Mortgage Access Tier 4 (525-674 Closed Loans/Month) Setup fee increased from $10,000 to $10,300, Transaction fee increased from $29.40 to $31.80, Commitment increased from $15,356.25 to $16,695",
2025-01-06,Kara Soghigian,"MeridianLink Mortgage Access Tier 4 (525-674 Closed Loans/Month) without setup Transaction fee increased from $29.40 to $31.80, Commitment increased from $15,356.25 to $16,695",
2025-01-06,Kara Soghigian,"MeridianLink Mortgage Access Tier 5 (400-524 Closed Loans/Month) Setup fee increased from $10,000 to $10,300, Transaction fee increased from $30 to $32.40, Commitment increased from $12,000 to $12,960",
2025-01-06,Kara Soghigian,"MeridianLink Mortgage Access Tier 5 (400-524 Closed Loans/Month) without setup Transaction fee increased from $30 to $32.40, Commitment increased from $12,000 to $12,960",
2025-01-06,Kara Soghigian,"MeridianLink Mortgage Access Tier 6 (300-399 Closed Loans/Month) Setup fee increased from $10,000 to $10,300, Transaction fee increased from $31 to $33.40, Commitment increased from $9300 to $10,020",
2025-01-06,Kara Soghigian,"MeridianLink Mortgage Access Tier 6 (300-399 Closed Loans/Month) without setup Transaction fee increased from $31 to $33.40, Commitment increased from $9300 to $10,020",
2025-01-06,Kara Soghigian,"MeridianLink Mortgage Access Tier 7 (225-299 Closed Loans/Month) Setup fee increased from $7500 to $7725, Transaction fee increased from $31.75 to $34.40, Commitment increased from $7143.75 to $7740",
2025-01-06,Kara Soghigian,"MeridianLink Mortgage Access Tier 7 (225-299 Closed Loans/Month) without setup Transaction fee increased from $31.75 to $34.40, Commitment increased from $7143.75 to $7740",
2025-01-06,Kara Soghigian,"MeridianLink Mortgage Access Tier 8 (170-224 Closed Loans/Month) Setup fee increased from $7500 to $7725, Transaction fee increased from $32.75 to $35.40, Commitment increased from $5567.50 to $6018",
2025-01-06,Kara Soghigian,"MeridianLink Mortgage Access Tier 8 (170-224 Closed Loans/Month) without setup Transaction fee increased from $32.75 to $35.40, Commitment increased from $5567.50 to $6018",
2025-01-06,Kara Soghigian,"MeridianLink Mortgage Access Tier 9 (135-169 Closed Loans/Month) Setup fee increased from $5000 to $5150, Transaction fee increased from $33.40 to $36, Commitment increased from $4522.50 to $4860",
2025-01-06,Kara Soghigian,"MeridianLink Mortgage Access Tier 9 (135-169 Closed Loans/Month) without setup Transaction fee increased from $33.40 to $36, Commitment increased from $4522.50 to $4860",
2025-01-06,Kara Soghigian,"MeridianLink Mortgage Insight Tier 1 (1500+ Closed Loans/Month) Setup fee increased from $12,500 to $12,875, Annual fee increased from $27,000 to $29,175",
2025-01-06,Kara Soghigian,"MeridianLink Mortgage Insight Tier 10 (200-250 Closed Loans/Month) Setup fee increased from $5000 to $5150, Annual fee increased from $15,000 to $16,200",
2025-01-06,Kara Soghigian,"MeridianLink Mortgage Insight Tier 11 (150-200 Closed Loans/Month) Setup fee increased from $4500 to $4650, Annual fee increased from $15,000 to $16,200",
2025-01-06,Kara Soghigian,"MeridianLink Mortgage Insight Tier 12 (100-150 Closed Loans/Month) Setup fee increased from $4500 to $4650, Annual fee increased from $12,000 to $12,975",
2025-01-06,Kara Soghigian,"MeridianLink Mortgage Insight Tier 13 (75-100 Closed Loans/Month) Setup fee increased from $4500 to $4650, Annual fee increased from $10,500 to $11,350",
2025-01-06,Kara Soghigian,"MeridianLink Mortgage Insight Tier 14 (50-75 Closed Loans/Month Setup fee increased from $3500 to $3625, Annual fee increased from $8400 to $9075",
2025-01-06,Kara Soghigian,"MeridianLink Mortgage Insight Tier 15 (0-50 Closed Loans/Month) Setup fee increased from $3500 to $3625, Annual fee increased from $6600 to $7150",
2025-01-06,Kara Soghigian,"MeridianLink Mortgage Insight Tier 2 (1000-1500 Closed Loans/Month) Setup fee increased from $10,000 to $10,300, Annual fee increased from $24,000 to $25,925",
2025-01-06,Kara Soghigian,"MeridianLink Mortgage Insight Tier 3 (850-1000 Closed Loans/Month) Setup fee increased from $7500 to $7725, Annual fee increased from $21,000 to $22,700",
2025-01-06,Kara Soghigian,"MeridianLink Mortgage Insight Tier 4 (700-850 Closed Loans/Month) Setup fee increased from $7500 to $7725, Annual fee increased from $21,000 to $22,700",
2025-01-06,Kara Soghigian,"MeridianLink Mortgage Insight Tier 5 (600-700 Closed Loans/Month) Setup fee increased from $7500 to $7725, Annual fee increased from $21,000 to $22,700",
2025-01-06,Kara Soghigian,"MeridianLink Mortgage Insight Tier 6 (500-600 Closed Loans/Month) Setup fee increased from $7500 to $7725, Annual fee increased from $18,000 to $19,450",
2025-01-06,Kara Soghigian,"MeridianLink Mortgage Insight Tier 7 (400-500 Closed Loans/Month) Setup fee increased from $5000 to $5150, Annual fee increased from $18,000 to $19,450",
2025-01-06,Kara Soghigian,"MeridianLink Mortgage Insight Tier 8 (300-400 Closed Loans/Month) Setup fee increased from $5000 to $5150, Annual fee increased from $18,000 to $19,450",
2025-01-06,Kara Soghigian,"MeridianLink Mortgage Insight Tier 9 (250-300 Closed Loans/Month Setup fee increased from $5000 to $5150, Annual fee increased from $15,000 to $16,200",
2025-01-06,Kara Soghigian,"Standard Warehouse Extract Service Setup fee increased from $2600 to $2700, Annual fee increased from $3125 to $3375",
2025-01-06,Kara Soghigian,"White Glove Optical Document Recognition Service Setup fee increased from $3650 to $3775, Transaction fee increased from $20.75 to $22.60",
2025-01-06,Kara Soghigian,Loan Program Build/Maintenance Transaction fee increased from $275 to $297,
2025-01-06,Kara Soghigian,"PriceMyLoan Implementation - Custom Program Setup fee increased from $1500 to $1550, Transaction fee increased from $150 to $155",
2025-01-06,Kara Soghigian,"SQL Transmission Service (one extract/day after hours) Setup fee increased from $4975 to $5125, Annual fee increased from $2550 to $2775",
2025-01-06,Kara Soghigian,"SQL Transmission Service (one extract/hour including business hours) Setup fee increased from $4975 to $5125, Annual fee increased from $10,150 to $10,975",
2025-01-06,Kara Soghigian,"MeridianLink Mortgage LOS First Lien Loans Tier 1 (1200+ Closed Loans/Month) with 1 implementation Transaction fee increased from $62.40 to $67.40, Commitment increased from $74,880 to $80,880",
2025-01-06,Kara Soghigian,"MeridianLink Mortgage LOS First Lien Loans Tier 1 (1200+ Closed Loans/Month) with 2 implementations Transaction fee increased from $62.40 to $67.40, Commitment increased from $74,880 to $80,880",
2025-01-06,Kara Soghigian,"MeridianLink Mortgage LOS First Lien Loans Tier 1 (1200+ Closed Loans/Month) with 3 implementations Transaction fee increased from $62.40 to $67.40, Commitment increased from $74,880 to $80,880",
2025-01-06,Kara Soghigian,"MeridianLink Mortgage LOS First Lien Loans Tier 1 (1200+ Closed Loans/Month) with no implementation Transaction fee increased from $62.40 to $67.40, Commitment increased from $74,880 to $80,880",
2025-01-06,Kara Soghigian,"MeridianLink Mortgage LOS First Lien Loans Tier 10 (110 - 134 Closed Loans/Month) with 1 implementation Transaction fee increased from $81 to $87.40, Commitment increased from $8910 to $9614",
2025-01-06,Kara Soghigian,"MeridianLink Mortgage LOS First Lien Loans Tier 10 (110 - 134 Closed Loans/Month) with 2 implementations Transaction fee increased from $81 to $87.40, Commitment increased from $8910 to $9614",
2025-01-06,Kara Soghigian,"MeridianLink Mortgage LOS First Lien Loans Tier 10 (110 - 134 Closed Loans/Month) with 3 implementations Transaction fee increased from $81 to $87.40, Commitment increased from $8910 to $9614",
2025-01-06,Kara Soghigian,"MeridianLink Mortgage LOS First Lien Loans Tier 10 (110 - 134 Closed Loans/Month) with no implementations Transaction fee increased from $81 to $87.40, Commitment increased from $8910 to $9614",
2025-01-06,Kara Soghigian,"MeridianLink Mortgage LOS First Lien Loans Tier 11 (90 - 109 Closed Loans/Month) with 1 implementation Transaction fee increased from $82.80 to $89.40, Commitment increased from $7452 to $8046",
2025-01-06,Kara Soghigian,"MeridianLink Mortgage LOS First Lien Loans Tier 11 (90 - 109 Closed Loans/Month) with 2 implementations Transaction fee increased from $82.80 to $89.40, Commitment increased from $7452 to $8046",
2025-01-06,Kara Soghigian,"MeridianLink Mortgage LOS First Lien Loans Tier 11 (90 - 109 Closed Loans/Month) with 3 implementations Transaction fee increased from $82.80 to $89.40, Commitment increased from $7452 to $8046",
2025-01-06,Kara Soghigian,"MeridianLink Mortgage LOS First Lien Loans Tier 11 (90 - 109 Closed Loans/Month) with no implementations Transaction fee increased from $82.80 to $89.40, Commitment increased from $7452 to $8046",
2025-01-06,Kara Soghigian,"MeridianLink Mortgage LOS First Lien Loans Tier 12 (75 - 89 Closed Loans/Month) with 1 implementation Transaction fee increased from $84.40 to $91.20, Commitment increased from $6330 to $6840",
2025-01-06,Kara Soghigian,"MeridianLink Mortgage LOS First Lien Loans Tier 12 (75 - 89 Closed Loans/Month) with 2 implementations Transaction fee increased from $84.40 to $91.20, Commitment increased from $6330 to $6840",
2025-01-06,Kara Soghigian,"MeridianLink Mortgage LOS First Lien Loans Tier 12 (75 - 89 Closed Loans/Month) with 3 implementations Transaction fee increased from $84.40 to $91.20, Commitment increased from $6330 to $6840",
2025-01-06,Kara Soghigian,"MeridianLink Mortgage LOS First Lien Loans Tier 12 (75 - 89 Closed Loans/Month) with no implementations Transaction fee increased from $84.40 to $91.20, Commitment increased from $6330 to $6840",
2025-01-06,Kara Soghigian,"MeridianLink Mortgage LOS First Lien Loans Tier 13 (60 - 74 Closed Loans/Month) with 1 implementation Transaction fee increased from $86.60 to $93.40, Commitment increased from $5196 to $5604",
2025-01-06,Kara Soghigian,"MeridianLink Mortgage LOS First Lien Loans Tier 13 (60 - 74 Closed Loans/Month) with 2 implementations Transaction fee increased from $86.60 to $93.40, Commitment increased from $5196 to $5604",
2025-01-06,Kara Soghigian,"MeridianLink Mortgage LOS First Lien Loans Tier 13 (60 - 74 Closed Loans/Month) with 3 implementations Transaction fee increased from $86.60 to $93.40, Commitment increased from $5196 to $5604",
2025-01-06,Kara Soghigian,"MeridianLink Mortgage LOS First Lien Loans Tier 13 (60 - 74 Closed Loans/Month) with no implementations Transaction fee increased from $86.60 to $93.40, Commitment increased from $5196 to $5604",
2025-01-06,Kara Soghigian,"MeridianLink Mortgage LOS First Lien Loans Tier 14 (45 - 59 Closed Loans/Month) with 1 implementation Transaction fee increased from $89.20 to $96.40, Commitment increased from $4014 to $4338",
2025-01-06,Kara Soghigian,"MeridianLink Mortgage LOS First Lien Loans Tier 14 (45 - 59 Closed Loans/Month) with 2 implementations Transaction fee increased from $89.20 to $96.40, Commitment increased from $4014 to $4338",
2025-01-06,Kara Soghigian,"MeridianLink Mortgage LOS First Lien Loans Tier 14 (45 - 59 Closed Loans/Month) with 3 implementations Transaction fee increased from $89.20 to $96.40, Commitment increased from $4014 to $4338",
2025-01-06,Kara Soghigian,"MeridianLink Mortgage LOS First Lien Loans Tier 14 (45 - 59 Closed Loans/Month) with no implementations Transaction fee increased from $89.20 to $96.40, Commitment increased from $4014 to $4338",
2025-01-06,Kara Soghigian,"MeridianLink Mortgage LOS First Lien Loans Tier 15 (30 - 44 Closed Loans/Month) with 1 implementation Transaction fee increased from $93.20 to $100.80, Commitment increased from $2796 to $3024",
2025-01-06,Kara Soghigian,"MeridianLink Mortgage LOS First Lien Loans Tier 15 (30 - 44 Closed Loans/Month) with 2 implementations Transaction fee increased from $93.20 to $100.80, Commitment increased from $2796 to $3024",
2025-01-06,Kara Soghigian,"MeridianLink Mortgage LOS First Lien Loans Tier 15 (30 - 44 Closed Loans/Month) with 3 implementations Transaction fee increased from $93.20 to $100.80, Commitment increased from $2796 to $3024",
2025-01-06,Kara Soghigian,"MeridianLink Mortgage LOS First Lien Loans Tier 15 (30 - 44 Closed Loans/Month) with no implementations Transaction fee increased from $93.20 to $100.80, Commitment increased from $2796 to $3024",
2025-01-06,Kara Soghigian,"MeridianLink Mortgage LOS First Lien Loans Tier 16 (15-29 Closed Loans/Month) with 1 implementation Transaction fee increased from $100.60 to $108.60, Commitment increased from $1509 to $1629",
2025-01-06,Kara Soghigian,"MeridianLink Mortgage LOS First Lien Loans Tier 16 (15-29 Closed Loans/Month) with 2 implementations Transaction fee increased from $100.60 to $108.60, Commitment increased from $1509 to $1629",
2025-01-06,Kara Soghigian,"MeridianLink Mortgage LOS First Lien Loans Tier 16 (15-29 Closed Loans/Month) with 3 implementations Transaction fee increased from $100.60 to $108.60, Commitment increased from $1509 to $1629",
2025-01-06,Kara Soghigian,"MeridianLink Mortgage LOS First Lien Loans Tier 16 (15-29 Closed Loans/Month) with no implementations Transaction fee increased from $100.60 to $108.60, Commitment increased from $1509 to $1629",
2025-01-06,Kara Soghigian,"MeridianLink Mortgage LOS First Lien Loans Tier 17 (10-14 Closed Loans/Month) with 1 implementation Transaction fee increased from $105 to $113.40, Commitment increased from $1050 to $1134",
2025-01-06,Kara Soghigian,"MeridianLink Mortgage LOS First Lien Loans Tier 17 (10-14 Closed Loans/Month) with 2 implementations Transaction fee increased from $105 to $113.40, Commitment increased from $1050 to $1134",
2025-01-06,Kara Soghigian,"MeridianLink Mortgage LOS First Lien Loans Tier 17 (10-14 Closed Loans/Month) with 3 implementations Transaction fee increased from $105 to $113.40, Commitment increased from $1050 to $1134",
2025-01-06,Kara Soghigian,"MeridianLink Mortgage LOS First Lien Loans Tier 17 (10-14 Closed Loans/Month) with no implementations Transaction fee increased from $105 to $113.40, Commitment increased from $1050 to $1134",
2025-01-06,Kara Soghigian,"MeridianLink Mortgage LOS First Lien Loans Tier 2 (900 - 1199 Closed Loans/Month) with 1 implementation Transaction fee increased from $64.40 to $69.60, Commitment increased from $57,960 to $62,640",
2025-01-06,Kara Soghigian,"MeridianLink Mortgage LOS First Lien Loans Tier 2 (900 - 1199 Closed Loans/Month) with 2 implementations Transaction fee increased from $64.40 to $69.60, Commitment increased from $57,960 to $62,640",
2025-01-06,Kara Soghigian,"MeridianLink Mortgage LOS First Lien Loans Tier 2 (900 - 1199 Closed Loans/Month) with 3 implementations Transaction fee increased from $64.40 to $69.60, Commitment increased from $57,960 to $62,640",
2025-01-06,Kara Soghigian,"MeridianLink Mortgage LOS First Lien Loans Tier 2 (900 - 1199 Closed Loans/Month) with no implementations Transaction fee increased from $64.40 to $69.60, Commitment increased from $57,960 to $62,640",
2025-01-06,Kara Soghigian,"MeridianLink Mortgage LOS First Lien Loans Tier 3 (675 - 899 Closed Loans/Month) with 1 implementation Transaction fee increased from $66.60 to $71.80, Commitment increased from $44,955 to $48,465",
2025-01-06,Kara Soghigian,"MeridianLink Mortgage LOS First Lien Loans Tier 3 (675 - 899 Closed Loans/Month) with 2 implementations Transaction fee increased from $66.60 to $71.80, Commitment increased from $44,955 to $48,465",
2025-01-06,Kara Soghigian,"MeridianLink Mortgage LOS First Lien Loans Tier 3 (675 - 899 Closed Loans/Month) with 3 implementations Transaction fee increased from $66.60 to $71.80, Commitment increased from $44,955 to $48,465",
2025-01-06,Kara Soghigian,"MeridianLink Mortgage LOS First Lien Loans Tier 3 (675 - 899 Closed Loans/Month) with no implementations Transaction fee increased from $66.60 to $71.80, Commitment increased from $44,955 to $48,465",
2025-01-06,Kara Soghigian,"MeridianLink Mortgage LOS First Lien Loans Tier 4 (525 - 674 Closed Loans/Month) with 1 implementation Transaction fee increased from $68.40 to $73.80, Commitment increased from $35,910 to $38,745",
2025-01-06,Kara Soghigian,"MeridianLink Mortgage LOS First Lien Loans Tier 4 (525 - 674 Closed Loans/Month) with 2 implementations Transaction fee increased from $68.40 to $73.80, Commitment increased from $35,910 to $38,745",
2025-01-06,Kara Soghigian,"MeridianLink Mortgage LOS First Lien Loans Tier 4 (525 - 674 Closed Loans/Month) with 3 implementations Transaction fee increased from $68.40 to $73.80, Commitment increased from $35,910 to $38,745",
2025-01-06,Kara Soghigian,"MeridianLink Mortgage LOS First Lien Loans Tier 4 (525 - 674 Closed Loans/Month) with no implementations Transaction fee increased from $68.40 to $73.80, Commitment increased from $35,910 to $38,745",
2025-01-06,Kara Soghigian,"MeridianLink Mortgage LOS First Lien Loans Tier 5 (400 - 524 Closed Loans/Month) with 1 implementation Transaction fee increased from $70.40 to $76, Commitment increased from $28,160 to $30,400",
2025-01-06,Kara Soghigian,"MeridianLink Mortgage LOS First Lien Loans Tier 5 (400 - 524 Closed Loans/Month) with 2 implementations Transaction fee increased from $70.40 to $76, Commitment increased from $28,160 to $30,400",
2025-01-06,Kara Soghigian,"MeridianLink Mortgage LOS First Lien Loans Tier 5 (400 - 524 Closed Loans/Month) with 3 implementations Transaction fee increased from $70.40 to $76, Commitment increased from $28,160 to $30,400",
2025-01-06,Kara Soghigian,"MeridianLink Mortgage LOS First Lien Loans Tier 5 (400 - 524 Closed Loans/Month) with no implementations Transaction fee increased from $70.40 to $76, Commitment increased from $28,160 to $30,400",
2025-01-06,Kara Soghigian,"MeridianLink Mortgage LOS First Lien Loans Tier 6 (300 - 399 Closed Loans/Month) with 1 implementation Transaction fee increased from $72.60 to $78.40, Commitment increased from $21,780 to $23,520",
2025-01-06,Kara Soghigian,"MeridianLink Mortgage LOS First Lien Loans Tier 6 (300 - 399 Closed Loans/Month) with 2 implentations Transaction fee increased from $72.60 to $78.40, Commitment increased from $21,780 to $23,520",
2025-01-06,Kara Soghigian,"MeridianLink Mortgage LOS First Lien Loans Tier 6 (300 - 399 Closed Loans/Month) with 3 implementations Transaction fee increased from $72.60 to $78.40, Commitment increased from $21,780 to $23,520",
2025-01-06,Kara Soghigian,"MeridianLink Mortgage LOS First Lien Loans Tier 6 (300 - 399 Closed Loans/Month) with no implementations Transaction fee increased from $72.60 to $78.40, Commitment increased from $21,780 to $23,520",
2025-01-06,Kara Soghigian,"MeridianLink Mortgage LOS First Lien Loans Tier 7 (225 - 299 Closed Loans/Month) with 1 implementation Transaction fee increased from $75 to $81, Commitment increased from $16,875 to $18,225",
2025-01-06,Kara Soghigian,"MeridianLink Mortgage LOS First Lien Loans Tier 7 (225 - 299 Closed Loans/Month) with 2 implementations Transaction fee increased from $75 to $81, Commitment increased from $16,875 to $18,225",
2025-01-06,Kara Soghigian,"MeridianLink Mortgage LOS First Lien Loans Tier 7 (225 - 299 Closed Loans/Month) with 3 implementations Transaction fee increased from $75 to $81, Commitment increased from $16,875 to $18,225",
2025-01-06,Kara Soghigian,"MeridianLink Mortgage LOS First Lien Loans Tier 7 (225 - 299 Closed Loans/Month) with no implementations Transaction fee increased from $75 to $81, Commitment increased from $16,875 to $18,225",
2025-01-06,Kara Soghigian,"MeridianLink Mortgage LOS First Lien Loans Tier 8 (170 - 224 Closed Loans/Month) with 1 implementation Transaction fee increased from $77.20 to $83.40, Commitment increased from $13,124 to $14,178",
2025-01-06,Kara Soghigian,"MeridianLink Mortgage LOS First Lien Loans Tier 8 (170 - 224 Closed Loans/Month) with 2 implementations Transaction fee increased from $77.20 to $83.40, Commitment increased from $13,124 to $14,178",
2025-01-06,Kara Soghigian,"MeridianLink Mortgage LOS First Lien Loans Tier 8 (170 - 224 Closed Loans/Month) with 3 implementations Transaction fee increased from $77.20 to $83.40, Commitment increased from $13,124 to $14,178",
2025-01-06,Kara Soghigian,"MeridianLink Mortgage LOS First Lien Loans Tier 8 (170 - 224 Closed Loans/Month) with no implementations Transaction fee increased from $77.20 to $83.40, Commitment increased from $13,124 to $14,178",
2025-01-06,Kara Soghigian,"MeridianLink Mortgage LOS First Lien Loans Tier 9 (135 - 169 Closed Loans/Month) with 1 implementation Transaction fee increased from $79.20 to $85.60, Commitment increased from $10,692 to $11,556",
2025-01-06,Kara Soghigian,"MeridianLink Mortgage LOS First Lien Loans Tier 9 (135 - 169 Closed Loans/Month) with 2 implementations Transaction fee increased from $79.20 to $85.60, Commitment increased from $10,692 to $11,556",
2025-01-06,Kara Soghigian,"MeridianLink Mortgage LOS First Lien Loans Tier 9 (135 - 169 Closed Loans/Month) with 3 implementations Transaction fee increased from $79.20 to $85.60, Commitment increased from $10,692 to $11,556",
2025-01-06,Kara Soghigian,"MeridianLink Mortgage LOS First Lien Loans Tier 9 (135 - 169 Closed Loans/Month) with no implementations Transaction fee increased from $79.2 to $85.6, Commitment increased from $10692 to $11556",
2025-01-06,Kara Soghigian,"MeridianLink Mortgage LOS Subordinate Lien Loans Tier 1 (1200+ Closed Loans/Month) Transaction fee increased from $40.60 to $44, Commitment increased from $48,720 to $52,800",
2025-01-06,Kara Soghigian,"MeridianLink Mortgage LOS Subordinate Lien Loans Tier 10 (110 - 134 Closed Loans/Month) Transaction fee increased from $52.80 to $57, Commitment increased from $58.08 to $6270",
2025-01-06,Kara Soghigian,"MeridianLink Mortgage LOS Subordinate Lien Loans Tier 11 (90 - 109 Closed Loans/Month) Transaction fee increased from $54 to $58.40, Commitment increased from $4860 to $5256",
2025-01-06,Kara Soghigian,"MeridianLink Mortgage LOS Subordinate Lien Loans Tier 12 (75 - 89 Closed Loans/Month) Transaction fee increased from $55 to $59.40, Commitment increased from $4125 to $4455",
2025-01-06,Kara Soghigian,"MeridianLink Mortgage LOS Subordinate Lien Loans Tier 13 (60 - 74 Closed Loans/Month) Transaction fee increased from $56.40 to $60.80, Commitment increased from $3384 to $3648",
2025-01-06,Kara Soghigian,"MeridianLink Mortgage LOS Subordinate Lien Loans Tier 14 (45 - 59 Closed Loans/Month) Transaction fee increased from $58 to $62.80, Commitment increased from $2610 to $2826",
2025-01-06,Kara Soghigian,"MeridianLink Mortgage LOS Subordinate Lien Loans Tier 15 (30 - 44 Closed Loans/Month) Transaction fee increased from $60.60 to $65.60, Commitment increased from $1818 to $1968",
2025-01-06,Kara Soghigian,"MeridianLink Mortgage LOS Subordinate Lien Loans Tier 16 (15-29 Closed Loans/Month) Transaction fee increased from $65.40 to $70.60, Commitment increased from $981 to $1059",
2025-01-06,Kara Soghigian,"MeridianLink Mortgage LOS Subordinate Lien Loans Tier 17 (10-14 Closed Loans/Month) Transaction fee increased from $68.40 to $73.80, Commitment increased from $684 to $738",
2025-01-06,Kara Soghigian,"MeridianLink Mortgage LOS Subordinate Lien Loans Tier 2 (900 - 1199 Closed Loans/Month) Transaction fee increased from $42 to $45.40, Commitment increased from $37,800 to $40,860",
2025-01-06,Kara Soghigian,"MeridianLink Mortgage LOS Subordinate Lien Loans Tier 3 (675 - 899 Closed Loans/Month) Transaction fee increased from $43.40 to $46.80, Commitment increased from $29,295 to $31,590",
2025-01-06,Kara Soghigian,"MeridianLink Mortgage LOS Subordinate Lien Loans Tier 4 (525 - 674 Closed Loans/Month) Transaction fee increased from $44.60 to $48, Commitment increased from $23,415 to $25,200",
2025-01-06,Kara Soghigian,"MeridianLink Mortgage LOS Subordinate Lien Loans Tier 5 (400 - 524 Closed Loans/Month) Transaction fee increased from $45.80 to $49.40, Commitment increased from $18,320 to $19,760",
2025-01-06,Kara Soghigian,"MeridianLink Mortgage LOS Subordinate Lien Loans Tier 6 (300 - 399 Closed Loans/Month) Transaction fee increased from $47.20 to $51, Commitment increased from $14,160 to $15,300",
2025-01-06,Kara Soghigian,"MeridianLink Mortgage LOS Subordinate Lien Loans Tier 7 (225 - 299 Closed Loans/Month) Transaction fee increased from $48.80 to $52.80, Commitment increased from $10,980 to $11,880",
2025-01-06,Kara Soghigian,"MeridianLink Mortgage LOS Subordinate Lien Loans Tier 8 (170 - 224 Closed Loans/Month) Transaction fee increased from $50.20 to $54.40, Commitment increased from $8534 to $9248",
2025-01-06,Kara Soghigian,"MeridianLink Mortgage LOS Subordinate Lien Loans Tier 9 (135 - 169 Closed Loans/Month) Transaction fee increased from $51.60 to $55.80, Commitment increased from $6966 to $7533",
2025-01-06,Kara Soghigian,"MeridianLink Mortgage LOS Tier 1 (1200+ Closed Loans/Mon) no implementation Transaction fee increased from $62.40 to $67.40, Commitment increased from $74,880 to $80,880",
2025-01-06,Kara Soghigian,"MeridianLink Mortgage LOS Tier 1 (1200+ Closed Loans/Mon) with 1 implementation Setup fee increased from $60,525 to $62,350, Transaction fee increased from $62.40 to $67.40, Commitment increased from $74,880 to $80,880",
2025-01-06,Kara Soghigian,"MeridianLink Mortgage LOS Tier 1 (1200+ Closed Loans/Mon) with 2 implementations Setup fee increased from $90,800 to $93,525, Transaction fee increased from $62.40 to $67.40, Commitment increased from $74,880 to $80,880",
2025-01-06,Kara Soghigian,"MeridianLink Mortgage LOS Tier 1 (1200+ Closed Loans/Mon) with 3 implementations Setup fee increased from $105,925 to $109,125, Transaction fee increased from $62.40 to $67.40, Commitment increased from $74,880 to $80,880",
2025-01-06,Kara Soghigian,"MeridianLink Mortgage LOS Tier 10 (110-134 Closed Loans/Mon) no implementation Transaction fee increased from $81 to $87.40, Commitment increased from $8910 to $9614",
2025-01-06,Kara Soghigian,"MeridianLink Mortgage LOS Tier 10 (110-134 Closed Loans/Mon) with 1 implementation Setup fee increased from $36,750 to $37,875, Transaction fee increased from $81 to $87.40, Commitment increased from $8910 to $9614",
2025-01-06,Kara Soghigian,"MeridianLink Mortgage LOS Tier 10 (110-134 Closed Loans/Mon) with 2 implementations Setup fee increased from $55,125 to $56,800, Transaction fee increased from $81 to $87.4, Commitment increased from $8910 to $9614",
2025-01-06,Kara Soghigian,"MeridianLink Mortgage LOS Tier 10 (110-134 Closed Loans/Mon) with 3 implementations Setup fee increased from $64,300 to $66,250, Transaction fee increased from $81 to $87.40, Commitment increased from $8910 to $9614",
2025-01-06,Kara Soghigian,"MeridianLink Mortgage LOS Tier 11 (90-109 Closed Loans/Mon) no implementation Transaction fee increased from $82.80 to $89.40, Commitment increased from $7452 to $8046",
2025-01-06,Kara Soghigian,"MeridianLink Mortgage LOS Tier 11 (90-109 Closed Loans/Mon) with 1 implementation Setup fee increased from $34,750 to $35,800, Transaction fee increased from $82.80 to $89.40, Commitment increased from $7452 to $8046",
2025-01-06,Kara Soghigian,"MeridianLink Mortgage LOS Tier 11 (90-109 Closed Loans/Mon) with 2 implementations Setup fee increased from $52,125 to $53,700, Transaction fee increased from $82.80 to $89.40, Commitment increased from $7452 to $8046",
2025-01-06,Kara Soghigian,"MeridianLink Mortgage LOS Tier 11 (90-109 Closed Loans/Mon) with 3 implementations Setup fee increased from $60,800 to $62,625, Transaction fee increased from $82.80 to $89.40, Commitment increased from $7452 to $8046",
2025-01-06,Kara Soghigian,"MeridianLink Mortgage LOS Tier 12 (75-89 Closed Loans/Mon) no implementation Transaction fee increased from $84.40 to $91.20, Commitment increased from $6330 to $6840",
2025-01-06,Kara Soghigian,"MeridianLink Mortgage LOS Tier 12 (75-89 Closed Loans/Mon) with 1 implementation Setup fee increased from $32,925 to $33,925, Transaction fee increased from $84.40 to $91.20, Commitment increased from $6330 to $6840",
2025-01-06,Kara Soghigian,"MeridianLink Mortgage LOS Tier 12 (75-89 Closed Loans/Mon) with 2 implementations Setup fee increased from $49,400 to $50,900, Transaction fee increased from $84.40 to $91.20, Commitment increased from $6330 to $6840",
2025-01-06,Kara Soghigian,"MeridianLink Mortgage LOS Tier 12 (75-89 Closed Loans/Mon) with 3 implementations Setup fee increased from $57,625 to $59,375, Transaction fee increased from $84.40 to $91.20, Commitment increased from $6330 to $6840",
2025-01-06,Kara Soghigian,"MeridianLink Mortgage LOS Tier 13 (60-74 Closed Loans/Mon) no implementation Transaction fee increased from $86.60 to $93.40, Commitment increased from $5196 to $5604",
2025-01-06,Kara Soghigian,"MeridianLink Mortgage LOS Tier 13 (60-74 Closed Loans/Mon) with 1 implementation Setup fee increased from $30,725 to $31,650, Transaction fee increased from $86.60 to $93.40, Commitment increased from $5196 to $5604",
2025-01-06,Kara Soghigian,"MeridianLink Mortgage LOS Tier 13 (60-74 Closed Loans/Mon) with 2 implementations Setup fee increased from $46,075 to $47,475, Transaction fee increased from $86.60 to $93.40, Commitment increased from $5196 to $5604",
2025-01-06,Kara Soghigian,"MeridianLink Mortgage LOS Tier 13 (60-74 Closed Loans/Mon) with 3 implementations Setup fee increased from $53,750 to $55,375, Transaction fee increased from $86.60 to $93.40, Commitment increased from $5196 to $5604",
2025-01-06,Kara Soghigian,"MeridianLink Mortgage LOS Tier 14 (45-59 Closed Loans/Mon) no implementation Transaction fee increased from $89.20 to $96.40, Commitment increased from $4014 to $4338",
2025-01-06,Kara Soghigian,"MeridianLink Mortgage LOS Tier 14 (45-59 Closed Loans/Mon) with 1 implementation Setup fee increased from $27,850 to $28,700, Transaction fee increased from $89.20 to $96.40, Commitment increased from $4014 to $4338",
2025-01-06,Kara Soghigian,"MeridianLink Mortgage LOS Tier 14 (45-59 Closed Loans/Mon) with 2 implementations Setup fee increased from $41,775 to $43,050, Transaction fee increased from $89.20 to $96.40, Commitment increased from $4014 to $4338",
2025-01-06,Kara Soghigian,"MeridianLink Mortgage LOS Tier 14 (45-59 Closed Loans/Mon) with 3 implementations Setup fee increased from $48,725 to $50,200, Transaction fee increased from $89.20 to $96.40, Commitment increased from $4014 to $4338",
2025-01-06,Kara Soghigian,"MeridianLink Mortgage LOS Tier 15 (30-44 Closed Loans/Mon) no implementation Transaction fee increased from $93.20 to $100.80, Commitment increased from $2796 to $3024",
2025-01-06,Kara Soghigian,"MeridianLink Mortgage LOS Tier 15 (30-44 Closed Loans/Mon) with 1 implementation Setup fee increased from $23,825 to $24,550, Transaction fee increased from $93.20 to $100.80, Commitment increased from $2796 to $3024",
2025-01-06,Kara Soghigian,"MeridianLink Mortgage LOS Tier 15 (30-44 Closed Loans/Mon) with 2 implementations Setup fee increased from $35,725 to $36,800, Transaction fee increased from $93.20 to $100.80, Commitment increased from $2796 to $3024",
2025-01-06,Kara Soghigian,"MeridianLink Mortgage LOS Tier 15 (30-44 Closed Loans/Mon) with 3 implementations Setup fee increased from $41,675 to $42,950, Transaction fee increased from $93.20 to $100.80, Commitment increased from $2796 to $3024",
2025-01-06,Kara Soghigian,"MeridianLink Mortgage LOS Tier 16 (15-29 Closed Loans/Mon) no implementation Transaction fee increased from $100.60 to $108.60, Commitment increased from $1509 to $1629",
2025-01-06,Kara Soghigian,"MeridianLink Mortgage LOS Tier 16 (15-29 Closed Loans/Mon) with 1 implementation Setup fee increased from $16,900 to $17,425, Transaction fee increased from $100.60 to $108.60, Commitment increased from $1509 to $1629",
2025-01-06,Kara Soghigian,"MeridianLink Mortgage LOS Tier 16 (15-29 Closed Loans/Mon) with 2 implementations Setup fee increased from $25,350 to $26,125, Transaction fee increased from $100.60 to $108.60, Commitment increased from $1509 to $1629",
2025-01-06,Kara Soghigian,"MeridianLink Mortgage LOS Tier 16 (15-29 Closed Loans/Mon) with 3 implementations Setup fee increased from $29,575 to $30,475, Transaction fee increased from $100.60 to $108.60, Commitment increased from $1509 to $1629",
2025-01-06,Kara Soghigian,"MeridianLink Mortgage LOS Tier 17 (10-14 Closed Loans/Mon) no implementation Transaction fee increased from $105 to $113.40, Commitment increased from $1050 to $1134",
2025-01-06,Kara Soghigian,"MeridianLink Mortgage LOS Tier 17 (10-14 Closed Loans/Mon) with 1 implementation Setup fee increased from $16,900 to $17,425, Transaction fee increased from $105 to $113.40, Commitment increased from $1050 to $1134",
2025-01-06,Kara Soghigian,"MeridianLink Mortgage LOS Tier 17 (10-14 Closed Loans/Mon) with 2 implementations Setup fee increased from $25,350 to $26,125, Transaction fee increased from $105 to $113.40, Commitment increased from $1050 to $1134",
2025-01-06,Kara Soghigian,"MeridianLink Mortgage LOS Tier 17 (10-14 Closed Loans/Mon) with 3 implementations Setup fee increased from $29,575 to $30,475, Transaction fee increased from $105 to $113.40, Commitment increased from $1050 to $1134",
2025-01-06,Kara Soghigian,"MeridianLink Mortgage LOS Tier 2 (900-1199 Closed Loans/Mon) no implementation Transaction fee increased from $64.40 to $69.60, Commitment increased from $57,960 to $62,640",
2025-01-06,Kara Soghigian,"MeridianLink Mortgage LOS Tier 2 (900-1199 Closed Loans/Mon) with 1 implementation Setup fee increased from $57,675 to $59,425, Transaction fee increased from $64.40 to $69.60, Commitment increased from $57,960 to $62,640",
2025-01-06,Kara Soghigian,"MeridianLink Mortgage LOS Tier 2 (900-1199 Closed Loans/Mon) with 2 implementations Setup fee increased from $86,525 to $89,125, Transaction fee increased from $64.40 to $69.60, Commitment increased from $57,960 to $62,640",
2025-01-06,Kara Soghigian,"MeridianLink Mortgage LOS Tier 2 (900-1199 Closed Loans/Mon) with 3 implementations Setup fee increased from $100,925 to $103,975, Transaction fee increased from $64.40 to $69.60, Commitment increased from $57,960 to $62,640",
2025-01-06,Kara Soghigian,"MeridianLink Mortgage LOS Tier 3 (675-899 Closed Loans/Mon) no implementation Transaction fee increased from $66.60 to $71.80, Commitment increased from $44,955 to $48,465",
2025-01-06,Kara Soghigian,"MeridianLink Mortgage LOS Tier 3 (675-899 Closed Loans/Mon) with 1 implementation Setup fee increased from $54,800 to $56,450, Transaction fee increased from $66.60 to $71.80, Commitment increased from $44,955 to $48,465",
2025-01-06,Kara Soghigian,"MeridianLink Mortgage LOS Tier 3 (675-899 Closed Loans/Mon) with 2 implementations Setup fee increased from $82,225 to $84,700, Transaction fee increased from $66.60 to $71.80, Commitment increased from $44,955 to $48,465",
2025-01-06,Kara Soghigian,"MeridianLink Mortgage LOS Tier 3 (675-899 Closed Loans/Mon) with 3 implementations Setup fee increased from $95,925 to $98,825, Transaction fee increased from $66.60 to $71.80, Commitment increased from $44,955 to $48,465",
2025-01-06,Kara Soghigian,"MeridianLink Mortgage LOS Tier 4 (525-674 Closed Loans/Mon) no implementation Transaction fee increased from $68.40 to $73.80, Commitment increased from $35,910 to $38,745",
2025-01-06,Kara Soghigian,"MeridianLink Mortgage LOS Tier 4 (525-674 Closed Loans/Mon) with 1 implementation Setup fee increased from $52,300 to $53,875, Transaction fee increased from $68.40 to $73.80, Commitment increased from $35,910 to $38,745",
2025-01-06,Kara Soghigian,"MeridianLink Mortgage LOS Tier 4 (525-674 Closed Loans/Mon) with 2 implementations Setup fee increased from $78,475 to $80,850, Transaction fee increased from $68.40 to $73.80, Commitment increased from $35,910 to $38,745",
2025-01-06,Kara Soghigian,"MeridianLink Mortgage LOS Tier 4 (525-674 Closed Loans/Mon) with 3 implementations Setup fee increased from $91,525 to $94,275, Transaction fee increased from $68.40 to $73.80, Commitment increased from $35,910 to $38,745",
2025-01-06,Kara Soghigian,"MeridianLink Mortgage LOS Tier 5 (400-524 Closed Loans/Mon) no implementation Transaction fee increased from $70.40 to $76, Commitment increased from $28,160 to $30,400",
2025-01-06,Kara Soghigian,"MeridianLink Mortgage LOS Tier 5 (400-524 Closed Loans/Mon) with 1 implementation Setup fee increased from $49,600 to $51,100, Transaction fee increased from $70.40 to $76, Commitment increased from $28,160 to $30,400",
2025-01-06,Kara Soghigian,"MeridianLink Mortgage LOS Tier 5 (400-524 Closed Loans/Mon) with 2 implementations Setup fee increased from $74,400 to $76,650, Transaction fee increased from $70.40 to $76, Commitment increased from $28,160 to $30,400",
2025-01-06,Kara Soghigian,"MeridianLink Mortgage LOS Tier 5 (400-524 Closed Loans/Mon) with 3 implementations Setup fee increased from $86,800 to $89,425, Transaction fee increased from $70.40 to $76, Commitment increased from $28,160 to $30,400",
2025-01-06,Kara Soghigian,"MeridianLink Mortgage LOS Tier 6 (300-399 Closed Loans/Mon) no implementation Transaction fee increased from $72.60 to $78.40, Commitment increased from $21,780 to $23,520",
2025-01-06,Kara Soghigian,"MeridianLink Mortgage LOS Tier 6 (300-399 Closed Loans/Mon) with 1 implementation Setup fee increased from $46,725 to $48,150, Transaction fee increased from $72.60 to $78.40, Commitment increased from $21,780 to $23,520",
2025-01-06,Kara Soghigian,"MeridianLink Mortgage LOS Tier 6 (300-399 Closed Loans/Mon) with 2 implementations Setup fee increased from $70,100 to $72,225, Transaction fee increased from $72.60 to $78.40, Commitment increased from $21,780 to $23,520",
2025-01-06,Kara Soghigian,"MeridianLink Mortgage LOS Tier 6 (300-399 Closed Loans/Mon) with 3 implementations Setup fee increased from $81,775 to $84,250, Transaction fee increased from $72.60 to $78.40, Commitment increased from $21,780 to $23,520",
2025-01-06,Kara Soghigian,"MeridianLink Mortgage LOS Tier 7 (225-299 Closed Loans/Mon) no implementation Transaction fee increased from $75 to $81, Commitment increased from $16,875 to $18,225",
2025-01-06,Kara Soghigian,"MeridianLink Mortgage LOS Tier 7 (225-299 Closed Loans/Mon) with 1 implementation Setup fee increased from $43,875 to $45,200, Transaction fee increased from $75 to $81, Commitment increased from $16,875 to $18,225",
2025-01-06,Kara Soghigian,"MeridianLink Mortgage LOS Tier 7 (225-299 Closed Loans/Mon) with 2 implementations Setup fee increased from $65,800 to $67,775, Transaction fee increased from $75 to $81, Commitment increased from $16,875 to $18,225",
2025-01-06,Kara Soghigian,"MeridianLink Mortgage LOS Tier 7 (225-299 Closed Loans/Mon) with 3 implementations Setup fee increased from $76,775 to $79,100, Transaction fee increased from $75 to $81, Commitment increased from $16,875 to $18,225",
2025-01-06,Kara Soghigian,"MeridianLink Mortgage LOS Tier 8 (170-224 Closed Loans/Mon) no implementation Transaction fee increased from $77.20 to $83.40, Commitment increased from $13,124 to $14,178",
2025-01-06,Kara Soghigian,"MeridianLink Mortgage LOS Tier 8 (170-224 Closed Loans/Mon) with 1 implementation Setup fee increased from $41,075 to $42,325, Transaction fee increased from $77.20 to $83.40, Commitment increased from $13,124 to $14,178",
2025-01-06,Kara Soghigian,"MeridianLink Mortgage LOS Tier 8 (170-224 Closed Loans/Mon) with 2 implementations Setup fee increased from $61,625 to $63,475, Transaction fee increased from $77.20 to $83.40, Commitment increased from $13,124 to $14,178",
2025-01-06,Kara Soghigian,"MeridianLink Mortgage LOS Tier 8 (170-224 Closed Loans/Mon) with 3 implementations Setup fee increased from $71,875 to $74,050, Transaction fee increased from $77.20 to $83.40, Commitment increased from $13,124 to $14,178",
2025-01-06,Kara Soghigian,"MeridianLink Mortgage LOS Tier 9 (135-169 Closed Loans/Mon) no implementation Transaction fee increased from $79.20 to $85.60, Commitment increased from $10,692 to $11,556",
2025-01-06,Kara Soghigian,"MeridianLink Mortgage LOS Tier 9 (135-169 Closed Loans/Mon) with 1 implementation Setup fee increased from $38,775 to $39,950, Transaction fee increased from $79.20 to $85.60, Commitment increased from $10,692 to $11,556",
2025-01-06,Kara Soghigian,"MeridianLink Mortgage LOS Tier 9 (135-169 Closed Loans/Mon) with 2 implementations Setup fee increased from $58,175 to $59,925, Transaction fee increased from $79.20 to $85.60, Commitment increased from $10,692 to $11,556",
2025-01-06,Kara Soghigian,"MeridianLink Mortgage LOS Tier 9 (135-169 Closed Loans/Mon) with 3 implementations Setup fee increased from $67,875 to $69,925, Transaction fee increased from $79.20 to $85.60, Commitment increased from $10,692 to $11,556",
2025-01-06,Kara Soghigian,"MeridianLink Mortgage LOS with DocMagic First Lien Loans Tier 1 (1200+ Closed Loans/Month) with 1 implementation Transaction fee increased from $89 to $94, Commitment increased from $106,800 to $112,800",
2025-01-06,Kara Soghigian,"MeridianLink Mortgage LOS with DocMagic First Lien Loans Tier 1 (1200+ Closed Loans/Month) with 2 implementations Transaction fee increased from $89 to $94, Commitment increased from $106,800 to $112,800",
2025-01-06,Kara Soghigian,"MeridianLink Mortgage LOS with DocMagic First Lien Loans Tier 1 (1200+ Closed Loans/Month) with 3 implementations Transaction fee increased from $89 to $94, Commitment increased from $106,800 to $112,800",
2025-01-06,Kara Soghigian,"MeridianLink Mortgage LOS with DocMagic First Lien Loans Tier 1 (1200+ Closed Loans/Month) with no implementation Transaction fee increased from $89 to $94, Commitment increased from $106,800 to $112,800",
2025-01-06,Kara Soghigian,"MeridianLink Mortgage LOS with DocMagic First Lien Loans Tier 10 (110 - 134 Closed Loans/Month) with 1 implementation Transaction fee increased from $107.60 to $114.20, Commitment increased from $11,836 to $12,562",
2025-01-06,Kara Soghigian,"MeridianLink Mortgage LOS with DocMagic First Lien Loans Tier 10 (110 - 134 Closed Loans/Month) with 2 implementations Transaction fee increased from $107.60 to $114.20, Commitment increased from $11,836 to $12,562",
2025-01-06,Kara Soghigian,"MeridianLink Mortgage LOS with DocMagic First Lien Loans Tier 10 (110 - 134 Closed Loans/Month) with 3 implementations Transaction fee increased from $107.60 to $114.20, Commitment increased from $11,836 to $12,562",
2025-01-06,Kara Soghigian,"MeridianLink Mortgage LOS with DocMagic First Lien Loans Tier 10 (110 - 134 Closed Loans/Month) with no implementations Transaction fee increased from $107.60 to $114.20, Commitment increased from $11,836 to $12,562",
2025-01-06,Kara Soghigian,"MeridianLink Mortgage LOS with DocMagic First Lien Loans Tier 11 (90 - 109 Closed Loans/Month) with 1 implementation Transaction fee increased from $109.40 to $116, Commitment increased from $9846 to $10,440",
2025-01-06,Kara Soghigian,"MeridianLink Mortgage LOS with DocMagic First Lien Loans Tier 11 (90 - 109 Closed Loans/Month) with 2 implementations Transaction fee increased from $109.40 to $116, Commitment increased from $9846 to $10,440",
2025-01-06,Kara Soghigian,"MeridianLink Mortgage LOS with DocMagic First Lien Loans Tier 11 (90 - 109 Closed Loans/Month) with 3 implementations Transaction fee increased from $109.40 to $116, Commitment increased from $9846 to $10,440",
2025-01-06,Kara Soghigian,"MeridianLink Mortgage LOS with DocMagic First Lien Loans Tier 11 (90 - 109 Closed Loans/Month) with no implementations Transaction fee increased from $109.40 to $116, Commitment increased from $9846 to $10,440",
2025-01-06,Kara Soghigian,"MeridianLink Mortgage LOS with DocMagic First Lien Loans Tier 12 (75 - 89 Closed Loans/Month) with 1 implementation Transaction fee increased from $111 to $117.80, Commitment increased from $8325 to $8835",
2025-01-06,Kara Soghigian,"MeridianLink Mortgage LOS with DocMagic First Lien Loans Tier 12 (75 - 89 Closed Loans/Month) with 2 implementations Transaction fee increased from $111 to $117.80, Commitment increased from $8325 to $8835",
2025-01-06,Kara Soghigian,"MeridianLink Mortgage LOS with DocMagic First Lien Loans Tier 12 (75 - 89 Closed Loans/Month) with 3 implementations Transaction fee increased from $111 to $117.80, Commitment increased from $8325 to $8835",
2025-01-06,Kara Soghigian,"MeridianLink Mortgage LOS with DocMagic First Lien Loans Tier 12 (75 - 89 Closed Loans/Month) with no implementations Transaction fee increased from $111 to $117.80, Commitment increased from $8325 to $8835",
2025-01-06,Kara Soghigian,"MeridianLink Mortgage LOS with DocMagic First Lien Loans Tier 13 (60 - 74 Closed Loans/Month) with 1 implementation Transaction fee increased from $113.20 to $120, Commitment increased from $6792 to $7200",
2025-01-06,Kara Soghigian,"MeridianLink Mortgage LOS with DocMagic First Lien Loans Tier 13 (60 - 74 Closed Loans/Month) with 2 implementations Transaction fee increased from $113.20 to $120, Commitment increased from $6792 to $7200",
2025-01-06,Kara Soghigian,"MeridianLink Mortgage LOS with DocMagic First Lien Loans Tier 13 (60 - 74 Closed Loans/Month) with 3 implementations Transaction fee increased from $113.20 to $120, Commitment increased from $6792 to $7200",
2025-01-06,Kara Soghigian,"MeridianLink Mortgage LOS with DocMagic First Lien Loans Tier 13 (60 - 74 Closed Loans/Month) with no implementations Transaction fee increased from $113.20 to $120, Commitment increased from $6792 to $7200",
2025-01-06,Kara Soghigian,"MeridianLink Mortgage LOS with DocMagic First Lien Loans Tier 14 (45 - 59 Closed Loans/Month) with 1 implementation Transaction fee increased from $115.80 to $123, Commitment increased from $5211 to $5535",
2025-01-06,Kara Soghigian,"MeridianLink Mortgage LOS with DocMagic First Lien Loans Tier 14 (45 - 59 Closed Loans/Month) with 2 implementations Transaction fee increased from $115.80 to $123, Commitment increased from $5211 to $5535",
2025-01-06,Kara Soghigian,"MeridianLink Mortgage LOS with DocMagic First Lien Loans Tier 14 (45 - 59 Closed Loans/Month) with 3 implementations Transaction fee increased from $115.80 to $123, Commitment increased from $5211 to $5535",
2025-01-06,Kara Soghigian,"MeridianLink Mortgage LOS with DocMagic First Lien Loans Tier 14 (45 - 59 Closed Loans/Month) with no implementations Transaction fee increased from $115.80 to $123, Commitment increased from $5211 to $5535",
2025-01-06,Kara Soghigian,"MeridianLink Mortgage LOS with DocMagic First Lien Loans Tier 15 (30 - 44 Closed Loans/Month) with 1 implementation Transaction fee increased from $119.80 to $127.40, Commitment increased from $3594 to $3822",
2025-01-06,Kara Soghigian,"MeridianLink Mortgage LOS with DocMagic First Lien Loans Tier 15 (30 - 44 Closed Loans/Month) with 2 implementations Transaction fee increased from $119.80 to $127.40, Commitment increased from $3594 to $3822",
2025-01-06,Kara Soghigian,"MeridianLink Mortgage LOS with DocMagic First Lien Loans Tier 15 (30 - 44 Closed Loans/Month) with 3 implementations Transaction fee increased from $119.80 to $127.40, Commitment increased from $3594 to $3822",
2025-01-06,Kara Soghigian,"MeridianLink Mortgage LOS with DocMagic First Lien Loans Tier 15 (30 - 44 Closed Loans/Month) with no implementations Transaction fee increased from $119.80 to $127.40, Commitment increased from $3594 to $3822",
2025-01-06,Kara Soghigian,"MeridianLink Mortgage LOS with DocMagic First Lien Loans Tier 16 (15-29 Closed Loans/Month) with 1 implementation Transaction fee increased from $127.20 to $135.20, Commitment increased from $1908 to $2028",
2025-01-06,Kara Soghigian,"MeridianLink Mortgage LOS with DocMagic First Lien Loans Tier 16 (15-29 Closed Loans/Month) with 2 implementations Transaction fee increased from $127.20 to $135.20, Commitment increased from $1908 to $2028",
2025-01-06,Kara Soghigian,"MeridianLink Mortgage LOS with DocMagic First Lien Loans Tier 16 (15-29 Closed Loans/Month) with 3 implementations Transaction fee increased from $127.20 to $135.2., Commitment increased from $1908 to $2028",
2025-01-06,Kara Soghigian,"MeridianLink Mortgage LOS with DocMagic First Lien Loans Tier 16 (15-29 Closed Loans/Month) with no implementations Transaction fee increased from $127.20 to $135.20, Commitment increased from $1908 to $2028",
2025-01-06,Kara Soghigian,"MeridianLink Mortgage LOS with DocMagic First Lien Loans Tier 17 (10-14 Closed Loans/Month) with 1 implementation Transaction fee increased from $131.60 to $140, Commitment increased from $1316 to $1400",
2025-01-06,Kara Soghigian,"MeridianLink Mortgage LOS with DocMagic First Lien Loans Tier 17 (10-14 Closed Loans/Month) with 2 implementations Transaction fee increased from $131.60 to $140, Commitment increased from $1316 to $1400",
2025-01-06,Kara Soghigian,"MeridianLink Mortgage LOS with DocMagic First Lien Loans Tier 17 (10-14 Closed Loans/Month) with 3 implementations Transaction fee increased from $131.60 to $140, Commitment increased from $1316 to $1400",
2025-01-06,Kara Soghigian,"MeridianLink Mortgage LOS with DocMagic First Lien Loans Tier 17 (10-14 Closed Loans/Month) with no implementations Transaction fee increased from $131.60 to $140, Commitment increased from $1316 to $1400",
2025-01-06,Kara Soghigian,"MeridianLink Mortgage LOS with DocMagic First Lien Loans Tier 2 (900 - 1199 Closed Loans/Month) with 1 implementation Transaction fee increased from $91 to $96.20, Commitment increased from $81,900 to $86,580",
2025-01-06,Kara Soghigian,"MeridianLink Mortgage LOS with DocMagic First Lien Loans Tier 2 (900 - 1199 Closed Loans/Month) with 2 implementations Transaction fee increased from $91 to $96.20, Commitment increased from $81,900 to $86,580",
2025-01-06,Kara Soghigian,"MeridianLink Mortgage LOS with DocMagic First Lien Loans Tier 2 (900 - 1199 Closed Loans/Month) with 3 implementations Transaction fee increased from $91 to $96.20, Commitment increased from $81,900 to $86,580",
2025-01-06,Kara Soghigian,"MeridianLink Mortgage LOS with DocMagic First Lien Loans Tier 2 (900 - 1199 Closed Loans/Month) with no implementations Transaction fee increased from $91 to $96.20, Commitment increased from $81,900 to $86,580",
2025-01-06,Kara Soghigian,"MeridianLink Mortgage LOS with DocMagic First Lien Loans Tier 3 (675 - 899 Closed Loans/Month) with 1 implementation Transaction fee increased from $93.20 to $98.40, Commitment increased from $62,910 to $66,420",
2025-01-06,Kara Soghigian,"MeridianLink Mortgage LOS with DocMagic First Lien Loans Tier 3 (675 - 899 Closed Loans/Month) with 2 implementations Transaction fee increased from $93.20 to $98.40, Commitment increased from $62,910 to $66,420",
2025-01-06,Kara Soghigian,"MeridianLink Mortgage LOS with DocMagic First Lien Loans Tier 3 (675 - 899 Closed Loans/Month) with 3 implementations Transaction fee increased from $93.20 to $98.40, Commitment increased from $62,910 to $66,420",
2025-01-06,Kara Soghigian,"MeridianLink Mortgage LOS with DocMagic First Lien Loans Tier 3 (675 - 899 Closed Loans/Month) with no implementations Transaction fee increased from $93.20 to $98.40, Commitment increased from $62,910 to $66,420",
2025-01-06,Kara Soghigian,"MeridianLink Mortgage LOS with DocMagic First Lien Loans Tier 4 (525 - 674 Closed Loans/Month) with 1 implementation Transaction fee increased from $95 to $100.40, Commitment increased from $49,875 to $52,710",
2025-01-06,Kara Soghigian,"MeridianLink Mortgage LOS with DocMagic First Lien Loans Tier 4 (525 - 674 Closed Loans/Month) with 2 implementations Transaction fee increased from $95 to $100.40, Commitment increased from $49,875 to $52,710",
2025-01-06,Kara Soghigian,"MeridianLink Mortgage LOS with DocMagic First Lien Loans Tier 4 (525 - 674 Closed Loans/Month) with 3 implementations Transaction fee increased from $95 to $100.40, Commitment increased from $49,875 to $52,710",
2025-01-06,Kara Soghigian,"MeridianLink Mortgage LOS with DocMagic First Lien Loans Tier 4 (525 - 674 Closed Loans/Month) with no implementations Transaction fee increased from $95 to $100.40, Commitment increased from $49,875 to $52,710",
2025-01-06,Kara Soghigian,"MeridianLink Mortgage LOS with DocMagic First Lien Loans Tier 5 (400 - 524 Closed Loans/Month) with 1 implementation Transaction fee increased from $97 to $102.60, Commitment increased from $38,800 to $41,040",
2025-01-06,Kara Soghigian,"MeridianLink Mortgage LOS with DocMagic First Lien Loans Tier 5 (400 - 524 Closed Loans/Month) with 2 implementations Transaction fee increased from $97 to $102.60, Commitment increased from $38,800 to $41,040",
2025-01-06,Kara Soghigian,"MeridianLink Mortgage LOS with DocMagic First Lien Loans Tier 5 (400 - 524 Closed Loans/Month) with 3 implementations Transaction fee increased from $97 to $102.60, Commitment increased from $38,800 to $41,040",
2025-01-06,Kara Soghigian,"MeridianLink Mortgage LOS with DocMagic First Lien Loans Tier 5 (400 - 524 Closed Loans/Month) with no implementations Transaction fee increased from $97 to $102.60, Commitment increased from $38,800 to $41,040",
2025-01-06,Kara Soghigian,"MeridianLink Mortgage LOS with DocMagic First Lien Loans Tier 6 (300 - 399 Closed Loans/Month) with 1 implementation Transaction fee increased from $99.20 to $105, Commitment increased from $29,760 to $31,500",
2025-01-06,Kara Soghigian,"MeridianLink Mortgage LOS with DocMagic First Lien Loans Tier 6 (300 - 399 Closed Loans/Month) with 2 implentations Transaction fee increased from $99.20 to $105, Commitment increased from $29,760 to $31,500",
2025-01-06,Kara Soghigian,"MeridianLink Mortgage LOS with DocMagic First Lien Loans Tier 6 (300 - 399 Closed Loans/Month) with 3 implementations Transaction fee increased from $99.20 to $105, Commitment increased from $29,760 to $31,500",
2025-01-06,Kara Soghigian,"MeridianLink Mortgage LOS with DocMagic First Lien Loans Tier 6 (300 - 399 Closed Loans/Month) with no implementations Transaction fee increased from $99.20 to $105, Commitment increased from $29,760 to $31,500",
2025-01-06,Kara Soghigian,"MeridianLink Mortgage LOS with DocMagic First Lien Loans Tier 7 (225 - 299 Closed Loans/Month) with 1 implementation Transaction fee increased from $101.60 to $107.60, Commitment increased from $22,860 to $24,210",
2025-01-06,Kara Soghigian,"MeridianLink Mortgage LOS with DocMagic First Lien Loans Tier 7 (225 - 299 Closed Loans/Month) with 2 implementations Transaction fee increased from $101.60 to $107.60, Commitment increased from $22,860 to $24,210",
2025-01-06,Kara Soghigian,"MeridianLink Mortgage LOS with DocMagic First Lien Loans Tier 7 (225 - 299 Closed Loans/Month) with 3 implementations Transaction fee increased from $101.60 to $107.60, Commitment increased from $22,860 to $24,210",
2025-01-06,Kara Soghigian,"MeridianLink Mortgage LOS with DocMagic First Lien Loans Tier 7 (225 - 299 Closed Loans/Month) with no implementations Transaction fee increased from $101.60 to $107.60, Commitment increased from $22,860 to $24,210",
2025-01-06,Kara Soghigian,"MeridianLink Mortgage LOS with DocMagic First Lien Loans Tier 8 (170 - 224 Closed Loans/Month) with 1 implementation Transaction fee increased from $103.80 to $110, Commitment increased from $17,646 to $18,700",
2025-01-06,Kara Soghigian,"MeridianLink Mortgage LOS with DocMagic First Lien Loans Tier 8 (170 - 224 Closed Loans/Month) with 2 implementations Transaction fee increased from $103.80 to $110, Commitment increased from $17,646 to $18,700",
2025-01-06,Kara Soghigian,"MeridianLink Mortgage LOS with DocMagic First Lien Loans Tier 8 (170 - 224 Closed Loans/Month) with 3 implementations Transaction fee increased from $103.80 to $110, Commitment increased from $17,646 to $18,700",
2025-01-06,Kara Soghigian,"MeridianLink Mortgage LOS with DocMagic First Lien Loans Tier 8 (170 - 224 Closed Loans/Month) with no implementations Transaction fee increased from $103.80 to $110, Commitment increased from $17,646 to $18,700",
2025-01-06,Kara Soghigian,"MeridianLink Mortgage LOS with DocMagic First Lien Loans Tier 9 (135 - 169 Closed Loans/Month) with 1 implementation Transaction fee increased from $105.80 to $112.20, Commitment increased from $14,283 to $15,147",
2025-01-06,Kara Soghigian,"MeridianLink Mortgage LOS with DocMagic First Lien Loans Tier 9 (135 - 169 Closed Loans/Month) with 2 implementations Transaction fee increased from $105.80 to $112.20, Commitment increased from $14,283 to $15,147",
2025-01-06,Kara Soghigian,"MeridianLink Mortgage LOS with DocMagic First Lien Loans Tier 9 (135 - 169 Closed Loans/Month) with 3 implementations Transaction fee increased from $105.80 to $112.20, Commitment increased from $14,283 to $15,147",
2025-01-06,Kara Soghigian,"MeridianLink Mortgage LOS with DocMagic First Lien Loans Tier 9 (135 - 169 Closed Loans/Month) with no implementations Transaction fee increased from $105.80 to $112.20, Commitment increased from $14,283 to $15,147",
2025-01-06,Kara Soghigian,"MeridianLink Mortgage LOS with DocMagic Subordinate Lien Loans Tier 1 (1200+ Closed Loans/Month) Transaction fee increased from $67.20 to $70.60, Commitment increased from $80,640 to $84,720",
2025-01-06,Kara Soghigian,"MeridianLink Mortgage LOS with DocMagic Subordinate Lien Loans Tier 10 (110 - 134 Closed Loans/Month) Transaction fee increased from $79.40 to $83.60, Commitment increased from $8734 to $9196",
2025-01-06,Kara Soghigian,"MeridianLink Mortgage LOS with DocMagic Subordinate Lien Loans Tier 11 (90 - 109 Closed Loans/Month) Transaction fee increased from $80.60 to $84.80, Commitment increased from $7254 to $7632",
2025-01-06,Kara Soghigian,"MeridianLink Mortgage LOS with DocMagic Subordinate Lien Loans Tier 12 (75 - 89 Closed Loans/Month) Transaction fee increased from $81.60 to $86, Commitment increased from $6120 to $6450",
2025-01-06,Kara Soghigian,"MeridianLink Mortgage LOS with DocMagic Subordinate Lien Loans Tier 13 (60 - 74 Closed Loans/Month) Transaction fee increased from $83 to $87.40, Commitment increased from $4980 to $5244",
2025-01-06,Kara Soghigian,"MeridianLink Mortgage LOS with DocMagic Subordinate Lien Loans Tier 14 (45 - 59 Closed Loans/Month) Transaction fee increased from $84.60 to $89.40, Commitment increased from $3807 to $4023",
2025-01-06,Kara Soghigian,"MeridianLink Mortgage LOS with DocMagic Subordinate Lien Loans Tier 15 (30 - 44 Closed Loans/Month) Transaction fee increased from $87.20 to $92.20, Commitment increased from $2616 to $2766",
2025-01-06,Kara Soghigian,"MeridianLink Mortgage LOS with DocMagic Subordinate Lien Loans Tier 16 (15-29 Closed Loans/Month) Transaction fee increased from $92 to $97.20, Commitment increased from $1380 to $1458",
2025-01-06,Kara Soghigian,"MeridianLink Mortgage LOS with DocMagic Subordinate Lien Loans Tier 17 (10-14 Closed Loans/Month) Transaction fee increased from $95 to $100.40, Commitment increased from $950 to $1004",
2025-01-06,Kara Soghigian,"MeridianLink Mortgage LOS with DocMagic Subordinate Lien Loans Tier 2 (900 - 1199 Closed Loans/Month) Transaction fee increased from $68.80 to $72, Commitment increased from $61,740 to $64,800",
2025-01-06,Kara Soghigian,"MeridianLink Mortgage LOS with DocMagic Subordinate Lien Loans Tier 3 (675 - 899 Closed Loans/Month) Transaction fee increased from $70 to $73.40, Commitment increased from $47250 to $49545",
2025-01-06,Kara Soghigian,"MeridianLink Mortgage LOS with DocMagic Subordinate Lien Loans Tier 4 (525 - 674 Closed Loans/Month) Transaction fee increased from $71.20 to $74.60, Commitment increased from $37,380 to $39,165",
2025-01-06,Kara Soghigian,"MeridianLink Mortgage LOS with DocMagic Subordinate Lien Loans Tier 5 (400 - 524 Closed Loans/Month) Transaction fee increased from $72.40 to $76.20, Commitment increased from $28,960 to $30,480",
2025-01-06,Kara Soghigian,"MeridianLink Mortgage LOS with DocMagic Subordinate Lien Loans Tier 6 (300 - 399 Closed Loans/Month) Transaction fee increased from $73.80 to $77.60, Commitment increased from $22,140 to $23,280",
2025-01-06,Kara Soghigian,"MeridianLink Mortgage LOS with DocMagic Subordinate Lien Loans Tier 7 (225 - 299 Closed Loans/Month) Transaction fee increased from $75.40 to $79.40, Commitment increased from $16,965 to $17,865",
2025-01-06,Kara Soghigian,"MeridianLink Mortgage LOS with DocMagic Subordinate Lien Loans Tier 8 (170 - 224 Closed Loans/Month) Transaction fee increased from $76.80 to $81, Commitment increased from $13,056 to $13,770",
2025-01-06,Kara Soghigian,"MeridianLink Mortgage LOS with DocMagic Subordinate Lien Loans Tier 9 (135 - 169 Closed Loans/Month) Transaction fee increased from $78.20 to $82.40, Commitment increased from $10,557 to $11,124",
2025-01-06,Kara Soghigian,"MeridianLink Mortgage LOS with DocMagic Tier 1 (1200+ Closed Loans/Mon) with 1 implementation Setup fee increased from $60,525 to $62,350, Transaction fee increased from $89 to $94, Commitment increased from $106,800 to $112,800",
2025-01-06,Kara Soghigian,"MeridianLink Mortgage LOS with DocMagic Tier 1 (1200+ Closed Loans/Mon) with 2 implementations Setup fee increased from $90,800 to $93,525, Transaction fee increased from $89 to $94, Commitment increased from $106,800 to $112,800",
2025-01-06,Kara Soghigian,"MeridianLink Mortgage LOS with DocMagic Tier 1 (1200+ Closed Loans/Mon) with 3 implementations Setup fee increased from $105,925 to $109,125, Transaction fee increased from $89 to $94, Commitment increased from $106,800 to $112,800",
2025-01-06,Kara Soghigian,"MeridianLink Mortgage LOS with DocMagic Tier 1 (1200+ Closed Loans/Mon) with no implementation Transaction fee increased from $89 to $94, Commitment increased from $106,800 to $112,800",
2025-01-06,Kara Soghigian,"MeridianLink Mortgage LOS with DocMagic Tier 10 (110-134 Closed Loans/Mon) with 1 implementation Setup fee increased from $36,750 to $37,875, Transaction fee increased from $107.60 to $114, Commitment increased from $11,836 to $12,540",
2025-01-06,Kara Soghigian,"MeridianLink Mortgage LOS with DocMagic Tier 10 (110-134 Closed Loans/Mon) with 2 implementations Setup fee increased from $55,125 to $56,725, Transaction fee increased from $107.60 to $114, Commitment increased from $11,836 to $12,540",
2025-01-06,Kara Soghigian,"MeridianLink Mortgage LOS with DocMagic Tier 10 (110-134 Closed Loans/Mon) with 3 implementations Setup fee increased from $64,300 to $66,250, Transaction fee increased from $107.60 to $114, Commitment increased from $11,836 to $12,540",
2025-01-06,Kara Soghigian,"MeridianLink Mortgage LOS with DocMagic Tier 10 (110-134 Closed Loans/Mon) with no implementation Transaction fee increased from $107.60 to $114, Commitment increased from $11,836 to $12,540",
2025-01-06,Kara Soghigian,"MeridianLink Mortgage LOS with DocMagic Tier 11 (90-109 Closed Loans/Mon) with 1 implementation Setup fee increased from $34,750 to $35,800, Transaction fee increased from $109.40 to $116, Commitment increased from $9846 to $10,440",
2025-01-06,Kara Soghigian,"MeridianLink Mortgage LOS with DocMagic Tier 11 (90-109 Closed Loans/Mon) with 2 implementations Setup fee increased from $52,125 to $53,700, Transaction fee increased from $109.40 to $116, Commitment increased from $9846 to $10,440",
2025-01-06,Kara Soghigian,"MeridianLink Mortgage LOS with DocMagic Tier 11 (90-109 Closed Loans/Mon) with 3 implementations Setup fee increased from $60,800 to $62,650, Transaction fee increased from $109.40 to $116, Commitment increased from $9846 to $10,440",
2025-01-06,Kara Soghigian,"MeridianLink Mortgage LOS with DocMagic Tier 11 (90-109 Closed Loans/Mon) with no implementation Transaction fee increased from $109.40 to $116, Commitment increased from $9846 to $10,440",
2025-01-06,Kara Soghigian,"MeridianLink Mortgage LOS with DocMagic Tier 12 (75-89 Closed Loans/Mon) with  no implementation Transaction fee increased from $111 to $117.80, Commitment increased from $8325 to $8835",
2025-01-06,Kara Soghigian,"MeridianLink Mortgage LOS with DocMagic Tier 12 (75-89 Closed Loans/Mon) with 1 implementation Setup fee increased from $32,925 to $33,950, Transaction fee increased from $111 to $117.80, Commitment increased from $8325 to $8835",
2025-01-06,Kara Soghigian,"MeridianLink Mortgage LOS with DocMagic Tier 12 (75-89 Closed Loans/Mon) with 2 implementations Setup fee increased from $49,400 to $50,900, Transaction fee increased from $111 to $117.80, Commitment increased from $8325 to $8835",
2025-01-06,Kara Soghigian,"MeridianLink Mortgage LOS with DocMagic Tier 12 (75-89 Closed Loans/Mon) with 3 implementations Setup fee increased from $57,625 to $59,375, Transaction fee increased from $111 to $117.80, Commitment increased from $8325 to $8835",
2025-01-06,Kara Soghigian,"MeridianLink Mortgage LOS with DocMagic Tier 13 (60-74 Closed Loans/Mon) with 1 implementation Setup fee increased from $30,725 to $31,650, Transaction fee increased from $113.20 to $120, Commitment increased from $6792 to $7200",
2025-01-06,Kara Soghigian,"MeridianLink Mortgage LOS with DocMagic Tier 13 (60-74 Closed Loans/Mon) with 2 implementations Setup fee increased from $46,075 to $47,450, Transaction fee increased from $113.20 to $120, Commitment increased from $6792 to $7200",
2025-01-06,Kara Soghigian,"MeridianLink Mortgage LOS with DocMagic Tier 13 (60-74 Closed Loans/Mon) with 3 implementations Setup fee increased from $53,750 to $55,375, Transaction fee increased from $113.20 to $120, Commitment increased from $6792 to $7200",
2025-01-06,Kara Soghigian,"MeridianLink Mortgage LOS with DocMagic Tier 13 (60-74 Closed Loans/Mon) with no implementation Transaction fee increased from $113.20 to $120, Commitment increased from $6792 to $7200",
2025-01-06,Kara Soghigian,"MeridianLink Mortgage LOS with DocMagic Tier 14 (45-59 Closed Loans/Mon) with 1 implementation Setup fee increased from $27,850 to $28,700, Transaction fee increased from $115.80 to $123, Commitment increased from $5211 to $5535",
2025-01-06,Kara Soghigian,"MeridianLink Mortgage LOS with DocMagic Tier 14 (45-59 Closed Loans/Mon) with 2 implementations Setup fee increased from $41,775 to $43,025, Transaction fee increased from $115.80 to $123, Commitment increased from $5211 to $5535",
2025-01-06,Kara Soghigian,"MeridianLink Mortgage LOS with DocMagic Tier 14 (45-59 Closed Loans/Mon) with 3 implementations Setup fee increased from $48,725 to $50,200, Transaction fee increased from $115.80 to $123, Commitment increased from $5211 to $5535",
2025-01-06,Kara Soghigian,"MeridianLink Mortgage LOS with DocMagic Tier 14 (45-59 Closed Loans/Mon) with no implementation Transaction fee increased from $115.80 to $123, Commitment increased from $5211 to $5535",
2025-01-06,Kara Soghigian,"MeridianLink Mortgage LOS with DocMagic Tier 15 (30-44 Closed Loans/Mon) with 1 implementation Setup fee increased from $23,825 to $24,550, Transaction fee increased from $119.80 to $127.40, Commitment increased from $3594 to $3822",
2025-01-06,Kara Soghigian,"MeridianLink Mortgage LOS with DocMagic Tier 15 (30-44 Closed Loans/Mon) with 2 implementations Setup fee increased from $35,725 to $36,800, Transaction fee increased from $119.80 to $127.40, Commitment increased from $3594 to $3822",
2025-01-06,Kara Soghigian,"MeridianLink Mortgage LOS with DocMagic Tier 15 (30-44 Closed Loans/Mon) with 3 implementations Setup fee increased from $41,675 to $42,925, Transaction fee increased from $119.80 to $127.40, Commitment increased from $3594 to $3822",
2025-01-06,Kara Soghigian,"MeridianLink Mortgage LOS with DocMagic Tier 15 (30-44 Closed Loans/Mon) with no implementation Transaction fee increased from $119.80 to $127.40, Commitment increased from $3594 to $3822",
2025-01-06,Kara Soghigian,"MeridianLink Mortgage LOS with DocMagic Tier 16 (15-29 Closed Loans/Mon) with 1 implementation Setup fee increased from $16,900 to $17,425, Transaction fee increased from $127.20 to $135.20, Commitment increased from $1908 to $2028",
2025-01-06,Kara Soghigian,"MeridianLink Mortgage LOS with DocMagic Tier 16 (15-29 Closed Loans/Mon) with 2 implementations Setup fee increased from $25,350 to $26,125, Transaction fee increased from $127.20 to $135.20, Commitment increased from $1908 to $2028",
2025-01-06,Kara Soghigian,"MeridianLink Mortgage LOS with DocMagic Tier 16 (15-29 Closed Loans/Mon) with 3 implementations Setup fee increased from $29,575 to $30,475, Transaction fee increased from $127.20 to $135.20, Commitment increased from $1908 to $2028",
2025-01-06,Kara Soghigian,"MeridianLink Mortgage LOS with DocMagic Tier 16 (15-29 Closed Loans/Mon) with no implementation Transaction fee increased from $127.20 to $135.20, Commitment increased from $1908 to $2028",
2025-01-06,Kara Soghigian,"MeridianLink Mortgage LOS with DocMagic Tier 17 (10-14 Closed Loans/Mon) with 1 implementation Setup fee increased from $16,900 to $17,425, Transaction fee increased from $131.60 to $140, Commitment increased from $1316 to $1400",
2025-01-06,Kara Soghigian,"MeridianLink Mortgage LOS with DocMagic Tier 17 (10-14 Closed Loans/Mon) with 2 implementations Setup fee increased from $25,350 to $26,125, Transaction fee increased from $131.60 to $140, Commitment increased from $1316 to $1400",
2025-01-06,Kara Soghigian,"MeridianLink Mortgage LOS with DocMagic Tier 17 (10-14 Closed Loans/Mon) with 3 implementations Setup fee increased from $29,575 to $30,475, Transaction fee increased from $131.60 to $140, Commitment increased from $1316 to $1400",
2025-01-06,Kara Soghigian,"MeridianLink Mortgage LOS with DocMagic Tier 17 (10-14 Closed Loans/Mon) with no implementation Transaction fee increased from $131.60 to $140, Commitment increased from $1316 to $1400",
2025-01-06,Kara Soghigian,"MeridianLink Mortgage LOS with DocMagic Tier 2 (900-1199 Closed Loans/Mon) with 1 implementation Setup fee increased from $57,675 to $59,425, Transaction fee increased from $91 to $96.20, Commitment increased from $81,900 to $86,580",
2025-01-06,Kara Soghigian,"MeridianLink Mortgage LOS with DocMagic Tier 2 (900-1199 Closed Loans/Mon) with 2 implementations Setup fee increased from $86,525 to $89,125, Transaction fee increased from $91 to $96.20, Commitment increased from $81,900 to $86,580",
2025-01-06,Kara Soghigian,"MeridianLink Mortgage LOS with DocMagic Tier 2 (900-1199 Closed Loans/Mon) with 3 implementations Setup fee increased from $100,925 to $103,975, Transaction fee increased from $91 to $96.20, Commitment increased from $81,900 to $86,580",
2025-01-06,Kara Soghigian,"MeridianLink Mortgage LOS with DocMagic Tier 2 (900-1199 Closed Loans/Mon) with no implementation Transaction fee increased from $91 to $96.20, Commitment increased from $81,900 to $86,580",
2025-01-06,Kara Soghigian,"MeridianLink Mortgage LOS with DocMagic Tier 3 (675-899 Closed Loans/Mon) with 1 implementation Setup fee increased from $54,800 to $56,475, Transaction fee increased from $93.20 to $98.40, Commitment increased from $62,910 to $66,420",
2025-01-06,Kara Soghigian,"MeridianLink Mortgage LOS with DocMagic Tier 3 (675-899 Closed Loans/Mon) with 2 implementations Setup fee increased from $82,225 to $84,700, Transaction fee increased from $93.20 to $98.40, Commitment increased from $62,910 to $66,420",
2025-01-06,Kara Soghigian,"MeridianLink Mortgage LOS with DocMagic Tier 3 (675-899 Closed Loans/Mon) with 3 implementations Setup fee increased from $95,925 to $98,800, Transaction fee increased from $93.20 to $98.40, Commitment increased from $62,910 to $66,420",
2025-01-06,Kara Soghigian,"MeridianLink Mortgage LOS with DocMagic Tier 3 (675-899 Closed Loans/Mon) with no implementation Transaction fee increased from $93.20 to $98.40, Commitment increased from $62,910 to $66,420",
2025-01-06,Kara Soghigian,"MeridianLink Mortgage LOS with DocMagic Tier 4 (525-674 Closed Loans/Mon) with 1 implementation Setup fee increased from $52,300 to $53,875, Transaction fee increased from $95 to $100.40, Commitment increased from $49,875 to $52,710",
2025-01-06,Kara Soghigian,"MeridianLink Mortgage LOS with DocMagic Tier 4 (525-674 Closed Loans/Mon) with 2 implementations Setup fee increased from $78,475 to $80,825, Transaction fee increased from $95 to $100.40, Commitment increased from $49,875 to $52,710",
2025-01-06,Kara Soghigian,"MeridianLink Mortgage LOS with DocMagic Tier 4 (525-674 Closed Loans/Mon) with 3 implementations Setup fee increased from $91,525 to $94,300, Transaction fee increased from $95 to $100.40, Commitment increased from $49,875 to $52,710",
2025-01-06,Kara Soghigian,"MeridianLink Mortgage LOS with DocMagic Tier 4 (525-674 Closed Loans/Mon) with no implementation Transaction fee increased from $95 to $100.40, Commitment increased from $49,875 to $52,710",
2025-01-06,Kara Soghigian,"MeridianLink Mortgage LOS with DocMagic Tier 5 (400-524 Closed Loans/Mon) with 1 implementation Setup fee increased from $49,600 to $51,100, Transaction fee increased from $97 to $102.60, Commitment increased from $38,800 to $41,040",
2025-01-06,Kara Soghigian,"MeridianLink Mortgage LOS with DocMagic Tier 5 (400-524 Closed Loans/Mon) with 2 implementations Setup fee increased from $74,400 to $76,650, Transaction fee increased from $97 to $102.60, Commitment increased from $38,800 to $41,040",
2025-01-06,Kara Soghigian,"MeridianLink Mortgage LOS with DocMagic Tier 5 (400-524 Closed Loans/Mon) with 3 implementations Setup fee increased from $86,800 to $89,425, Transaction fee increased from $97 to $102.60, Commitment increased from $38,800 to $41,040",
2025-01-06,Kara Soghigian,"MeridianLink Mortgage LOS with DocMagic Tier 5 (400-524 Closed Loans/Mon) with no implementation Transaction fee increased from $97 to $102.60, Commitment increased from $38,800 to $41,040",
2025-01-06,Kara Soghigian,"MeridianLink Mortgage LOS with DocMagic Tier 6 (300-399 Closed Loans/Mon) with 1 implementation Setup fee increased from $46,725 to $48,150, Transaction fee increased from $99.20 to $105, Commitment increased from $29,760 to $31,500",
2025-01-06,Kara Soghigian,"MeridianLink Mortgage LOS with DocMagic Tier 6 (300-399 Closed Loans/Mon) with 2 implementations Setup fee increased from $70,100 to $72,225, Transaction fee increased from $99.20 to $105, Commitment increased from $29,760 to $31,500",
2025-01-06,Kara Soghigian,"MeridianLink Mortgage LOS with DocMagic Tier 6 (300-399 Closed Loans/Mon) with 3 implementations Setup fee increased from $81,775 to $84,250, Transaction fee increased from $99.20 to $105, Commitment increased from $29,760 to $31,500",
2025-01-06,Kara Soghigian,"MeridianLink Mortgage LOS with DocMagic Tier 6 (300-399 Closed Loans/Mon) with no implementation Transaction fee increased from $99.20 to $105, Commitment increased from $29,760 to $31,500",
2025-01-06,Kara Soghigian,"MeridianLink Mortgage LOS with DocMagic Tier 7 (225-299 Closed Loans/Mon) with 1 implementation Setup fee increased from $43,875 to $45,200, Transaction fee increased from $101.60 to $107.60, Commitment increased from $22,860 to $24,210",
2025-01-06,Kara Soghigian,"MeridianLink Mortgage LOS with DocMagic Tier 7 (225-299 Closed Loans/Mon) with 2 implementations Setup fee increased from $65,800 to $67,800, Transaction fee increased from $101.60 to $107.60, Commitment increased from $22,860 to $24,210",
2025-01-06,Kara Soghigian,"MeridianLink Mortgage LOS with DocMagic Tier 7 (225-299 Closed Loans/Mon) with 3 implementations Setup fee increased from $76,775 to $79,100, Transaction fee increased from $101.60 to $107.60, Commitment increased from $22,860 to $24,210",
2025-01-06,Kara Soghigian,"MeridianLink Mortgage LOS with DocMagic Tier 7 (225-299 Closed Loans/Mon) with no implementation Transaction fee increased from $101.60 to $107.60, Commitment increased from $22,860 to $24,210",
2025-01-06,Kara Soghigian,"MeridianLink Mortgage LOS with DocMagic Tier 8 (170-224 Closed Loans/Mon) with 1 implementation Setup fee increased from $41,075 to $42,325, Transaction fee increased from $103.80 to $110, Commitment increased from $17,646 to $18,700",
2025-01-06,Kara Soghigian,"MeridianLink Mortgage LOS with DocMagic Tier 8 (170-224 Closed Loans/Mon) with 2 implementations Setup fee increased from $61,625 to $63,475, Transaction fee increased from $103.80 to $110, Commitment increased from $17,646 to $18,700",
2025-01-06,Kara Soghigian,"MeridianLink Mortgage LOS with DocMagic Tier 8 (170-224 Closed Loans/Mon) with 3 implementations Setup fee increased from $71,875 to $74,050, Transaction fee increased from $103.80 to $110, Commitment increased from $17,646 to $18,700",
2025-01-06,Kara Soghigian,"MeridianLink Mortgage LOS with DocMagic Tier 8 (170-224 Closed Loans/Mon) with no implementation Transaction fee increased from $103.80 to $110, Commitment increased from $17,646 to $18,700",
2025-01-06,Kara Soghigian,"MeridianLink Mortgage LOS with DocMagic Tier 9 (135-169 Closed Loans/Mon) with 1 implementation Setup fee increased from $38,775 to $39,975, Transaction fee increased from $105.80 to $112.20, Commitment increased from $14,283 to $15,147",
2025-01-06,Kara Soghigian,"MeridianLink Mortgage LOS with DocMagic Tier 9 (135-169 Closed Loans/Mon) with 2 implementations Setup fee increased from $58,175 to $59,925, Transaction fee increased from $105.80 to $112.20, Commitment increased from $14,283 to $15,147",
2025-01-06,Kara Soghigian,"MeridianLink Mortgage LOS with DocMagic Tier 9 (135-169 Closed Loans/Mon) with 3 implementations Setup fee increased from $67,875 to $69,925, Transaction fee increased from $105.80 to $112.20, Commitment increased from $14,283 to $15,147",
2025-01-06,Kara Soghigian,"MeridianLink Mortgage LOS with DocMagic Tier 9 (135-169 Closed Loans/Mon) with no implementation Transaction fee increased from $105.80 to $112.20, Commitment increased from $14,283 to $15,147",
2025-01-06,Kara Soghigian,"MeridianLink Mortgage OpenClose Tier 1 (1200+ Closed Loans/Mon) no implementation Transaction fee increased from $62.40 to $67.40, Commitment increased from $74,880 to $80,880",
2025-01-06,Kara Soghigian,"MeridianLink Mortgage OpenClose Tier 1 (1200+ Closed Loans/Mon) with 1 implementation Setup fee increased from $60,525 to $62,350, Transaction fee increased from $62.40 to $67.40, Commitment increased from $74,880 to $80,880",
2025-01-06,Kara Soghigian,"MeridianLink Mortgage OpenClose Tier 1 (1200+ Closed Loans/Mon) with 2 implementations Setup fee increased from $90800 to $93525, Transaction fee increased from $62.40 to $67.40, Commitment increased from $74,880 to $80,880",
2025-01-06,Kara Soghigian,"MeridianLink Mortgage OpenClose Tier 1 (1200+ Closed Loans/Mon) with 3 implementations Setup fee increased from $105925 to $109125, Transaction fee increased from $62.40 to $67.40, Commitment increased from $74,880 to $80,880",
2025-01-06,Kara Soghigian,"MeridianLink Mortgage OpenClose Tier 10 (110-134 Closed Loans/Mon) no implementation Transaction fee increased from $81 to $87.60, Commitment increased from $8910 to $9636",
2025-01-06,Kara Soghigian,"MeridianLink Mortgage OpenClose Tier 10 (110-134 Closed Loans/Mon) with 1 implementation Setup fee increased from $36,750 to $37,875, Transaction fee increased from $81 to $87.60, Commitment increased from $8910 to $9636",
2025-01-06,Kara Soghigian,"MeridianLink Mortgage OpenClose Tier 10 (110-134 Closed Loans/Mon) with 2 implementations Setup fee increased from $55,125 to $56,800, Transaction fee increased from $81 to $87.60, Commitment increased from $8910 to $9636",
2025-01-06,Kara Soghigian,"MeridianLink Mortgage OpenClose Tier 10 (110-134 Closed Loans/Mon) with 3 implementations Setup fee increased from $64,300 to $66,250, Transaction fee increased from $81 to $87.60, Commitment increased from $8910 to $9636",
2025-01-06,Kara Soghigian,"MeridianLink Mortgage OpenClose Tier 11 (90-109 Closed Loans/Mon) no implementation Transaction fee increased from $82.80 to $89.60, Commitment increased from $7452 to $8064",
2025-01-06,Kara Soghigian,"MeridianLink Mortgage OpenClose Tier 11 (90-109 Closed Loans/Mon) with 1 implementation Setup fee increased from $34,750 to $35,800, Transaction fee increased from $82.80 to $89.60, Commitment increased from $7452 to $8064",
2025-01-06,Kara Soghigian,"MeridianLink Mortgage OpenClose Tier 11 (90-109 Closed Loans/Mon) with 2 implementations Setup fee increased from $52,125 to $53,700, Transaction fee increased from $82.80 to $89.60, Commitment increased from $7452 to $8064",
2025-01-06,Kara Soghigian,"MeridianLink Mortgage OpenClose Tier 11 (90-109 Closed Loans/Mon) with 3 implementations Setup fee increased from $60,800 to $62,625, Transaction fee increased from $82.80 to $89.60, Commitment increased from $7452 to $8064",
2025-01-06,Kara Soghigian,"MeridianLink Mortgage OpenClose Tier 12 (75-89 Closed Loans/Mon) no implementation Transaction fee increased from $84.40 to $91.20, Commitment increased from $6330 to $6840",
2025-01-06,Kara Soghigian,"MeridianLink Mortgage OpenClose Tier 12 (75-89 Closed Loans/Mon) with 1 implementation Setup fee increased from $32,925 to $33,925, Transaction fee increased from $84.40 to $91.20, Commitment increased from $6330 to $6840",
2025-01-06,Kara Soghigian,"MeridianLink Mortgage OpenClose Tier 12 (75-89 Closed Loans/Mon) with 2 implementations Setup fee increased from $49,400 to $50,900, Transaction fee increased from $84.40 to $91.20, Commitment increased from $6330 to $6840",
2025-01-06,Kara Soghigian,"MeridianLink Mortgage OpenClose Tier 12 (75-89 Closed Loans/Mon) with 3 implementations Setup fee increased from $57,625 to $59,375, Transaction fee increased from $84.40 to $91.20, Commitment increased from $6330 to $6840",
2025-01-06,Kara Soghigian,"MeridianLink Mortgage OpenClose Tier 13 (60-74 Closed Loans/Mon) no implementation Transaction fee increased from $86.60 to $93.60, Commitment increased from $5196 to $5616",
2025-01-06,Kara Soghigian,"MeridianLink Mortgage OpenClose Tier 13 (60-74 Closed Loans/Mon) with 1 implementation Setup fee increased from $30,725 to $31,650, Transaction fee increased from $86.60 to $93.60, Commitment increased from $5196 to $5616",
2025-01-06,Kara Soghigian,"MeridianLink Mortgage OpenClose Tier 13 (60-74 Closed Loans/Mon) with 2 implementations Setup fee increased from $46,075 to $47,475, Transaction fee increased from $86.60 to $93.60, Commitment increased from $5196 to $5616",
2025-01-06,Kara Soghigian,"MeridianLink Mortgage OpenClose Tier 13 (60-74 Closed Loans/Mon) with 3 implementations Setup fee increased from $53,750 to $55,375, Transaction fee increased from $86.60 to $93.60, Commitment increased from $5196 to $5616",
2025-01-06,Kara Soghigian,"MeridianLink Mortgage OpenClose Tier 14 (45-59 Closed Loans/Mon) no implementation Transaction fee increased from $89.20 to $96.40, Commitment increased from $4014 to $4338",
2025-01-06,Kara Soghigian,"MeridianLink Mortgage OpenClose Tier 14 (45-59 Closed Loans/Mon) with 1 implementation Setup fee increased from $27,850 to $28,700, Transaction fee increased from $89.20 to $96.40, Commitment increased from $4014 to $4338",
2025-01-06,Kara Soghigian,"MeridianLink Mortgage OpenClose Tier 14 (45-59 Closed Loans/Mon) with 2 implementations Setup fee increased from $41,775 to $43,050, Transaction fee increased from $89.20 to $96.40, Commitment increased from $4014 to $4338",
2025-01-06,Kara Soghigian,"MeridianLink Mortgage OpenClose Tier 14 (45-59 Closed Loans/Mon) with 3 implementations Setup fee increased from $48,725 to $50,200, Transaction fee increased from $89.20 to $96.40, Commitment increased from $4014 to $4338",
2025-01-06,Kara Soghigian,"MeridianLink Mortgage OpenClose Tier 15 (30-44 Closed Loans/Mon) no implementation Transaction fee increased from $93.20 to $100.80, Commitment increased from $2796 to $3024",
2025-01-06,Kara Soghigian,"MeridianLink Mortgage OpenClose Tier 15 (30-44 Closed Loans/Mon) with 1 implementation Setup fee increased from $23,825 to $24,550, Transaction fee increased from $93.20 to $100.80, Commitment increased from $2796 to $3024",
2025-01-06,Kara Soghigian,"MeridianLink Mortgage OpenClose Tier 15 (30-44 Closed Loans/Mon) with 2 implementations Setup fee increased from $35,725 to $36,800, Transaction fee increased from $93.20 to $100.80, Commitment increased from $2796 to $3024",
2025-01-06,Kara Soghigian,"MeridianLink Mortgage OpenClose Tier 15 (30-44 Closed Loans/Mon) with 3 implementations Setup fee increased from $41,675 to $42,950, Transaction fee increased from $93.20 to $100.80, Commitment increased from $2796 to $3024",
2025-01-06,Kara Soghigian,"MeridianLink Mortgage OpenClose Tier 16 (15-29 Closed Loans/Mon) no implementation Transaction fee increased from $100.60 to $108.80, Commitment increased from $1509 to $1632",
2025-01-06,Kara Soghigian,"MeridianLink Mortgage OpenClose Tier 16 (15-29 Closed Loans/Mon) with 1 implementation Setup fee increased from $16,900 to $17,425, Transaction fee increased from $100.60 to $108.80, Commitment increased from $1509 to $1632",
2025-01-06,Kara Soghigian,"MeridianLink Mortgage OpenClose Tier 16 (15-29 Closed Loans/Mon) with 2 implementations Setup fee increased from $25,350 to $26,125, Transaction fee increased from $100.60 to $108.80, Commitment increased from $1509 to $1632",
2025-01-06,Kara Soghigian,"MeridianLink Mortgage OpenClose Tier 16 (15-29 Closed Loans/Mon) with 3 implementations Setup fee increased from $29,575 to $30,475, Transaction fee increased from $100.60 to $108.80, Commitment increased from $1509 to $1632",
2025-01-06,Kara Soghigian,"MeridianLink Mortgage OpenClose Tier 17 (10-14 Closed Loans/Mon) with 1 implementation Setup fee increased from $16,900 to $17,425, Transaction fee increased from $105 to $113.40, Commitment increased from $1050 to $1134",
2025-01-06,Kara Soghigian,"MeridianLink Mortgage OpenClose Tier 17 (10-14 Closed Loans/Mon) with 2 implementations Setup fee increased from $25,350 to $26,125, Transaction fee increased from $105 to $113.40, Commitment increased from $1050 to $1134",
2025-01-06,Kara Soghigian,"MeridianLink Mortgage OpenClose Tier 17 (10-14 Closed Loans/Mon) with 3 implementations Setup fee increased from $29,575 to $30,475, Transaction fee increased from $105 to $113.40, Commitment increased from $1050 to $1134",
2025-01-06,Kara Soghigian,"MeridianLink Mortgage OpenClose Tier 17 (10-14 Closed Loans/Mon) with no implementations Transaction fee increased from $105 to $113.40, Commitment increased from $1050 to $1134",
2025-01-06,Kara Soghigian,"MeridianLink Mortgage OpenClose Tier 2 (900-1199 Closed Loans/Mon) no implementation Transaction fee increased from $64.40 to $69.60, Commitment increased from $57,960 to $62,640",
2025-01-06,Kara Soghigian,"MeridianLink Mortgage OpenClose Tier 2 (900-1199 Closed Loans/Mon) with 1 implementation Setup fee increased from $57,675 to $59,425, Transaction fee increased from $64.40 to $69.60, Commitment increased from $57,960 to $62,640",
2025-01-06,Kara Soghigian,"MeridianLink Mortgage OpenClose Tier 2 (900-1199 Closed Loans/Mon) with 2 implementations Setup fee increased from $86,525 to $89,125, Transaction fee increased from $64.40 to $69.60, Commitment increased from $57,960 to $62,640",
2025-01-06,Kara Soghigian,"MeridianLink Mortgage OpenClose Tier 2 (900-1199 Closed Loans/Mon) with 3 implementations Setup fee increased from $100,925 to $103,975, Transaction fee increased from $64.40 to $69.60, Commitment increased from $57,960 to $62,640",
2025-01-06,Kara Soghigian,"MeridianLink Mortgage OpenClose Tier 3 (675-899 Closed Loans/Mon) no implementation Transaction fee increased from $66.60 to $72, Commitment increased from $44,955 to $48,600",
2025-01-06,Kara Soghigian,"MeridianLink Mortgage OpenClose Tier 3 (675-899 Closed Loans/Mon) with 1 implementation Setup fee increased from $54,800 to $56,450, Transaction fee increased from $66.60 to $72, Commitment increased from $44,955 to $48,600",
2025-01-06,Kara Soghigian,"MeridianLink Mortgage OpenClose Tier 3 (675-899 Closed Loans/Mon) with 2 implementations Setup fee increased from $82,225 to $84,700, Transaction fee increased from $66.60 to $72, Commitment increased from $44,955 to $48,600",
2025-01-06,Kara Soghigian,"MeridianLink Mortgage OpenClose Tier 3 (675-899 Closed Loans/Mon) with 3 implementations Setup fee increased from $95,925 to $98,825, Transaction fee increased from $66.60 to $72, Commitment increased from $44,955 to $48,600",
2025-01-06,Kara Soghigian,"MeridianLink Mortgage OpenClose Tier 4 (525-674 Closed Loans/Mon) no implementation Transaction fee increased from $68.40 to $74, Commitment increased from $35,910 to $38,850",
2025-01-06,Kara Soghigian,"MeridianLink Mortgage OpenClose Tier 4 (525-674 Closed Loans/Mon) with 1 implementation Setup fee increased from $52,300 to $53,875, Transaction fee increased from $68.40 to $74, Commitment increased from $35,910 to $38,850",
2025-01-06,Kara Soghigian,"MeridianLink Mortgage OpenClose Tier 4 (525-674 Closed Loans/Mon) with 2 implementations Setup fee increased from $78,475 to $80,850, Transaction fee increased from $68.40 to $74, Commitment increased from $35,910 to $38,850",
2025-01-06,Kara Soghigian,"MeridianLink Mortgage OpenClose Tier 4 (525-674 Closed Loans/Mon) with 3 implementations Setup fee increased from $91,525 to $94,275, Transaction fee increased from $68.40 to $74, Commitment increased from $35,910 to $38,850",
2025-01-06,Kara Soghigian,"MeridianLink Mortgage OpenClose Tier 5 (400-524 Closed Loans/Mon) no implementation Transaction fee increased from $70.40 to $76.20, Commitment increased from $28,160 to $30,480",
2025-01-06,Kara Soghigian,"MeridianLink Mortgage OpenClose Tier 5 (400-524 Closed Loans/Mon) with 1 implementation Setup fee increased from $49,600 to $51,100, Transaction fee increased from $70.40 to $76.20, Commitment increased from $28,160 to $30,480",
2025-01-06,Kara Soghigian,"MeridianLink Mortgage OpenClose Tier 5 (400-524 Closed Loans/Mon) with 2 implementations Setup fee increased from $74,400 to $76,650, Transaction fee increased from $70.40 to $76.20, Commitment increased from $28,160 to $30,480",
2025-01-06,Kara Soghigian,"MeridianLink Mortgage OpenClose Tier 5 (400-524 Closed Loans/Mon) with 3 implementations Setup fee increased from $86,800 to $89,425, Transaction fee increased from $70.40 to $76.20, Commitment increased from $28,160 to $30,480",
2025-01-06,Kara Soghigian,"MeridianLink Mortgage OpenClose Tier 6 (300-399 Closed Loans/Mon) no implementation Transaction fee increased from $72.60 to $78.60, Commitment increased from $21,780 to $23,580",
2025-01-06,Kara Soghigian,"MeridianLink Mortgage OpenClose Tier 6 (300-399 Closed Loans/Mon) with 1 implementation Setup fee increased from $46,725 to $48,150, Transaction fee increased from $72.60 to $78.60, Commitment increased from $21,780 to $23,580",
2025-01-06,Kara Soghigian,"MeridianLink Mortgage OpenClose Tier 6 (300-399 Closed Loans/Mon) with 2 implementations Setup fee increased from $70,100 to $72,225, Transaction fee increased from $72.60 to $78.60, Commitment increased from $21,780 to $23,580",
2025-01-06,Kara Soghigian,"MeridianLink Mortgage OpenClose Tier 6 (300-399 Closed Loans/Mon) with 3 implementations Setup fee increased from $81,775 to $84,250, Transaction fee increased from $72.60 to $78.60, Commitment increased from $21,780 to $23,580",
2025-01-06,Kara Soghigian,"MeridianLink Mortgage OpenClose Tier 7 (225-299 Closed Loans/Mon) no implementation Transaction fee increased from $75 to $81, Commitment increased from $16,875 to $18,225",
2025-01-06,Kara Soghigian,"MeridianLink Mortgage OpenClose Tier 7 (225-299 Closed Loans/Mon) with 1 implementation Setup fee increased from $43,875 to $45,200, Transaction fee increased from $75 to $81, Commitment increased from $16,875 to $18,225",
2025-01-06,Kara Soghigian,"MeridianLink Mortgage OpenClose Tier 7 (225-299 Closed Loans/Mon) with 2 implementations Setup fee increased from $65,800 to $67,775, Transaction fee increased from $75 to $81, Commitment increased from $16,875 to $18,225",
2025-01-06,Kara Soghigian,"MeridianLink Mortgage OpenClose Tier 7 (225-299 Closed Loans/Mon) with 3 implementations Setup fee increased from $76,775 to $79,100, Transaction fee increased from $75 to $81, Commitment increased from $16,875 to $18,225",
2025-01-06,Kara Soghigian,"MeridianLink Mortgage OpenClose Tier 8 (170-224 Closed Loans/Mon) no implementation Transaction fee increased from $77.20 to $83.40, Commitment increased from $13,124 to $14,178",
2025-01-06,Kara Soghigian,"MeridianLink Mortgage OpenClose Tier 8 (170-224 Closed Loans/Mon) with 1 implementation Setup fee increased from $41,075 to $42,325, Transaction fee increased from $77.20 to $83.40, Commitment increased from $13,124 to $14,178",
2025-01-06,Kara Soghigian,"MeridianLink Mortgage OpenClose Tier 8 (170-224 Closed Loans/Mon) with 2 implementations Setup fee increased from $61,625 to $63,475, Transaction fee increased from $77.20 to $83.40, Commitment increased from $13,124 to $14,178",
2025-01-06,Kara Soghigian,"MeridianLink Mortgage OpenClose Tier 8 (170-224 Closed Loans/Mon) with 3 implementations Setup fee increased from $71,875 to $74,050, Transaction fee increased from $77.20 to $83.40, Commitment increased from $13,124 to $14,178",
2025-01-06,Kara Soghigian,"MeridianLink Mortgage OpenClose Tier 9 (135-169 Closed Loans/Mon) no implementation Transaction fee increased from $79.20 to $85.60, Commitment increased from $10,692 to $11,556",
2025-01-06,Kara Soghigian,"MeridianLink Mortgage OpenClose Tier 9 (135-169 Closed Loans/Mon) with 1 implementation Setup fee increased from $38,775 to $39,950, Transaction fee increased from $79.20 to $85.60, Commitment increased from $10,692 to $11,556",
2025-01-06,Kara Soghigian,"MeridianLink Mortgage OpenClose Tier 9 (135-169 Closed Loans/Mon) with 2 implementations Setup fee increased from $58,175 to $59,925, Transaction fee increased from $79.20 to $85.60, Commitment increased from $10,692 to $11,556",
2025-01-06,Kara Soghigian,"MeridianLink Mortgage OpenClose Tier 9 (135-169 Closed Loans/Mon) with 3 implementations Setup fee increased from $67,875 to $69,925, Transaction fee increased from $79.20 to $85.60, Commitment increased from $10,692 to $11,556",
2025-01-06,Kara Soghigian,"Core Conversion (Mortgage) Setup fee increased from $14,014 to $15,300",
2025-01-06,Kara Soghigian,"DNA (Mortgage) Setup fee increased from $14,550 to $15,860, Annual fee increased from $8830 to $9625",
2025-01-06,Kara Soghigian,"Episys (Core) (Mortgage) Setup fee increased from $14,547.50 to $15,857, Annual fee increased from $8827.50 to $9622",
2025-01-06,Kara Soghigian,"KeyStone (Mortgage) Setup fee increased from $145,47.50 to $15,857, Annual fee increased from $8827.50 to $9622",
2025-01-06,Kara Soghigian,"Spectrum (Summit) (Mortgage) Setup fee increased from $14,547.50 to $15,857, Annual fee increased from $8827.50 to $9622",
2025-01-06,Kara Soghigian,"XP System (XP2) (Mortgage) Setup fee increased from $14,547.50 to $15,857, Annual fee increased from $8827.50 to $9622",
2025-01-06,Kara Soghigian,Time & Materials (Mortgage) Setup fee increased from $305 to $325,
2025-01-06,Kara Soghigian,PriceMyLoan Service Package - Basic (OpenClose) Transaction fee increased from $305 to $315,
2025-01-06,Kara Soghigian,"PriceMyLoan Service Package - Plus (OpenClose) Annual fee increased from $8460 to $8820, Transaction fee increased from $235 to $245",
2025-01-06,Kara Soghigian,"PriceMyLoan Service Package - Premium (OpenClose) Annual fee increased from $14,400 to $15,120, Transaction fee increased from $200 to $210",
2025-01-06,Kara Soghigian,"PriceMyLoan Service Package - Standard (OpenClose) Annual fee increased from $3240 to $3360, Transaction fee increased from $270 to $280",
2025-01-06,Kara Soghigian,PriceMyLoan Service Package - Basic (ML Mortgage) Transaction fee increased from $305 to $315,
2025-01-06,Kara Soghigian,"PriceMyLoan Service Package - Plus (ML Mortgage) Annual fee increased from $8460 to $8820, Transaction fee increased from $235 to $245",
2025-01-06,Kara Soghigian,"PriceMyLoan Service Package - Premium (ML Mortgage) Annual fee increased from $14,400 to $15,120, Transaction fee increased from $200 to $210",
2025-01-06,Kara Soghigian,"PriceMyLoan Service Package - Standard (ML Mortgage) Annual fee increased from $3240 to $3360, Transaction fee increased from $270 to $280",
2025-01-06,Kara Soghigian,MLM Roles Training Package Setup fee increased from $3750 to $3875,
2025-01-06,Kara Soghigian,MLM Time & Materials Training Package Setup fee increased from $2200 to $2275,
2025-01-06,Kara Soghigian,MLM Training Package Setup fee increased from $6125 to $6325,
2025-01-06,Kara Soghigian,"Mortgage First and Subordinate Lien Loans combined 10-14 closed loans/month, 1 implementation setup fee increased from $16,900 to $17,425",
2025-01-06,Kara Soghigian,"Mortgage First and Subordinate Lien Loans combined 10-14 closed loans/month, 2 implementations setup fee increased from $23,350 to $26,125",
2025-01-06,Kara Soghigian,"Mortgage First and Subordinate Lien Loans combined 10-14 closed loans/month, 3 implementations setup fee increased from $29,575 to $30,475",
2025-01-06,Kara Soghigian,"Mortgage First and Subordinate Lien Loans combined 15-29 closed loans/month, 1 implementation setup fee increased from $16,900 to $17,425",
2025-01-06,Kara Soghigian,"Mortgage First and Subordinate Lien Loans combined 15-29 closed loans/month, 2 implementations setup fee increased from $23,350 to $26,125",
2025-01-06,Kara Soghigian,"Mortgage First and Subordinate Lien Loans combined 15-29 closed loans/month, 3 implementations setup fee increased from $29,575 to $30,475",
2025-01-06,Kara Soghigian,"Mortgage First and Subordinate Lien Loans combined 30-44 closed loans/month, 1 implementation setup fee increased from $23,825 to $24,550",
2025-01-06,Kara Soghigian,"Mortgage First and Subordinate Lien Loans combined 30-44 closed loans/month, 2 implementations setup fee increased from $35,725 to $36,800",
2025-01-06,Kara Soghigian,"Mortgage First and Subordinate Lien Loans combined 30-44 closed loans/month, 3 implementations setup fee increased from $41,675 to $42,950",
2025-01-06,Kara Soghigian,"Mortgage First and Subordinate Lien Loans combined 45-59 closed loans/month, 1 implementation setup fee increased from $27,580 to $28,700",
2025-01-06,Kara Soghigian,"Mortgage First and Subordinate Lien Loans combined 45-59 closed loans/month, 2 implementations setup fee increased from $41,775 to $43,050",
2025-01-06,Kara Soghigian,"Mortgage First and Subordinate Lien Loans combined 45-59 closed loans/month, 3 implementations setup fee increased from $48,725 to $50,200",
2025-01-06,Kara Soghigian,"Mortgage First and Subordinate Lien Loans combined 60-74 closed loans/month, 1 implementation setup fee increased from $30,725 to $31,650",
2025-01-06,Kara Soghigian,"Mortgage First and Subordinate Lien Loans combined 60-74 closed loans/month, 2 implementations setup fee increased from $46,075 to $47,475",
2025-01-06,Kara Soghigian,"Mortgage First and Subordinate Lien Loans combined 60-74 closed loans/month, 3 implementations setup fee increased from $53,750 to $55,375",
2025-01-06,Kara Soghigian,"Mortgage First and Subordinate Lien Loans combined 75-89 closed loans/month, 1 implementation setup fee increased from $32,955 to $33,925",
2025-01-06,Kara Soghigian,"Mortgage First and Subordinate Lien Loans combined 75-89 closed loans/month, 2 implementations setup fee increased from $49,400 to $50,900",
2025-01-06,Kara Soghigian,"Mortgage First and Subordinate Lien Loans combined 75-89 closed loans/month, 3 implementations setup fee increased from $57,625 to $59,375",
2025-01-06,Kara Soghigian,"Mortgage First and Subordinate Lien Loans combined 90-109 closed loans/month, 1 implementation setup fee increased from $34,750 to $35,800",
2025-01-06,Kara Soghigian,"Mortgage First and Subordinate Lien Loans combined 90-109 closed loans/month, 2 implementations setup fee increased from $52,125 to $53,700",
2025-01-06,Kara Soghigian,"Mortgage First and Subordinate Lien Loans combined 90-109 closed loans/month, 3 implementations setup fee increased from $60,800 to $62,625",
2025-01-06,Kara Soghigian,"Mortgage First and Subordinate Lien Loans combined 110-134 closed loans/month, 1 implementation setup fee increased from $36,750 to $37,875",
2025-01-06,Kara Soghigian,"Mortgage First and Subordinate Lien Loans combined 110-134 closed loans/month, 2 implementations setup fee increased from $55,125 to $56,800",
2025-01-06,Kara Soghigian,"Mortgage First and Subordinate Lien Loans combined 100-134 closed loans/month, 3 implementations setup fee increased from $64,300 to $66,250",
2025-01-06,Kara Soghigian,"Mortgage First and Subordinate Lien Loans combined 135-169 closed loans/month, 1 implementation setup fee increased from $38,775 to $39,950",
2025-01-06,Kara Soghigian,"Mortgage First and Subordinate Lien Loans combined 135-169 closed loans/month, 2 implementations setup fee increased from $58,175 to $59,925",
2025-01-06,Kara Soghigian,"Mortgage First and Subordinate Lien Loans combined 135-169 closed loans/month, 3 implementations setup fee increased from $67,875 to $69,925",
2025-01-06,Kara Soghigian,"Mortgage First and Subordinate Lien Loans combined 170-224 closed loans/month, 1 implementation setup fee increased from $41,075 to $42,325",
2025-01-06,Kara Soghigian,"Mortgage First and Subordinate Lien Loans combined 170-224 closed loans/month, 2 implementations setup fee increased from $61,625 to $63,475",
2025-01-06,Kara Soghigian,"Mortgage First and Subordinate Lien Loans combined 170-224 closed loans/month, 3 implementations setup fee increased from $71,875 to $74,050",
2025-01-06,Kara Soghigian,"Mortgage First and Subordinate Lien Loans combined 225-299 closed loans/month, 1 implementation setup fee increased from $43,875 to $45,200",
2025-01-06,Kara Soghigian,"Mortgage First and Subordinate Lien Loans combined 225-299 closed loans/month, 2 implementations setup fee increased from $65,800 to $67,774",
2025-01-06,Kara Soghigian,"Mortgage First and Subordinate Lien Loans combined 225-299 closed loans/month, 3 implementations setup fee increased from $76,775 to $79,100",
2025-01-06,Kara Soghigian,"Mortgage First and Subordinate Lien Loans combined 300-399 closed loans/month, 1 implementation setup fee increased from $46,725 to $48,150",
2025-01-06,Kara Soghigian,"Mortgage First and Subordinate Lien Loans combined 300-399 closed loans/month, 2 implementations setup fee increased from $70,100 to $72,225",
2025-01-06,Kara Soghigian,"Mortgage First and Subordinate Lien Loans combined 300-399 closed loans/month, 3 implementations setup fee increased from $81,775 to $84,250",
2025-01-06,Kara Soghigian,"Mortgage First and Subordinate Lien Loans combined 400-524 closed loans/month, 1 implementation setup fee increased from $49,600 to $51,100",
2025-01-06,Kara Soghigian,"Mortgage First and Subordinate Lien Loans combined 400-524 closed loans/month, 2 implementations setup fee increased from $74,400 to $76,650",
2025-01-06,Kara Soghigian,"Mortgage First and Subordinate Lien Loans combined 400-524 closed loans/month, 3 implementations setup fee increased from $86,800 to $89,425",
2025-01-06,Kara Soghigian,"Mortgage First and Subordinate Lien Loans combined 525-674 closed loans/month, 1 implementation setup fee increased from $52,300 to $53,875",
2025-01-06,Kara Soghigian,"Mortgage First and Subordinate Lien Loans combined 525-674 closed loans/month, 2 implementations setup fee increased from $78,475 to $80,850",
2025-01-06,Kara Soghigian,"Mortgage First and Subordinate Lien Loans combined 525-674 closed loans/month, 3 implementations setup fee increased from $91,525 to $94,275",
2025-01-06,Kara Soghigian,"Mortgage First and Subordinate Lien Loans combined 675-899 closed loans/month, 1 implementation setup fee increased from $54,800 to $56,450",
2025-01-06,Kara Soghigian,"Mortgage First and Subordinate Lien Loans combined 675-899 closed loans/month, 2 implementations setup fee increased from $82,225 to $84,700",
2025-01-06,Kara Soghigian,"Mortgage First and Subordinate Lien Loans combined 675-899 closed loans/month, 3 implementations setup fee increased from $95,925 to $98,825",
2025-01-06,Kara Soghigian,"Mortgage First and Subordinate Lien Loans combined 900-1199 closed loans/month, 1 implementation setup fee increased from $57,675 to $59,425",
2025-01-06,Kara Soghigian,"Mortgage First and Subordinate Lien Loans combined 900-1199 closed loans/month, 2 implementations setup fee increased from $86,525 to $89,125",
2025-01-06,Kara Soghigian,"Mortgage First and Subordinate Lien Loans combined 900-1199 closed loans/month, 3 implementations setup fee increased from $100,925 to $103,975",
2025-01-06,Kara Soghigian,"Mortgage First and Subordinate Lien Loans combined 1200+ closed loans/month, 1 implementation setup fee increased from $60,525 to $62,350",
2025-01-06,Kara Soghigian,"Mortgage First and Subordinate Lien Loans combined 1200+ closed loans/month, 2 implementations setup fee increased from $90,800 to $93,525",
2025-01-06,Kara Soghigian,"Mortgage First and Subordinate Lien Loans combined 1200+ closed loans/month, 3 implementations setup fee increased from $105,925 to $109,125",
2025-01-06,Kara Soghigian,Changed setup fee for no implementation Mortgage LOS lines from quote ($1234) to $0,
2025-01-06,Kara Soghigian,DealerTrack Digital Contracting (DecisionLender) added commitment product code,
2025-01-06,Kara Soghigian,DealerTrack eContracting (Consumer) added commitment product code,
2025-01-06,Kara Soghigian,"RouteOne eContracting changed transaction product code from SHARED-0163 to SHARED-0153, added commitment product code",
2025-01-06,Kara Soghigian,"MeridianLink Portal - Additional Portal renamed to POS- Additional Portal, Primary Service Category changed to Add On - POS",
2025-01-06,Kara Soghigian,"WithClutch setup fee changed to $10,000, annual fee changed to $5000",
2025-01-06,Kara Soghigian,Corrected name for TruStage Digital Storefront Tiers 2-5,
2025-01-06,Kara Soghigian,Coviance moved from Beta to Master Inventory,
2025-01-07,Kara Soghigian,Symitar SymXChange Core Conversion (Consumer) reduced setup fee from $9810 to $9000,
2025-02-03,Ryan Mumphrey,Added Tier 17 10-14 Closed Loans/Month to Module Tiers tab for Mortgage Access with and without setup,
2025-02-03,Kara Soghigian,"API Pro changed setup fee to $0, added recurring fee",
2025-02-03,Kara Soghigian,Frost Visual Gap for ML Consumer to Master Inventory,
2025-02-03,Kara Soghigian,"Frost Visual Gap, DecisionLender changed product codes to SHARED product codes.",
2025-02-03,Kara Soghigian,Added Bespoke Implementation Fee to Master Inventory,
2025-02-03,Kara Soghigian,Added Server Migration - High Complexity to Master Inventory,
2025-02-03,Kara Soghigian,Added Server Migration - Low Complexity to Master Inventory,
2025-02-03,Kara Soghigian,Added Server Migration - Medium Complexity to Master Inventory,
2025-02-03,Kara Soghigian,Added DocDownload Training Refresh for Additional Phase to Master Inventory,
2025-02-03,Kara Soghigian,Added Admin Pro additional 25 hours to Master Inventory,
2025-02-03,Kara Soghigian,Added Admin Pro Lite (Consumer) to Master Inventory,
2025-02-03,Kara Soghigian,Added Admin Pro Plus (Consumer) to Master Inventory,
2025-02-03,Kara Soghigian,"Added product codes for Tech Enabled Marketing - Email - CR-1, added setup fee",
2025-02-03,Kara Soghigian,Added product codes for Tech Enabled Marketing - Gift Cards Letter - B-1,
2025-02-03,Kara Soghigian,Added product codes for Tech Enabled Marketing - Letter - G-1,
2025-02-03,Kara Soghigian,Added product codes for Tech Enabled Marketing - Postcard - G-1,
2025-02-03,Kara Soghigian,Added product codes for Tech Enabled Marketing - Self Mailer - G-1,
2025-02-03,Kara Soghigian,"Replaced RouteOne TOLEC with RouteOne TOLEC > 30 Day Turn, Multi Batch and RouteOne TOLEC < 30 Day Turn, replaced CONS product codes with SHARED product codes",
2025-02-03,Kara Soghigian,Added Admin Pro Modern Experience to Master Inventory,
2025-02-03,Kara Soghigian,Added FiServ Premier for DecisionLender to Master Inventory,
2025-02-03,Kara Soghigian,Loan Program Build/Maintenance moved to Legacy Products tab,
2025-02-03,Kara Soghigian,Symitar SymXChange Core Conversion (Consumer) reduced setup fee from $9810 to $9000,
2025-02-03,Kara Soghigian,Changed name for MeridianLink Access (Unlimited Monthly Applications) (Tiers 1-3) to MeridianLink Access Premium,
2025-02-03,Kara Soghigian,Added Member Scorecard to Master Inventory,
2025-02-03,Kara Soghigian,Added SavvyMoney to the Master Inventory tab,
2025-02-03,Kara Soghigian,"Admin Pro (Mortgage) annual fee changed to $14,400, transaction (hourly) fee changed to $260",
2025-02-03,Kara Soghigian,Experian Verify increased setup fee from $3025 to $3300,
2025-02-03,Kara Soghigian,Mercury Insurance moved from Beta Products to Legacy Products,
2025-02-03,Kara Soghigian,"Union Credit increased setup fee from $2775 to $3025, increased annual fee from $2030 to $2215",
2025-02-03,Kara Soghigian,"JHA MeridianLink Portal Tier 1 (96,000+ apps) annual fee changed to $40,700",
2025-02-03,Kara Soghigian,"JHA MeridianLink Portal Tier 2 (48,000-95,999 apps) annual fee changed to $26,200",
2025-02-03,Kara Soghigian,MeridianLink Access Foundation changed Primary Service Category to Add On - POS,
2025-02-03,Kara Soghigian,"MeridianLink Access Foundation Tier 1 (96,000+ Applications) increased setup fee from $12,500 to $13,625, increased annual fee from $37,325 to $40,700",
2025-02-03,Kara Soghigian,"MeridianLink Access Foundation Tier 2 (48,000 - 95,999 Applications) increased setup fee from $12,500 to $13,625, increased annual fee from $23,995 to $26,200",
2025-02-03,Kara Soghigian,"MeridianLink Access Foundation Tier 3 (24,000 - 47,999 Applications) increased setup fee from $12,500 to $13,625, increased annual fee from $20,000 to $21,800",
2025-02-03,Kara Soghigian,"MeridianLink Access Foundation Tier 4 (12,000 - 23,999 Applications) increased setup fee from $12,500 to $13,625, increased annual fee from $16,000 to $17,440",
2025-02-03,Kara Soghigian,"MeridianLink Access Foundation Tier 5 (6,000 - 11,999 Applications) increased setup fee from $12,500 to $13,625, increased annual fee from $12,000 to $13,080",
2025-02-03,Kara Soghigian,"MeridianLink Access Foundation Tier 6 (3,000 - 5,999 Applications) increased setup fee from $12,500 to $13,625, increased annual fee from $8000 to $8720",
2025-02-03,Kara Soghigian,"MeridianLink Access Foundation Tier 7 (Up to 2,999 Applications) increased setup fee from $12,500 to $13,625, increased annual fee from $2670 to $2910",
2025-02-03,Kara Soghigian,"MeridianLink Portal Tier 1 (96,000+ apps) annual fee changed to $40,700",
2025-02-03,Kara Soghigian,"MeridianLink Portal Tier 2 (48,000-95,999 apps) annual fee changed to $26,200",
2025-02-03,Kara Soghigian,Scienaptic for ML Consumer and DecisionLender changed setup fee and annual fee to $0,
2025-02-03,Kara Soghigian,"Coviance Point of Sale increased Setup fee to $3025, increased Annual fee to $2215",
2025-02-03,Kara Soghigian,SourcePoint - Settlement Services moved to Legacy Products tab,
2025-04-23,Kara Soghigian,OneSpan changed to SHARED product code,
2025-04-23,Kara Soghigian,Added Vericast Loan Engine (Tiers 1-5) to Master Inventory,
2025-04-23,Kara Soghigian,Added Point Predictive Auto Pass for ML Consumer to Beta Products,
2025-04-23,Kara Soghigian,Document Mapping (loans) - DecisionLender moved to Legacy Products,
2025-04-23,Kara Soghigian,Document Mapping (overage) - DecisionLender4 Consumer moved to Legacy Products,
2025-04-23,Kara Soghigian,Document Mapping (overage) - DecisionLender4 Custom moved to Legacy Products,
2025-04-23,Kara Soghigian,Added Open Lending - Lenders Protection to Master Inventory,
2025-04-23,Kara Soghigian,Added TruStage QuoteConnect (CUNA) to Master Inventory,
2025-04-23,Kara Soghigian,Conductiv changed Primary Service Category to Add On - POS,
2025-04-23,Kara Soghigian,Digital Engagement Package - Interface.ai changed Primary Service Category to Add On - POS,
2025-04-23,Kara Soghigian,Experian Digital Risk Score changed Primary Service Category to Add On - POS,
2025-04-23,Kara Soghigian,MeridianLink Portal - Equifax InstaTouch (Consumer) changed Primary Service Category to Add On - POS,
2025-04-23,Kara Soghigian,Digital Engagement Package - Glia added to Master Inventory,
2025-04-23,Kara Soghigian,Digital Engagement Package - Eltropy added to Master Inventory,
2025-04-23,Kara Soghigian,Digital Engagement Package - HappyorNot Customer Surveys added to Master Inventory,
2025-04-23,Kara Soghigian,Digital Engagement Package - Custom Scripting Enablement added to Master Inventory,
2025-04-23,Kara Soghigian,Digital Customer Service Vendor Change added to Master Inventory,
2025-04-23,Kara Soghigian,DecisionLender Historical Data Dump added to Master Inventory,
2025-04-23,Kara Soghigian,Informed.iq added to Master Inventory,
2025-04-23,Kara Soghigian,Moved Union Credit from Beta Products to Master Inventory,
2025-05-20,S.Lang,Digital Engagement Package - Interface.ai removed transaction rate,SALESHELP-14882
2025-05-20,S.Lang,Socure ID & Doc Verification pricing & setup on EPC Updates,SALESHELP-15016
2025-05-20,S.Lang,"Remove setup fees for tiers 2-6 for FSSI Mailing, updated collect Tiers to align, added missing commitment options",SALESHELP-16078
2025-05-20,S.Lang,Remove ML Access foundation from beta tab and add to legacy,SALESHELP-15709
2025-05-20,S.Lang,Added Blend POS to Beta Tab for Consumer,SALESHELP-16055
2025-05-20,S.Lang,Added Expedite Fee for DL Implementations,SALESHELP-16069
2025-05-20,S.Lang,Added Quick Wins Project,SALESHELP-16847
2025-05-20,S.Lang,Added Production Sync (Consumer),SALESHELP-16902
2025-05-20,S.Lang,Moved Monthly Access product codes to Legacy. Added newly created Annual Access Codes,SALESHELP-17018
2025-05-20,S.Lang,"Added Custom Training & expanded SHARED Items for Admin Pro to DLr. Existing ""DecisionLender Training"" moved to Legacy",SALESHELP-16849
2025-07-08,S.Lang,ML Access: Reformat on EPC for better usability,SALESHELP-17297
2025-07-08,S.Lang,EPC Formatting Update: Stand Alone Indirect Projects,SALESHELP-16388
2025-07-08,S.Lang,Change Name of CO-OP and PSCU to Velera,SALESHELP-15555
2025-07-08,S.Lang,Re-Add ActiveDirectory SSO to ML Consumer,SALESHELP-17403
2025-07-08,S.Lang,Primary Service Category Update: Portal Merchant Lending and Share of Wallet,SALESHELP-17415
2025-07-08,S.Lang,EPC Format Updates (Core Integration Products) from Sales Feedback,SALESHELP-17472
2025-07-08,S.Lang,RouteOne eContracting Commitment Item for Consumer and DL4,SALESHELP-17218
2025-07-08,S.Lang,Update the Portal & POS product codes on the EPC,SALESHELP-17179
2025-07-08,S.Lang,Updated Black Book Motorcycle Product Codes and Internal Name,SALESHELP-17576
2025-07-08,S.Lang,EPC Cleanup: Remove text in Additional Accounting Item,SALESHELP-17631
2025-07-08,S.Lang,Product Name & EPC Formatting Updates from Sales Feedback and Product,SALESHELP-17475
2025-07-08,S.Lang,New Product Code for FICO Score Mortgage Simulator,SALESHELP-17278
2025-07-08,S.Lang,Update in pricing to admin pro additional hours products,SALESHELP-17713
2025-07-08,S.Lang,Trade House Data Person Search from Data Divers Additonal Accounting Items in Master Inventory,SALESHELP-15363
2025-07-08,S.Lang,Omni Data Retrieval Item Codes & THD EPC Cleanup in Master Inventory,SALESHELP-15167
2025-07-08,S.Lang,Zest Lulu Strategy Added to Master Inventory,SALESHELP-17722
2025-07-08,S.Lang,Snapdocs Integration added to Beta tab,SALESHELP-17125
2025-07-08,S.Lang,FSSI Reconciliation Report added to Master Inventory,SALESHELP-17624
2025-07-08,S.Lang,RouteOne Aggregator & DealerTrack Commitment Added to Master Inventory,SALESHELP-16550
2025-07-08,S.Lang,Price change for Experian CrossCore/PreciseID Products,SALESHELP-15972
2025-07-08,S.Lang,FIS Global’s BizChex added to Master Inventory,SALESHELP-16705
2025-08-04,S.Lang,Added OtoMoto Integration DecisionLender,SALESHELP-17808
2025-08-04,S.Lang,eContracting Validation Package (RouteOne & DealerTrack),SALESHELP-17527
2025-08-04,S.Lang,General EPC Internal Name Formatting Updates- Internal Name update (Credit Card) and Tier Naming Update,SALESHELP-18020
2025-08-04,S.Lang,Removed Digital Engagement Package - HappyorNot Customer Surveys,SALESHELP-17827
2025-08-04,S.Lang,TAZ Professional Service Hours,SALESHELP-17873
2025-08-04,S.Lang,2025 Jack Henry Update & Operational Changes. Remove Tiers,SALESHELP-17924
2025-08-04,S.Lang,New ML Collect Pricing Tiers,PROD-9
2025-08-04,S.Lang,ML Insight For Collect,SALESHELP-17960
2025-08-04,S.Lang,ML Insight For Mortgage,SALESHELP-17962
2025-08-04,S.Lang,EPC Price Correction: DecisionLender Velera (Credit Card),PROD-11
2025-08-04,S.Lang,Access Tune-Up SOW,SALESHELP-17856
2025-08-04,S.Lang,Remove and Update OpenClose Items: Mortgage OpenClose (All Tiers) and select add-ons. Update Vendor and category,PROD-12
2025-08-04,S.Lang,FirstData from EPC to legacy,PROD-5
2025-09-02,S.Lang,MeasureOne EPC Correction (Remove One-time Fee and Annual Fee),PROD-18
2025-09-02,S.Lang,Informed.IQ for ML Consumer (Beta Tab),PROD-20
2025-09-02,S.Lang,Standalone Doc Magic for Mortgage,PROD-10
2025-09-02,S.Lang,RouteOne eContracting Price Increase eff. 9/1/2025,PROD-26
2025-10-09,S.Lang,Insight for Collect: Update Pricing in EPC,PROD-44
2025-10-09,S.Lang,Expedited Deployment: Updated Internal Name,PROD-42
2025-10-09,S.Lang,RouteOne eContracting Name Change and addiitonal accounting item alignment,PROD-41
2025-10-09,S.Lang,Document Mapping EPC Updates (Consumer) to align with order form,PROD-38
2025-10-09,S.Lang,DecisionLender: Document Mapping Internal Notes Update,PROD-37
2025-10-09,S.Lang,Add Optional Commitment for Experian CrossCore with Precise ID for Account Opening with KIQ/MFA (Option 11),PROD-36
2025-10-09,S.Lang,Fiserv CCM Credit Card Servicing,PROD-27
2025-10-09,S.Lang,Partner Name Change Odyssey Services to Docoon,PROD-19
2025-10-09,S.Lang,Vendor Name Change Rate Reset to FINOFR,PROD-17
2025-10-09,S.Lang,Commitment Item for SMS Text Feature,PROD-33
2025-10-09,S.Lang,DecisionLender Point Predictive IE Validate,PROD-39
2025-10-09,S.Lang,DecisionLender LoanStar integration & update billing code,PROD-34
2025-10-09,S.Lang,Kelly Blue Book Name Updates and Commitment Product Code,PROD-35
2025-10-09,S.Lang,Annual Fee Update for FSSI Reconciliation Report,PROD-51
2025-10-09,S.Lang,API Web Services - Additional API Setup,PROD-47
2025-10-09,S.Lang,SOW Modern Experience Items Name Updates and Additional Accounting Item Alignment,PROD-46
2025-10-09,S.Lang,DecisionLender - Docusign Monthly Commitment,PROD-45
2025-10-09,S.Lang,Adding new Product offerings for THD IDI - Additional Accounting items,PROD-29
2025-10-09,S.Lang,Update One-Time fee on Rate Genius,PROD-55
2025-11-05,S.Lang,Insight for Collect: Update Annual Fee Pricing Tier 3 Level 2 and Level 3,PROD-70
2025-11-05,S.Lang,"Point Predictive AutoPass - Move to Master Inventory for Consumer. Updates to name, notes and pricing",PROD-49
2025-11-05,S.Lang,PS Hourly DL4 product code clean up- Remove Annual items,PROD-54
2025-11-05,S.Lang,Add Fiserv Signature Core to the EPC,PROD-57
2025-11-05,S.Lang,Loans Annual Maintenance Fee product code modification - CONT - Managed Services,PROD-83
2025-11-05,S.Lang,MISC EPC Formatting Updates,PROD-56
2025-11-05,S.Lang,Remove Mortgage Training from EPC,PROD-84
2025-11-05,S.Lang,Add Schedule C Expedite items to EPC,PROD-77
2025-11-05,S.Lang,Remove ML Business Items from Price Card,PROD-88
2025-11-05,S.Lang,LoanStar Technologies (Update Product Codes in EPC),PROD-92
2025-12-05,S.Lang,IWS Warranty added to EPC,PROD-50
2025-12-05,S.Lang,MarkIII Integration - Beta,PROD-85
2025-12-05,S.Lang,Changes To OttoMoto Pricing Structure: Annual Fee and remove transaction/commit,PROD-89
2025-12-05,S.Lang,OttoMotto added to Consumer,PROD-91
2025-12-05,S.Lang,Members Mobile - Beta,PROD-93
2025-12-05,S.Lang,Class Valuation - Beta,PROD-90
2025-12-05,S.Lang,Modern Experience Upgrade: Remove Duplicated product codes in additional accouting items,PROD-101
2025-12-05,S.Lang,Partner Name Update: for LendOne Settlement Services,PROD-104
2025-12-05,S.Lang,Saris.ai for ML Consumer - Beta,PROD-97
2025-12-05,S.Lang,Access: Prove Prefill Service - Beta,PROD-98
2025-12-05,S.Lang,Data Connect ​Additional Full Data Load -  Product Code,PROD-106
2025-12-05,S.Lang,American Services Group Internal Product Name Update,PROD-107
2025-12-05,S.Lang,ChexSystems Confirm and Update Pricing,PROD-95
2025-12-05,S.Lang,Remove ML Entry from EPC,PROD-109
2026-01-02,S.Lang,DecisionLender 2026 List Price Updates,PROD-115
2026-01-02,S.Lang,Mortgage 2026 List Price Updates,PROD-110
2026-01-02,S.Lang,Collect 2026 List Price Updates,PROD-116
2026-01-02,S.Lang,Insight 2026 List Price Updates,PROD-112
2026-01-02,S.Lang,"Engage, Portal, Access 2026 List Price Updates",PROD-113
2026-01-02,S.Lang,Taz & THD 2026 List Price Updates,PROD-114
2026-01-02,S.Lang,MCL 2026 List Price Updates,PROD-111
2026-01-02,S.Lang,Consumer Opening 2026 List Price Updates,PROD-117
2026-01-02,S.Lang,EPC product code correct for MeridianLink Mortgage LOS with DocMagic Subordinate Lien Loans,PROD-125
2026-01-02,S.Lang,Partner Item Rename from FormFree Holdings to Informative Research,PROD-120
2026-01-02,S.Lang,Beta Tab: Premium Support,PROD-118
2026-01-02,S.Lang,MCL Items to Inactivate,PROD-122
2026-01-02,S.Lang,Beta Tab: CUDL Contracting (Consumer and DecisionLender),PROD-129
2026-01-02,S.Lang,Beta Tab: Cardinal Grey (Consumer),PROD-127
2026-02-05,S.Lang,Move Blend POS from Beta Tab to Master Inventory,PROD-156
2026-02-05,S.Lang,Beta Tab: Route 66,PROD-130
2026-02-05,S.Lang,Beta Tab: Glide,PROD-151
2026-02-05,S.Lang,WithClutch Pricing Update,PROD-153
2026-02-05,S.Lang,DealerTrack DDS Monthly Commitment Product Code,PROD-139
2026-02-05,S.Lang,Remove MeridianLink Portal From EPC,PROD-155
2026-02-05,S.Lang,Move Informed.IQ from Beta Tab to Master Inventory,PROD-160
2026-02-05,S.Lang,Partner Item Rename from CuneXus to Demopolis Equity Partners,PROD-162
2026-03-05,S.Lang,Move Prefill Service via Prove Product from Beta to Master Inventory,PROD-184
2026-03-05,S.Lang,Beta Tab: Candescent,PROD-161
2026-03-05,S.Lang,Engage Refer a Friend Service,PROD-157
2026-03-05,S.Lang,Cerebrum Synapse - Agentic AI solution for Taz,PROD-119
2026-03-05,S.Lang,Professional Services Subscription,PROD-190
2026-03-05,S.Lang,ACH Payment Platform Migration,PROD-188
2026-03-05,S.Lang,Gestalt Referral,PROD-187
2026-03-05,S.Lang,Beta Tab: Corelation Automatic Funding Disbursement,PROD-183
2026-03-05,S.Lang,Beta Tab: FINOFR Pre-Approval API (DecisionLender) and update Consumer Billing Codes,PROD-182
2026-03-05,S.Lang,Beta Tab: Plaid Verification of Income,PROD-181
2026-03-05,S.Lang,Beta Tab: RefiJet,PROD-169
2026-03-05,S.Lang,Beta Tab: Credit Mountain,PROD-166
2026-03-05,S.Lang,Meridianlink Mortgage Platform Fee and Setup Fee Changes,PROD-185
2026-03-05,S.Lang,Partner Item Rename from Demopolis Equity Partners to Movemint,PROD-162
2026-04-09,S.Lang,Partner Data Connect Item Creation for Zest,PROD-196
2026-04-09,S.Lang,Remove Inactive Items from EPC (CSLT-0021 & CSLT-0007),PROD-202
2026-04-09,S.Lang,Remove FIS Explore Items from EPC,PROD-199
2026-04-09,S.Lang,Mis EPC Corrections identified by Accounting,PROD-200
2026-04-09,S.Lang,Auto Lead Generation Item Request,PROD-201
2026-04-09,S.Lang,"New ""Baseline MeridianLink Mortgage LOS Provisioning"" One-Tme Fee",PROD-204
2026-04-09,S.Lang,Price Increase for HC3,PROD-219
2026-04-09,S.Lang,FSSI Reconciliation Report Item (Update EPC),PROD-217
2026-04-09,S.Lang,Point Predictive EPC Cost Updates,PROD-215
2026-04-09,S.Lang,Add DocDownload Redeploy,PROD-224
2026-04-09,S.Lang,JH Full Credit Service (Credit Card),PROD-220
2026-04-09,S.Lang,Beta Tab: ServiceLink,PROD-214
2026-04-09,S.Lang,EPC Cleanup: Item mis-match & Usage with no list price,PROD-197
2026-04-09,S.Lang,IT Professional Services Items: Specfic Codes,PROD-191
2026-04-09,S.Lang,Fiserv pass-through implementation fees,PROD-186
2026-04-09,S.Lang,Kinective (IMM) Product Updates,PROD-7
2026-04-09,S.Lang,ARMCO for MCL,PROD-230
2026-05-04,S.Lang,Beta Tab: CSI NuPoint Core,PROD-226
2026-05-04,S.Lang,Custom Product or Service Product Name Changes,PROD-195
2026-05-04,S.Lang, SWBC - Unity Annual Fee update for enhancements,PROD-235
2026-05-04,S.Lang,Data Connect -- Additional Years of Data,PROD-236
2026-05-04,S.Lang,Elphi Integration,PROD-232
2026-05-04,S.Lang,Product Code Update: Card or ACH Processing,PROD-242
2026-06-02,S.Lang,Mark III - Move to Master Inventory,PROD-254
2026-06-02,S.Lang,EPC update for incorrect codes per certain lines,PROD-251
2026-06-02,S.Lang,SFDC/NS Item Naming Change request,PROD-250
2026-06-02,S.Lang,Beta Tab: SavvyMoney POS - New Product Configuration,PROD-246
2026-06-02,S.Lang,Zest V6 Dynamic Scores - Migration,PROD-244
2026-06-02,S.Lang,SKUs for Taz Data Connector (TDC),PROD-239
2026-06-02,S.Lang,Plaid Platform Fee,PROD-252
2026-06-02,S.Lang,Beta to GA: Credit Mountain,PROD-260
2026-06-02,S.Lang,Beta to GA: Saris AI,PROD-261
2026-06-02,S.Lang,"SWBC Swivel: Rename, Create new item, & Move to Master Inventory",PROD-253
2026-06-02,S.Lang,Beta to GA: Members Mobile,PROD-265
2026-06-02,S.Lang,The Savings Groups Integration (DecisionLender),PROD-264
2026-06-02,S.Lang,OpenClose Monthly Storage Fee,PROD-267
2026-06-02,S.Lang,Beta Tab: FourStars DL Integration (DecisionLender) & Billing Code Updates,PROD-263
2026-07-08,S.Lang,Beta Tab: ValueCheck (DecisionLender),PROD-262
2026-07-08,S.Lang,SWBC: Collateral Protection Insurance (CPI),PROD-203
2026-07-08,S.Lang,Update Price Method on the EPC for a few existing products,PROD-272
2026-07-08,S.Lang,Beta to GA: Route 66,PROD-300
2026-07-08,S.Lang,Beta: BidWizer,PROD-273
2026-07-08,S.Lang,AlphaRank - New Billing Codes and Access,PROD-276
2026-07-08,S.Lang,Beta Tab: EIP New Product Codes & EPC Clean Up,PROD-268
