Unnamed: 0,MeridianLink Consumer - Consumer Module Tier 12 (up to 249 apps),MeridianLink Consumer - Consumer Module Tier 11 (250-499 apps),MeridianLink Consumer - Consumer Module Tier 10 (500-999 apps),MeridianLink Consumer - Consumer Module Tier 09 (1000-1999 apps),MeridianLink Consumer - Consumer Module Tier 08 (2000-3999 apps),MeridianLink Consumer - Consumer Module Tier 07 (4000-7999 apps),MeridianLink Consumer - Consumer Module Tier 06 (8000-9999 apps),"MeridianLink Consumer - Consumer Module Tier 05 (10,000-14,999 apps)","MeridianLink Consumer - Consumer Module Tier 04 (15,000-19,999 apps)","MeridianLink Consumer - Consumer Module Tier 03 (20,000-24,999 apps)","MeridianLink Consumer - Consumer Module Tier 02 (25,000-29,999 apps)","MeridianLink Consumer - Consumer Module Tier 01 (30,000+ apps)",Unnamed: 13,Unnamed: 14,Unnamed: 15,Unnamed: 16,Unnamed: 17,Unnamed: 18,Unnamed: 19,Unnamed: 20,Unnamed: 21,Unnamed: 22,Unnamed: 23,Unnamed: 24,Unnamed: 25,Unnamed: 26,Unnamed: 27,Unnamed: 28,Unnamed: 29,Unnamed: 30,Unnamed: 31,Unnamed: 32,Unnamed: 33,Unnamed: 34,Unnamed: 35
,MeridianLink Opening Module Tier 12 (up to 249 apps),MeridianLink Opening Module Tier 11 (250-499 apps),MeridianLink Opening Module Tier 10 (500-999 apps),MeridianLink Opening Module Tier 09 (1000-1999 apps),MeridianLink Opening Module Tier 08 (2000-3999 apps),MeridianLink Opening Module Tier 07 (4000-7999 apps),MeridianLink Opening Module Tier 06 (8000-9999 apps),"MeridianLink Opening Module Tier 05 (10,000-14,999 apps)","MeridianLink Opening Module Tier 04 (15,000-19,999 apps)","MeridianLink Opening Module Tier 03 (20,000-24,999 apps)","MeridianLink Opening Module Tier 02 (25,000-29,999 apps)","MeridianLink Opening Module Tier 01 (30,000+ apps)",,,,,,,,,,,,,,,,,,,,,,,
MeridianLink Consumer - Direct Consumer Module Volume Plan,Tier 12,Tier 11,Tier 10,Tier 9,Tier 8,Tier 7,Tier 6,Tier 5,Tier 4,Tier 3,Tier 2,Tier 1,,,,,,,Primary Service Category,Primary Service,,,,,Primary Service Category,(All),,,,,Primary Service Category,(All),,,
Direct Consumer Loans Setup Fee,28750,35500,45500,54000,65750,75750,85750,-1234,-1234,-1234,-1234,-1234,,,,,,,,,,,,,,,,,,,,,,,
MeridianLink Opening Setup Fee,18750,23250,28000,34000,41750,49500,60250,-1234,-1234,-1234,-1234,-1234,,,,,,,Product Of (Primary Service),Internal Product Name,Max of One Time Fee,Max of Annual Fee,Max of Per Transaction Fee,,Product Of (Primary Service),Internal Product Name,Max of One Time Fee,Max of Annual Fee,Max of Per Transaction Fee,,Product Of (Primary Service),Internal Product Name,Max of One Time Fee,Max of Annual Fee,Max of Per Transaction Fee
Monthly Minimum Commitment,0,3125,5400,8800,13500,19200,31600,33500,43500,50000,55000.00000000001,55500,,,,,,,DecisionLender4,"DecisionLender Indirect Lending - Advanced Tier 1 (15,000+ apps)",77750,,3.25,,DecisionLender4,Consumer Portal,31500,23000,,,MeridianLink Mortgage,MeridianLink Mortgage Access Tier 10 (110-134 Closed Loans/Month),5500,,39.05
Minimum Monthly Application Commitment,0,250,500,1000,2000,4000,8000,10000,15000,20000,25000,30000,,,,,,,,"DecisionLender Indirect Lending - Advanced Tier 2 (8,000-14,999 apps)",77750,,3.4,,MeridianLink Collect,MeridianLink Insight for Collect Tier 1 (>=$10B AUM,5000,9500,,,,MeridianLink Mortgage Access Tier 10 (110-134 Closed Loans/Month) without setup,0,,39.05
Per Application Fee,14.2,12.5,10.8,8.8,6.75,4.8,3.95,3.35,2.9,2.5,2.2,1.85,,,,,,,,"DecisionLender Indirect Lending - Advanced Tier 3 (4,000-7,999 apps)",77750,,3.85,,,MeridianLink Insight for Collect Tier 2 (>=$1B & <$10B AUM) Level 1  (>=$4M in 60+ Consumer Delinquencies),5000,7500,,,,MeridianLink Mortgage Access Tier 11 (90-109 Closed Loans/Month),5500,,39.9
,,MeridianLink Access (up to 500 monthly applications),MeridianLink Access (up to 500 monthly applications),MeridianLink Access (up to 1000 monthly applications),MeridianLink Access (up to 2000 monthly applications),MeridianLink Access (up to 4000 monthly applications),MeridianLink Access (up to 8000 monthly applications),MeridianLink Access (Unlimited monthly applications),MeridianLink Access (Unlimited monthly applications),MeridianLink Access (Unlimited monthly applications),MeridianLink Access (Unlimited monthly applications),MeridianLink Access (Unlimited monthly applications),,,,,,,,"DecisionLender Indirect Lending - Advanced Tier 4 (3,000-3,999 apps)",77750,,4.15,,,MeridianLink Insight for Collect Tier 2 (>=$1B & <$10B AUM) Level 2  (>=$3M & <$4M in 60+ Consumer Delinquencies),5000,6480,,,,MeridianLink Mortgage Access Tier 11 (90-109 Closed Loans/Month) without setup,0,,39.9
MeridianLink Access - Volume Plan,,Tier 6,,Tier 5,Tier 4,Tier 3,Tier 2,,,Tier 1,,,,,,,,,,"DecisionLender Indirect Lending - Advanced Tier 5 (2,500-2,999 apps)",77750,,4.45,,,MeridianLink Insight for Collect Tier 2 (>=$1B & <$10B AUM) Level 3  (<$3M in 60+ Consumer Delinquencies),5000,5880,,,,MeridianLink Mortgage Access Tier 12 (75-89 Closed Loans/Month),5500,,40.5
MeridianLink Access Setup Fee,>,>,11250,11250,11250,11250,11250,>,>,>,>,11250,,,,,,,,DecisionLender Indirect Lending - Essentials Tier 10 (175-249 apps),11750,,7.65,,,MeridianLink Insight for Collect Tier 3 (>=$500M & <$1B AUM) Level 1  (>=$3M in 60+ Consumer Delinquencies),5000,5880,,,,MeridianLink Mortgage Access Tier 12 (75-89 Closed Loans/Month) without setup,0,,40.5
MeridianLink Access Annual Fee,>,>,12000,18250,24250,30500,36500,>,>,>,>,46250,,,,,,,,DecisionLender Indirect Lending - Essentials Tier 11 (100-174 apps),11750,,8.25,,,MeridianLink Insight for Collect Tier 3 (>=$500M & <$1B AUM) Level 2  (>=$2M & <$3M in 60+ Consumer Delinquencies),5000,5000,,,,MeridianLink Mortgage Access Tier 13 (60-74 Closed Loans/Month),4800,,41.35
Direct Consumer Module Monthly App Volume,>,>,up to 500,"up to 1,000","up to 2,000","up to 4,000","up to 8,000",>,>,>,>,Unlimited,,,,,,,,"DecisionLender Indirect Lending - Select Tier 1 (15,000+ apps)",46750,,3.25,,,MeridianLink Insight for Collect Tier 3 (>=$500M & <$1B AUM) Level 3  (<$2M in 60+ Consumer Delinquencies,5000,5000,,,,MeridianLink Mortgage Access Tier 13 (60-74 Closed Loans/Month) without setup,0,,41.35
,MeridianLink Consumer - Business Module Tier 4 (up to 249 apps),MeridianLink Consumer - Business Module Tier 3 (250-499 apps),MeridianLink Consumer - Business Module Tier 2 (500-999 apps),MeridianLink Consumer - Business Module Tier 1 (1000-1999 apps),,,,,,,,,,,,,,,,"DecisionLender Indirect Lending - Select Tier 2 (8,000-14,999 apps)",46750,,3.4,,,MeridianLink Insight for Collect Tier 4 (<$500M AUM) Level 1  (>=$2M in 60+ Consumer Delinquencies),5000,5000,,,,MeridianLink Mortgage Access Tier 14 (45-59 Closed Loans/Month),4800,,42.4
MeridianLink Consumer - Business Module Volume Plan,Tier 4,Tier 3,Tier 2,Tier 1,,,,,,,,,,,,,,,,"DecisionLender Indirect Lending - Select Tier 3 (4,000-7,999 apps)",46750,,3.85,,,MeridianLink Insight for Collect Tier 4 (<$500M AUM) Level 2  (>=$1M & <$2M in 60+ Consumer Delinquencies),5000,5000,,,,MeridianLink Mortgage Access Tier 14 (45-59 Closed Loans/Month) without setup,0,,42.4
Business Loans Setup Fee,17000,17000,17000,17000,,,,,,,,,,,,,,,,"DecisionLender Indirect Lending - Select Tier 4 (3,000-3,999 apps)",46750,,4.15,,,MeridianLink Insight for Collect Tier 4 (<$500M AUM) Level 3  (<$1M in 60+ Consumer Delinquencies),5000,5000,,,,MeridianLink Mortgage Access Tier 15 (30-44 Closed Loans/Month),4800,,44.1
Monthly Minimum Commitment,0,6550,10700,16350.000000000002,,,,,,,,,,,,,,,,"DecisionLender Indirect Lending - Select Tier 5 (2,500-2,999 apps)",46750,,4.45,,MeridianLink Consumer/Opening,MeridianLink Access (up to 1000 monthly applications),11250,18250,,,,MeridianLink Mortgage Access Tier 15 (30-44 Closed Loans/Month) without setup,0,,44.1
Minimum Monthly Application Commitment,0,250,500,1000,,,,,,,,,,,,,,,,"DecisionLender Indirect Lending - Select Tier 6 (1,000-2,499 apps)",46750,,5.05,,,MeridianLink Access (up to 4000 monthly applications),11250,30500,,,,MeridianLink Mortgage Access Tier 16 (15-29 Closed Loans/Month),4800,,47.1
Per Application Fee,32.65,26.2,21.4,16.35,,,,,,,,,,,,,,,,DecisionLender Indirect Lending - Select Tier 7 (750-999 apps),46750,,5.75,,,MeridianLink Access (up to 8000 monthly applications),11250,36500,,,,MeridianLink Mortgage Access Tier 16 (15-29 Closed Loans/Month) without setup,0,,47.1
,MeridianLink Consumer - Home Equity Module Tier 4 (up to 249 apps),MeridianLink Consumer - Home Equity Module Tier 3 (250-499 apps),MeridianLink Consumer - Home Equity Module Tier 2 (500-999 apps),MeridianLink Consumer - Home Equity Module Tier 1 (1000-1999 apps),,,,,,,,,,,,,,,,DecisionLender Indirect Lending - Select Tier 8 (500-749 apps),46750,,5.85,,,MeridianLink Access (Unlimited monthly applications),11250,46250,,,,MeridianLink Mortgage Access Tier 17 (10-14 Closed Loans/Month),4800,,49
MeridianLink Consumer - Home Equity Module Volume Plan,Tier 4,Tier 3,Tier 2,Tier 1,,,,,,,,,,,,,,,,DL4 - Consumer Module,31500,,13.9,,,MeridianLink Access (up to 500 monthly applications),11250,12000,,,,MeridianLink Mortgage Access Tier 17 (10-14 Closed Loans/Month) without setup,0,,49
Home Equity Loans Setup Fee,17000,17000,17000,17000,,,,,,,,,,,,,,,,DL4 - Home Equity Module,23500,,22.65,,,MeridianLink Access (up to 2000 monthly applications),11250,24250,,,,MeridianLink Mortgage Access Tier 01 (>1200 Closed Loans/Month),16000,,31
Monthly Minimum Commitment,0,5012.5,7575,11800,,,,,,,,,,,,,,,,"DecisionLender Indirect Lending - Essentials Tier 01 (15,000+ apps)",11750,,3.25,,MeridianLink Mortgage,MeridianLink Insight For Mortgage Tier 02 (900-1199 Closed Loans/Mon),5000,75200,,,,MeridianLink Mortgage Access Tier 01 (>1200 Closed Loans/Month) without setup,0,,31
Minimum Monthly Application Commitment,0,250,500,1000,,,,,,,,,,,,,,,,"DecisionLender Indirect Lending - Essentials Tier 02 (8,000-14,999 apps)",11750,,3.4,,,MeridianLink Insight For Mortgage Tier 03 (675-899 Closed Loans/Mon),5000,58200,,,,MeridianLink Mortgage Access Tier 02 (900-1199 Closed Loans/Month),13500,,32.05
Per Application Fee,25.1,20.05,15.15,11.8,,,,,,,,,,,,,,,,"DecisionLender Indirect Lending - Essentials Tier 03 (4,000-7,999 apps)",11750,,3.85,,,MeridianLink Insight For Mortgage Tier 04 (525-674 Closed Loans/Mon),5000,46500,,,,MeridianLink Mortgage Access Tier 02 (900-1199 Closed Loans/Month) without setup,0,,32.05
,MeridianLink Consumer - Indirect Lending Module Tier 12 (up to 249 apps),MeridianLink Consumer - Indirect Lending Module Tier 11 (250-499 apps),MeridianLink Consumer - Indirect Lending Module Tier 10 (500-999 apps),MeridianLink Consumer - Indirect Lending Module Tier 09 (1000-1999 apps),MeridianLink Consumer - Indirect Lending Module Tier 08 (2000-3999 apps),MeridianLink Consumer - Indirect Lending Module Tier 07 (4000-7999 apps),MeridianLink Consumer - Indirect Lending Module Tier 06 (8000-9999 apps),"MeridianLink Consumer - Indirect Lending Module Tier 05 (10,000-14,999 apps)","MeridianLink Consumer - Indirect Lending Module Tier 04 (15,000-19,999 apps)","MeridianLink Consumer - Indirect Lending Module Tier 03 (20,000-24,999  apps)","MeridianLink Consumer - Indirect Lending Module Tier 02 (25,000-29,999  apps)","MeridianLink Consumer - Indirect Lending Module Tier 01 (30,000+ apps)",,,,,,,,"DecisionLender Indirect Lending - Essentials Tier 04 (3,000-3,999)",11750,,4.15,,,MeridianLink Insight For Mortgage Tier 05 (400-524 Closed Loans/Mon),5000,36500,,,,MeridianLink Mortgage Access Tier 03 (675-899 Closed Loans/Month),13500,,32.9
MeridianLink Consumer - Indirect Lending Module Volume Plan Combo,Tier 12,Tier 11,Tier 10,Tier 9,Tier 8,Tier 7,Tier 6,Tier 5,Tier 4,Tier 3,Tier 2,Tier 1,,,,,,,,"DecisionLender Indirect Lending - Essentials Tier 05 (2,500-2,999 apps)",11750,,4.45,,,MeridianLink Insight For Mortgage Tier 06 (300-399 Closed Loans/Mon),5000,28300,,,,MeridianLink Mortgage Access Tier 03 (675-899 Closed Loans/Month) without setup,0,,32.9
Indirect Lending Loans Setup Fee,12250,12250,12250,12250,12250,12250,12250,-1234,-1234,-1234,-1234,-1234,,,,,,,,"DecisionLender Indirect Lending - Essentials Tier 06 (1,000-2,499 apps)",11750,,5.05,,,MeridianLink Insight For Mortgage Tier 07 (225-299 Closed Loans/Mon),5000,21900,,,,MeridianLink Mortgage Access Tier 04 (525-674 Closed Loans/Month),10750,,33.75
Monthly Minimum Commitment,0,1650,2900,5000,8200,14800,26400,30000,39000,47000,51249.99999999999,52500,,,,,,,,DecisionLender Indirect Lending - Essentials Tier 07 (750-999 apps),11750,,5.75,,,MeridianLink Insight For Mortgage Tier 08 (170-224 Closed Loans/Mon),5000,17100,,,,MeridianLink Mortgage Access Tier 04 (525-674 Closed Loans/Month) without setup,0,,33.75
Minimum Monthly Application Commitment,0,250,500,1000,2000,4000,8000,10000,15000,20000,25000,30000,,,,,,,,DecisionLender Indirect Lending - Essentials Tier 08 (500-749 apps),11750,,5.85,,,MeridianLink Insight For Mortgage Tier 09 (135-169 Closed Loans/Mon),5000,13900,,,,MeridianLink Mortgage Access Tier 05 (400-524 Closed Loans/Month),10750,,34.6
Per Application Fee,8.2,6.6,5.8,5,4.1,3.7,3.3,3,2.6,2.35,2.05,1.75,,,,,,,,DecisionLender Indirect Lending - Essentials Tier 09 (250-499 apps),11750,,6.7,,,MeridianLink Insight For Mortgage Tier 10 (110-134 Closed Loans/Mon),5000,11600,,,,MeridianLink Mortgage Access Tier 05 (400-524 Closed Loans/Month) without setup,0,,34.6
,Standalone MeridianLink Consumer - Indirect Lending Module Tier 12 (up to 249 apps),Standalone MeridianLink Consumer - Indirect Lending Module Tier 11 (250-499 apps),Standalone MeridianLink Consumer - Indirect Lending Module Tier 10 (500-999 apps),Standalone MeridianLink Consumer - Indirect Lending Module Tier 09 (1000-1999 apps),Standalone MeridianLink Consumer - Indirect Lending Module Tier 08 (2000-3999 apps),Standalone MeridianLink Consumer - Indirect Lending Module Tier 07 (4000-7999 apps),Standalone MeridianLink Consumer - Indirect Lending Module Tier 06 (8000-9999 apps),"Standalone MeridianLink Consumer - Indirect Lending Module Tier 05 (10,000-14,999 apps)","Standalone MeridianLink Consumer - Indirect Lending Module Tier 04 (15,000-19,999 apps)","Standalone MeridianLink Consumer - Indirect Lending Module Tier 03 (20,000-24,999  apps)","Standalone MeridianLink Consumer - Indirect Lending Module Tier 02 (25,000-29,999  apps)","Standalone MeridianLink Consumer - Indirect Lending Module Tier 01 (30,000+ apps) ",,,,,,,LDAP,LDAP Setup,3700,,,,,MeridianLink Insight For Mortgage Tier 11 (90-109 Closed Loans/Mon),5000,9700,,,,MeridianLink Mortgage Access Tier 06 (300-399 Closed Loans/Month),10750,,35.45
MeridianLink Consumer - Indirect Lending Module Volume Plan Standalone,Tier 12,Tier 11,Tier 10,Tier 9,Tier 8,Tier 7,Tier 6,Tier 5,Tier 4,Tier 3,Tier 2,Tier 1,,,,,,,MeridianLink Collect,MeridianLink Collect Tier 1 (>=$10B AUM) Billed Monthly,58500,100704,,,,MeridianLink Insight For Mortgage Tier 12 (75-89 Closed Loans/Mon),5000,8300,,,,MeridianLink Mortgage Access Tier 06 (300-399 Closed Loans/Month) without setup,0,,35.45
Indirect Lending Loans Setup Fee,28750,35500,45500,54000,65750,75750,85750,-1234,-1234,-1234,-1234,-1234,,,,,,,,MeridianLink Collect Tier 1 (>=$10B AUM) Billed Annually,58500,100750,,,,MeridianLink Insight For Mortgage Tier 13 (60-74 Closed Loans/Mon),5000,6800,,,,MeridianLink Mortgage Access Tier 07 (225-299 Closed Loans/Month),8000,,36.5
Monthly Minimum Commitment,0,1650,2900,5000,8200,14800,26400,30000,39000,47000,51249.99999999999,52500,,,,,,,,MeridianLink Collect Tier 2 (>=$1B & <$10B AUM) Level 1  (>=$4M in 60+ Consumer Delinquencies) Billed Monthly,42500,79500,,,,MeridianLink Insight For Mortgage Tier 14 (45-59 Closed Loans/Mon),5000,5000,,,,MeridianLink Mortgage Access Tier 07 (225-299 Closed Loans/Month) without setup,0,,36.5
Minimum Monthly Application Commitment,0,250,500,1000,2000,4000,8000,10000,15000,20000,25000,30000,,,,,,,,MeridianLink Collect Tier 2 (>=$1B & <$10B AUM) Level 1  (>=$4M in 60+ Consumer Delinquencies) Billed Annually,42500,79500,,,,MeridianLink Insight For Mortgage Tier 15 (30-44 Closed Loans/Mon),5000,5000,,,,MeridianLink Mortgage Access Tier 08 (170-224 Closed Loans/Month),8000,,37.55
Per Application Fee,8.2,6.6,5.8,5,4.1,3.7,3.3,3,2.6,2.35,2.05,1.75,,,,,,,,MeridianLink Collect Tier 2 (>=$1B & <$10B AUM) Level 2  (>=$3M & <$4M in 60+ Consumer Delinquencies) Billed Monthly,34500,68688,,,,MeridianLink Insight For Mortgage Tier 16 (15-29 Closed Loans/Mon),5000,5000,,,,MeridianLink Mortgage Access Tier 08 (170-224 Closed Loans/Month) without setup,0,,37.55
,DecisionLender Indirect Lending - Essentials Tier 11 (100-174 apps),DecisionLender Indirect Lending - Essentials Tier 10 (175-249 apps),DecisionLender Indirect Lending - Essentials Tier 09 (250-499 apps),DecisionLender Indirect Lending - Essentials Tier 08 (500-749 apps),DecisionLender Indirect Lending - Essentials Tier 07 (750-999 apps),"DecisionLender Indirect Lending - Essentials Tier 06 (1,000-2,499 apps)","DecisionLender Indirect Lending - Essentials Tier 05 (2,500-2,999 apps)","DecisionLender Indirect Lending - Essentials Tier 04 (3,000-3,999)","DecisionLender Indirect Lending - Essentials Tier 03 (4,000-7,999 apps)","DecisionLender Indirect Lending - Essentials Tier 02 (8,000-14,999 apps)","DecisionLender Indirect Lending - Essentials Tier 01 (15,000+ apps)",,,,,,,,,MeridianLink Collect Tier 2 (>=$1B & <$10B AUM) Level 2  (>=$3M & <$4M in 60+ Consumer Delinquencies) Billed Annually,34500,68750,,,,MeridianLink Insight For Mortgage Tier 17 (10-14 Closed Loans/Mon),5000,5000,,,,MeridianLink Mortgage Access Tier 09 (135-169 Closed Loans/Month),5500,,38.2
Decision Lender 4 - Indirect Lending Module Volume Plan - Essentials Plan,Tier 11,Tier 10,Tier 9,Tier 8,Tier 7,Tier 6,Tier 5,Tier 4,Tier3,Tier 2,Tier 1,,,,,,,,,MeridianLink Collect Tier 2 (>=$1B & <$10B AUM) Level 3  (<$3M in 60+ Consumer Delinquencies) Billed Monthly,31250,62328,,,,MeridianLink Insight For Mortgage Tier 01 (1200+ Closed Loans/Mon),5000,97100,,,,MeridianLink Mortgage Access Tier 09 (135-169 Closed Loans/Month) without setup,0,,38.2
Indirect Lending Loans Setup Fee,11750,11750,11750,11750,11750,11750,11750,11750,11750,11750,11750,,,,,,,,,MeridianLink Collect Tier 2 (>=$1B & <$10B AUM) Level 3  (<$3M in 60+ Consumer Delinquencies) Billed Annually,31250,62500,,,Grand Total,,31500,97100,,,Grand Total,,16000,,49
Monthly Minimum Commitment,825,1338.75,1675,2925,4312.5,5050,11125,12450.000000000002,15400,27200,48750,,,,,,,,,MeridianLink Collect Tier 3 (>=$500M & <$1B AUM) Level 1  (>=$3M in 60+ Consumer Delinquencies) Billed Monthly,31250,62328,,,,,,,,,,,,,
Minimum Monthly Application Commitment,100,175,250,500,750,1000,2500,3000,4000,8000,15000,,,,,,,,,MeridianLink Collect Tier 3 (>=$500M & <$1B AUM) Level 1  (>=$3M in 60+ Consumer Delinquencies) Billed Annually,31250,62500,,,,,,,,,,,,,
Per Application Fee,8.25,7.65,6.7,5.85,5.75,5.05,4.45,4.15,3.85,3.4,3.25,,,,,,,,,MeridianLink Collect Tier 3 (>=$500M & <$1B AUM) Level 2  (>=$2M & <$3M in 60+ Consumer Delinquencies) Billed Monthly,24000,50088,,,,,,,,,,,,,
,DecisionLender Indirect Lending - Select Tier 8 (500-749 apps),DecisionLender Indirect Lending - Select Tier 7 (750-999 apps),"DecisionLender Indirect Lending - Select Tier 6 (1,000-2,499 apps)","DecisionLender Indirect Lending - Select Tier 5 (2,500-2,999 apps)","DecisionLender Indirect Lending - Select Tier 4 (3,000-3,999 apps)","DecisionLender Indirect Lending - Select Tier 3 (4,000-7,999 apps)","DecisionLender Indirect Lending - Select Tier 2 (8,000-14,999 apps)","DecisionLender Indirect Lending - Select Tier 1 (15,000+ apps)",,,,,,,,,,,,MeridianLink Collect Tier 3 (>=$500M & <$1B AUM) Level 2  (>=$2M & <$3M in 60+ Consumer Delinquencies) Billed Annually,24000,50250,,,,,,,,,,,,,
Decision Lender 4 - Indirect Lending Module Volume Plan - Select Plan,Tier 8,Tier 7,Tier 6,Tier 5,Tier 4,Tier 3,Tier 2,Tier 1,,,,,,,,,,,,MeridianLink Collect Tier 3 (>=$500M & <$1B AUM) Level 3  (<$2M in 60+ Consumer Delinquencies) Billed Monthly,16750,37848,,,,,,,,,,,,,
Indirect Lending Loans Setup Fee,46750,46750,46750,46750,46750,46750,46750,46750,,,,,,,,,,,,MeridianLink Collect Tier 3 (>=$500M & <$1B AUM) Level 3  (<$2M in 60+ Consumer Delinquencies) Billed Annually,16750,38000,,,,,,,,,,,,,
Monthly Minimum Commitment,2925,4312.5,5050,11125,12450.000000000002,15400,27200,48750,,,,,,,,,,,,MeridianLink Collect Tier 4 (<$500M AUM) Level 1  (>=$2M in 60+ Consumer Delinquencies) Billed Monthly,16750,37848,,,,,,,,,,,,,
Minimum Monthly Application Commitment,500,750,1000,2500,3000,4000,8000,15000,,,,,,,,,,,,MeridianLink Collect Tier 4 (<$500M AUM) Level 1  (>=$2M in 60+ Consumer Delinquencies) Billed Annually,16750,38000,,,,,,,,,,,,,
Per Application Fee,5.85,5.75,5.05,4.45,4.15,3.85,3.4,3.25,,,,,,,,,,,,MeridianLink Collect Tier 4 (<$500M AUM) Level 2  (>=$1M & <$2M in 60+ Consumer Delinquencies) Billed Monthly,11250,22260,,,,,,,,,,,,,
,"DecisionLender Indirect Lending - Advanced Tier 5 (2,500-2,999 apps)","DecisionLender Indirect Lending - Advanced Tier 4 (3,000-3,999 apps)","DecisionLender Indirect Lending - Advanced Tier 3 (4,000-7,999 apps)","DecisionLender Indirect Lending - Advanced Tier 2 (8,000-14,999 apps)","DecisionLender Indirect Lending - Advanced Tier 1 (15,000+ apps)",,,,,,,,,,,,,,,MeridianLink Collect Tier 4 (<$500M AUM) Level 2  (>=$1M & <$2M in 60+ Consumer Delinquencies) Billed Annually,11250,22500,,,,,,,,,,,,,
Decision Lender 4 - Indirect Lending Module Volume Plan - Advanced Plan,Tier 5,Tier 4,Tier 3,Tier 2,Tier 1,,,,,,,,,,,,,,,MeridianLink Collect Tier 4 (<$500M AUM) Level 3  (<$1M in 60+ Consumer Delinquencies) Billed Monthly,6750,16704,,,,,,,,,,,,,
Indirect Lending Loans Setup Fee,77750,77750,77750,77750,77750,,,,,,,,,,,,,,,MeridianLink Collect Tier 4 (<$500M AUM) Level 3  (<$1M in 60+ Consumer Delinquencies) Billed Annually,6750,16750,,,,,,,,,,,,,
Monthly Minimum Commitment,11125,12450.000000000002,15400,27200,48750,,,,,,,,,,,,,,MeridianLink Consumer/Opening,MeridianLink Consumer - Business Module Tier 1 (1000-1999 apps),17000,,16.35,,,,,,,,,,,,
Minimum Monthly Application Commitment,2500,3000,4000,8000,15000,,,,,,,,,,,,,,,MeridianLink Consumer - Business Module Tier 2 (500-999 apps),17000,,21.4,,,,,,,,,,,,
Per Application Fee,4.45,4.15,3.85,3.4,3.25,,,,,,,,,,,,,,,MeridianLink Consumer - Business Module Tier 3 (250-499 apps),17000,,26.2,,,,,,,,,,,,
,MeridianLink Collect Tier 4 (<$500M AUM) Level 3  (<$1M in 60+ Consumer Delinquencies) Billed Annually,MeridianLink Collect Tier 4 (<$500M AUM) Level 2  (>=$1M & <$2M in 60+ Consumer Delinquencies) Billed Annually,MeridianLink Collect Tier 4 (<$500M AUM) Level 1  (>=$2M in 60+ Consumer Delinquencies) Billed Annually,MeridianLink Collect Tier 3 (>=$500M & <$1B AUM) Level 3  (<$2M in 60+ Consumer Delinquencies) Billed Annually,MeridianLink Collect Tier 3 (>=$500M & <$1B AUM) Level 2  (>=$2M & <$3M in 60+ Consumer Delinquencies) Billed Annually,MeridianLink Collect Tier 3 (>=$500M & <$1B AUM) Level 1  (>=$3M in 60+ Consumer Delinquencies) Billed Annually,MeridianLink Collect Tier 2 (>=$1B & <$10B AUM) Level 3  (<$3M in 60+ Consumer Delinquencies) Billed Annually,MeridianLink Collect Tier 2 (>=$1B & <$10B AUM) Level 2  (>=$3M & <$4M in 60+ Consumer Delinquencies) Billed Annually,MeridianLink Collect Tier 2 (>=$1B & <$10B AUM) Level 1  (>=$4M in 60+ Consumer Delinquencies) Billed Monthly,MeridianLink Collect Tier 1 (>=$10B AUM) Billed Annually,,,,,,,,,,MeridianLink Consumer - Business Module Tier 4 (up to 249 apps),17000,,32.65,,,,,,,,,,,,
MeridianLink Collect - Annual Billing Volume Plan,Tier 4 (Level 3),Tier 4 (Level 2),Tier 4 (Level 1),Tier 3 (Level 3),Tier 3 (Level 2),Tier 3 (Level 1),Tier 2 (Level 3),Tier 2 (Level 2),Tier 2 (Level 1),Tier 1,,,,,,,,,,MeridianLink Consumer - Consumer Module Tier 10 (500-999 apps),45500,,10.8,,,,,,,,,,,,
Collect Setup Fee,6750,11250,16750,16750,24000,31250,31250,34500,42500,58500,,,,,,,,,,MeridianLink Consumer - Consumer Module Tier 11 (250-499 apps),35500,,12.5,,,,,,,,,,,,
Collect Annual Fee,16750,22500,38000,38000,50250,62500,62500,68750,79500,100750,,,,,,,,,,MeridianLink Consumer - Consumer Module Tier 12 (up to 249 apps),28750,,14.2,,,,,,,,,,,,
Deliquency Amounts,<$1M​,<$2M & >=$1M​,>=$2M​,<$2M​,<$3M & >=$2M​,>=$3M​,<$3M​,<$4M & >=$3M​,>=$4M​,,,,,,,,,,,MeridianLink Consumer - Home Equity Module Tier 1 (1000-1999 apps),17000,,11.8,,,,,,,,,,,,
,MeridianLink Collect Tier 4 (<$500M AUM) Level 3  (<$1M in 60+ Consumer Delinquencies) Billed Monthly,MeridianLink Collect Tier 4 (<$500M AUM) Level 2  (>=$1M & <$2M in 60+ Consumer Delinquencies) Billed Monthly,MeridianLink Collect Tier 4 (<$500M AUM) Level 1  (>=$2M in 60+ Consumer Delinquencies) Billed Monthly,MeridianLink Collect Tier 3 (>=$500M & <$1B AUM) Level 3  (<$2M in 60+ Consumer Delinquencies) Billed Monthly,MeridianLink Collect Tier 3 (>=$500M & <$1B AUM) Level 2  (>=$2M & <$3M in 60+ Consumer Delinquencies) Billed Monthly,MeridianLink Collect Tier 3 (>=$500M & <$1B AUM) Level 1  (>=$3M in 60+ Consumer Delinquencies) Billed Monthly,MeridianLink Collect Tier 2 (>=$1B & <$10B AUM) Level 3  (<$3M in 60+ Consumer Delinquencies) Billed Monthly,MeridianLink Collect Tier 2 (>=$1B & <$10B AUM) Level 2  (>=$3M & <$4M in 60+ Consumer Delinquencies) Billed Monthly,MeridianLink Collect Tier 2 (>=$1B & <$10B AUM) Level 1  (>=$4M in 60+ Consumer Delinquencies) Billed Annually,MeridianLink Collect Tier 1 (>=$10B AUM) Billed Monthly,,,,,,,,,,MeridianLink Consumer - Home Equity Module Tier 2 (500-999 apps),17000,,15.15,,,,,,,,,,,,
MeridianLink Collect - Monthly Billing Volume Plan,Tier 4 (Level 3),Tier 4 (Level 2),Tier 4 (Level 1),Tier 3 (Level 3),Tier 3 (Level 2),Tier 3 (Level 1),Tier 2 (Level 3),Tier 2 (Level 2),Tier 2 (Level 1),Tier 1,,,,,,,,,,MeridianLink Consumer - Home Equity Module Tier 3 (250-499 apps),17000,,20.05,,,,,,,,,,,,
Collect Setup Fee,6750,11250,16750,16750,24000,31250,31250,34500,42500,58500,,,,,,,,,,MeridianLink Consumer - Home Equity Module Tier 4 (up to 249 apps),17000,,25.1,,,,,,,,,,,,
Collect Annual Fee,16704,22260,37848,37848,50088,62328,62328,68688,79500,100704,,,,,,,,,,MeridianLink Consumer - Indirect Lending Module Tier 10 (500-999 apps),12250,,5.8,,,,,,,,,,,,
Deliquency Amounts,<$1M​,<$2M & >=$1M​,>=$2M​,<$2M​,<$3M & >=$2M​,>=$3M​,<$3M​,<$4M & >=$3M​,>=$4M​,,,,,,,,,,,MeridianLink Consumer - Indirect Lending Module Tier 11 (250-499 apps),12250,,6.6,,,,,,,,,,,,
,MeridianLink Insight for Collect Tier 4 (<$500M AUM) Level 3  (<$1M in 60+ Consumer Delinquencies),MeridianLink Insight for Collect Tier 4 (<$500M AUM) Level 2  (>=$1M & <$2M in 60+ Consumer Delinquencies),MeridianLink Insight for Collect Tier 4 (<$500M AUM) Level 1  (>=$2M in 60+ Consumer Delinquencies),MeridianLink Insight for Collect Tier 3 (>=$500M & <$1B AUM) Level 3  (<$2M in 60+ Consumer Delinquencies,MeridianLink Insight for Collect Tier 3 (>=$500M & <$1B AUM) Level 2  (>=$2M & <$3M in 60+ Consumer Delinquencies),MeridianLink Insight for Collect Tier 3 (>=$500M & <$1B AUM) Level 1  (>=$3M in 60+ Consumer Delinquencies),MeridianLink Insight for Collect Tier 2 (>=$1B & <$10B AUM) Level 3  (<$3M in 60+ Consumer Delinquencies),MeridianLink Insight for Collect Tier 2 (>=$1B & <$10B AUM) Level 2  (>=$3M & <$4M in 60+ Consumer Delinquencies),MeridianLink Insight for Collect Tier 2 (>=$1B & <$10B AUM) Level 1  (>=$4M in 60+ Consumer Delinquencies),MeridianLink Insight for Collect Tier 1 (>=$10B AUM,,,,,,,,,,MeridianLink Consumer - Indirect Lending Module Tier 12 (up to 249 apps),12250,,8.2,,,,,,,,,,,,
MeridianLink Insight for Collect ,Tier 4 (Level 3),Tier 4 (Level 2),Tier 4 (Level 1),Tier 3 (Level 3),Tier 3 (Level 2),Tier 3 (Level 1),Tier 2 (Level 3),Tier 2 (Level 2),Tier 2 (Level 1),Tier 1,,,,,,,,,,MeridianLink Opening Module Tier 10 (500-999 apps),28000,,10.8,,,,,,,,,,,,
MeridianLink Insight for Collect Setup Fee,5000,5000,5000,5000,5000,5000,5000,5000,5000,5000,,,,,,,,,,MeridianLink Opening Module Tier 11 (250-499 apps),23250,,12.5,,,,,,,,,,,,
MeridianLink Insight for Collect Annual Fee,5000,5000,5000,5000,5000,5880,5880,6480,7500,9500,,,,,,,,,,MeridianLink Opening Module Tier 12 (up to 249 apps),18750,,14.2,,,,,,,,,,,,
Deliquency Amounts,<$1M​,<$2M & >=$1M​,>=$2M​,<$2M​,<$3M & >=$2M​,>=$3M​,<$3M​,<$4M & >=$3M​,>=$4M​,,,,,,,,,,,Standalone MeridianLink Consumer - Indirect Lending Module Tier 10 (500-999 apps),45500,,5.8,,,,,,,,,,,,
,Meridianlink Mortgage Platform Fee,,,,,,,,,,,,,,,,,,,Standalone MeridianLink Consumer - Indirect Lending Module Tier 11 (250-499 apps),35500,,6.6,,,,,,,,,,,,
Platform Fee for All Meridianlink Mortgage Customers,,,,,,,,,,,,,,,,,,,,Standalone MeridianLink Consumer - Indirect Lending Module Tier 12 (up to 249 apps),28750,,8.2,,,,,,,,,,,,
Meridianlink Mortgage Platform Fee (Billed Monthly),425,,,,,,,,,,,,,,,,,,,"MeridianLink Consumer - Consumer Module Tier 01 (30,000+ apps)",-1234,,1.85,,,,,,,,,,,,
,,,,,,,,,,,,,,,,,,,,"MeridianLink Consumer - Consumer Module Tier 02 (25,000-29,999 apps)",-1234,,2.2,,,,,,,,,,,,
Setup Fees for Combined ML Mortgage First and Subordinate Lien Loans (with and without DocMagic),,,,,,,,,,,,,,,,,,,,"MeridianLink Consumer - Consumer Module Tier 03 (20,000-24,999 apps)",-1234,,2.5,,,,,,,,,,,,
0 Implementations Volume Plan,0,,,,,,,,,,,,,,,,,,,"MeridianLink Consumer - Consumer Module Tier 04 (15,000-19,999 apps)",-1234,,2.9,,,,,,,,,,,,
1 Implementation Volume Plan,7950,,,,,,,,,,,,,,,,,,,"MeridianLink Consumer - Consumer Module Tier 05 (10,000-14,999 apps)",-1234,,3.35,,,,,,,,,,,,
2 Implementation Volume Plan,13200,,,,,,,,,,,,,,,,,,,MeridianLink Consumer - Consumer Module Tier 06 (8000-9999 apps),85750,,3.95,,,,,,,,,,,,
3 Implementation Volume Plan,18425,,,,,,,,,,,,,,,,,,,MeridianLink Consumer - Consumer Module Tier 07 (4000-7999 apps),75750,,4.8,,,,,,,,,,,,
,MeridianLink Mortgage LOS Tier 17 (10-14 Closed Loans/Mon) no implementation,MeridianLink Mortgage LOS Tier 16 (15-29 Closed Loans/Mon) no implementation,MeridianLink Mortgage LOS Tier 15 (30-44 Closed Loans/Mon) no implementation,MeridianLink Mortgage LOS Tier 14 (45-59 Closed Loans/Mon) no implementation,MeridianLink Mortgage LOS Tier 13 (60-74 Closed Loans/Mon) no implementation,MeridianLink Mortgage LOS Tier 12 (75-89 Closed Loans/Mon) no implementation,MeridianLink Mortgage LOS Tier 11 (90-109 Closed Loans/Mon) no implementation,MeridianLink Mortgage LOS Tier 10 (110-134 Closed Loans/Mon) no implementation,MeridianLink Mortgage LOS Tier 09 (135-169 Closed Loans/Mon) no implementation,MeridianLink Mortgage LOS Tier 08 (170-224 Closed Loans/Mon) no implementation,MeridianLink Mortgage LOS Tier 07 (225-299 Closed Loans/Mon) no implementation,MeridianLink Mortgage LOS Tier 06 (300-399 Closed Loans/Mon) no implementation,MeridianLink Mortgage LOS Tier 05 (400-524 Closed Loans/Mon) no implementation,MeridianLink Mortgage LOS Tier 04 (525-674 Closed Loans/Mon) no implementation,MeridianLink Mortgage LOS Tier 03 (675-899 Closed Loans/Mon) no implementation,MeridianLink Mortgage LOS Tier 02 (900-1199 Closed Loans/Mon) no implementation,MeridianLink Mortgage LOS Tier 01 (1200+ Closed Loans/Mon) no implementation,,,MeridianLink Consumer - Consumer Module Tier 08 (2000-3999 apps),65750,,6.75,,,,,,,,,,,,
MeridianLink Mortgage - No Implementation Volume Plan,10-14,15-29,30-44,45-59,60-74,75-89,90-109,110-134,135-169,170-224,225-299,300-399,400-524,525-674,675-899,900-1199,1200+,,,MeridianLink Consumer - Consumer Module Tier 09 (1000-1999 apps),54000,,8.8,,,,,,,,,,,,
Mortgage Loans Setup Fee,0,0,0,0,0,0,0,0,0,0,0,0,0,0,0,0,0,,,"MeridianLink Consumer - Indirect Lending Module Tier 01 (30,000+ apps)",-1234,,1.75,,,,,,,,,,,,
Monthly Minimum Commitment,1204,1728,3210,4599,5952,7260,8532,10208,12258,15061.999999999998,19350,24960,32239.999999999996,41160,51435,66420,85920,,,"MeridianLink Consumer - Indirect Lending Module Tier 02 (25,000-29,999  apps)",-1234,,2.05,,,,,,,,,,,,
Minimum Monthly Closed Loan Commitment,10,15,30,45,60,75,90,110,135,170,225,300,400,525,675,900,1200,,,"MeridianLink Consumer - Indirect Lending Module Tier 03 (20,000-24,999  apps)",-1234,,2.35,,,,,,,,,,,,
Per Application Fee,120.4,115.2,107,102.2,99.2,96.8,94.8,92.8,90.8,88.6,86,83.2,80.6,78.4,76.2,73.8,71.6,,,"MeridianLink Consumer - Indirect Lending Module Tier 04 (15,000-19,999 apps)",-1234,,2.6,,,,,,,,,,,,
,MeridianLink Mortgage LOS Tier 17 (10-14 Closed Loans/Mon) with 1 implementation,MeridianLink Mortgage LOS Tier 16 (15-29 Closed Loans/Mon) with 1 implementation,MeridianLink Mortgage LOS Tier 15 (30-44 Closed Loans/Mon) with 1 implementation,MeridianLink Mortgage LOS Tier 14 (45-59 Closed Loans/Mon) with 1 implementation,MeridianLink Mortgage LOS Tier 13 (60-74 Closed Loans/Mon) with 1 implementation,MeridianLink Mortgage LOS Tier 12 (75-89 Closed Loans/Mon) with 1 implementation,MeridianLink Mortgage LOS Tier 11 (90-109 Closed Loans/Mon) with 1 implementation,MeridianLink Mortgage LOS Tier 10 (110-134 Closed Loans/Mon) with 1 implementation,MeridianLink Mortgage LOS Tier 09 (135-169 Closed Loans/Mon) with 1 implementation,MeridianLink Mortgage LOS Tier 08 (170-224 Closed Loans/Mon) with 1 implementation,MeridianLink Mortgage LOS Tier 07 (225-299 Closed Loans/Mon) with 1 implementation,MeridianLink Mortgage LOS Tier 06 (300-399 Closed Loans/Mon) with 1 implementation,MeridianLink Mortgage LOS Tier 05 (400-524 Closed Loans/Mon) with 1 implementation,MeridianLink Mortgage LOS Tier 04 (525-674 Closed Loans/Mon) with 1 implementation,MeridianLink Mortgage LOS Tier 03 (675-899 Closed Loans/Mon) with 1 implementation,MeridianLink Mortgage LOS Tier 02 (900-1199 Closed Loans/Mon) with 1 implementation,MeridianLink Mortgage LOS Tier 01 (1200+ Closed Loans/Mon) with 1 implementation,,,"MeridianLink Consumer - Indirect Lending Module Tier 05 (10,000-14,999 apps)",-1234,,3,,,,,,,,,,,,
MeridianLink Mortgage - 1 Implementation Volume Plan,10-14,15-29,30-44,45-59,60-74,75-89,90-109,110-134,135-169,170-224,225-299,300-399,400-524,525-674,675-899,900-1199,1200+,,,MeridianLink Consumer - Indirect Lending Module Tier 06 (8000-9999 apps),12250,,3.3,,,,,,,,,,,,
Mortgage Loans Setup Fee,7950,7950,7950,7950,7950,7950,7950,7950,7950,7950,7950,7950,7950,7950,7950,7950,7950,,,MeridianLink Consumer - Indirect Lending Module Tier 07 (4000-7999 apps),12250,,3.7,,,,,,,,,,,,
Monthly Minimum Commitment,1204,1728,3210,4599,5952,7260,8532,10208,12258,15061.999999999998,19350,24960,32239.999999999996,41160,51435,66420,85920,,,MeridianLink Consumer - Indirect Lending Module Tier 08 (2000-3999 apps),12250,,4.1,,,,,,,,,,,,
Minimum Monthly Closed Loan Commitment,10,15,30,45,60,75,90,110,135,170,225,300,400,525,675,900,1200,,,MeridianLink Consumer - Indirect Lending Module Tier 09 (1000-1999 apps),12250,,5,,,,,,,,,,,,
Per Application Fee,120.4,115.2,107,102.2,99.2,96.8,94.8,92.8,90.8,88.6,86,83.2,80.6,78.4,76.2,73.8,71.6,,,"Standalone MeridianLink Consumer - Indirect Lending Module Tier 01 (30,000+ apps) ",-1234,,1.75,,,,,,,,,,,,
,MeridianLink Mortgage LOS Tier 17 (10-14 Closed Loans/Mon) with 2 implementations,MeridianLink Mortgage LOS Tier 16 (15-29 Closed Loans/Mon) with 2 implementations,MeridianLink Mortgage LOS Tier 15 (30-44 Closed Loans/Mon) with 2 implementations,MeridianLink Mortgage LOS Tier 14 (45-59 Closed Loans/Mon) with 2 implementations,MeridianLink Mortgage LOS Tier 13 (60-74 Closed Loans/Mon) with 2 implementations,MeridianLink Mortgage LOS Tier 12 (75-89 Closed Loans/Mon) with 2 implementations,MeridianLink Mortgage LOS Tier 11 (90-109 Closed Loans/Mon) with 2 implementations,MeridianLink Mortgage LOS Tier 10 (110-134 Closed Loans/Mon) with 2 implementations,MeridianLink Mortgage LOS Tier 09 (135-169 Closed Loans/Mon) with 2 implementations,MeridianLink Mortgage LOS Tier 08 (170-224 Closed Loans/Mon) with 2 implementations,MeridianLink Mortgage LOS Tier 07 (225-299 Closed Loans/Mon) with 2 implementations,MeridianLink Mortgage LOS Tier 06 (300-399 Closed Loans/Mon) with 2 implementations,MeridianLink Mortgage LOS Tier 05 (400-524 Closed Loans/Mon) with 2 implementations,MeridianLink Mortgage LOS Tier 04 (525-674 Closed Loans/Mon) with 2 implementations,MeridianLink Mortgage LOS Tier 03 (675-899 Closed Loans/Mon) with 2 implementations,MeridianLink Mortgage LOS Tier 02 (900-1199 Closed Loans/Mon) with 2 implementations,MeridianLink Mortgage LOS Tier 01 (1200+ Closed Loans/Mon) with 2 implementations,,,"Standalone MeridianLink Consumer - Indirect Lending Module Tier 02 (25,000-29,999  apps)",-1234,,2.05,,,,,,,,,,,,
MeridianLink Mortgage - 2 Implementation Volume Plan,10-14,15-29,30-44,45-59,60-74,75-89,90-109,110-134,135-169,170-224,225-299,300-399,400-524,525-674,675-899,900-1199,1200+,,,"Standalone MeridianLink Consumer - Indirect Lending Module Tier 03 (20,000-24,999  apps)",-1234,,2.35,,,,,,,,,,,,
Mortgage Loans Setup Fee,13200,13200,13200,13200,13200,13200,13200,13200,13200,13200,13200,13200,13200,13200,13200,13200,13200,,,"Standalone MeridianLink Consumer - Indirect Lending Module Tier 04 (15,000-19,999 apps)",-1234,,2.6,,,,,,,,,,,,
Monthly Minimum Commitment,1204,1728,3210,4599,5952,7260,8532,10208,12258,15061.999999999998,19350,24960,32239.999999999996,41160,51435,66420,85920,,,"Standalone MeridianLink Consumer - Indirect Lending Module Tier 05 (10,000-14,999 apps)",-1234,,3,,,,,,,,,,,,
Minimum Monthly Closed Loan Commitment,10,15,30,45,60,75,90,110,135,170,225,300,400,525,675,900,1200,,,Standalone MeridianLink Consumer - Indirect Lending Module Tier 06 (8000-9999 apps),85750,,3.3,,,,,,,,,,,,
Per Application Fee,120.4,115.2,107,102.2,99.2,96.8,94.8,92.8,90.8,88.6,86,83.2,80.6,78.4,76.2,73.8,71.6,,,Standalone MeridianLink Consumer - Indirect Lending Module Tier 07 (4000-7999 apps),75750,,3.7,,,,,,,,,,,,
,MeridianLink Mortgage LOS Tier 17 (10-14 Closed Loans/Mon) with 3 implementations,MeridianLink Mortgage LOS Tier 16 (15-29 Closed Loans/Mon) with 3 implementations,MeridianLink Mortgage LOS Tier 15 (30-44 Closed Loans/Mon) with 3 implementations,MeridianLink Mortgage LOS Tier 14 (45-59 Closed Loans/Mon) with 3 implementations,MeridianLink Mortgage LOS Tier 13 (60-74 Closed Loans/Mon) with 3 implementations,MeridianLink Mortgage LOS Tier 12 (75-89 Closed Loans/Mon) with 3 implementations,MeridianLink Mortgage LOS Tier 11 (90-109 Closed Loans/Mon) with 3 implementations,MeridianLink Mortgage LOS Tier 10 (110-134 Closed Loans/Mon) with 3 implementations,MeridianLink Mortgage LOS Tier 09 (135-169 Closed Loans/Mon) with 3 implementations,MeridianLink Mortgage LOS Tier 08 (170-224 Closed Loans/Mon) with 3 implementations,MeridianLink Mortgage LOS Tier 07 (225-299 Closed Loans/Mon) with 3 implementations,MeridianLink Mortgage LOS Tier 06 (300-399 Closed Loans/Mon) with 3 implementations,MeridianLink Mortgage LOS Tier 05 (400-524 Closed Loans/Mon) with 3 implementations,MeridianLink Mortgage LOS Tier 04 (525-674 Closed Loans/Mon) with 3 implementations,MeridianLink Mortgage LOS Tier 03 (675-899 Closed Loans/Mon) with 3 implementations,MeridianLink Mortgage LOS Tier 02 (900-1199 Closed Loans/Mon) with 3 implementations,MeridianLink Mortgage LOS Tier 01 (1200+ Closed Loans/Mon) with 3 implementations,,,Standalone MeridianLink Consumer - Indirect Lending Module Tier 08 (2000-3999 apps),65750,,4.1,,,,,,,,,,,,
MeridianLink Mortgage - 3 Implementation Volume Plan,10-14,15-29,30-44,45-59,60-74,75-89,90-109,110-134,135-169,170-224,225-299,300-399,400-524,525-674,675-899,900-1199,1200+,,,Standalone MeridianLink Consumer - Indirect Lending Module Tier 09 (1000-1999 apps),54000,,5,,,,,,,,,,,,
Mortgage Loans Setup Fee,18425,18425,18425,18425,18425,18425,18425,18425,18425,18425,18425,18425,18425,18425,18425,18425,18425,,,"MeridianLink Opening Module Tier 01 (30,000+ apps)",-1234,,1.85,,,,,,,,,,,,
Monthly Minimum Commitment,1204,1728,3210,4599,5952,7260,8532,10208,12258,15061.999999999998,19350,24960,32239.999999999996,41160,51435,66420,85920,,,"MeridianLink Opening Module Tier 02 (25,000-29,999 apps)",-1234,,2.2,,,,,,,,,,,,
Minimum Monthly Closed Loan Commitment,10,15,30,45,60,75,90,110,135,170,225,300,400,525,675,900,1200,,,"MeridianLink Opening Module Tier 03 (20,000-24,999 apps)",-1234,,2.5,,,,,,,,,,,,
Per Application Fee,120.4,115.2,107,102.2,99.2,96.8,94.8,92.8,90.8,88.6,86,83.2,80.6,78.4,76.2,73.8,71.6,,,"MeridianLink Opening Module Tier 04 (15,000-19,999 apps)",-1234,,2.9,,,,,,,,,,,,
,MeridianLink Mortgage LOS Subordinate Lien Loans Tier 17 (10-14 Closed Loans/Month),MeridianLink Mortgage LOS Subordinate Lien Loans Tier 16 (15-29 Closed Loans/Month),MeridianLink Mortgage LOS Subordinate Lien Loans Tier 15 (30 - 44 Closed Loans/Month),MeridianLink Mortgage LOS Subordinate Lien Loans Tier 14 (45 - 59 Closed Loans/Month),MeridianLink Mortgage LOS Subordinate Lien Loans Tier 13 (60 - 74 Closed Loans/Month),MeridianLink Mortgage LOS Subordinate Lien Loans Tier 12 (75 - 89 Closed Loans/Month),MeridianLink Mortgage LOS Subordinate Lien Loans Tier 11 (90 - 109 Closed Loans/Month),MeridianLink Mortgage LOS Subordinate Lien Loans Tier 10 (110 - 134 Closed Loans/Month),MeridianLink Mortgage LOS Subordinate Lien Loans Tier 09 (135 - 169 Closed Loans/Month),MeridianLink Mortgage LOS Subordinate Lien Loans Tier 08 (170 - 224 Closed Loans/Month),MeridianLink Mortgage LOS Subordinate Lien Loans Tier 07 (225 - 299 Closed Loans/Month),MeridianLink Mortgage LOS Subordinate Lien Loans Tier 06 (300 - 399 Closed Loans/Month),MeridianLink Mortgage LOS Subordinate Lien Loans Tier 05 (400 - 524 Closed Loans/Month),MeridianLink Mortgage LOS Subordinate Lien Loans Tier 04 (525 - 674 Closed Loans/Month),MeridianLink Mortgage LOS Subordinate Lien Loans Tier 03 (675 - 899 Closed Loans/Month),MeridianLink Mortgage LOS Subordinate Lien Loans Tier 02 (900 - 1199 Closed Loans/Month),MeridianLink Mortgage LOS Subordinate Lien Loans Tier 01 (1200+ Closed Loans/Month),,,"MeridianLink Opening Module Tier 05 (10,000-14,999 apps)",-1234,,3.35,,,,,,,,,,,,
MeridianLink Mortgage LOS Subordinate Lien Loans,10-14,0-29,30-44,45-59,60-74,75-89,90-109,110-134,135-169,170-224,225-299,300-399,400-524,525-674,675-899,900-1199,1200+,,,MeridianLink Opening Module Tier 06 (8000-9999 apps),60250,,3.95,,,,,,,,,,,,
Mortgage Loans Setup Fee,0,0,0,0,0,0,0,0,0,0,0,0,0,0,0,0,0,,,MeridianLink Opening Module Tier 07 (4000-7999 apps),49500,,4.8,,,,,,,,,,,,
Monthly Minimum Commitment,784,1125,2088,2996.9999999999995,3875.9999999999995,4725,5562,6666,7992,9826,12600,16260,20960,26775,33513.75,43335,55980,,,MeridianLink Opening Module Tier 08 (2000-3999 apps),41750,,6.75,,,,,,,,,,,,
Minimum Monthly Closed Loan Commitment,10,15,30,45,60,75,90,110,135,170,225,300,400,525,675,900,1200,,,MeridianLink Opening Module Tier 09 (1000-1999 apps),34000,,8.8,,,,,,,,,,,,
Per Application Fee,78.4,75,69.6,66.6,64.6,63,61.8,60.6,59.2,57.8,56,54.2,52.4,51,49.65,48.15,46.65,,MeridianLink CreditAPI,MeridianLink CreditAPI,2600,,,,,,,,,,,,,,
,MeridianLink Mortgage LOS with DocMagic Subordinate Lien Loans Tier 17 (10-14 Closed Loans/Month),MeridianLink Mortgage LOS with DocMagic Subordinate Lien Loans Tier 16 (15-29 Closed Loans/Month),MeridianLink Mortgage LOS with DocMagic Subordinate Lien Loans Tier 15 (30 - 44 Closed Loans/Month),MeridianLink Mortgage LOS with DocMagic Subordinate Lien Loans Tier 14 (45 - 59 Closed Loans/Month),MeridianLink Mortgage LOS with DocMagic Subordinate Lien Loans Tier 13 (60 - 74 Closed Loans/Month),MeridianLink Mortgage LOS with DocMagic Subordinate Lien Loans Tier 12 (75 - 89 Closed Loans/Month),MeridianLink Mortgage LOS with DocMagic Subordinate Lien Loans Tier 11 (90 - 109 Closed Loans/Month),MeridianLink Mortgage LOS with DocMagic Subordinate Lien Loans Tier 10 (110 - 134 Closed Loans/Month),MeridianLink Mortgage LOS with DocMagic Subordinate Lien Loans Tier 09 (135 - 169 Closed Loans/Month),MeridianLink Mortgage LOS with DocMagic Subordinate Lien Loans Tier 08 (170 - 224 Closed Loans/Month),MeridianLink Mortgage LOS with DocMagic Subordinate Lien Loans Tier 07 (225 - 299 Closed Loans/Month),MeridianLink Mortgage LOS with DocMagic Subordinate Lien Loans Tier 06 (300 - 399 Closed Loans/Month),MeridianLink Mortgage LOS with DocMagic Subordinate Lien Loans Tier 05 (400 - 524 Closed Loans/Month),MeridianLink Mortgage LOS with DocMagic Subordinate Lien Loans Tier 04 (525 - 674 Closed Loans/Month),MeridianLink Mortgage LOS with DocMagic Subordinate Lien Loans Tier 03 (675 - 899 Closed Loans/Month),MeridianLink Mortgage LOS with DocMagic Subordinate Lien Loans Tier 02 (900 - 1199 Closed Loans/Month),MeridianLink Mortgage LOS with DocMagic Subordinate Lien Loans Tier 01 (1200+ Closed Loans/Month),,MeridianLink Mortgage,MeridianLink Mortgage LOS Subordinate Lien Loans Tier 10 (110 - 134 Closed Loans/Month),0,,60.6,,,,,,,,,,,,
MeridianLink Mortgage with Doc Magic Subordinate Lien Loans,10-14,15-29,30-44,45-59,60-74,75-89,90-109,110-134,135-169,170-224,225-299,300-399,400-524,525-674,675-899,900-1199,1200+,,,MeridianLink Mortgage LOS Subordinate Lien Loans Tier 11 (90 - 109 Closed Loans/Month),0,,61.8,,,,,,,,,,,,
Mortgage Loans Setup Fee,0,0,0,0,0,0,0,0,0,0,0,0,0,0,0,0,0,,,MeridianLink Mortgage LOS Subordinate Lien Loans Tier 12 (75 - 89 Closed Loans/Month),0,,63,,,,,,,,,,,,
Monthly Minimum Commitment,1050,1524,2886,4194,5472,6720,7956.000000000001,9592,11583,14348.000000000002,18585,24240,31600,40740,51468.75,67275,87900,,,MeridianLink Mortgage LOS Subordinate Lien Loans Tier 13 (60 - 74 Closed Loans/Month),0,,64.6,,,,,,,,,,,,
Minimum Monthly Closed Loan Commitment,10,15,30,45,60,75,90,110,135,170,225,300,400,525,675,900,1200,,,MeridianLink Mortgage LOS Subordinate Lien Loans Tier 14 (45 - 59 Closed Loans/Month),0,,66.6,,,,,,,,,,,,
Per Application Fee,105,101.6,96.2,93.2,91.2,89.6,88.4,87.2,85.8,84.4,82.6,80.8,79,77.6,76.25,74.75,73.25,,,MeridianLink Mortgage LOS Subordinate Lien Loans Tier 15 (30 - 44 Closed Loans/Month),0,,69.6,,,,,,,,,,,,
,MeridianLink Mortgage LOS with DocMagic Tier 17 (10-14 Closed Loans/Mon) with no implementation,MeridianLink Mortgage LOS with DocMagic Tier 16 (15-29 Closed Loans/Mon) with no implementation,MeridianLink Mortgage LOS with DocMagic Tier 15 (30-44 Closed Loans/Mon) with no implementation,MeridianLink Mortgage LOS with DocMagic Tier 14 (45-59 Closed Loans/Mon) with no implementation,MeridianLink Mortgage LOS with DocMagic Tier 13 (60-74 Closed Loans/Mon) with no implementation,MeridianLink Mortgage LOS with DocMagic Tier 12 (75-89 Closed Loans/Mon) with  no implementation,MeridianLink Mortgage LOS with DocMagic Tier 11 (90-109 Closed Loans/Mon) with no implementation,MeridianLink Mortgage LOS with DocMagic Tier 10 (110-134 Closed Loans/Mon) with no implementation,MeridianLink Mortgage LOS with DocMagic Tier 09 (135-169 Closed Loans/Mon) with no implementation,MeridianLink Mortgage LOS with DocMagic Tier 08 (170-224 Closed Loans/Mon) with no implementation,MeridianLink Mortgage LOS with DocMagic Tier 07 (225-299 Closed Loans/Mon) with no implementation,MeridianLink Mortgage LOS with DocMagic Tier 06 (300-399 Closed Loans/Mon) with no implementation,MeridianLink Mortgage LOS with DocMagic Tier 05 (400-524 Closed Loans/Mon) with no implementation,MeridianLink Mortgage LOS with DocMagic Tier 04 (525-674 Closed Loans/Mon) with no implementation,MeridianLink Mortgage LOS with DocMagic Tier 03 (675-899 Closed Loans/Mon) with no implementation,MeridianLink Mortgage LOS with DocMagic Tier 02 (900-1199 Closed Loans/Mon) with no implementation,MeridianLink Mortgage LOS with DocMagic Tier 01 (1200+ Closed Loans/Mon) with no implementation,,,MeridianLink Mortgage LOS Tier 10 (110-134 Closed Loans/Mon) no implementation,0,,92.8,,,,,,,,,,,,
MeridianLink Mortgage with Doc Magic - No Implementation Volume Plan,10-14,15-29,30-44,45-59,60-74,75-89,90-109,110-134,135-169,170-224,225-299,300-399,400-524,525-674,675-899,900-1199,1200+,,,MeridianLink Mortgage LOS Tier 10 (110-134 Closed Loans/Mon) with 1 implementation,7950,,92.8,,,,,,,,,,,,
Mortgage Loans Setup Fee,0,0,0,0,0,0,0,0,0,0,0,0,0,0,0,0,0,,,MeridianLink Mortgage LOS Tier 10 (110-134 Closed Loans/Mon) with 2 implementations,13200,,92.8,,,,,,,,,,,,
Monthly Minimum Commitment,1470,2127,4008,5796.000000000001,7548,9255,10926,13134,15849,19584,25335,32940,42880,55125,69390,90360,117840,,,MeridianLink Mortgage LOS Tier 10 (110-134 Closed Loans/Mon) with 3 implementations,18425,,92.8,,,,,,,,,,,,
Minimum Monthly Closed Loan Commitment,10,15,30,45,60,75,90,110,135,170,225,300,400,525,675,900,1200,,,MeridianLink Mortgage LOS Tier 11 (90-109 Closed Loans/Mon) no implementation,0,,94.8,,,,,,,,,,,,
Per Application Fee,147,141.8,133.6,128.8,125.8,123.4,121.4,119.4,117.4,115.2,112.6,109.8,107.2,105,102.8,100.4,98.2,,,MeridianLink Mortgage LOS Tier 11 (90-109 Closed Loans/Mon) with 1 implementation,7950,,94.8,,,,,,,,,,,,
,MeridianLink Mortgage LOS with DocMagic Tier 17 (10-14 Closed Loans/Mon) with 1 implementation,MeridianLink Mortgage LOS with DocMagic Tier 16 (15-29 Closed Loans/Mon) with 1 implementation,MeridianLink Mortgage LOS with DocMagic Tier 15 (30-44 Closed Loans/Mon) with 1 implementation,MeridianLink Mortgage LOS with DocMagic Tier 14 (45-59 Closed Loans/Mon) with 1 implementation,MeridianLink Mortgage LOS with DocMagic Tier 13 (60-74 Closed Loans/Mon) with 1 implementation,MeridianLink Mortgage LOS with DocMagic Tier 12 (75-89 Closed Loans/Mon) with 1 implementation,MeridianLink Mortgage LOS with DocMagic Tier 11 (90-109 Closed Loans/Mon) with 1 implementation,MeridianLink Mortgage LOS with DocMagic Tier 10 (110-134 Closed Loans/Mon) with 1 implementation,MeridianLink Mortgage LOS with DocMagic Tier 09 (135-169 Closed Loans/Mon) with 1 implementation,MeridianLink Mortgage LOS with DocMagic Tier 08 (170-224 Closed Loans/Mon) with 1 implementation,MeridianLink Mortgage LOS with DocMagic Tier 07 (225-299 Closed Loans/Mon) with 1 implementation,MeridianLink Mortgage LOS with DocMagic Tier 06 (300-399 Closed Loans/Mon) with 1 implementation,MeridianLink Mortgage LOS with DocMagic Tier 05 (400-524 Closed Loans/Mon) with 1 implementation,MeridianLink Mortgage LOS with DocMagic Tier 04 (525-674 Closed Loans/Mon) with 1 implementation,MeridianLink Mortgage LOS with DocMagic Tier 03 (675-899 Closed Loans/Mon) with 1 implementation,MeridianLink Mortgage LOS with DocMagic Tier 02 (900-1199 Closed Loans/Mon) with 1 implementation,MeridianLink Mortgage LOS with DocMagic Tier 01 (1200+ Closed Loans/Mon) with 1 implementation,,,MeridianLink Mortgage LOS Tier 11 (90-109 Closed Loans/Mon) with 2 implementations,13200,,94.8,,,,,,,,,,,,
MeridianLink Mortgage with Doc Magic  - 1 Implementation Volume Plan,10-14,15-29,30-44,45-59,60-74,75-89,90-109,110-134,135-169,170-224,225-299,300-399,400-524,525-674,675-899,900-1199,1200+,,,MeridianLink Mortgage LOS Tier 11 (90-109 Closed Loans/Mon) with 3 implementations,18425,,94.8,,,,,,,,,,,,
Mortgage Loans Setup Fee,7950,7950,7950,7950,7950,7950,7950,7950,7950,7950,7950,7950,7950,7950,7950,7950,7950,,,MeridianLink Mortgage LOS Tier 12 (75-89 Closed Loans/Mon) no implementation,0,,96.8,,,,,,,,,,,,
Monthly Minimum Commitment,1470,2127,4008,5796.000000000001,7548,9255,10926,13134,15849,19584,25335,32940,42880,55125,69390,90360,117840,,,MeridianLink Mortgage LOS Tier 12 (75-89 Closed Loans/Mon) with 1 implementation,7950,,96.8,,,,,,,,,,,,
Minimum Monthly Closed Loan Commitment,10,15,30,45,60,75,90,110,135,170,225,300,400,525,675,900,1200,,,MeridianLink Mortgage LOS Tier 12 (75-89 Closed Loans/Mon) with 2 implementations,13200,,96.8,,,,,,,,,,,,
Per Application Fee,147,141.8,133.6,128.8,125.8,123.4,121.4,119.4,117.4,115.2,112.6,109.8,107.2,105,102.8,100.4,98.2,,,MeridianLink Mortgage LOS Tier 12 (75-89 Closed Loans/Mon) with 3 implementations,18425,,96.8,,,,,,,,,,,,
,MeridianLink Mortgage LOS with DocMagic Tier 17 (10-14 Closed Loans/Mon) with 2 implementations,MeridianLink Mortgage LOS with DocMagic Tier 16 (15-29 Closed Loans/Mon) with 2 implementations,MeridianLink Mortgage LOS with DocMagic Tier 15 (30-44 Closed Loans/Mon) with 2 implementations,MeridianLink Mortgage LOS with DocMagic Tier 14 (45-59 Closed Loans/Mon) with 2 implementations,MeridianLink Mortgage LOS with DocMagic Tier 13 (60-74 Closed Loans/Mon) with 2 implementations,MeridianLink Mortgage LOS with DocMagic Tier 12 (75-89 Closed Loans/Mon) with 2 implementations,MeridianLink Mortgage LOS with DocMagic Tier 11 (90-109 Closed Loans/Mon) with 2 implementations,MeridianLink Mortgage LOS with DocMagic Tier 10 (110-134 Closed Loans/Mon) with 2 implementations,MeridianLink Mortgage LOS with DocMagic Tier 09 (135-169 Closed Loans/Mon) with 2 implementations,MeridianLink Mortgage LOS with DocMagic Tier 08 (170-224 Closed Loans/Mon) with 2 implementations,MeridianLink Mortgage LOS with DocMagic Tier 07 (225-299 Closed Loans/Mon) with 2 implementations,MeridianLink Mortgage LOS with DocMagic Tier 06 (300-399 Closed Loans/Mon) with 2 implementations,MeridianLink Mortgage LOS with DocMagic Tier 05 (400-524 Closed Loans/Mon) with 2 implementations,MeridianLink Mortgage LOS with DocMagic Tier 04 (525-674 Closed Loans/Mon) with 2 implementations,MeridianLink Mortgage LOS with DocMagic Tier 03 (675-899 Closed Loans/Mon) with 2 implementations,MeridianLink Mortgage LOS with DocMagic Tier 02 (900-1199 Closed Loans/Mon) with 2 implementations,MeridianLink Mortgage LOS with DocMagic Tier 01 (1200+ Closed Loans/Mon) with 2 implementations,,,MeridianLink Mortgage LOS Tier 13 (60-74 Closed Loans/Mon) no implementation,0,,99.2,,,,,,,,,,,,
MeridianLink Mortgage with Doc Magic  - 2 Implementation Volume Plan,10-14,15-29,30-44,45-59,60-74,75-89,90-109,110-134,135-169,170-224,225-299,300-399,400-524,525-674,675-899,900-1199,1200+,,,MeridianLink Mortgage LOS Tier 13 (60-74 Closed Loans/Mon) with 1 implementation,7950,,99.2,,,,,,,,,,,,
Mortgage Loans Setup Fee,13200,13200,13200,13200,13200,13200,13200,13200,13200,13200,13200,13200,13200,13200,13200,13200,13200,,,MeridianLink Mortgage LOS Tier 13 (60-74 Closed Loans/Mon) with 2 implementations,13200,,99.2,,,,,,,,,,,,
Monthly Minimum Commitment,1470,2127,4008,5796.000000000001,7548,9255,10926,13134,15849,19584,25335,32940,42880,55125,69390,90360,117840,,,MeridianLink Mortgage LOS Tier 13 (60-74 Closed Loans/Mon) with 3 implementations,18425,,99.2,,,,,,,,,,,,
Minimum Monthly Closed Loan Commitment,10,15,30,45,60,75,90,110,135,170,225,300,400,525,675,900,1200,,,MeridianLink Mortgage LOS Tier 14 (45-59 Closed Loans/Mon) no implementation,0,,102.2,,,,,,,,,,,,
Per Application Fee,147,141.8,133.6,128.8,125.8,123.4,121.4,119.4,117.4,115.2,112.6,109.8,107.2,105,102.8,100.4,98.2,,,MeridianLink Mortgage LOS Tier 14 (45-59 Closed Loans/Mon) with 1 implementation,7950,,102.2,,,,,,,,,,,,
,MeridianLink Mortgage LOS with DocMagic Tier 17 (10-14 Closed Loans/Mon) with 3 implementations,MeridianLink Mortgage LOS with DocMagic Tier 16 (15-29 Closed Loans/Mon) with 3 implementations,MeridianLink Mortgage LOS with DocMagic Tier 15 (30-44 Closed Loans/Mon) with 3 implementations,MeridianLink Mortgage LOS with DocMagic Tier 14 (45-59 Closed Loans/Mon) with 3 implementations,MeridianLink Mortgage LOS with DocMagic Tier 13 (60-74 Closed Loans/Mon) with 3 implementations,MeridianLink Mortgage LOS with DocMagic Tier 12 (75-89 Closed Loans/Mon) with 3 implementations,MeridianLink Mortgage LOS with DocMagic Tier 11 (90-109 Closed Loans/Mon) with 3 implementations,MeridianLink Mortgage LOS with DocMagic Tier 10 (110-134 Closed Loans/Mon) with 3 implementations,MeridianLink Mortgage LOS with DocMagic Tier 09 (135-169 Closed Loans/Mon) with 3 implementations,MeridianLink Mortgage LOS with DocMagic Tier 08 (170-224 Closed Loans/Mon) with 3 implementations,MeridianLink Mortgage LOS with DocMagic Tier 07 (225-299 Closed Loans/Mon) with 3 implementations,MeridianLink Mortgage LOS with DocMagic Tier 06 (300-399 Closed Loans/Mon) with 3 implementations,MeridianLink Mortgage LOS with DocMagic Tier 05 (400-524 Closed Loans/Mon) with 3 implementations,MeridianLink Mortgage LOS with DocMagic Tier 04 (525-674 Closed Loans/Mon) with 3 implementations,MeridianLink Mortgage LOS with DocMagic Tier 03 (675-899 Closed Loans/Mon) with 3 implementations,MeridianLink Mortgage LOS with DocMagic Tier 02 (900-1199 Closed Loans/Mon) with 3 implementations,MeridianLink Mortgage LOS with DocMagic Tier 01 (1200+ Closed Loans/Mon) with 3 implementations,,,MeridianLink Mortgage LOS Tier 14 (45-59 Closed Loans/Mon) with 2 implementations,13200,,102.2,,,,,,,,,,,,
MeridianLink Mortgage with Doc Magic - 3 Implementation Volume Plan,10-14,15-29,30-44,45-59,60-74,75-89,90-109,110-134,135-169,170-224,225-299,300-399,400-524,525-674,675-899,900-1199,1200+,,,MeridianLink Mortgage LOS Tier 14 (45-59 Closed Loans/Mon) with 3 implementations,18425,,102.2,,,,,,,,,,,,
Mortgage Loans Setup Fee,18425,18425,18425,18425,18425,18425,18425,18425,18425,18425,18425,18425,18425,18425,18425,18425,18425,,,MeridianLink Mortgage LOS Tier 15 (30-44 Closed Loans/Mon) no implementation,0,,107,,,,,,,,,,,,
Monthly Minimum Commitment,1470,2127,4008,5796.000000000001,7548,9255,10926,13134,15849,19584,25335,32940,42880,55125,69390,90360,117840,,,MeridianLink Mortgage LOS Tier 15 (30-44 Closed Loans/Mon) with 1 implementation,7950,,107,,,,,,,,,,,,
Minimum Monthly Closed Loan Commitment,10,15,30,45,60,75,90,110,135,170,225,300,400,525,675,900,1200,,,MeridianLink Mortgage LOS Tier 15 (30-44 Closed Loans/Mon) with 2 implementations,13200,,107,,,,,,,,,,,,
Per Application Fee,147,141.8,133.6,128.8,125.8,123.4,121.4,119.4,117.4,115.2,112.6,109.8,107.2,105,102.8,100.4,98.2,,,MeridianLink Mortgage LOS Tier 15 (30-44 Closed Loans/Mon) with 3 implementations,18425,,107,,,,,,,,,,,,
,MeridianLink Mortgage LOS with DocMagic First Lien Loans Tier 17 (10-14 Closed Loans/Month) with no implementations,MeridianLink Mortgage LOS with DocMagic First Lien Loans Tier 16 (15-29 Closed Loans/month) with no implementations,MeridianLink Mortgage LOS with DocMagic First Lien Loans Tier 15 (30 - 44 Closed Loans/Month) with no implementations,MeridianLink Mortgage LOS with DocMagic First Lien Loans Tier 14 (45 - 59 Closed Loans/Month) with no implementations,MeridianLink Mortgage LOS with DocMagic First Lien Loans Tier 13 (60 - 74 Closed Loans/Month) with no implementations,MeridianLink Mortgage LOS with DocMagic First Lien Loans Tier 12 (75 - 89 Closed Loans/Month) with no implementations,MeridianLink Mortgage LOS with DocMagic First Lien Loans Tier 11 (90 - 109 Closed Loans/Month) with no implementations,MeridianLink Mortgage LOS with DocMagic First Lien Loans Tier 10 (110 - 134 Closed Loans/Month) with no implementations,MeridianLink Mortgage LOS with DocMagic First Lien Loans Tier 09 (135 - 169 Closed Loans/Month) with no implementations,MeridianLink Mortgage LOS with DocMagic First Lien Loans Tier 08 (170 - 224 Closed Loans/Month) with no implementations,MeridianLink Mortgage LOS with DocMagic First Lien Loans Tier 07 (225 - 299 Closed Loans/Month) with no implementations,MeridianLink Mortgage LOS with DocMagic First Lien Loans Tier 06 (300 - 399 Closed Loans/Month) with no implementations,MeridianLink Mortgage LOS with DocMagic First Lien Loans Tier 05 (400 - 524 Closed Loans/Month) with no implementations,MeridianLink Mortgage LOS with DocMagic First Lien Loans Tier 04 (525 - 674 Closed Loans/Month) with no implementations,MeridianLink Mortgage LOS with DocMagic First Lien Loans Tier 03 (675 - 899 Closed Loans/Month) with no implementations,MeridianLink Mortgage LOS with DocMagic First Lien Loans Tier 02 (900 - 1199 Closed Loans/Month) with no implementations,MeridianLink Mortgage LOS with DocMagic First Lien Loans Tier 01 (1200+ Closed Loans/Month) with no implementation,,,MeridianLink Mortgage LOS First Lien Loans Tier 10 (110 - 134 Closed Loans/Month) with no implementations,0,,92.8,,,,,,,,,,,,
MeridianLink Mortgage with Doc Magic First Lien Loans - No Implementation Volume Plan,10-14,15-29,30-44,45-59,60-74,75-89,90-109,110-134,135-169,170-224,225-299,300-399,400-524,525-674,675-899,900-1199,1200+,,,MeridianLink Mortgage LOS First Lien Loans Tier 10 (110 - 134 Closed Loans/Month) with 1 implementation,7950,,92.8,,,,,,,,,,,,
Mortgage Loans Setup Fee,0,0,0,0,0,0,0,0,0,0,0,0,0,0,0,0,0,,,MeridianLink Mortgage LOS First Lien Loans Tier 10 (110 - 134 Closed Loans/Month) with 2 implementations,13200,,92.8,,,,,,,,,,,,
Monthly Minimum Commitment,1470,2127,4008,5796.000000000001,7548,9255,10926,13134,15849,19584,25335,32940,42880,55125,69390,90360,117840,,,MeridianLink Mortgage LOS First Lien Loans Tier 10 (110 - 134 Closed Loans/Month) with 3 implementations,18425,,92.8,,,,,,,,,,,,
Minimum Monthly Closed Loan Commitment,10,15,30,45,60,75,90,110,135,170,225,300,400,525,675,900,1200,,,MeridianLink Mortgage LOS First Lien Loans Tier 11 (90 - 109 Closed Loans/Month) with no implementations,0,,94.8,,,,,,,,,,,,
Per Application Fee,147,141.8,133.6,128.8,125.8,123.4,121.4,119.4,117.4,115.2,112.6,109.8,107.2,105,102.8,100.4,98.2,,,MeridianLink Mortgage LOS First Lien Loans Tier 11 (90 - 109 Closed Loans/Month) with 1 implementation,7950,,94.8,,,,,,,,,,,,
,MeridianLink Mortgage LOS with DocMagic First Lien Loans Tier 17 (10-14 Closed Loans/Month) with 1 implementation,MeridianLink Mortgage LOS with DocMagic First Lien Loans Tier 16 (15-29 Closed Loans/month) with 1 implementation,MeridianLink Mortgage LOS with DocMagic First Lien Loans Tier 15 (30 - 44 Closed Loans/Month) with 1 implementation,MeridianLink Mortgage LOS with DocMagic First Lien Loans Tier 14 (45 - 59 Closed Loans/Month) with 1 implementation,MeridianLink Mortgage LOS with DocMagic First Lien Loans Tier 13 (60 - 74 Closed Loans/Month) with 1 implementation,MeridianLink Mortgage LOS with DocMagic First Lien Loans Tier 12 (75 - 89 Closed Loans/Month) with 1 implementation,MeridianLink Mortgage LOS with DocMagic First Lien Loans Tier 11 (90 - 109 Closed Loans/Month) with 1 implementation,MeridianLink Mortgage LOS with DocMagic First Lien Loans Tier 10 (110 - 134 Closed Loans/Month) with 1 implementation,MeridianLink Mortgage LOS with DocMagic First Lien Loans Tier 09 (135 - 169 Closed Loans/Month) with 1 implementation,MeridianLink Mortgage LOS with DocMagic First Lien Loans Tier 08 (170 - 224 Closed Loans/Month) with 1 implementation,MeridianLink Mortgage LOS with DocMagic First Lien Loans Tier 07 (225 - 299 Closed Loans/Month) with 1 implementation,MeridianLink Mortgage LOS with DocMagic First Lien Loans Tier 06 (300 - 399 Closed Loans/Month) with 1 implementation,MeridianLink Mortgage LOS with DocMagic First Lien Loans Tier 05 (400 - 524 Closed Loans/Month) with 1 implementation,MeridianLink Mortgage LOS with DocMagic First Lien Loans Tier 04 (525 - 674 Closed Loans/Month) with 1 implementation,MeridianLink Mortgage LOS with DocMagic First Lien Loans Tier 03 (675 - 899 Closed Loans/Month) with 1 implementation,MeridianLink Mortgage LOS with DocMagic First Lien Loans Tier 02 (900 - 1199 Closed Loans/Month) with 1 implementation,MeridianLink Mortgage LOS with DocMagic First Lien Loans Tier 01 (1200+ Closed Loans/Month) with 1 implementation,,,MeridianLink Mortgage LOS First Lien Loans Tier 11 (90 - 109 Closed Loans/Month) with 2 implementations,13200,,94.8,,,,,,,,,,,,
MeridianLink Mortgage with Doc Magic First Lien Loans  - 1 Implementation Volume Plan,10-14,15-29,30-44,45-59,60-74,75-89,90-109,110-134,135-169,170-224,225-299,300-399,400-524,525-674,675-899,900-1199,1200+,,,MeridianLink Mortgage LOS First Lien Loans Tier 11 (90 - 109 Closed Loans/Month) with 3 implementations,18425,,94.8,,,,,,,,,,,,
Mortgage Loans Setup Fee,7950,7950,7950,7950,7950,7950,7950,7950,7950,7950,7950,7950,7950,7950,7950,7950,7950,,,MeridianLink Mortgage LOS First Lien Loans Tier 12 (75 - 89 Closed Loans/Month) with no implementations,0,,96.8,,,,,,,,,,,,
Monthly Minimum Commitment,1470,2127,4008,5796.000000000001,7548,9255,10926,13134,15849,19584,25335,32940,42880,55125,69390,90360,117840,,,MeridianLink Mortgage LOS First Lien Loans Tier 12 (75 - 89 Closed Loans/Month) with 1 implementation,7950,,96.8,,,,,,,,,,,,
Minimum Monthly Closed Loan Commitment,10,15,30,45,60,75,90,110,135,170,225,300,400,525,675,900,1200,,,MeridianLink Mortgage LOS First Lien Loans Tier 12 (75 - 89 Closed Loans/Month) with 2 implementations,13200,,96.8,,,,,,,,,,,,
Per Application Fee,147,141.8,133.6,128.8,125.8,123.4,121.4,119.4,117.4,115.2,112.6,109.8,107.2,105,102.8,100.4,98.2,,,MeridianLink Mortgage LOS First Lien Loans Tier 12 (75 - 89 Closed Loans/Month) with 3 implementations,18425,,96.8,,,,,,,,,,,,
,MeridianLink Mortgage LOS with DocMagic First Lien Loans Tier 17 (10-14 Closed Loans/Month) with 2 implementations,MeridianLink Mortgage LOS with DocMagic First Lien Loans Tier 16 (15-29 Closed Loans/month) with 2 implementations,MeridianLink Mortgage LOS with DocMagic First Lien Loans Tier 15 (30 - 44 Closed Loans/Month) with 2 implementations,MeridianLink Mortgage LOS with DocMagic First Lien Loans Tier 14 (45 - 59 Closed Loans/Month) with 2 implementations,MeridianLink Mortgage LOS with DocMagic First Lien Loans Tier 13 (60 - 74 Closed Loans/Month) with 2 implementations,MeridianLink Mortgage LOS with DocMagic First Lien Loans Tier 12 (75 - 89 Closed Loans/Month) with 2 implementations,MeridianLink Mortgage LOS with DocMagic First Lien Loans Tier 11 (90 - 109 Closed Loans/Month) with 2 implementations,MeridianLink Mortgage LOS with DocMagic First Lien Loans Tier 10 (110 - 134 Closed Loans/Month) with 2 implementations,MeridianLink Mortgage LOS with DocMagic First Lien Loans Tier 09 (135 - 169 Closed Loans/Month) with 2 implementations,MeridianLink Mortgage LOS with DocMagic First Lien Loans Tier 08 (170 - 224 Closed Loans/Month) with 2 implementations,MeridianLink Mortgage LOS with DocMagic First Lien Loans Tier 07 (225 - 299 Closed Loans/Month) with 2 implementations,MeridianLink Mortgage LOS with DocMagic First Lien Loans Tier 06 (300 - 399 Closed Loans/Month) with 2 implentations,MeridianLink Mortgage LOS with DocMagic First Lien Loans Tier 05 (400 - 524 Closed Loans/Month) with 2 implementations,MeridianLink Mortgage LOS with DocMagic First Lien Loans Tier 04 (525 - 674 Closed Loans/Month) with 2 implementations,MeridianLink Mortgage LOS with DocMagic First Lien Loans Tier 03 (675 - 899 Closed Loans/Month) with 2 implementations,MeridianLink Mortgage LOS with DocMagic First Lien Loans Tier 02 (900 - 1199 Closed Loans/Month) with 2 implementations,MeridianLink Mortgage LOS with DocMagic First Lien Loans Tier 01 (1200+ Closed Loans/Month) with 2 implementations,,,MeridianLink Mortgage LOS First Lien Loans Tier 13 (60 - 74 Closed Loans/Month) with no implementations,0,,99.2,,,,,,,,,,,,
MeridianLink Mortgage with Doc Magic First Lien Loans - 2 Implementation Volume Plan,10-14,15-29,30-44,45-59,60-74,75-89,90-109,110-134,135-169,170-224,225-299,300-399,400-524,525-674,675-899,900-1199,1200+,,,MeridianLink Mortgage LOS First Lien Loans Tier 13 (60 - 74 Closed Loans/Month) with 1 implementation,7950,,99.2,,,,,,,,,,,,
Mortgage Loans Setup Fee,13200,13200,13200,13200,13200,13200,13200,13200,13200,13200,13200,13200,13200,13200,13200,13200,13200,,,MeridianLink Mortgage LOS First Lien Loans Tier 13 (60 - 74 Closed Loans/Month) with 2 implementations,13200,,99.2,,,,,,,,,,,,
Monthly Minimum Commitment,1470,2127,4008,5796.000000000001,7548,9255,10926,13134,15849,19584,25335,32940,42880,55125,69390,90360,117840,,,MeridianLink Mortgage LOS First Lien Loans Tier 13 (60 - 74 Closed Loans/Month) with 3 implementations,18425,,99.2,,,,,,,,,,,,
Minimum Monthly Closed Loan Commitment,10,15,30,45,60,75,90,110,135,170,225,300,400,525,675,900,1200,,,MeridianLink Mortgage LOS First Lien Loans Tier 14 (45 - 59 Closed Loans/Month) with no implementations,0,,102.2,,,,,,,,,,,,
Per Application Fee,147,141.8,133.6,128.8,125.8,123.4,121.4,119.4,117.4,115.2,112.6,109.8,107.2,105,102.8,100.4,98.2,,,MeridianLink Mortgage LOS First Lien Loans Tier 14 (45 - 59 Closed Loans/Month) with 1 implementation,7950,,102.2,,,,,,,,,,,,
,MeridianLink Mortgage LOS with DocMagic First Lien Loans Tier 17 (10-14 Closed Loans/Month) with 3 implementations,MeridianLink Mortgage LOS with DocMagic First Lien Loans Tier 16 (15-29 Closed Loans/month) with 3 implementations,MeridianLink Mortgage LOS with DocMagic First Lien Loans Tier 15 (30 - 44 Closed Loans/Month) with 3 implementations,MeridianLink Mortgage LOS with DocMagic First Lien Loans Tier 14 (45 - 59 Closed Loans/Month) with 3 implementations,MeridianLink Mortgage LOS with DocMagic First Lien Loans Tier 13 (60 - 74 Closed Loans/Month) with 3 implementations,MeridianLink Mortgage LOS with DocMagic First Lien Loans Tier 12 (75 - 89 Closed Loans/Month) with 3 implementations,MeridianLink Mortgage LOS with DocMagic First Lien Loans Tier 11 (90 - 109 Closed Loans/Month) with 3 implementations,MeridianLink Mortgage LOS with DocMagic First Lien Loans Tier 10 (110 - 134 Closed Loans/Month) with 3 implementations,MeridianLink Mortgage LOS with DocMagic First Lien Loans Tier 09 (135 - 169 Closed Loans/Month) with 3 implementations,MeridianLink Mortgage LOS with DocMagic First Lien Loans Tier 08 (170 - 224 Closed Loans/Month) with 3 implementations,MeridianLink Mortgage LOS with DocMagic First Lien Loans Tier 07 (225 - 299 Closed Loans/Month) with 3 implementations,MeridianLink Mortgage LOS with DocMagic First Lien Loans Tier 06 (300 - 399 Closed Loans/Month) with 3 implementations,MeridianLink Mortgage LOS with DocMagic First Lien Loans Tier 05 (400 - 524 Closed Loans/Month) with 3 implementations,MeridianLink Mortgage LOS with DocMagic First Lien Loans Tier 04 (525 - 674 Closed Loans/Month) with 3 implementations,MeridianLink Mortgage LOS with DocMagic First Lien Loans Tier 03 (675 - 899 Closed Loans/Month) with 3 implementations,MeridianLink Mortgage LOS with DocMagic First Lien Loans Tier 02 (900 - 1199 Closed Loans/Month) with 3 implementations,MeridianLink Mortgage LOS with DocMagic First Lien Loans Tier 01 (1200+ Closed Loans/Month) with 3 implementations,,,MeridianLink Mortgage LOS First Lien Loans Tier 14 (45 - 59 Closed Loans/Month) with 2 implementations,13200,,102.2,,,,,,,,,,,,
MeridianLink Mortgage with Doc Magic First Lien Loans- 3 Implementation Volume Plan,10-14,15-29,30-44,45-59,60-74,75-89,90-109,110-134,135-169,170-224,225-299,300-399,400-524,525-674,675-899,900-1199,1200+,,,MeridianLink Mortgage LOS First Lien Loans Tier 14 (45 - 59 Closed Loans/Month) with 3 implementations,18425,,102.2,,,,,,,,,,,,
Mortgage Loans Setup Fee,18425,18425,18425,18425,18425,18425,18425,18425,18425,18425,18425,18425,18425,18425,18425,18425,18425,,,MeridianLink Mortgage LOS First Lien Loans Tier 15 (30 - 44 Closed Loans/Month) with no implementations,0,,107,,,,,,,,,,,,
Monthly Minimum Commitment,1470,2127,4008,5796.000000000001,7548,9255,10926,13134,15849,19584,25335,32940,42880,55125,69390,90360,117840,,,MeridianLink Mortgage LOS First Lien Loans Tier 15 (30 - 44 Closed Loans/Month) with 1 implementation,7950,,107,,,,,,,,,,,,
Minimum Monthly Closed Loan Commitment,10,15,30,45,60,75,90,110,135,170,225,300,400,525,675,900,1200,,,MeridianLink Mortgage LOS First Lien Loans Tier 15 (30 - 44 Closed Loans/Month) with 2 implementations,13200,,107,,,,,,,,,,,,
Per Application Fee,147,141.8,133.6,128.8,125.8,123.4,121.4,119.4,117.4,115.2,112.6,109.8,107.2,105,102.8,100.4,98.2,,,MeridianLink Mortgage LOS First Lien Loans Tier 15 (30 - 44 Closed Loans/Month) with 3 implementations,18425,,107,,,,,,,,,,,,
,MeridianLink Mortgage LOS First Lien Loans Tier 17 (10-14 Closed Loans/Month) with no implementations,MeridianLink Mortgage LOS First Lien Loans Tier 16 (15-29 Closed Loans/month) with no implementations,MeridianLink Mortgage LOS First Lien Loans Tier 15 (30 - 44 Closed Loans/Month) with no implementations,MeridianLink Mortgage LOS First Lien Loans Tier 14 (45 - 59 Closed Loans/Month) with no implementations,MeridianLink Mortgage LOS First Lien Loans Tier 13 (60 - 74 Closed Loans/Month) with no implementations,MeridianLink Mortgage LOS First Lien Loans Tier 12 (75 - 89 Closed Loans/Month) with no implementations,MeridianLink Mortgage LOS First Lien Loans Tier 11 (90 - 109 Closed Loans/Month) with no implementations,MeridianLink Mortgage LOS First Lien Loans Tier 10 (110 - 134 Closed Loans/Month) with no implementations,MeridianLink Mortgage LOS First Lien Loans Tier 09 (135 - 169 Closed Loans/Month) with no implementations,MeridianLink Mortgage LOS First Lien Loans Tier 08 (170 - 224 Closed Loans/Month) with no implementations,MeridianLink Mortgage LOS First Lien Loans Tier 07 (225 - 299 Closed Loans/Month) with no implementations,MeridianLink Mortgage LOS First Lien Loans Tier 06 (300 - 399 Closed Loans/Month) with no implementations,MeridianLink Mortgage LOS First Lien Loans Tier 05 (400 - 524 Closed Loans/Month) with no implementations,MeridianLink Mortgage LOS First Lien Loans Tier 04 (525 - 674 Closed Loans/Month) with no implementations,MeridianLink Mortgage LOS First Lien Loans Tier 03 (675 - 899 Closed Loans/Month) with no implementations,MeridianLink Mortgage LOS First Lien Loans Tier 02 (900 - 1199 Closed Loans/Month) with no implementations,MeridianLink Mortgage LOS First Lien Loans Tier 01 (1200+ Closed Loans/Month) with no implementation,,,MeridianLink Mortgage LOS First Lien Loans Tier 16 (15-29 Closed Loans/Month) with no implementations,0,,115.2,,,,,,,,,,,,
MeridianLink Mortgage First Lien Loans - No Implementation Volume Plan,10-14,15-29,30-44,45-59,60-74,75-89,90-109,110-134,135-169,170-224,225-299,300-399,400-524,525-674,675-899,900-1199,1200+,,,MeridianLink Mortgage LOS First Lien Loans Tier 16 (15-29 Closed Loans/Month) with 1 implementation,7950,,115.2,,,,,,,,,,,,
Mortgage Loans Setup Fee,0,0,0,0,0,0,0,0,0,0,0,0,0,0,0,0,0,,,MeridianLink Mortgage LOS First Lien Loans Tier 16 (15-29 Closed Loans/Month) with 2 implementations,13200,,115.2,,,,,,,,,,,,
Monthly Minimum Commitment,1204,1728,3210,4599,5952,7260,8532,10208,12258,15061.999999999998,19350,24960,32239.999999999996,41160,51435,66420,85920,,,MeridianLink Mortgage LOS First Lien Loans Tier 16 (15-29 Closed Loans/Month) with 3 implementations,18425,,115.2,,,,,,,,,,,,
Minimum Monthly Closed Loan Commitment,10,15,30,45,60,75,90,110,135,170,225,300,400,525,675,900,1200,,,MeridianLink Mortgage LOS Subordinate Lien Loans Tier 16 (15-29 Closed Loans/Month),0,,75,,,,,,,,,,,,
Per Application Fee,120.4,115.2,107,102.2,99.2,96.8,94.8,92.8,90.8,88.6,86,83.2,80.6,78.4,76.2,73.8,71.6,,,MeridianLink Mortgage LOS Tier 16 (15-29 Closed Loans/Mon) no implementation,0,,115.2,,,,,,,,,,,,
,MeridianLink Mortgage LOS First Lien Loans Tier 17 (10-14 Closed Loans/Month) with 1 implementation,MeridianLink Mortgage LOS First Lien Loans Tier 16 (15-29 Closed Loans/month) with 1 implementation,MeridianLink Mortgage LOS First Lien Loans Tier 15 (30 - 44 Closed Loans/Month) with 1 implementation,MeridianLink Mortgage LOS First Lien Loans Tier 14 (45 - 59 Closed Loans/Month) with 1 implementation,MeridianLink Mortgage LOS First Lien Loans Tier 13 (60 - 74 Closed Loans/Month) with 1 implementation,MeridianLink Mortgage LOS First Lien Loans Tier 12 (75 - 89 Closed Loans/Month) with 1 implementation,MeridianLink Mortgage LOS First Lien Loans Tier 11 (90 - 109 Closed Loans/Month) with 1 implementation,MeridianLink Mortgage LOS First Lien Loans Tier 10 (110 - 134 Closed Loans/Month) with 1 implementation,MeridianLink Mortgage LOS First Lien Loans Tier 09 (135 - 169 Closed Loans/Month) with 1 implementation,MeridianLink Mortgage LOS First Lien Loans Tier 08 (170 - 224 Closed Loans/Month) with 1 implementation,MeridianLink Mortgage LOS First Lien Loans Tier 07 (225 - 299 Closed Loans/Month) with 1 implementation,MeridianLink Mortgage LOS First Lien Loans Tier 06 (300 - 399 Closed Loans/Month) with 1 implementation,MeridianLink Mortgage LOS First Lien Loans Tier 05 (400 - 524 Closed Loans/Month) with 1 implementation,MeridianLink Mortgage LOS First Lien Loans Tier 04 (525 - 674 Closed Loans/Month) with 1 implementation,MeridianLink Mortgage LOS First Lien Loans Tier 03 (675 - 899 Closed Loans/Month) with 1 implementation,MeridianLink Mortgage LOS First Lien Loans Tier 02 (900 - 1199 Closed Loans/Month) with 1 implementation,MeridianLink Mortgage LOS First Lien Loans Tier 01 (1200+ Closed Loans/Month) with 1 implementation,,,MeridianLink Mortgage LOS Tier 16 (15-29 Closed Loans/Mon) with 1 implementation,7950,,115.2,,,,,,,,,,,,
MeridianLink Mortgage First Lien Loans  - 1 Implementation Volume Plan,10-14,15-29,30-44,45-59,60-74,75-89,90-109,110-134,135-169,170-224,225-299,300-399,400-524,525-674,675-899,900-1199,1200+,,,MeridianLink Mortgage LOS Tier 16 (15-29 Closed Loans/Mon) with 2 implementations,13200,,115.2,,,,,,,,,,,,
Mortgage Loans Setup Fee,7950,7950,7950,7950,7950,7950,7950,7950,7950,7950,7950,7950,7950,7950,7950,7950,7950,,,MeridianLink Mortgage LOS Tier 16 (15-29 Closed Loans/Mon) with 3 implementations,18425,,115.2,,,,,,,,,,,,
Monthly Minimum Commitment,1204,1728,3210,4599,5952,7260,8532,10208,12258,15061.999999999998,19350,24960,32239.999999999996,41160,51435,66420,85920,,,MeridianLink Mortgage LOS with DocMagic First Lien Loans Tier 10 (110 - 134 Closed Loans/Month) with no implementations,0,,119.4,,,,,,,,,,,,
Minimum Monthly Closed Loan Commitment,10,15,30,45,60,75,90,110,135,170,225,300,400,525,675,900,1200,,,MeridianLink Mortgage LOS with DocMagic First Lien Loans Tier 10 (110 - 134 Closed Loans/Month) with 1 implementation,7950,,119.4,,,,,,,,,,,,
Per Application Fee,120.4,115.2,107,102.2,99.2,96.8,94.8,92.8,90.8,88.6,86,83.2,80.6,78.4,76.2,73.8,71.6,,,MeridianLink Mortgage LOS with DocMagic First Lien Loans Tier 10 (110 - 134 Closed Loans/Month) with 2 implementations,13200,,119.4,,,,,,,,,,,,
,MeridianLink Mortgage LOS First Lien Loans Tier 17 (10-14 Closed Loans/Month) with 2 implementations,MeridianLink Mortgage LOS First Lien Loans Tier 16 (15-29 Closed Loans/month) with 2 implementations,MeridianLink Mortgage LOS First Lien Loans Tier 15 (30 - 44 Closed Loans/Month) with 2 implementations,MeridianLink Mortgage LOS First Lien Loans Tier 14 (45 - 59 Closed Loans/Month) with 2 implementations,MeridianLink Mortgage LOS First Lien Loans Tier 13 (60 - 74 Closed Loans/Month) with 2 implementations,MeridianLink Mortgage LOS First Lien Loans Tier 12 (75 - 89 Closed Loans/Month) with 2 implementations,MeridianLink Mortgage LOS First Lien Loans Tier 11 (90 - 109 Closed Loans/Month) with 2 implementations,MeridianLink Mortgage LOS First Lien Loans Tier 10 (110 - 134 Closed Loans/Month) with 2 implementations,MeridianLink Mortgage LOS First Lien Loans Tier 09 (135 - 169 Closed Loans/Month) with 2 implementations,MeridianLink Mortgage LOS First Lien Loans Tier 08 (170 - 224 Closed Loans/Month) with 2 implementations,MeridianLink Mortgage LOS First Lien Loans Tier 07 (225 - 299 Closed Loans/Month) with 2 implementations,MeridianLink Mortgage LOS First Lien Loans Tier 06 (300 - 399 Closed Loans/Month) with 2 implentations,MeridianLink Mortgage LOS First Lien Loans Tier 05 (400 - 524 Closed Loans/Month) with 2 implementations,MeridianLink Mortgage LOS First Lien Loans Tier 04 (525 - 674 Closed Loans/Month) with 2 implementations,MeridianLink Mortgage LOS First Lien Loans Tier 03 (675 - 899 Closed Loans/Month) with 2 implementations,MeridianLink Mortgage LOS First Lien Loans Tier 02 (900 - 1199 Closed Loans/Month) with 2 implementations,MeridianLink Mortgage LOS First Lien Loans Tier 01 (1200+ Closed Loans/Month) with 2 implementations,,,MeridianLink Mortgage LOS with DocMagic First Lien Loans Tier 10 (110 - 134 Closed Loans/Month) with 3 implementations,18425,,119.4,,,,,,,,,,,,
MeridianLink Mortgage First Lien Loans - 2 Implementation Volume Plan,10-14,15-29,30-44,45-59,60-74,75-89,90-109,110-134,135-169,170-224,225-299,300-399,400-524,525-674,675-899,900-1199,1200+,,,MeridianLink Mortgage LOS with DocMagic First Lien Loans Tier 11 (90 - 109 Closed Loans/Month) with no implementations,0,,121.4,,,,,,,,,,,,
Mortgage Loans Setup Fee,13200,13200,13200,13200,13200,13200,13200,13200,13200,13200,13200,13200,13200,13200,13200,13200,13200,,,MeridianLink Mortgage LOS with DocMagic First Lien Loans Tier 11 (90 - 109 Closed Loans/Month) with 1 implementation,7950,,121.4,,,,,,,,,,,,
Monthly Minimum Commitment,1204,1728,3210,4599,5952,7260,8532,10208,12258,15061.999999999998,19350,24960,32239.999999999996,41160,51435,66420,85920,,,MeridianLink Mortgage LOS with DocMagic First Lien Loans Tier 11 (90 - 109 Closed Loans/Month) with 2 implementations,13200,,121.4,,,,,,,,,,,,
Minimum Monthly Closed Loan Commitment,10,15,30,45,60,75,90,110,135,170,225,300,400,525,675,900,1200,,,MeridianLink Mortgage LOS with DocMagic First Lien Loans Tier 11 (90 - 109 Closed Loans/Month) with 3 implementations,18425,,121.4,,,,,,,,,,,,
Per Application Fee,120.4,115.2,107,102.2,99.2,96.8,94.8,92.8,90.8,88.6,86,83.2,80.6,78.4,76.2,73.8,71.6,,,MeridianLink Mortgage LOS with DocMagic First Lien Loans Tier 12 (75 - 89 Closed Loans/Month) with no implementations,0,,123.4,,,,,,,,,,,,
,MeridianLink Mortgage LOS First Lien Loans Tier 17 (10-14 Closed Loans/Month) with 3 implementations,MeridianLink Mortgage LOS First Lien Loans Tier 16 (15-29 Closed Loans/month) with 3 implementations,MeridianLink Mortgage LOS First Lien Loans Tier 15 (30 - 44 Closed Loans/Month) with 3 implementations,MeridianLink Mortgage LOS First Lien Loans Tier 14 (45 - 59 Closed Loans/Month) with 3 implementations,MeridianLink Mortgage LOS First Lien Loans Tier 13 (60 - 74 Closed Loans/Month) with 3 implementations,MeridianLink Mortgage LOS First Lien Loans Tier 12 (75 - 89 Closed Loans/Month) with 3 implementations,MeridianLink Mortgage LOS First Lien Loans Tier 11 (90 - 109 Closed Loans/Month) with 3 implementations,MeridianLink Mortgage LOS First Lien Loans Tier 10 (110 - 134 Closed Loans/Month) with 3 implementations,MeridianLink Mortgage LOS First Lien Loans Tier 09 (135 - 169 Closed Loans/Month) with 3 implementations,MeridianLink Mortgage LOS First Lien Loans Tier 08 (170 - 224 Closed Loans/Month) with 3 implementations,MeridianLink Mortgage LOS First Lien Loans Tier 07 (225 - 299 Closed Loans/Month) with 3 implementations,MeridianLink Mortgage LOS First Lien Loans Tier 06 (300 - 399 Closed Loans/Month) with 3 implementations,MeridianLink Mortgage LOS First Lien Loans Tier 05 (400 - 524 Closed Loans/Month) with 3 implementations,MeridianLink Mortgage LOS First Lien Loans Tier 04 (525 - 674 Closed Loans/Month) with 3 implementations,MeridianLink Mortgage LOS First Lien Loans Tier 03 (675 - 899 Closed Loans/Month) with 3 implementations,MeridianLink Mortgage LOS First Lien Loans Tier 02 (900 - 1199 Closed Loans/Month) with 3 implementations,MeridianLink Mortgage LOS First Lien Loans Tier 01 (1200+ Closed Loans/Month) with 3 implementations,,,MeridianLink Mortgage LOS with DocMagic First Lien Loans Tier 12 (75 - 89 Closed Loans/Month) with 1 implementation,7950,,123.4,,,,,,,,,,,,
MeridianLink Mortgage First Lien Loans- 3 Implementation Volume Plan,10-14,15-29,30-44,45-59,60-74,75-89,90-109,110-134,135-169,170-224,225-299,300-399,400-524,525-674,675-899,900-1199,1200+,,,MeridianLink Mortgage LOS with DocMagic First Lien Loans Tier 12 (75 - 89 Closed Loans/Month) with 2 implementations,13200,,123.4,,,,,,,,,,,,
Mortgage Loans Setup Fee,18425,18425,18425,18425,18425,18425,18425,18425,18425,18425,18425,18425,18425,18425,18425,18425,18425,,,MeridianLink Mortgage LOS with DocMagic First Lien Loans Tier 12 (75 - 89 Closed Loans/Month) with 3 implementations,18425,,123.4,,,,,,,,,,,,
Monthly Minimum Commitment,1204,1728,3210,4599,5952,7260,8532,10208,12258,15061.999999999998,19350,24960,32239.999999999996,41160,51435,66420,85920,,,MeridianLink Mortgage LOS with DocMagic First Lien Loans Tier 13 (60 - 74 Closed Loans/Month) with no implementations,0,,125.8,,,,,,,,,,,,
Minimum Monthly Closed Loan Commitment,10,15,30,45,60,75,90,110,135,170,225,300,400,525,675,900,1200,,,MeridianLink Mortgage LOS with DocMagic First Lien Loans Tier 13 (60 - 74 Closed Loans/Month) with 1 implementation,7950,,125.8,,,,,,,,,,,,
Per Application Fee,120.4,115.2,107,102.2,99.2,96.8,94.8,92.8,90.8,88.6,86,83.2,80.6,78.4,76.2,73.8,71.6,,,MeridianLink Mortgage LOS with DocMagic First Lien Loans Tier 13 (60 - 74 Closed Loans/Month) with 2 implementations,13200,,125.8,,,,,,,,,,,,
,MeridianLink Mortgage Access Tier 17 (10-14 Closed Loans/Month),MeridianLink Mortgage Access Tier 16 (15-29 Closed Loans/Month),MeridianLink Mortgage Access Tier 15 (30-44 Closed Loans/Month),MeridianLink Mortgage Access Tier 14 (45-59 Closed Loans/Month),MeridianLink Mortgage Access Tier 13 (60-74 Closed Loans/Month),MeridianLink Mortgage Access Tier 12 (75-89 Closed Loans/Month),MeridianLink Mortgage Access Tier 11 (90-109 Closed Loans/Month),MeridianLink Mortgage Access Tier 10 (110-134 Closed Loans/Month),MeridianLink Mortgage Access Tier 09 (135-169 Closed Loans/Month),MeridianLink Mortgage Access Tier 08 (170-224 Closed Loans/Month),MeridianLink Mortgage Access Tier 07 (225-299 Closed Loans/Month),MeridianLink Mortgage Access Tier 06 (300-399 Closed Loans/Month),MeridianLink Mortgage Access Tier 05 (400-524 Closed Loans/Month),MeridianLink Mortgage Access Tier 04 (525-674 Closed Loans/Month),MeridianLink Mortgage Access Tier 03 (675-899 Closed Loans/Month),MeridianLink Mortgage Access Tier 02 (900-1199 Closed Loans/Month),MeridianLink Mortgage Access Tier 01 (>1200 Closed Loans/Month),,,MeridianLink Mortgage LOS with DocMagic First Lien Loans Tier 13 (60 - 74 Closed Loans/Month) with 3 implementations,18425,,125.8,,,,,,,,,,,,
MeridianLink Mortgage Access Volume Plan (With Setup),10-14,15-29,30-44,45-59,60-74,75-89,90-109,110-134,135-169,170-224,225-299,300-399,400-524,525-674,675-899,900-1199,1200+,,,MeridianLink Mortgage LOS with DocMagic First Lien Loans Tier 14 (45 - 59 Closed Loans/Month) with no implementations,0,,128.8,,,,,,,,,,,,
Mortgage Loans Setup Fee,4800,4800,4800,4800,4800,5500,5500,5500,5500,8000,8000,10750,10750,10750,13500,13500,16000,,,MeridianLink Mortgage LOS with DocMagic First Lien Loans Tier 14 (45 - 59 Closed Loans/Month) with 1 implementation,7950,,128.8,,,,,,,,,,,,
Monthly Minimum Commitment,735,706.5,1323,1908,2481,3037.5,3591,4295.5,5157,6383.499999999999,8212.5,10635,13840,17718.75,22207.5,28844.999999999996,37200,,,MeridianLink Mortgage LOS with DocMagic First Lien Loans Tier 14 (45 - 59 Closed Loans/Month) with 2 implementations,13200,,128.8,,,,,,,,,,,,
Minimum Monthly Closed Loan Commitment,15,15,30,45,60,75,90,110,135,170,225,300,400,525,675,900,1200,,,MeridianLink Mortgage LOS with DocMagic First Lien Loans Tier 14 (45 - 59 Closed Loans/Month) with 3 implementations,18425,,128.8,,,,,,,,,,,,
Per Application Fee,49,47.1,44.1,42.4,41.35,40.5,39.9,39.05,38.2,37.55,36.5,35.45,34.6,33.75,32.9,32.05,31,,,MeridianLink Mortgage LOS with DocMagic First Lien Loans Tier 15 (30 - 44 Closed Loans/Month) with no implementations,0,,133.6,,,,,,,,,,,,
,MeridianLink Mortgage Access Tier 17 (10-14 Closed Loans/Month) without setup,MeridianLink Mortgage Access Tier 16 (15-29 Closed Loans/Month) without setup,MeridianLink Mortgage Access Tier 15 (30-44 Closed Loans/Month) without setup,MeridianLink Mortgage Access Tier 14 (45-59 Closed Loans/Month) without setup,MeridianLink Mortgage Access Tier 13 (60-74 Closed Loans/Month) without setup,MeridianLink Mortgage Access Tier 12 (75-89 Closed Loans/Month) without setup,MeridianLink Mortgage Access Tier 11 (90-109 Closed Loans/Month) without setup,MeridianLink Mortgage Access Tier 10 (110-134 Closed Loans/Month) without setup,MeridianLink Mortgage Access Tier 09 (135-169 Closed Loans/Month) without setup,MeridianLink Mortgage Access Tier 08 (170-224 Closed Loans/Month) without setup,MeridianLink Mortgage Access Tier 07 (225-299 Closed Loans/Month) without setup,MeridianLink Mortgage Access Tier 06 (300-399 Closed Loans/Month) without setup,MeridianLink Mortgage Access Tier 05 (400-524 Closed Loans/Month) without setup,MeridianLink Mortgage Access Tier 04 (525-674 Closed Loans/Month) without setup,MeridianLink Mortgage Access Tier 03 (675-899 Closed Loans/Month) without setup,MeridianLink Mortgage Access Tier 02 (900-1199 Closed Loans/Month) without setup,MeridianLink Mortgage Access Tier 01 (>1200 Closed Loans/Month) without setup,,,MeridianLink Mortgage LOS with DocMagic First Lien Loans Tier 15 (30 - 44 Closed Loans/Month) with 1 implementation,7950,,133.6,,,,,,,,,,,,
MeridianLink Mortgage Access Volume Plan (Without Setup),10-14,15-29,30-44,45-59,60-74,75-89,90-109,110-134,135-169,170-224,225-299,300-399,400-524,525-674,675-899,900-1199,1200+,,,MeridianLink Mortgage LOS with DocMagic First Lien Loans Tier 15 (30 - 44 Closed Loans/Month) with 2 implementations,13200,,133.6,,,,,,,,,,,,
Mortgage Loans Setup Fee,0,0,0,0,0,0,0,0,0,0,0,0,0,0,0,0,0,,,MeridianLink Mortgage LOS with DocMagic First Lien Loans Tier 15 (30 - 44 Closed Loans/Month) with 3 implementations,18425,,133.6,,,,,,,,,,,,
Monthly Minimum Commitment,735,706.5,1323,1908,2481,3037.5,3591,4295.5,5157,6383.499999999999,8212.5,10635,13840,17718.75,22207.5,28844.999999999996,37200,,,MeridianLink Mortgage LOS with DocMagic First Lien Loans Tier 16 (15-29 Closed Loans/Month) with no implementations,0,,141.8,,,,,,,,,,,,
Minimum Monthly Closed Loan Commitment,15,15,30,45,60,75,90,110,135,170,225,300,400,525,675,900,1200,,,MeridianLink Mortgage LOS with DocMagic First Lien Loans Tier 16 (15-29 Closed Loans/Month) with 1 implementation,7950,,141.8,,,,,,,,,,,,
Per Application Fee,49,47.1,44.1,42.4,41.35,40.5,39.9,39.05,38.2,37.55,36.5,35.45,34.6,33.75,32.9,32.05,31,,,MeridianLink Mortgage LOS with DocMagic First Lien Loans Tier 16 (15-29 Closed Loans/Month) with 2 implementations,13200,,141.8,,,,,,,,,,,,
,MeridianLink Insight For Mortgage Tier 17 (10-14 Closed Loans/Mon),MeridianLink Insight For Mortgage Tier 16 (15-29 Closed Loans/Mon),MeridianLink Insight For Mortgage Tier 15 (30-44 Closed Loans/Mon),MeridianLink Insight For Mortgage Tier 14 (45-59 Closed Loans/Mon),MeridianLink Insight For Mortgage Tier 13 (60-74 Closed Loans/Mon),MeridianLink Insight For Mortgage Tier 12 (75-89 Closed Loans/Mon),MeridianLink Insight For Mortgage Tier 11 (90-109 Closed Loans/Mon),MeridianLink Insight For Mortgage Tier 10 (110-134 Closed Loans/Mon),MeridianLink Insight For Mortgage Tier 09 (135-169 Closed Loans/Mon),MeridianLink Insight For Mortgage Tier 08 (170-224 Closed Loans/Mon),MeridianLink Insight For Mortgage Tier 07 (225-299 Closed Loans/Mon),MeridianLink Insight For Mortgage Tier 06 (300-399 Closed Loans/Mon),MeridianLink Insight For Mortgage Tier 05 (400-524 Closed Loans/Mon),MeridianLink Insight For Mortgage Tier 04 (525-674 Closed Loans/Mon),MeridianLink Insight For Mortgage Tier 03 (675-899 Closed Loans/Mon),MeridianLink Insight For Mortgage Tier 02 (900-1199 Closed Loans/Mon),MeridianLink Insight For Mortgage Tier 01 (1200+ Closed Loans/Mon),,,MeridianLink Mortgage LOS with DocMagic First Lien Loans Tier 16 (15-29 Closed Loans/Month) with 3 implementations,18425,,141.8,,,,,,,,,,,,
MeridianLink Insight For Mortgage,10-14,15-29,30-44,45-59,60-74,75-89,90-109,110-134,135-169,170-224,225-299,300-399,400-524,525-674,675-899,900-1199,1200+,,,MeridianLink Mortgage LOS with DocMagic Subordinate Lien Loans Tier 10 (110 - 134 Closed Loans/Month),0,,87.2,,,,,,,,,,,,
MeridianLink Insight for Mortgage Setup Fee,5000,5000,5000,5000,5000,5000,5000,5000,5000,5000,5000,5000,5000,5000,5000,5000,5000,,,MeridianLink Mortgage LOS with DocMagic Subordinate Lien Loans Tier 11 (90 - 109 Closed Loans/Month),0,,88.4,,,,,,,,,,,,
MeridianLink Insight for Mortgage Annual Fee,5000,5000,5000,5000,6800,8300,9700,11600,13900,17100,21900,28300,36500,46500,58200,75200,97100,,,MeridianLink Mortgage LOS with DocMagic Subordinate Lien Loans Tier 12 (75 - 89 Closed Loans/Month),0,,89.6,,,,,,,,,,,,
,,,,,,,,,,,,,,,,,,,,MeridianLink Mortgage LOS with DocMagic Subordinate Lien Loans Tier 13 (60 - 74 Closed Loans/Month),0,,91.2,,,,,,,,,,,,
,,,,,,,,,,,,,,,,,,,,MeridianLink Mortgage LOS with DocMagic Subordinate Lien Loans Tier 14 (45 - 59 Closed Loans/Month),0,,93.2,,,,,,,,,,,,
,,,,,,,,,,,,,,,,,,,,MeridianLink Mortgage LOS with DocMagic Subordinate Lien Loans Tier 15 (30 - 44 Closed Loans/Month),0,,96.2,,,,,,,,,,,,
,,,,,,,,,,,,,,,,,,,,MeridianLink Mortgage LOS with DocMagic Subordinate Lien Loans Tier 16 (15-29 Closed Loans/Month),0,,101.6,,,,,,,,,,,,
,,,,,,,,,,,,,,,,,,,,MeridianLink Mortgage LOS with DocMagic Tier 10 (110-134 Closed Loans/Mon) with 1 implementation,7950,,119.4,,,,,,,,,,,,
,,,,,,,,,,,,,,,,,,,,MeridianLink Mortgage LOS with DocMagic Tier 10 (110-134 Closed Loans/Mon) with 2 implementations,13200,,119.4,,,,,,,,,,,,
,,,,,,,,,,,,,,,,,,,,MeridianLink Mortgage LOS with DocMagic Tier 10 (110-134 Closed Loans/Mon) with 3 implementations,18425,,119.4,,,,,,,,,,,,
,,,,,,,,,,,,,,,,,,,,MeridianLink Mortgage LOS with DocMagic Tier 11 (90-109 Closed Loans/Mon) with 1 implementation,7950,,121.4,,,,,,,,,,,,
,,,,,,,,,,,,,,,,,,,,MeridianLink Mortgage LOS with DocMagic Tier 11 (90-109 Closed Loans/Mon) with 2 implementations,13200,,121.4,,,,,,,,,,,,
,,,,,,,,,,,,,,,,,,,,MeridianLink Mortgage LOS with DocMagic Tier 11 (90-109 Closed Loans/Mon) with 3 implementations,18425,,121.4,,,,,,,,,,,,
,,,,,,,,,,,,,,,,,,,,MeridianLink Mortgage LOS with DocMagic Tier 12 (75-89 Closed Loans/Mon) with 1 implementation,7950,,123.4,,,,,,,,,,,,
,,,,,,,,,,,,,,,,,,,,MeridianLink Mortgage LOS with DocMagic Tier 12 (75-89 Closed Loans/Mon) with 2 implementations,13200,,123.4,,,,,,,,,,,,
,,,,,,,,,,,,,,,,,,,,MeridianLink Mortgage LOS with DocMagic Tier 12 (75-89 Closed Loans/Mon) with 3 implementations,18425,,123.4,,,,,,,,,,,,
,,,,,,,,,,,,,,,,,,,,MeridianLink Mortgage LOS with DocMagic Tier 13 (60-74 Closed Loans/Mon) with 1 implementation,7950,,125.8,,,,,,,,,,,,
,,,,,,,,,,,,,,,,,,,,MeridianLink Mortgage LOS with DocMagic Tier 13 (60-74 Closed Loans/Mon) with 2 implementations,13200,,125.8,,,,,,,,,,,,
,,,,,,,,,,,,,,,,,,,,MeridianLink Mortgage LOS with DocMagic Tier 13 (60-74 Closed Loans/Mon) with 3 implementations,18425,,125.8,,,,,,,,,,,,
,,,,,,,,,,,,,,,,,,,,MeridianLink Mortgage LOS with DocMagic Tier 14 (45-59 Closed Loans/Mon) with 1 implementation,7950,,128.8,,,,,,,,,,,,
,,,,,,,,,,,,,,,,,,,,MeridianLink Mortgage LOS with DocMagic Tier 14 (45-59 Closed Loans/Mon) with 2 implementations,13200,,128.8,,,,,,,,,,,,
,,,,,,,,,,,,,,,,,,,,MeridianLink Mortgage LOS with DocMagic Tier 14 (45-59 Closed Loans/Mon) with 3 implementations,18425,,128.8,,,,,,,,,,,,
,,,,,,,,,,,,,,,,,,,,MeridianLink Mortgage LOS with DocMagic Tier 15 (30-44 Closed Loans/Mon) with 1 implementation,7950,,133.6,,,,,,,,,,,,
,,,,,,,,,,,,,,,,,,,,MeridianLink Mortgage LOS with DocMagic Tier 15 (30-44 Closed Loans/Mon) with 2 implementations,13200,,133.6,,,,,,,,,,,,
,,,,,,,,,,,,,,,,,,,,MeridianLink Mortgage LOS with DocMagic Tier 15 (30-44 Closed Loans/Mon) with 3 implementations,18425,,133.6,,,,,,,,,,,,
,,,,,,,,,,,,,,,,,,,,MeridianLink Mortgage LOS with DocMagic Tier 16 (15-29 Closed Loans/Mon) with 1 implementation,7950,,141.8,,,,,,,,,,,,
,,,,,,,,,,,,,,,,,,,,MeridianLink Mortgage LOS with DocMagic Tier 16 (15-29 Closed Loans/Mon) with 2 implementations,13200,,141.8,,,,,,,,,,,,
,,,,,,,,,,,,,,,,,,,,MeridianLink Mortgage LOS with DocMagic Tier 16 (15-29 Closed Loans/Mon) with 3 implementations,18425,,141.8,,,,,,,,,,,,
,,,,,,,,,,,,,,,,,,,,MeridianLink Mortgage LOS First Lien Loans Tier 17 (10-14 Closed Loans/Month) with 1 implementation,7950,,120.4,,,,,,,,,,,,
,,,,,,,,,,,,,,,,,,,,MeridianLink Mortgage LOS First Lien Loans Tier 17 (10-14 Closed Loans/Month) with 2 implementations,13200,,120.4,,,,,,,,,,,,
,,,,,,,,,,,,,,,,,,,,MeridianLink Mortgage LOS First Lien Loans Tier 17 (10-14 Closed Loans/Month) with 3 implementations,18425,,120.4,,,,,,,,,,,,
,,,,,,,,,,,,,,,,,,,,MeridianLink Mortgage LOS First Lien Loans Tier 17 (10-14 Closed Loans/Month) with no implementations,0,,120.4,,,,,,,,,,,,
,,,,,,,,,,,,,,,,,,,,MeridianLink Mortgage LOS Subordinate Lien Loans Tier 17 (10-14 Closed Loans/Month),0,,78.4,,,,,,,,,,,,
,,,,,,,,,,,,,,,,,,,,MeridianLink Mortgage LOS Tier 17 (10-14 Closed Loans/Mon) no implementation,0,,120.4,,,,,,,,,,,,
,,,,,,,,,,,,,,,,,,,,MeridianLink Mortgage LOS Tier 17 (10-14 Closed Loans/Mon) with 1 implementation,7950,,120.4,,,,,,,,,,,,
,,,,,,,,,,,,,,,,,,,,MeridianLink Mortgage LOS Tier 17 (10-14 Closed Loans/Mon) with 2 implementations,13200,,120.4,,,,,,,,,,,,
,,,,,,,,,,,,,,,,,,,,MeridianLink Mortgage LOS Tier 17 (10-14 Closed Loans/Mon) with 3 implementations,18425,,120.4,,,,,,,,,,,,
,,,,,,,,,,,,,,,,,,,,MeridianLink Mortgage LOS with DocMagic First Lien Loans Tier 17 (10-14 Closed Loans/Month) with 1 implementation,7950,,147,,,,,,,,,,,,
,,,,,,,,,,,,,,,,,,,,MeridianLink Mortgage LOS with DocMagic First Lien Loans Tier 17 (10-14 Closed Loans/Month) with 2 implementations,13200,,147,,,,,,,,,,,,
,,,,,,,,,,,,,,,,,,,,MeridianLink Mortgage LOS with DocMagic First Lien Loans Tier 17 (10-14 Closed Loans/Month) with 3 implementations,18425,,147,,,,,,,,,,,,
,,,,,,,,,,,,,,,,,,,,MeridianLink Mortgage LOS with DocMagic First Lien Loans Tier 17 (10-14 Closed Loans/Month) with no implementations,0,,147,,,,,,,,,,,,
,,,,,,,,,,,,,,,,,,,,MeridianLink Mortgage LOS with DocMagic Subordinate Lien Loans Tier 17 (10-14 Closed Loans/Month),0,,105,,,,,,,,,,,,
,,,,,,,,,,,,,,,,,,,,MeridianLink Mortgage LOS with DocMagic Tier 10 (110-134 Closed Loans/Mon) with no implementation,0,,119.4,,,,,,,,,,,,
,,,,,,,,,,,,,,,,,,,,MeridianLink Mortgage LOS with DocMagic Tier 11 (90-109 Closed Loans/Mon) with no implementation,0,,121.4,,,,,,,,,,,,
,,,,,,,,,,,,,,,,,,,,MeridianLink Mortgage LOS with DocMagic Tier 12 (75-89 Closed Loans/Mon) with  no implementation,0,,123.4,,,,,,,,,,,,
,,,,,,,,,,,,,,,,,,,,MeridianLink Mortgage LOS with DocMagic Tier 13 (60-74 Closed Loans/Mon) with no implementation,0,,125.8,,,,,,,,,,,,
,,,,,,,,,,,,,,,,,,,,MeridianLink Mortgage LOS with DocMagic Tier 14 (45-59 Closed Loans/Mon) with no implementation,0,,128.8,,,,,,,,,,,,
,,,,,,,,,,,,,,,,,,,,MeridianLink Mortgage LOS with DocMagic Tier 15 (30-44 Closed Loans/Mon) with no implementation,0,,133.6,,,,,,,,,,,,
,,,,,,,,,,,,,,,,,,,,MeridianLink Mortgage LOS with DocMagic Tier 16 (15-29 Closed Loans/Mon) with no implementation,0,,141.8,,,,,,,,,,,,
,,,,,,,,,,,,,,,,,,,,MeridianLink Mortgage LOS with DocMagic Tier 17 (10-14 Closed Loans/Mon) with 1 implementation,7950,,147,,,,,,,,,,,,
,,,,,,,,,,,,,,,,,,,,MeridianLink Mortgage LOS with DocMagic Tier 17 (10-14 Closed Loans/Mon) with 2 implementations,13200,,147,,,,,,,,,,,,
,,,,,,,,,,,,,,,,,,,,MeridianLink Mortgage LOS with DocMagic Tier 17 (10-14 Closed Loans/Mon) with 3 implementations,18425,,147,,,,,,,,,,,,
,,,,,,,,,,,,,,,,,,,,MeridianLink Mortgage LOS with DocMagic Tier 17 (10-14 Closed Loans/Mon) with no implementation,0,,147,,,,,,,,,,,,
,,,,,,,,,,,,,,,,,,,,MeridianLink Mortgage LOS First Lien Loans Tier 01 (1200+ Closed Loans/Month) with 1 implementation,7950,,71.6,,,,,,,,,,,,
,,,,,,,,,,,,,,,,,,,,MeridianLink Mortgage LOS First Lien Loans Tier 01 (1200+ Closed Loans/Month) with 2 implementations,13200,,71.6,,,,,,,,,,,,
,,,,,,,,,,,,,,,,,,,,MeridianLink Mortgage LOS First Lien Loans Tier 01 (1200+ Closed Loans/Month) with 3 implementations,18425,,71.6,,,,,,,,,,,,
,,,,,,,,,,,,,,,,,,,,MeridianLink Mortgage LOS First Lien Loans Tier 01 (1200+ Closed Loans/Month) with no implementation,0,,71.6,,,,,,,,,,,,
,,,,,,,,,,,,,,,,,,,,MeridianLink Mortgage LOS First Lien Loans Tier 02 (900 - 1199 Closed Loans/Month) with 1 implementation,7950,,73.8,,,,,,,,,,,,
,,,,,,,,,,,,,,,,,,,,MeridianLink Mortgage LOS First Lien Loans Tier 02 (900 - 1199 Closed Loans/Month) with 2 implementations,13200,,73.8,,,,,,,,,,,,
,,,,,,,,,,,,,,,,,,,,MeridianLink Mortgage LOS First Lien Loans Tier 02 (900 - 1199 Closed Loans/Month) with 3 implementations,18425,,73.8,,,,,,,,,,,,
,,,,,,,,,,,,,,,,,,,,MeridianLink Mortgage LOS First Lien Loans Tier 02 (900 - 1199 Closed Loans/Month) with no implementations,0,,73.8,,,,,,,,,,,,
,,,,,,,,,,,,,,,,,,,,MeridianLink Mortgage LOS First Lien Loans Tier 03 (675 - 899 Closed Loans/Month) with 1 implementation,7950,,76.2,,,,,,,,,,,,
,,,,,,,,,,,,,,,,,,,,MeridianLink Mortgage LOS First Lien Loans Tier 03 (675 - 899 Closed Loans/Month) with 2 implementations,13200,,76.2,,,,,,,,,,,,
,,,,,,,,,,,,,,,,,,,,MeridianLink Mortgage LOS First Lien Loans Tier 03 (675 - 899 Closed Loans/Month) with 3 implementations,18425,,76.2,,,,,,,,,,,,
,,,,,,,,,,,,,,,,,,,,MeridianLink Mortgage LOS First Lien Loans Tier 03 (675 - 899 Closed Loans/Month) with no implementations,0,,76.2,,,,,,,,,,,,
,,,,,,,,,,,,,,,,,,,,MeridianLink Mortgage LOS First Lien Loans Tier 04 (525 - 674 Closed Loans/Month) with 1 implementation,7950,,78.4,,,,,,,,,,,,
,,,,,,,,,,,,,,,,,,,,MeridianLink Mortgage LOS First Lien Loans Tier 04 (525 - 674 Closed Loans/Month) with 2 implementations,13200,,78.4,,,,,,,,,,,,
,,,,,,,,,,,,,,,,,,,,MeridianLink Mortgage LOS First Lien Loans Tier 04 (525 - 674 Closed Loans/Month) with 3 implementations,18425,,78.4,,,,,,,,,,,,
,,,,,,,,,,,,,,,,,,,,MeridianLink Mortgage LOS First Lien Loans Tier 04 (525 - 674 Closed Loans/Month) with no implementations,0,,78.4,,,,,,,,,,,,
,,,,,,,,,,,,,,,,,,,,MeridianLink Mortgage LOS First Lien Loans Tier 05 (400 - 524 Closed Loans/Month) with 1 implementation,7950,,80.6,,,,,,,,,,,,
,,,,,,,,,,,,,,,,,,,,MeridianLink Mortgage LOS First Lien Loans Tier 05 (400 - 524 Closed Loans/Month) with 2 implementations,13200,,80.6,,,,,,,,,,,,
,,,,,,,,,,,,,,,,,,,,MeridianLink Mortgage LOS First Lien Loans Tier 05 (400 - 524 Closed Loans/Month) with 3 implementations,18425,,80.6,,,,,,,,,,,,
,,,,,,,,,,,,,,,,,,,,MeridianLink Mortgage LOS First Lien Loans Tier 05 (400 - 524 Closed Loans/Month) with no implementations,0,,80.6,,,,,,,,,,,,
,,,,,,,,,,,,,,,,,,,,MeridianLink Mortgage LOS First Lien Loans Tier 06 (300 - 399 Closed Loans/Month) with 1 implementation,7950,,83.2,,,,,,,,,,,,
,,,,,,,,,,,,,,,,,,,,MeridianLink Mortgage LOS First Lien Loans Tier 06 (300 - 399 Closed Loans/Month) with 2 implentations,13200,,83.2,,,,,,,,,,,,
,,,,,,,,,,,,,,,,,,,,MeridianLink Mortgage LOS First Lien Loans Tier 06 (300 - 399 Closed Loans/Month) with 3 implementations,18425,,83.2,,,,,,,,,,,,
,,,,,,,,,,,,,,,,,,,,MeridianLink Mortgage LOS First Lien Loans Tier 06 (300 - 399 Closed Loans/Month) with no implementations,0,,83.2,,,,,,,,,,,,
,,,,,,,,,,,,,,,,,,,,MeridianLink Mortgage LOS First Lien Loans Tier 07 (225 - 299 Closed Loans/Month) with 1 implementation,7950,,86,,,,,,,,,,,,
,,,,,,,,,,,,,,,,,,,,MeridianLink Mortgage LOS First Lien Loans Tier 07 (225 - 299 Closed Loans/Month) with 2 implementations,13200,,86,,,,,,,,,,,,
,,,,,,,,,,,,,,,,,,,,MeridianLink Mortgage LOS First Lien Loans Tier 07 (225 - 299 Closed Loans/Month) with 3 implementations,18425,,86,,,,,,,,,,,,
,,,,,,,,,,,,,,,,,,,,MeridianLink Mortgage LOS First Lien Loans Tier 07 (225 - 299 Closed Loans/Month) with no implementations,0,,86,,,,,,,,,,,,
,,,,,,,,,,,,,,,,,,,,MeridianLink Mortgage LOS First Lien Loans Tier 08 (170 - 224 Closed Loans/Month) with 1 implementation,7950,,88.6,,,,,,,,,,,,
,,,,,,,,,,,,,,,,,,,,MeridianLink Mortgage LOS First Lien Loans Tier 08 (170 - 224 Closed Loans/Month) with 2 implementations,13200,,88.6,,,,,,,,,,,,
,,,,,,,,,,,,,,,,,,,,MeridianLink Mortgage LOS First Lien Loans Tier 08 (170 - 224 Closed Loans/Month) with 3 implementations,18425,,88.6,,,,,,,,,,,,
,,,,,,,,,,,,,,,,,,,,MeridianLink Mortgage LOS First Lien Loans Tier 08 (170 - 224 Closed Loans/Month) with no implementations,0,,88.6,,,,,,,,,,,,
,,,,,,,,,,,,,,,,,,,,MeridianLink Mortgage LOS First Lien Loans Tier 09 (135 - 169 Closed Loans/Month) with 1 implementation,7950,,90.8,,,,,,,,,,,,
,,,,,,,,,,,,,,,,,,,,MeridianLink Mortgage LOS First Lien Loans Tier 09 (135 - 169 Closed Loans/Month) with 2 implementations,13200,,90.8,,,,,,,,,,,,
,,,,,,,,,,,,,,,,,,,,MeridianLink Mortgage LOS First Lien Loans Tier 09 (135 - 169 Closed Loans/Month) with 3 implementations,18425,,90.8,,,,,,,,,,,,
,,,,,,,,,,,,,,,,,,,,MeridianLink Mortgage LOS First Lien Loans Tier 09 (135 - 169 Closed Loans/Month) with no implementations,0,,90.8,,,,,,,,,,,,
,,,,,,,,,,,,,,,,,,,,MeridianLink Mortgage LOS Subordinate Lien Loans Tier 01 (1200+ Closed Loans/Month),0,,46.65,,,,,,,,,,,,
,,,,,,,,,,,,,,,,,,,,MeridianLink Mortgage LOS Subordinate Lien Loans Tier 02 (900 - 1199 Closed Loans/Month),0,,48.15,,,,,,,,,,,,
,,,,,,,,,,,,,,,,,,,,MeridianLink Mortgage LOS Subordinate Lien Loans Tier 03 (675 - 899 Closed Loans/Month),0,,49.65,,,,,,,,,,,,
,,,,,,,,,,,,,,,,,,,,MeridianLink Mortgage LOS Subordinate Lien Loans Tier 04 (525 - 674 Closed Loans/Month),0,,51,,,,,,,,,,,,
,,,,,,,,,,,,,,,,,,,,MeridianLink Mortgage LOS Subordinate Lien Loans Tier 05 (400 - 524 Closed Loans/Month),0,,52.4,,,,,,,,,,,,
,,,,,,,,,,,,,,,,,,,,MeridianLink Mortgage LOS Subordinate Lien Loans Tier 06 (300 - 399 Closed Loans/Month),0,,54.2,,,,,,,,,,,,
,,,,,,,,,,,,,,,,,,,,MeridianLink Mortgage LOS Subordinate Lien Loans Tier 07 (225 - 299 Closed Loans/Month),0,,56,,,,,,,,,,,,
,,,,,,,,,,,,,,,,,,,,MeridianLink Mortgage LOS Subordinate Lien Loans Tier 08 (170 - 224 Closed Loans/Month),0,,57.8,,,,,,,,,,,,
,,,,,,,,,,,,,,,,,,,,MeridianLink Mortgage LOS Subordinate Lien Loans Tier 09 (135 - 169 Closed Loans/Month),0,,59.2,,,,,,,,,,,,
,,,,,,,,,,,,,,,,,,,,MeridianLink Mortgage LOS Tier 01 (1200+ Closed Loans/Mon) no implementation,0,,71.6,,,,,,,,,,,,
,,,,,,,,,,,,,,,,,,,,MeridianLink Mortgage LOS Tier 01 (1200+ Closed Loans/Mon) with 1 implementation,7950,,71.6,,,,,,,,,,,,
,,,,,,,,,,,,,,,,,,,,MeridianLink Mortgage LOS Tier 01 (1200+ Closed Loans/Mon) with 2 implementations,13200,,71.6,,,,,,,,,,,,
,,,,,,,,,,,,,,,,,,,,MeridianLink Mortgage LOS Tier 01 (1200+ Closed Loans/Mon) with 3 implementations,18425,,71.6,,,,,,,,,,,,
,,,,,,,,,,,,,,,,,,,,MeridianLink Mortgage LOS Tier 02 (900-1199 Closed Loans/Mon) no implementation,0,,73.8,,,,,,,,,,,,
,,,,,,,,,,,,,,,,,,,,MeridianLink Mortgage LOS Tier 02 (900-1199 Closed Loans/Mon) with 1 implementation,7950,,73.8,,,,,,,,,,,,
,,,,,,,,,,,,,,,,,,,,MeridianLink Mortgage LOS Tier 02 (900-1199 Closed Loans/Mon) with 2 implementations,13200,,73.8,,,,,,,,,,,,
,,,,,,,,,,,,,,,,,,,,MeridianLink Mortgage LOS Tier 02 (900-1199 Closed Loans/Mon) with 3 implementations,18425,,73.8,,,,,,,,,,,,
,,,,,,,,,,,,,,,,,,,,MeridianLink Mortgage LOS Tier 03 (675-899 Closed Loans/Mon) no implementation,0,,76.2,,,,,,,,,,,,
,,,,,,,,,,,,,,,,,,,,MeridianLink Mortgage LOS Tier 03 (675-899 Closed Loans/Mon) with 1 implementation,7950,,76.2,,,,,,,,,,,,
,,,,,,,,,,,,,,,,,,,,MeridianLink Mortgage LOS Tier 03 (675-899 Closed Loans/Mon) with 2 implementations,13200,,76.2,,,,,,,,,,,,
,,,,,,,,,,,,,,,,,,,,MeridianLink Mortgage LOS Tier 03 (675-899 Closed Loans/Mon) with 3 implementations,18425,,76.2,,,,,,,,,,,,
,,,,,,,,,,,,,,,,,,,,MeridianLink Mortgage LOS Tier 04 (525-674 Closed Loans/Mon) no implementation,0,,78.4,,,,,,,,,,,,
,MeridianLink Mortgage Access Tier 17 (10-14 Closed Loans/Month),MeridianLink Mortgage Access Tier 16 (15-29 Closed Loans/Month),MeridianLink Mortgage Access Tier 15 (30-44 Closed Loans/Month),MeridianLink Mortgage Access Tier 14 (45-59 Closed Loans/Month),MeridianLink Mortgage Access Tier 13 (60-74 Closed Loans/Month),MeridianLink Mortgage Access Tier 12 (75-89 Closed Loans/Month),MeridianLink Mortgage Access Tier 11 (90-109 Closed Loans/Month),MeridianLink Mortgage Access Tier 10 (110-134 Closed Loans/Month),MeridianLink Mortgage Access Tier 09 (135-169 Closed Loans/Month),MeridianLink Mortgage Access Tier 08 (170-224 Closed Loans/Month),MeridianLink Mortgage Access Tier 07 (225-299 Closed Loans/Month),MeridianLink Mortgage Access Tier 06 (300-399 Closed Loans/Month),MeridianLink Mortgage Access Tier 05 (400-524 Closed Loans/Month),MeridianLink Mortgage Access Tier 04 (525-674 Closed Loans/Month),MeridianLink Mortgage Access Tier 03 (675-899 Closed Loans/Month),MeridianLink Mortgage Access Tier 02 (900-1199 Closed Loans/Month),MeridianLink Mortgage Access Tier 01 (>1200 Closed Loans/Month),,,MeridianLink Mortgage LOS Tier 04 (525-674 Closed Loans/Mon) with 1 implementation,7950,,78.4,,,,,,,,,,,,
MeridianLink Mortgage Access Volume Plan (With Setup),10-14,15-29,30-44,45-59,60-74,75-89,90-109,110-134,135-169,170-224,225-299,300-399,400-524,525-674,675-899,900-1199,1200+,,,MeridianLink Mortgage LOS Tier 04 (525-674 Closed Loans/Mon) with 2 implementations,13200,,78.4,,,,,,,,,,,,
Mortgage Loans Setup Fee,4800,4800,4800,4800,4800,5500,5500,5500,5500,8000,8000,10750,10750,10750,13500,13500,16000,,,MeridianLink Mortgage LOS Tier 04 (525-674 Closed Loans/Mon) with 3 implementations,18425,,78.4,,,,,,,,,,,,
Monthly Minimum Commitment,735,706.5,1323,1908,2481,3037.5,3591,4295.5,5157,6383.499999999999,8212.5,10635,13840,17718.75,22207.5,28844.999999999996,37200,,,MeridianLink Mortgage LOS Tier 05 (400-524 Closed Loans/Mon) no implementation,0,,80.6,,,,,,,,,,,,
Minimum Monthly Closed Loan Commitment,15,15,30,45,60,75,90,110,135,170,225,300,400,525,675,900,1200,,,MeridianLink Mortgage LOS Tier 05 (400-524 Closed Loans/Mon) with 1 implementation,7950,,80.6,,,,,,,,,,,,
Per Application Fee,49,47.1,44.1,42.4,41.35,40.5,39.9,39.05,38.2,37.55,36.5,35.45,34.6,33.75,32.9,32.05,31,,,MeridianLink Mortgage LOS Tier 05 (400-524 Closed Loans/Mon) with 2 implementations,13200,,80.6,,,,,,,,,,,,
,MeridianLink Mortgage Access Tier 17 (10-14 Closed Loans/Month) without setup,MeridianLink Mortgage Access Tier 16 (15-29 Closed Loans/Month) without setup,MeridianLink Mortgage Access Tier 15 (30-44 Closed Loans/Month) without setup,MeridianLink Mortgage Access Tier 14 (45-59 Closed Loans/Month) without setup,MeridianLink Mortgage Access Tier 13 (60-74 Closed Loans/Month) without setup,MeridianLink Mortgage Access Tier 12 (75-89 Closed Loans/Month) without setup,MeridianLink Mortgage Access Tier 11 (90-109 Closed Loans/Month) without setup,MeridianLink Mortgage Access Tier 10 (110-134 Closed Loans/Month) without setup,MeridianLink Mortgage Access Tier 09 (135-169 Closed Loans/Month) without setup,MeridianLink Mortgage Access Tier 08 (170-224 Closed Loans/Month) without setup,MeridianLink Mortgage Access Tier 07 (225-299 Closed Loans/Month) without setup,MeridianLink Mortgage Access Tier 06 (300-399 Closed Loans/Month) without setup,MeridianLink Mortgage Access Tier 05 (400-524 Closed Loans/Month) without setup,MeridianLink Mortgage Access Tier 04 (525-674 Closed Loans/Month) without setup,MeridianLink Mortgage Access Tier 03 (675-899 Closed Loans/Month) without setup,MeridianLink Mortgage Access Tier 02 (900-1199 Closed Loans/Month) without setup,MeridianLink Mortgage Access Tier 01 (>1200 Closed Loans/Month) without setup,,,MeridianLink Mortgage LOS Tier 05 (400-524 Closed Loans/Mon) with 3 implementations,18425,,80.6,,,,,,,,,,,,
MeridianLink Mortgage Access Volume Plan (Without Setup),10-14,15-29,30-44,45-59,60-74,75-89,90-109,110-134,135-169,170-224,225-299,300-399,400-524,525-674,675-899,900-1199,1200+,,,MeridianLink Mortgage LOS Tier 06 (300-399 Closed Loans/Mon) no implementation,0,,83.2,,,,,,,,,,,,
Mortgage Loans Setup Fee,0,0,0,0,0,0,0,0,0,0,0,0,0,0,0,0,0,,,MeridianLink Mortgage LOS Tier 06 (300-399 Closed Loans/Mon) with 1 implementation,7950,,83.2,,,,,,,,,,,,
Monthly Minimum Commitment,735,706.5,1323,1908,2481,3037.5,3591,4295.5,5157,6383.499999999999,8212.5,10635,13840,17718.75,22207.5,28844.999999999996,37200,,,MeridianLink Mortgage LOS Tier 06 (300-399 Closed Loans/Mon) with 2 implementations,13200,,83.2,,,,,,,,,,,,
Minimum Monthly Closed Loan Commitment,15,15,30,45,60,75,90,110,135,170,225,300,400,525,675,900,1200,,,MeridianLink Mortgage LOS Tier 06 (300-399 Closed Loans/Mon) with 3 implementations,18425,,83.2,,,,,,,,,,,,
Per Application Fee,49,47.1,44.1,42.4,41.35,40.5,39.9,39.05,38.2,37.55,36.5,35.45,34.6,33.75,32.9,32.05,31,,,MeridianLink Mortgage LOS Tier 07 (225-299 Closed Loans/Mon) no implementation,0,,86,,,,,,,,,,,,
,MeridianLink Insight For Mortgage Tier 17 (10-14 Closed Loans/Mon),MeridianLink Insight For Mortgage Tier 16 (15-29 Closed Loans/Mon),MeridianLink Insight For Mortgage Tier 15 (30-44 Closed Loans/Mon),MeridianLink Insight For Mortgage Tier 14 (45-59 Closed Loans/Mon),MeridianLink Insight For Mortgage Tier 13 (60-74 Closed Loans/Mon),MeridianLink Insight For Mortgage Tier 12 (75-89 Closed Loans/Mon),MeridianLink Insight For Mortgage Tier 11 (90-109 Closed Loans/Mon),MeridianLink Insight For Mortgage Tier 10 (110-134 Closed Loans/Mon),MeridianLink Insight For Mortgage Tier 09 (135-169 Closed Loans/Mon),MeridianLink Insight For Mortgage Tier 08 (170-224 Closed Loans/Mon),MeridianLink Insight For Mortgage Tier 07 (225-299 Closed Loans/Mon),MeridianLink Insight For Mortgage Tier 06 (300-399 Closed Loans/Mon),MeridianLink Insight For Mortgage Tier 05 (400-524 Closed Loans/Mon),MeridianLink Insight For Mortgage Tier 04 (525-674 Closed Loans/Mon),MeridianLink Insight For Mortgage Tier 03 (675-899 Closed Loans/Mon),MeridianLink Insight For Mortgage Tier 02 (900-1199 Closed Loans/Mon),MeridianLink Insight For Mortgage Tier 01 (1200+ Closed Loans/Mon,,,MeridianLink Mortgage LOS Tier 07 (225-299 Closed Loans/Mon) with 1 implementation,7950,,86,,,,,,,,,,,,
MeridianLink Insight For Mortgage,10-14,15-29,30-44,45-59,60-74,75-89,90-109,110-134,135-169,170-224,225-299,300-399,400-524,525-674,675-899,900-1199,1200+,,,MeridianLink Mortgage LOS Tier 07 (225-299 Closed Loans/Mon) with 2 implementations,13200,,86,,,,,,,,,,,,
MeridianLink Insight for Mortgage Setup Fee,5000,5000,5000,5000,5000,5000,5000,5000,5000,5000,5000,5000,5000,5000,5000,5000,,,,MeridianLink Mortgage LOS Tier 07 (225-299 Closed Loans/Mon) with 3 implementations,18425,,86,,,,,,,,,,,,
MeridianLink Insight for Mortgage Annual Fee,5000,5000,5000,5000,6800,8300,9700,11600,13900,17100,21900,28300,36500,46500,58200,75200,,,,MeridianLink Mortgage LOS Tier 08 (170-224 Closed Loans/Mon) no implementation,0,,88.6,,,,,,,,,,,,
,,,,,,,,,,,,,,,,,,,,MeridianLink Mortgage LOS Tier 08 (170-224 Closed Loans/Mon) with 1 implementation,7950,,88.6,,,,,,,,,,,,
,,,,,,,,,,,,,,,,,,,,MeridianLink Mortgage LOS Tier 08 (170-224 Closed Loans/Mon) with 2 implementations,13200,,88.6,,,,,,,,,,,,
,,,,,,,,,,,,,,,,,,,,MeridianLink Mortgage LOS Tier 08 (170-224 Closed Loans/Mon) with 3 implementations,18425,,88.6,,,,,,,,,,,,
,,,,,,,,,,,,,,,,,,,,MeridianLink Mortgage LOS Tier 09 (135-169 Closed Loans/Mon) no implementation,0,,90.8,,,,,,,,,,,,
,,,,,,,,,,,,,,,,,,,,MeridianLink Mortgage LOS Tier 09 (135-169 Closed Loans/Mon) with 1 implementation,7950,,90.8,,,,,,,,,,,,
,,,,,,,,,,,,,,,,,,,,MeridianLink Mortgage LOS Tier 09 (135-169 Closed Loans/Mon) with 2 implementations,13200,,90.8,,,,,,,,,,,,
,,,,,,,,,,,,,,,,,,,,MeridianLink Mortgage LOS Tier 09 (135-169 Closed Loans/Mon) with 3 implementations,18425,,90.8,,,,,,,,,,,,
,,,,,,,,,,,,,,,,,,,,MeridianLink Mortgage LOS with DocMagic First Lien Loans Tier 01 (1200+ Closed Loans/Month) with 1 implementation,7950,,98.2,,,,,,,,,,,,
,,,,,,,,,,,,,,,,,,,,MeridianLink Mortgage LOS with DocMagic First Lien Loans Tier 01 (1200+ Closed Loans/Month) with 2 implementations,13200,,98.2,,,,,,,,,,,,
,,,,,,,,,,,,,,,,,,,,MeridianLink Mortgage LOS with DocMagic First Lien Loans Tier 01 (1200+ Closed Loans/Month) with 3 implementations,18425,,98.2,,,,,,,,,,,,
,,,,,,,,,,,,,,,,,,,,MeridianLink Mortgage LOS with DocMagic First Lien Loans Tier 01 (1200+ Closed Loans/Month) with no implementation,0,,98.2,,,,,,,,,,,,
,,,,,,,,,,,,,,,,,,,,MeridianLink Mortgage LOS with DocMagic First Lien Loans Tier 02 (900 - 1199 Closed Loans/Month) with 1 implementation,7950,,100.4,,,,,,,,,,,,
,,,,,,,,,,,,,,,,,,,,MeridianLink Mortgage LOS with DocMagic First Lien Loans Tier 02 (900 - 1199 Closed Loans/Month) with 2 implementations,13200,,100.4,,,,,,,,,,,,
,,,,,,,,,,,,,,,,,,,,MeridianLink Mortgage LOS with DocMagic First Lien Loans Tier 02 (900 - 1199 Closed Loans/Month) with 3 implementations,18425,,100.4,,,,,,,,,,,,
,,,,,,,,,,,,,,,,,,,,MeridianLink Mortgage LOS with DocMagic First Lien Loans Tier 02 (900 - 1199 Closed Loans/Month) with no implementations,0,,100.4,,,,,,,,,,,,
,,,,,,,,,,,,,,,,,,,,MeridianLink Mortgage LOS with DocMagic First Lien Loans Tier 03 (675 - 899 Closed Loans/Month) with 1 implementation,7950,,102.8,,,,,,,,,,,,
,,,,,,,,,,,,,,,,,,,,MeridianLink Mortgage LOS with DocMagic First Lien Loans Tier 03 (675 - 899 Closed Loans/Month) with 2 implementations,13200,,102.8,,,,,,,,,,,,
,,,,,,,,,,,,,,,,,,,,MeridianLink Mortgage LOS with DocMagic First Lien Loans Tier 03 (675 - 899 Closed Loans/Month) with 3 implementations,18425,,102.8,,,,,,,,,,,,
,,,,,,,,,,,,,,,,,,,,MeridianLink Mortgage LOS with DocMagic First Lien Loans Tier 03 (675 - 899 Closed Loans/Month) with no implementations,0,,102.8,,,,,,,,,,,,
,,,,,,,,,,,,,,,,,,,,MeridianLink Mortgage LOS with DocMagic First Lien Loans Tier 04 (525 - 674 Closed Loans/Month) with 1 implementation,7950,,105,,,,,,,,,,,,
,,,,,,,,,,,,,,,,,,,,MeridianLink Mortgage LOS with DocMagic First Lien Loans Tier 04 (525 - 674 Closed Loans/Month) with 2 implementations,13200,,105,,,,,,,,,,,,
,,,,,,,,,,,,,,,,,,,,MeridianLink Mortgage LOS with DocMagic First Lien Loans Tier 04 (525 - 674 Closed Loans/Month) with 3 implementations,18425,,105,,,,,,,,,,,,
,,,,,,,,,,,,,,,,,,,,MeridianLink Mortgage LOS with DocMagic First Lien Loans Tier 04 (525 - 674 Closed Loans/Month) with no implementations,0,,105,,,,,,,,,,,,
,,,,,,,,,,,,,,,,,,,,MeridianLink Mortgage LOS with DocMagic First Lien Loans Tier 05 (400 - 524 Closed Loans/Month) with 1 implementation,7950,,107.2,,,,,,,,,,,,
,,,,,,,,,,,,,,,,,,,,MeridianLink Mortgage LOS with DocMagic First Lien Loans Tier 05 (400 - 524 Closed Loans/Month) with 2 implementations,13200,,107.2,,,,,,,,,,,,
,,,,,,,,,,,,,,,,,,,,MeridianLink Mortgage LOS with DocMagic First Lien Loans Tier 05 (400 - 524 Closed Loans/Month) with 3 implementations,18425,,107.2,,,,,,,,,,,,
,,,,,,,,,,,,,,,,,,,,MeridianLink Mortgage LOS with DocMagic First Lien Loans Tier 05 (400 - 524 Closed Loans/Month) with no implementations,0,,107.2,,,,,,,,,,,,
,,,,,,,,,,,,,,,,,,,,MeridianLink Mortgage LOS with DocMagic First Lien Loans Tier 06 (300 - 399 Closed Loans/Month) with 1 implementation,7950,,109.8,,,,,,,,,,,,
,,,,,,,,,,,,,,,,,,,,MeridianLink Mortgage LOS with DocMagic First Lien Loans Tier 06 (300 - 399 Closed Loans/Month) with 2 implentations,13200,,109.8,,,,,,,,,,,,
,,,,,,,,,,,,,,,,,,,,MeridianLink Mortgage LOS with DocMagic First Lien Loans Tier 06 (300 - 399 Closed Loans/Month) with 3 implementations,18425,,109.8,,,,,,,,,,,,
,,,,,,,,,,,,,,,,,,,,MeridianLink Mortgage LOS with DocMagic First Lien Loans Tier 06 (300 - 399 Closed Loans/Month) with no implementations,0,,109.8,,,,,,,,,,,,
,,,,,,,,,,,,,,,,,,,,MeridianLink Mortgage LOS with DocMagic First Lien Loans Tier 07 (225 - 299 Closed Loans/Month) with 1 implementation,7950,,112.6,,,,,,,,,,,,
,,,,,,,,,,,,,,,,,,,,MeridianLink Mortgage LOS with DocMagic First Lien Loans Tier 07 (225 - 299 Closed Loans/Month) with 2 implementations,13200,,112.6,,,,,,,,,,,,
,,,,,,,,,,,,,,,,,,,,MeridianLink Mortgage LOS with DocMagic First Lien Loans Tier 07 (225 - 299 Closed Loans/Month) with 3 implementations,18425,,112.6,,,,,,,,,,,,
,,,,,,,,,,,,,,,,,,,,MeridianLink Mortgage LOS with DocMagic First Lien Loans Tier 07 (225 - 299 Closed Loans/Month) with no implementations,0,,112.6,,,,,,,,,,,,
,,,,,,,,,,,,,,,,,,,,MeridianLink Mortgage LOS with DocMagic First Lien Loans Tier 08 (170 - 224 Closed Loans/Month) with 1 implementation,7950,,115.2,,,,,,,,,,,,
,,,,,,,,,,,,,,,,,,,,MeridianLink Mortgage LOS with DocMagic First Lien Loans Tier 08 (170 - 224 Closed Loans/Month) with 2 implementations,13200,,115.2,,,,,,,,,,,,
,,,,,,,,,,,,,,,,,,,,MeridianLink Mortgage LOS with DocMagic First Lien Loans Tier 08 (170 - 224 Closed Loans/Month) with 3 implementations,18425,,115.2,,,,,,,,,,,,
,,,,,,,,,,,,,,,,,,,,MeridianLink Mortgage LOS with DocMagic First Lien Loans Tier 08 (170 - 224 Closed Loans/Month) with no implementations,0,,115.2,,,,,,,,,,,,
,,,,,,,,,,,,,,,,,,,,MeridianLink Mortgage LOS with DocMagic First Lien Loans Tier 09 (135 - 169 Closed Loans/Month) with 1 implementation,7950,,117.4,,,,,,,,,,,,
,,,,,,,,,,,,,,,,,,,,MeridianLink Mortgage LOS with DocMagic First Lien Loans Tier 09 (135 - 169 Closed Loans/Month) with 2 implementations,13200,,117.4,,,,,,,,,,,,
,,,,,,,,,,,,,,,,,,,,MeridianLink Mortgage LOS with DocMagic First Lien Loans Tier 09 (135 - 169 Closed Loans/Month) with 3 implementations,18425,,117.4,,,,,,,,,,,,
,,,,,,,,,,,,,,,,,,,,MeridianLink Mortgage LOS with DocMagic First Lien Loans Tier 09 (135 - 169 Closed Loans/Month) with no implementations,0,,117.4,,,,,,,,,,,,
,,,,,,,,,,,,,,,,,,,,MeridianLink Mortgage LOS with DocMagic Subordinate Lien Loans Tier 01 (1200+ Closed Loans/Month),0,,73.25,,,,,,,,,,,,
,,,,,,,,,,,,,,,,,,,,MeridianLink Mortgage LOS with DocMagic Subordinate Lien Loans Tier 02 (900 - 1199 Closed Loans/Month),0,,74.75,,,,,,,,,,,,
,,,,,,,,,,,,,,,,,,,,MeridianLink Mortgage LOS with DocMagic Subordinate Lien Loans Tier 03 (675 - 899 Closed Loans/Month),0,,76.25,,,,,,,,,,,,
,,,,,,,,,,,,,,,,,,,,MeridianLink Mortgage LOS with DocMagic Subordinate Lien Loans Tier 04 (525 - 674 Closed Loans/Month),0,,77.6,,,,,,,,,,,,
,,,,,,,,,,,,,,,,,,,,MeridianLink Mortgage LOS with DocMagic Subordinate Lien Loans Tier 05 (400 - 524 Closed Loans/Month),0,,79,,,,,,,,,,,,
,,,,,,,,,,,,,,,,,,,,MeridianLink Mortgage LOS with DocMagic Subordinate Lien Loans Tier 06 (300 - 399 Closed Loans/Month),0,,80.8,,,,,,,,,,,,
,,,,,,,,,,,,,,,,,,,,MeridianLink Mortgage LOS with DocMagic Subordinate Lien Loans Tier 07 (225 - 299 Closed Loans/Month),0,,82.6,,,,,,,,,,,,
,,,,,,,,,,,,,,,,,,,,MeridianLink Mortgage LOS with DocMagic Subordinate Lien Loans Tier 08 (170 - 224 Closed Loans/Month),0,,84.4,,,,,,,,,,,,
,,,,,,,,,,,,,,,,,,,,MeridianLink Mortgage LOS with DocMagic Subordinate Lien Loans Tier 09 (135 - 169 Closed Loans/Month),0,,85.8,,,,,,,,,,,,
,,,,,,,,,,,,,,,,,,,,MeridianLink Mortgage LOS with DocMagic Tier 01 (1200+ Closed Loans/Mon) with 1 implementation,7950,,98.2,,,,,,,,,,,,
,,,,,,,,,,,,,,,,,,,,MeridianLink Mortgage LOS with DocMagic Tier 01 (1200+ Closed Loans/Mon) with 2 implementations,13200,,98.2,,,,,,,,,,,,
,,,,,,,,,,,,,,,,,,,,MeridianLink Mortgage LOS with DocMagic Tier 01 (1200+ Closed Loans/Mon) with 3 implementations,18425,,98.2,,,,,,,,,,,,
,,,,,,,,,,,,,,,,,,,,MeridianLink Mortgage LOS with DocMagic Tier 01 (1200+ Closed Loans/Mon) with no implementation,0,,98.2,,,,,,,,,,,,
,,,,,,,,,,,,,,,,,,,,MeridianLink Mortgage LOS with DocMagic Tier 02 (900-1199 Closed Loans/Mon) with 1 implementation,7950,,100.4,,,,,,,,,,,,
,,,,,,,,,,,,,,,,,,,,MeridianLink Mortgage LOS with DocMagic Tier 02 (900-1199 Closed Loans/Mon) with 2 implementations,13200,,100.4,,,,,,,,,,,,
,,,,,,,,,,,,,,,,,,,,MeridianLink Mortgage LOS with DocMagic Tier 02 (900-1199 Closed Loans/Mon) with 3 implementations,18425,,100.4,,,,,,,,,,,,
,,,,,,,,,,,,,,,,,,,,MeridianLink Mortgage LOS with DocMagic Tier 02 (900-1199 Closed Loans/Mon) with no implementation,0,,100.4,,,,,,,,,,,,
,,,,,,,,,,,,,,,,,,,,MeridianLink Mortgage LOS with DocMagic Tier 03 (675-899 Closed Loans/Mon) with 1 implementation,7950,,102.8,,,,,,,,,,,,
,,,,,,,,,,,,,,,,,,,,MeridianLink Mortgage LOS with DocMagic Tier 03 (675-899 Closed Loans/Mon) with 2 implementations,13200,,102.8,,,,,,,,,,,,
,,,,,,,,,,,,,,,,,,,,MeridianLink Mortgage LOS with DocMagic Tier 03 (675-899 Closed Loans/Mon) with 3 implementations,18425,,102.8,,,,,,,,,,,,
,,,,,,,,,,,,,,,,,,,,MeridianLink Mortgage LOS with DocMagic Tier 03 (675-899 Closed Loans/Mon) with no implementation,0,,102.8,,,,,,,,,,,,
,,,,,,,,,,,,,,,,,,,,MeridianLink Mortgage LOS with DocMagic Tier 04 (525-674 Closed Loans/Mon) with 1 implementation,7950,,105,,,,,,,,,,,,
,,,,,,,,,,,,,,,,,,,,MeridianLink Mortgage LOS with DocMagic Tier 04 (525-674 Closed Loans/Mon) with 2 implementations,13200,,105,,,,,,,,,,,,
,,,,,,,,,,,,,,,,,,,,MeridianLink Mortgage LOS with DocMagic Tier 04 (525-674 Closed Loans/Mon) with 3 implementations,18425,,105,,,,,,,,,,,,
,,,,,,,,,,,,,,,,,,,,MeridianLink Mortgage LOS with DocMagic Tier 04 (525-674 Closed Loans/Mon) with no implementation,0,,105,,,,,,,,,,,,
,,,,,,,,,,,,,,,,,,,,MeridianLink Mortgage LOS with DocMagic Tier 05 (400-524 Closed Loans/Mon) with 1 implementation,7950,,107.2,,,,,,,,,,,,
,,,,,,,,,,,,,,,,,,,,MeridianLink Mortgage LOS with DocMagic Tier 05 (400-524 Closed Loans/Mon) with 2 implementations,13200,,107.2,,,,,,,,,,,,
,,,,,,,,,,,,,,,,,,,,MeridianLink Mortgage LOS with DocMagic Tier 05 (400-524 Closed Loans/Mon) with 3 implementations,18425,,107.2,,,,,,,,,,,,
,,,,,,,,,,,,,,,,,,,,MeridianLink Mortgage LOS with DocMagic Tier 05 (400-524 Closed Loans/Mon) with no implementation,0,,107.2,,,,,,,,,,,,
,,,,,,,,,,,,,,,,,,,,MeridianLink Mortgage LOS with DocMagic Tier 06 (300-399 Closed Loans/Mon) with 1 implementation,7950,,109.8,,,,,,,,,,,,
,,,,,,,,,,,,,,,,,,,,MeridianLink Mortgage LOS with DocMagic Tier 06 (300-399 Closed Loans/Mon) with 2 implementations,13200,,109.8,,,,,,,,,,,,
,,,,,,,,,,,,,,,,,,,,MeridianLink Mortgage LOS with DocMagic Tier 06 (300-399 Closed Loans/Mon) with 3 implementations,18425,,109.8,,,,,,,,,,,,
,,,,,,,,,,,,,,,,,,,,MeridianLink Mortgage LOS with DocMagic Tier 06 (300-399 Closed Loans/Mon) with no implementation,0,,109.8,,,,,,,,,,,,
,,,,,,,,,,,,,,,,,,,,MeridianLink Mortgage LOS with DocMagic Tier 07 (225-299 Closed Loans/Mon) with 1 implementation,7950,,112.6,,,,,,,,,,,,
,,,,,,,,,,,,,,,,,,,,MeridianLink Mortgage LOS with DocMagic Tier 07 (225-299 Closed Loans/Mon) with 2 implementations,13200,,112.6,,,,,,,,,,,,
,,,,,,,,,,,,,,,,,,,,MeridianLink Mortgage LOS with DocMagic Tier 07 (225-299 Closed Loans/Mon) with 3 implementations,18425,,112.6,,,,,,,,,,,,
,,,,,,,,,,,,,,,,,,,,MeridianLink Mortgage LOS with DocMagic Tier 07 (225-299 Closed Loans/Mon) with no implementation,0,,112.6,,,,,,,,,,,,
,,,,,,,,,,,,,,,,,,,,MeridianLink Mortgage LOS with DocMagic Tier 08 (170-224 Closed Loans/Mon) with 1 implementation,7950,,115.2,,,,,,,,,,,,
,,,,,,,,,,,,,,,,,,,,MeridianLink Mortgage LOS with DocMagic Tier 08 (170-224 Closed Loans/Mon) with 2 implementations,13200,,115.2,,,,,,,,,,,,
,,,,,,,,,,,,,,,,,,,,MeridianLink Mortgage LOS with DocMagic Tier 08 (170-224 Closed Loans/Mon) with 3 implementations,18425,,115.2,,,,,,,,,,,,
,,,,,,,,,,,,,,,,,,,,MeridianLink Mortgage LOS with DocMagic Tier 08 (170-224 Closed Loans/Mon) with no implementation,0,,115.2,,,,,,,,,,,,
,,,,,,,,,,,,,,,,,,,,MeridianLink Mortgage LOS with DocMagic Tier 09 (135-169 Closed Loans/Mon) with 1 implementation,7950,,117.4,,,,,,,,,,,,
,,,,,,,,,,,,,,,,,,,,MeridianLink Mortgage LOS with DocMagic Tier 09 (135-169 Closed Loans/Mon) with 2 implementations,13200,,117.4,,,,,,,,,,,,
,,,,,,,,,,,,,,,,,,,,MeridianLink Mortgage LOS with DocMagic Tier 09 (135-169 Closed Loans/Mon) with 3 implementations,18425,,117.4,,,,,,,,,,,,
,,,,,,,,,,,,,,,,,,,,MeridianLink Mortgage LOS with DocMagic Tier 09 (135-169 Closed Loans/Mon) with no implementation,0,,117.4,,,,,,,,,,,,
,,,,,,,,,,,,,,,,,,,,Meridianlink Mortgage Platform Fee,0,5100,,,,,,,,,,,,,
,,,,,,,,,,,,,,,,,,,Mortgage Credit Link,Mortgage Credit Link Platform,9500,,,,,,,,,,,,,,
,,,,,,,,,,,,,,,,,,,TazCloud,TazWorks Software Platform Tier 1: Enterprise Plus,9500,,0.28,,,,,,,,,,,,
,,,,,,,,,,,,,,,,,,,,TazWorks Software Platform Tier 2: Enterprise,7000,,0.3,,,,,,,,,,,,
,,,,,,,,,,,,,,,,,,,,TazWorks Software Platform Tier 3: Premium,4700,,0.32,,,,,,,,,,,,
,,,,,,,,,,,,,,,,,,,,TazWorks Software Platform Tier 4: Professional Plus,3100,,0.37,,,,,,,,,,,,
,,,,,,,,,,,,,,,,,,,,TazWorks Software Platform Tier 5: Professional,3100,,0.4,,,,,,,,,,,,
,,,,,,,,,,,,,,,,,,,,TazWorks Software Platform Tier 6: Basic,2995,,0.42,,,,,,,,,,,,
,,,,,,,,,,,,,,,,,,,Trade House Data,Trade House Data Setup Fee,275,,,,,,,,,,,,,,
,,,,,,,,,,,,,,,,,,,Engage,Engage Platform Tier 1 (>$1B AUM),17750,55750,,,,,,,,,,,,,
,,,,,,,,,,,,,,,,,,,,Engage Platform Tier 2 ($500M-$1B AUM),15750,44500,,,,,,,,,,,,,
,,,,,,,,,,,,,,,,,,,,Engage Platform Tier 3 ($250M-$500M AUM),14500,31250,,,,,,,,,,,,,
,,,,,,,,,,,,,,,,,,,,Engage Platform Tier 4 (<$250M AUM),13500,22250,,,,,,,,,,,,,
,,,,,,,,,,,,,,,,,,,Reward,Reward - Relationship360 Tier 1 (>10B AUM),5000,,,,,,,,,,,,,,
,,,,,,,,,,,,,,,,,,,,Reward - Relationship360 Tier 2 ($5B-$10B AUM),3500,,,,,,,,,,,,,,
,,,,,,,,,,,,,,,,,,,,Reward - Relationship360 Tier 3 ($1B-$5B AUM),2500,,,,,,,,,,,,,,
,,,,,,,,,,,,,,,,,,,,Reward - Relationship360 Tier 4 ($500M-$1B AUM),1500,,,,,,,,,,,,,,
,,,,,,,,,,,,,,,,,,,,Reward - Relationship360 Tier 5 ($250M-$500M AUM),750,,,,,,,,,,,,,,
,,,,,,,,,,,,,,,,,,,,Reward - Relationship360 Tier 6 (<250 AUM),500,,,,,,,,,,,,,,
,,,,,,,,,,,,,,,,,,,Explore,Explore - CO-OP Revelation Level 1 Tier 1: >2.5M TXN,0,2000,,,,,,,,,,,,,
,,,,,,,,,,,,,,,,,,,,Explore - CO-OP Revelation Level 1 Tier 2: 1M-2.5M TXN,0,1675,,,,,,,,,,,,,
,,,,,,,,,,,,,,,,,,,,Explore - CO-OP Revelation Level 1 Tier 3: 500K-1M TXN,0,1325,,,,,,,,,,,,,
,,,,,,,,,,,,,,,,,,,,Explore - CO-OP Revelation Level 1 Tier 4: 150K-500K TXN,0,1000,,,,,,,,,,,,,
,,,,,,,,,,,,,,,,,,,,Explore - CO-OP Revelation Level 1 Tier 5: 50K-150K TXN,0,675,,,,,,,,,,,,,
,,,,,,,,,,,,,,,,,,,,Explore - CO-OP Revelation Level 1 Tier 6: 0-50K TXN,0,675,,,,,,,,,,,,,
,,,,,,,,,,,,,,,,,,,,Explore - CO-OP Revelation Level 2 Tier 1: >2.5M TXN,0,7500,,,,,,,,,,,,,
,,,,,,,,,,,,,,,,,,,,Explore - CO-OP Revelation Level 2 Tier 2: 1M-2.5M TXN,0,6500,,,,,,,,,,,,,
,,,,,,,,,,,,,,,,,,,,Explore - CO-OP Revelation Level 2 Tier 3: 500K-1M TXN,0,5750,,,,,,,,,,,,,
,,,,,,,,,,,,,,,,,,,,Explore - CO-OP Revelation Level 2 Tier 4: 150K-500K TXN,0,4700,,,,,,,,,,,,,
,,,,,,,,,,,,,,,,,,,,Explore - CO-OP Revelation Level 2 Tier 5: 50K-150K TXN,0,2500,,,,,,,,,,,,,
,,,,,,,,,,,,,,,,,,,,Explore - CO-OP Revelation Level 2 Tier 6: 0-50K TXN,0,1200,,,,,,,,,,,,,
,,,,,,,,,,,,,,,,,,,,Explore - CO-OP Revelation Level 3 Tier 1: >2.5M TXN,0,22500,,,,,,,,,,,,,
,,,,,,,,,,,,,,,,,,,,Explore - CO-OP Revelation Level 3 Tier 2: 1M-2.5M TXN,0,16750,,,,,,,,,,,,,
,,,,,,,,,,,,,,,,,,,,Explore - CO-OP Revelation Level 3 Tier 3: 500K-1M TXN,0,12750,,,,,,,,,,,,,
,,,,,,,,,,,,,,,,,,,,Explore - CO-OP Revelation Level 3 Tier 4: 150K-500K TXN,0,9500,,,,,,,,,,,,,
,,,,,,,,,,,,,,,,,,,,Explore - CO-OP Revelation Level 3 Tier 5: 50K-150K TXN,0,5500,,,,,,,,,,,,,
,,,,,,,,,,,,,,,,,,,,Explore - CO-OP Revelation Level 3 Tier 6: 0-50K TXN,0,3000,,,,,,,,,,,,,
,,,,,,,,,,,,,,,,,,,Grand Total,,85750,100750,147,,,,,,,,,,,,
